title,author,upvotes,comments,combined_sentiment,combined_polarity,subreddit,date,topics
Is There Any Photobooths For Couples in Dhaka??,DebtLess2374,1,0,neutral,0.0,bangladesh,2025-11-23 11:48:49,"Relationships, Real Estate"
Bangladesh’s winter air pollution isn’t just “ours” it’s blowing in from India.,Stunning-Walk7366,17,5,neutral,0.04740646258503401,bangladesh,2025-11-23 10:26:44,"Travel/Tourism, Shopping/Commerce, Food/Restaurants, Technology, Real Estate, Infrastructure"
"Urgent Help: Best Path to Complete HSC in 1 Year as a Private Candidate in Dhaka (4-Year Gap, Night Job 9 PM-6 AM)",IK_Khan,1,0,positive,0.2622916666666667,bangladesh,2025-11-22 20:11:08,"Education, Career/Jobs, Technology, Real Estate, Infrastructure"
Dhaka-19 : Nafsin Mehanaz Azireen - Bihari?,badfaroosh,0,9,positive,0.0875,bangladesh,2025-11-22 19:17:25,"Technology, Real Estate"
Another earthquake hits Bangladesh. 3 times under 32 hours,Plastic_Repeat_995,31,13,neutral,0.049999999999999996,bangladesh,2025-11-22 18:55:47,"Food/Restaurants, Real Estate"
Need a badminton friend,Ambitious-Cut2858,3,2,neutral,0.0,bangladesh,2025-11-22 18:34:44,Technology
Need suggestions regarding the public universities in Bangladesh? Are they worth it???,mahmid_,3,3,positive,0.13409536541889483,bangladesh,2025-11-22 17:19:40,"Education, Career/Jobs, Relationships, Travel/Tourism, Shopping/Commerce, Politics/Government, Sports, Technology, Real Estate"
Another earthquake hits Dhaka,Plastic_Repeat_995,21,12,neutral,-0.025,bangladesh,2025-11-22 13:12:57,"Technology, Real Estate"
Cracks found at multiple Dhaka metro stations after quake despite DMTCL safety assurances,PrintRealistic6750,31,11,neutral,0.0,bangladesh,2025-11-22 13:02:49,"Real Estate, Infrastructure"
Where can I find a Nintendo 3DS near Dhaka?,Ok_Junket_5751,1,1,neutral,0.038020833333333344,bangladesh,2025-11-22 00:13:57,"Shopping/Commerce, Sports, Real Estate"
"As Dhaka experiences an earthquake with a very close epicentre, here's what to do during any future earthquake or aftershock",tajul_islam,8,0,neutral,0.05,bangladesh,2025-11-21 15:14:26,Real Estate
3 pedestrians crushed to death as building railing collapses in Old Dhaka during morning quake,Necessary-Hunt6104,21,2,neutral,0.0,bangladesh,2025-11-21 12:19:09,"Food/Restaurants, Technology, Real Estate"
Earthquake in Dhaka!!,Phinixprono1234,5,3,positive,0.14285714285714285,bangladesh,2025-11-21 10:45:11,Real Estate
NIRAPAD Alliance Just Launched: A Major National Effort for Mental Health &amp; Cyber Safety 🇧🇩,LopsidedDistance6686,1,1,positive,0.06026785714285713,bangladesh,2025-11-21 08:40:09,"Education, Career/Jobs, Health/Medical, Technology, Real Estate, Infrastructure"
July Uprising's iconic 'saluting rickshaw-puller' Sujon collects NCP nomination form from Dhaka-8,Necessary-Hunt6104,62,58,neutral,0.25,bangladesh,2025-11-20 20:24:11,Real Estate
I was a patient of three different mental health rehab facilities including Pabna mental hospital. AMA.,Old_Mechanic9,5,6,negative,-0.13333333333333333,bangladesh,2025-11-20 05:49:02,"Health/Medical, Shopping/Commerce, Real Estate"
বাংলাদেশের ফুটবল স্টেডিয়ামের চারদিকে এতো বিশাল খালি জায়গা থাকে কেন? যেখানে আধুনিক বিশ্বের কোনো স্টেডিয়ামে এমনটা দেখা যায় না।,Massivehit,6,12,neutral,0.0,bangladesh,2025-11-19 15:54:57,"Technology, Real Estate"
gift for cousins from australia (and restaurant recs),sleepislife25,3,1,positive,0.08214285714285714,bangladesh,2025-11-19 15:33:21,"Travel/Tourism, Food/Restaurants, Technology"
HISTORIC VICTORY FOR THE COUNTRY!!!,Plastic_Repeat_995,66,9,positive,0.10744047619047618,bangladesh,2025-11-18 22:50:10,"Travel/Tourism, Sports, Technology, Real Estate"
Bangladesh wins,HinduShibir,218,12,positive,0.2916666666666667,bangladesh,2025-11-18 22:49:47,Real Estate
"Looking to Donate Books in Dhaka , Any Suggestions?",panic_structure,5,1,positive,0.0625,bangladesh,2025-11-18 22:24:55,"Education, Technology, Real Estate"
Bd domestic flights,zsk471,3,1,neutral,-0.0203125,bangladesh,2025-11-18 17:06:01,"Travel/Tourism, Shopping/Commerce, Technology, Real Estate"
Wake up Bangladeshis,Hot-Point-4090,2,1,positive,0.06443230490849537,bangladesh,2025-11-18 13:39:20,"Education, Travel/Tourism, Shopping/Commerce, Food/Restaurants, Politics/Government, Sports, Technology, Real Estate"
Passport Correction and Renewal in BD,Sensitive_Win_9094,5,3,positive,0.0625,bangladesh,2025-11-18 13:01:38,"Politics/Government, Technology, Real Estate"
"Protibastob from Dhaka Comics - An anthology of comics from various underrated artists, I love these artists so much, they're deserve so much more recognition, and I love the way Bangla comics is going, maybe one day it will become a world famous genre like manga",yasserius,6,0,neutral,0.18333333333333335,bangladesh,2025-11-18 12:54:50,"Relationships, Real Estate"
Looking for a Job.,iamnoman18,5,0,negative,-0.05833333333333332,bangladesh,2025-11-18 11:01:00,"Education, Career/Jobs, Shopping/Commerce, Sports, Technology, Real Estate, Infrastructure"
Your Top 5 Trusted Phone Shops in Dhaka,Electrical_Example28,8,4,positive,0.321875,bangladesh,2025-11-18 07:05:16,"Shopping/Commerce, Technology, Real Estate"
Can anyone recommend a place to repair headphone near or close to Dhanmondi?,DisSapo1ntment,6,1,neutral,0.05,bangladesh,2025-11-18 06:48:37,Technology
VoA for Dhaka Inbound from Different Country,Infinitoid,2,1,neutral,0.0,bangladesh,2025-11-18 02:23:06,Real Estate
Best place to live in Bangladesh?,Scared_of_Jobs,3,7,positive,0.37667871900826444,bangladesh,2025-11-17 15:30:51,"Career/Jobs, Health/Medical, Travel/Tourism, Food/Restaurants, Technology, Real Estate"
Visa on arrival questions,CompetitiveCat8220,2,2,neutral,0.01875,bangladesh,2025-11-16 09:12:32,"Travel/Tourism, Real Estate"
Gulshan Is Not Dhaka,Atel_mamu,5,0,neutral,0.0,bangladesh,2025-11-16 08:27:55,Real Estate
Trying to collect foreign currency notes — where can I actually get my first ones in Dhaka?,Inevitable-Koala6828,5,1,neutral,0.053684807256235825,bangladesh,2025-11-15 22:52:37,"Education, Career/Jobs, Travel/Tourism, Shopping/Commerce, Technology, Real Estate"
Which restaurant would it be in Dhaka?,Saif10ali,112,36,neutral,0.0,bangladesh,2025-11-15 20:39:13,"Food/Restaurants, Real Estate"
How Yunus Deceived BNP at the Last Minute,Alone-Attention-2139,35,35,neutral,0.025694444444444447,bangladesh,2025-11-15 18:31:25,"Politics/Government, Technology"
Places to get the best Mishti around Dhaka?,clarkeanator,7,8,positive,0.6302083333333334,bangladesh,2025-11-15 12:53:03,"Travel/Tourism, Technology, Real Estate"
DOT INTERNET 525 tk package,Leather-Lawyer-5026,3,0,neutral,0.05,bangladesh,2025-11-14 14:35:37,"Sports, Technology"
Buying a 2nd hand flat in banani Dhaka.,Miserable-Bed3514,2,1,neutral,-0.01125,bangladesh,2025-11-14 03:11:50,"Shopping/Commerce, Politics/Government, Real Estate"
"Dhaka today.... No, more like everyday.",biscute2077,8,0,neutral,-0.075,bangladesh,2025-11-13 21:24:47,"Relationships, Real Estate"
Property inheritance to our child who is not a Bangladeshi citizen.,Hawk_KL01,18,15,neutral,0.003571428571428574,bangladesh,2025-11-12 17:12:51,"Relationships, Travel/Tourism, Politics/Government, Technology, Real Estate"
Its abt outfit,rrrihaaa,7,4,neutral,0.03546699512608604,bangladesh,2025-11-12 01:12:08,"Education, Shopping/Commerce, Technology, Real Estate"
A Bangladeshi couple who died in the 9/11 attacks.,Maverick_00x,557,54,positive,0.15000000000000002,bangladesh,2025-11-11 15:31:13,"Career/Jobs, Relationships, Technology, Real Estate"
What if Bangladesh actually had high-speed trains(250-350km/hour)?,SheehabMuhammad,16,35,positive,0.07062461348175633,bangladesh,2025-11-11 01:06:11,"Career/Jobs, Travel/Tourism, Technology, Real Estate, Infrastructure"
"If you had 6 months rent-free in a prime Gulshan/Banani duplex, how would you use it to build a business?",Anushirvan,6,7,positive,0.10104166666666667,bangladesh,2025-11-11 00:28:17,"Career/Jobs, Shopping/Commerce, Real Estate, Infrastructure"
Buffet suggestions in Dhaka,Few-Pumpkin3842,5,0,neutral,0.0,bangladesh,2025-11-10 21:26:24,"Education, Food/Restaurants, Real Estate"
Peace agreement before GTA VI,Sweaty_Topic8036,13,1,neutral,0.0,bangladesh,2025-11-10 21:13:17,"Education, Real Estate"
Trusted Gaming Laptop store in Dhaka,Expert-Access7844,3,5,positive,0.2333333333333333,bangladesh,2025-11-10 18:43:46,"Shopping/Commerce, Technology, Real Estate"
"Over a hundred primary school teachers were injured as police used batons, sound grenades, tear gas, and water cannons",Plastic_Repeat_995,15,3,neutral,0.25,bangladesh,2025-11-10 16:44:44,"Education, Career/Jobs, Politics/Government, Real Estate"
Where else to sell my smartphones?,Select-Day-873,2,0,positive,0.1046875,bangladesh,2025-11-10 16:34:42,"Shopping/Commerce, Technology, Real Estate"
Crude bombs exploded at four separate locations in Dhaka this morning (10 November),Plastic_Repeat_995,13,8,neutral,-0.38249999999999995,bangladesh,2025-11-10 16:06:55,"Career/Jobs, Health/Medical, Politics/Government, Technology, Real Estate, Infrastructure"
‼️Crude bombs exploded at 4 locations in Dhaka,AtikulIslam4142,80,25,neutral,-0.03214285714285713,bangladesh,2025-11-10 15:37:37,"Career/Jobs, Health/Medical, Politics/Government, Sports, Technology, Real Estate, Infrastructure"
⚠️ Top-listed criminal shot dead in broad daylight,AtikulIslam4142,185,44,negative,-0.1549768518518519,bangladesh,2025-11-10 14:55:29,"Education, Relationships, Health/Medical, Food/Restaurants, Politics/Government, Technology, Real Estate, Infrastructure"
Any querier service to send iPad outside Dhaka.,muaz_moss,7,3,negative,-0.08333333333333333,bangladesh,2025-11-10 07:03:44,"Technology, Real Estate"
Sending a 20 kg parcel from Dhaka to Budapest — any affordable and reliable courier options?,PrimaryInspection969,6,1,neutral,0.048214285714285716,bangladesh,2025-11-09 23:27:17,"Technology, Real Estate"
Animal rescue/shelter in Dhaka?,Tall_Monster,7,2,neutral,-0.046875,bangladesh,2025-11-09 21:13:06,Real Estate
"Will contest election from Dhaka, resignation depends on govt's decision: Asif Mahmud",PrintRealistic6750,22,12,neutral,0.0,bangladesh,2025-11-09 19:32:34,"Politics/Government, Real Estate"
"A peanut seller counts his loss as his Tk3,000....",Plastic_Repeat_995,124,6,positive,0.1847222222222222,bangladesh,2025-11-09 15:56:35,"Education, Shopping/Commerce, Politics/Government, Real Estate"
"Students of Ideal, Dhaka colleges reach peace agreement; City College missing from truce effort",Necessary-Hunt6104,82,24,neutral,0.175,bangladesh,2025-11-09 15:53:45,"Education, Real Estate"
My 28 months baby still not talking :(,Fancy-Day3847,32,17,positive,-0.29670068027210883,bangladesh,2025-11-09 14:43:02,"Health/Medical, Sports, Technology, Real Estate"
Need suggestions for Resort near Dhaka (for Honeymoon),Maybe_some,5,5,positive,0.13611111111111113,bangladesh,2025-11-09 10:55:24,"Relationships, Real Estate"
Pari Bibi's mausoleum at Lalbagh fort. Dhaka (1967) #viral #OldDhaka #Ol...,Sea-Test1273,3,1,neutral,0.0,bangladesh,2025-11-09 08:42:45,Real Estate
Anyone using Finasteride or Minoxidil? Need advice and good doctor recommendations,pulokjk,7,9,positive,0.42701863354037267,bangladesh,2025-11-08 23:36:09,"Health/Medical, Travel/Tourism, Food/Restaurants, Technology, Real Estate"
Need advice,Fragrant_Drop7397,6,3,positive,0.125,bangladesh,2025-11-08 22:31:26,"Shopping/Commerce, Technology, Real Estate"
Best place for cataract surgery in Dhaka?,Available-Ad-1014,5,1,positive,0.85,bangladesh,2025-11-07 21:14:11,"Health/Medical, Real Estate"
My Story,Budget_Platform_3736,47,37,neutral,0.007340274667860874,bangladesh,2025-11-07 13:35:35,"Education, Career/Jobs, Relationships, Health/Medical, Travel/Tourism, Food/Restaurants, Technology, Real Estate, Infrastructure"
Anyone studying criminology at university of dhaka?,faceittiger1142,3,0,neutral,0.0,bangladesh,2025-11-07 02:39:13,"Education, Real Estate"
Massacre in Dhaka!,Gold1Smith,24,25,neutral,0.049999999999999996,bangladesh,2025-11-06 17:12:20,"Food/Restaurants, Real Estate"
Looking for information about old/public libraries in Dhaka for a Wikimedia GLAM project,Yahya_b,3,0,positive,0.08839285714285715,bangladesh,2025-11-06 02:41:55,"Education, Career/Jobs, Technology, Real Estate"
Easy entry to Europe as a masters student.,canttellumyname,4,1,positive,0.3126165501165501,bangladesh,2025-11-06 00:32:58,"Education, Career/Jobs, Relationships, Politics/Government, Real Estate, Infrastructure"
Easy entry to Europe as a masters student.,canttellumyname,3,2,positive,0.3126165501165501,bangladesh,2025-11-06 00:32:53,"Education, Career/Jobs, Relationships, Politics/Government, Real Estate, Infrastructure"
Perfume Decants are a scam,azim-_-,4,7,negative,-0.05500000000000001,bangladesh,2025-11-06 00:18:20,"Shopping/Commerce, Real Estate"
Want a home rent in dhaka,Upset-Pay3295,2,2,neutral,0.0,bangladesh,2025-11-06 00:12:30,Real Estate
"wanna go to sylhet for tour with friends from dhaka, need suggestions and advices",Top-Pen-9698,3,3,neutral,0.0375,bangladesh,2025-11-05 16:47:18,"Travel/Tourism, Technology, Real Estate"
Probe blames pilot error for Milestone crash; all Air Force training to shift outside Dhaka,PrintRealistic6750,55,25,neutral,0.0,bangladesh,2025-11-05 16:36:41,"Technology, Real Estate, Infrastructure"
Why doesn’t Bangladesh have a soft power strategy?,Lampedusan,24,29,positive,0.14895833333333333,bangladesh,2025-11-05 11:02:18,"Relationships, Shopping/Commerce, Food/Restaurants, Sports, Technology, Real Estate, Infrastructure"
Bangladesh travel for uk female and Nepali boy in January ?,Soft-Dance-8601,5,5,positive,0.11937500000000001,bangladesh,2025-11-05 03:55:50,"Career/Jobs, Relationships, Travel/Tourism, Technology, Real Estate"
Delivery Service For My Home Bakery,DirectTone1689,3,5,neutral,0.0,bangladesh,2025-11-04 23:36:50,"Shopping/Commerce, Food/Restaurants, Real Estate"
"ফ্যাক্টরি পুড়ে, বিমানবন্দর পুড়ে, নির্বাচন দিয়ে বাঁচান: বিটিএমএ সভাপতি | BTMA | Dhaka | Somoy TV",maifee,7,1,neutral,0.0,bangladesh,2025-11-04 19:40:09,Real Estate
"BAF Shaheen College, Dhaka",Plastic_Repeat_995,18,2,neutral,0.0,bangladesh,2025-11-04 15:22:45,"Education, Real Estate"
Chittagong University W or L?,Soul_Sniper_26,1,17,neutral,0.007142857142857141,bangladesh,2025-11-04 01:07:16,"Education, Career/Jobs, Shopping/Commerce, Technology, Real Estate"
BNP candidates for JS polls: Who’s in the race for which seat in Dhaka?,PrintRealistic6750,5,2,neutral,0.0,bangladesh,2025-11-03 23:44:16,"Food/Restaurants, Politics/Government, Real Estate"
"Anybody got the ""Dhaka Racing 2003"" game?",VapeyMoron,7,3,positive,-0.14750000000000002,bangladesh,2025-11-03 23:28:32,"Sports, Technology, Real Estate"
BNP's Shafiqul Islam likely to face Jamaat chief Shafiqur in Dhaka-15,PrintRealistic6750,21,7,neutral,0.0,bangladesh,2025-11-03 19:56:45,"Politics/Government, Real Estate"
Need advice on future plans for studying Physics.,the_wave_equation,4,0,neutral,0.024406565656565658,bangladesh,2025-11-02 21:08:34,"Education, Career/Jobs, Food/Restaurants, Technology, Real Estate, Infrastructure"
The Daily Star Caught Red-Handed using AI-written Article,AtikulIslam4142,63,19,neutral,0.0,bangladesh,2025-11-02 18:19:22,"Shopping/Commerce, Technology, Real Estate"
আমি Windows &amp; Android user.,seowithriazul,5,2,positive,0.1835016835016835,bangladesh,2025-11-01 08:39:38,"Shopping/Commerce, Technology, Real Estate"
Any advice on getting a new passport quickly considering my restrictions?,Oryuuu,3,0,neutral,0.15536130536130535,bangladesh,2025-10-31 22:45:39,"Education, Real Estate"
‘No one stood up for her’: Bus helper arrested for hitting woman,fogrampercot,53,13,neutral,0.012202380952380952,bangladesh,2025-10-31 16:35:59,"Technology, Real Estate, Infrastructure"
is Killing FAIR?,Basic-Put-1927,4,6,positive,0.4296875,bangladesh,2025-10-31 05:18:35,"Career/Jobs, Food/Restaurants, Technology, Infrastructure"
Where can I find 99% Isopropyl alcohol in Dhaka?,Expert_Point_7816,6,4,neutral,0.0,bangladesh,2025-10-31 01:53:43,"Technology, Real Estate"
Dhaka University's admission notice mentions Hijras as disabled,AntiAgent006,23,16,neutral,-0.1,bangladesh,2025-10-30 21:55:31,"Education, Real Estate"
Mercury ke medicine hisebe sell kortese,Fluid-Tour-2129,81,32,neutral,0.0,bangladesh,2025-10-30 20:07:01,"Health/Medical, Shopping/Commerce, Technology"
‘৫ আগস্টে আমরা পুলিশ মেরে ঝুলিয়ে রেখেছি’,AtikulIslam4142,27,2,neutral,-0.027777777777777776,bangladesh,2025-10-30 18:16:37,"Food/Restaurants, Politics/Government, Technology, Real Estate, Infrastructure"
Best thrifting place in Dhaka??,DebtLess2374,5,1,positive,0.95,bangladesh,2025-10-30 16:45:34,"Food/Restaurants, Real Estate"
Japan-based grocery stores,VTorch,2,0,neutral,-0.016666666666666663,bangladesh,2025-10-30 11:05:48,"Shopping/Commerce, Food/Restaurants"
"Anyone you did kidney surgery at Bangladesh Specialized Hospital, 21 Mirpur Rd. https://bdspecializedhospital.com/  ? is this good hospital for kidney tumor removal?",Suspicious-Ad-2444,3,1,positive,0.7,bangladesh,2025-10-30 01:00:26,Health/Medical
Suggestions needed,FarhanAyan_,2,0,neutral,0.0,bangladesh,2025-10-29 23:48:26,"Shopping/Commerce, Real Estate"
Suggestions needed,FarhanAyan_,2,0,neutral,0.0,bangladesh,2025-10-29 23:38:51,"Shopping/Commerce, Real Estate"
visited Bangladesh,loserinlifee,18,3,positive,0.19583333333333333,bangladesh,2025-10-29 20:54:50,"Travel/Tourism, Food/Restaurants, Real Estate"
Challenges in Policing (part 2): Those who provide security live without dignity,AtikulIslam4142,19,4,neutral,0.06042846042846042,bangladesh,2025-10-29 19:02:01,"Career/Jobs, Travel/Tourism, Food/Restaurants, Politics/Government, Technology, Real Estate, Infrastructure"
পোশাক নিয়ে কটুক্তিকারীকে জুতাপেটা করলেন তরুণী,AtikulIslam4142,207,93,positive,0.05625,bangladesh,2025-10-29 16:50:00,"Food/Restaurants, Sports, Technology, Real Estate, Infrastructure"
Have you ever realized you loved someone too late?,Interesting_Age306,10,6,neutral,0.11569264069264068,bangladesh,2025-10-29 15:34:01,"Career/Jobs, Relationships, Technology, Infrastructure"
Challenges in Policing (part 1): Inside the broken funding of BD police,AtikulIslam4142,10,2,neutral,-0.15324404761904764,bangladesh,2025-10-28 20:06:52,"Career/Jobs, Travel/Tourism, Food/Restaurants, Politics/Government, Technology, Real Estate, Infrastructure"
Need participants for a study,notkafka311,2,0,positive,0.05678571428571429,bangladesh,2025-10-28 01:09:51,"Education, Career/Jobs, Health/Medical, Technology, Real Estate"
Abduction or staged drama?,AtikulIslam4142,29,31,neutral,0.007678571428571429,bangladesh,2025-10-28 01:05:53,"Relationships, Health/Medical, Travel/Tourism, Shopping/Commerce, Food/Restaurants, Politics/Government, Technology, Real Estate"
What are the best options for inter district travel?,Nayuist,1,5,positive,0.65,bangladesh,2025-10-27 20:35:08,"Travel/Tourism, Technology, Real Estate, Infrastructure"
Is your family’s income halal?,United-Life7473,19,50,positive,0.06111111111111111,bangladesh,2025-10-27 19:55:45,"Education, Career/Jobs, Politics/Government, Technology, Real Estate, Infrastructure"
WHAT IS YOUR THOUGHT ABOUT FARMGATE METRO RAIL INCIDENT,Flat_South_8384,6,1,neutral,-0.005468750000000008,bangladesh,2025-10-27 11:25:20,"Career/Jobs, Relationships, Travel/Tourism, Food/Restaurants, Technology, Real Estate, Infrastructure"
"Why is the Comilla, Noakhali and Chandpur regions so densely populated, outside of Dhaka region? I thought the whole Barisal and Khulna divisions were more dense",maproomzibz,20,9,neutral,0.11666666666666665,bangladesh,2025-10-27 10:32:55,Real Estate
Halloween events in dhaka,No_idea_duh,2,0,neutral,0.0,bangladesh,2025-10-27 04:55:49,Real Estate
"Does anyone know where can I apply for learning boxing/ Muay thai near Mirpur,Dhaka?",Baked_Pan798,2,1,positive,0.1625,bangladesh,2025-10-27 02:26:57,"Technology, Real Estate"
Need recommendation of some trustworthy construction/ development companies in Dhaka?,jobie1267,3,1,positive,0.1841477272727273,bangladesh,2025-10-26 18:05:15,"Career/Jobs, Food/Restaurants, Technology, Real Estate, Infrastructure"
Pedestrian killed as bearing pad falls from Farmgate metro station; train operations suspended,Necessary-Hunt6104,67,10,neutral,-0.1,bangladesh,2025-10-26 13:49:13,"Technology, Infrastructure"
Dhaka Metro costs 5 times India's: Jica review sought to cut millions,Necessary-Hunt6104,69,23,neutral,0.0,bangladesh,2025-10-26 11:35:12,"Real Estate, Infrastructure"
Wanna start a paintball business,SiaM_AhameD21,30,6,positive,0.21339285714285716,bangladesh,2025-10-25 21:54:04,"Career/Jobs, Shopping/Commerce, Politics/Government, Technology, Real Estate, Infrastructure"
Indian Transit Visa for Bangladeshi,lonelykidfrom2006,6,1,neutral,0.008779761904761903,bangladesh,2025-10-25 13:50:48,"Travel/Tourism, Shopping/Commerce, Technology, Real Estate"
"Is it safe to go in a room date in hotels in Dhanmondi? Especially, Nandini?",Embarrassed_Bison_50,4,0,positive,0.34375,bangladesh,2025-10-25 12:21:57,Other
"As a Hindu Bangladeshi, it's so hard to have conversations with people about Bangladesh",LeadingSea6037,107,28,neutral,-0.17474966111329748,bangladesh,2025-10-25 11:54:42,"Relationships, Travel/Tourism, Food/Restaurants, Politics/Government, Technology, Real Estate, Infrastructure"
What are your honest thoughts on marriage in Bangladesh today?,BirdApprehensive9273,16,22,positive,0.3983333333333333,bangladesh,2025-10-25 05:15:55,"Career/Jobs, Relationships, Real Estate"
Looking for someone to play badminton with in Uttara 🏸,BirdApprehensive9273,5,1,positive,0.0578125,bangladesh,2025-10-25 03:53:52,Other
Anyone here who can help me visit a church in Dhaka?,Worldly_Yellow_6115,3,10,positive,0.20833333333333334,bangladesh,2025-10-25 00:27:48,"Relationships, Travel/Tourism, Real Estate"
Need Suggestions for Men’s Salons in Dhaka,NoPerception9519,4,1,positive,0.425,bangladesh,2025-10-24 16:07:01,"Technology, Real Estate"
Looking for therapist near Dhanmondi,wanderluststuckhome,2,4,positive,0.1529166666666667,bangladesh,2025-10-23 19:39:28,"Career/Jobs, Health/Medical, Technology"
Why is Bangladesh so shitty?,Vigilante-225,50,49,neutral,0.030555555555555544,bangladesh,2025-10-23 09:24:56,"Technology, Real Estate"
Try plastickothay,Any-Interaction-3192,4,1,positive,0.07936507936507936,bangladesh,2025-10-23 02:49:18,"Education, Shopping/Commerce, Food/Restaurants, Real Estate"
Buying an apartment in dhaka,Superzues09,6,10,positive,0.10696022727272726,bangladesh,2025-10-22 13:02:05,"Shopping/Commerce, Food/Restaurants, Real Estate, Infrastructure"
Seeking Suggestions for places to Settle-Down,eddieJK1630,4,4,positive,0.06826058201058201,bangladesh,2025-10-22 12:48:25,"Education, Career/Jobs, Food/Restaurants, Technology, Real Estate, Infrastructure"
Looking Suggestion for extra large size men clothes in Dhaka.,ais_21,6,12,positive,0.15954545454545455,bangladesh,2025-10-22 09:05:36,"Shopping/Commerce, Technology, Real Estate"
Why the r/Dhaka is almost twice as big as r/Bangladesh?,Plastic_Repeat_995,11,38,neutral,-0.05,bangladesh,2025-10-22 08:30:32,Real Estate
"Rajuk College, Dhaka admission exam 2025",Silly-Bed2231,5,3,neutral,0.008333333333333335,bangladesh,2025-10-20 22:55:50,"Education, Food/Restaurants, Technology, Real Estate, Infrastructure"
Electronics recycling,Maleficent_Silver560,3,0,positive,0.15,bangladesh,2025-10-20 19:26:55,"Technology, Real Estate"
Is RETINA a Jamaati organization?,NoSpeaker324,39,24,positive,0.08568376068376068,bangladesh,2025-10-20 17:56:03,"Education, Health/Medical, Shopping/Commerce, Politics/Government, Technology, Real Estate"
Awful Experience,snythxox,10,0,positive,-0.39375,bangladesh,2025-10-20 16:46:24,"Education, Health/Medical, Food/Restaurants, Technology, Real Estate"
"🪔 Kali Puja Vibes — Looking for a Travel Partner (Dhaka, Oct 20)",dhumketu69,0,8,positive,0.1409469696969697,bangladesh,2025-10-20 05:51:26,"Career/Jobs, Travel/Tourism, Food/Restaurants, Real Estate"
Imagine if Dhaka still looked like this...,maproomzibz,117,32,neutral,0.0,bangladesh,2025-10-20 01:47:40,Real Estate
"Journalist beaten, phone smashed at BNP's Gulshan office",Necessary-Hunt6104,31,6,neutral,0.0,bangladesh,2025-10-19 21:33:56,"Food/Restaurants, Politics/Government, Technology"
Jagannath University student found dead in Old Dhaka building,Necessary-Hunt6104,23,2,neutral,-0.025,bangladesh,2025-10-19 20:27:04,"Education, Real Estate"
Dhaka grants full tax break on Rooppur debt repayment to Russia’s Rosatom subsidiary,Necessary-Hunt6104,4,2,neutral,0.175,bangladesh,2025-10-19 15:51:10,Real Estate
Looking for open minded affordable psychiatrists who specialize in adhd and autism in Dhaka.,Andromeda-K-,6,3,positive,0.0675,bangladesh,2025-10-18 23:15:29,Real Estate
"Dhaka airport fire: Businesses fear over $1 billion impact on imports, exports",Necessary-Hunt6104,33,3,neutral,0.0,bangladesh,2025-10-18 22:51:45,"Career/Jobs, Travel/Tourism, Technology, Real Estate, Infrastructure"
Looking for like minded people!,Sam_Monsterclaw,37,47,positive,0.15285087719298246,bangladesh,2025-10-18 21:24:14,"Career/Jobs, Relationships, Health/Medical, Travel/Tourism, Shopping/Commerce, Food/Restaurants, Technology, Real Estate, Infrastructure"
Multiple major fires in a week—something feels off about what’s happening in Bangladesh,ultrahex007,309,71,neutral,0.036656746031746026,bangladesh,2025-10-18 20:55:38,"Travel/Tourism, Technology"
"Anyone worked at Truck Lagbe (Dhaka Head Office, Mohakhali)? Need honest feedback before my interview",Equal_Perspective230,3,2,positive,0.37968749999999996,bangladesh,2025-10-18 20:43:55,"Career/Jobs, Sports, Technology, Real Estate"
More flights diverted to Ctg as Dhaka airport shuts down after cargo zone fire,maifee,5,1,neutral,0.08611111111111111,bangladesh,2025-10-18 17:47:22,"Travel/Tourism, Technology, Real Estate"
Fire at Dhaka airport's cargo section; Connecting the dots; Why does this whole thing feel so orchestrated?,Status_Revolution_25,7,3,neutral,0.10795454545454546,bangladesh,2025-10-18 17:24:53,"Travel/Tourism, Shopping/Commerce, Food/Restaurants, Sports, Technology, Real Estate"
Seeking doctor recommendation for PCOS,nasia_musarat,5,1,positive,0.07065826330532214,bangladesh,2025-10-18 16:04:37,"Health/Medical, Shopping/Commerce, Technology, Real Estate, Infrastructure"
Is the internet in Dhaka fast and stable for video calls?,78523985210,4,5,negative,-0.0875,bangladesh,2025-10-18 13:46:52,"Travel/Tourism, Technology, Real Estate"
Struggles as an English medium student,Recent_Carry810,3,0,neutral,0.02874999999999999,bangladesh,2025-10-18 10:22:53,"Education, Travel/Tourism, Food/Restaurants, Technology, Real Estate"
Made a simple news aggregator for staying updated about Bangladesh 🇧🇩,namkhalinai,9,6,positive,0.12124368686868688,bangladesh,2025-10-18 07:15:30,"Career/Jobs, Relationships, Travel/Tourism, Technology, Real Estate"
Jobless for 10 months now.. Anyone else going through a similar struggle?,Condizero,15,8,neutral,0.026268443095366172,bangladesh,2025-10-18 00:59:14,"Career/Jobs, Health/Medical, Travel/Tourism, Shopping/Commerce, Food/Restaurants, Sports, Technology, Real Estate, Infrastructure"
HSC 2025 Dhaka Board Ranking,Consistent-Rule-3720,2,0,negative,-0.05625000000000001,bangladesh,2025-10-17 17:33:00,"Education, Technology, Real Estate"
"Between typical private universities in dhaka and public universities in chittagong, which are the best?",tdoteditz_exe,3,3,positive,0.23416666666666663,bangladesh,2025-10-17 17:08:35,"Sports, Technology, Real Estate"
"Got GPA 4.92 (Physics 180, Chemistry 185, Math 151, English A-) — Should I continue Engineering or move to University A Unit?",Fantastic-Permit-383,3,4,neutral,-0.027083333333333334,bangladesh,2025-10-17 16:18:08,"Education, Technology, Real Estate"
Reality of the Hsc Result,anonimosus12,11,10,positive,0.06369047619047619,bangladesh,2025-10-16 21:39:19,"Education, Shopping/Commerce, Food/Restaurants, Technology, Real Estate"
Trusted Smartphone Shop in Dhaka?,Left_Application293,3,2,neutral,0.0375,bangladesh,2025-10-16 21:08:49,"Shopping/Commerce, Technology, Real Estate"
Anyone ever received mail/letters from overseas thru post office?,lonelykidfrom2006,2,1,positive,0.1142857142857143,bangladesh,2025-10-16 21:01:32,"Career/Jobs, Politics/Government, Technology, Real Estate"
Looking for a laptop repair shop in Multiplan Center (or near Dhanmondi),VForValhalla-,3,3,neutral,-0.05,bangladesh,2025-10-16 14:39:48,"Shopping/Commerce, Technology"
From Nimtoli 2010 to Mirpur 2025 – how many more fires will it take for Dhaka to wake up?,Redwanul-Haque2467,10,1,neutral,0.24166666666666667,bangladesh,2025-10-16 09:32:48,"Technology, Real Estate"
Whats the deal with Stalls in Rabindra Sharabar in Dhanmondi,Ajwad6969,5,0,neutral,-0.0125,bangladesh,2025-10-15 23:49:39,"Technology, Real Estate"
Best place for hair transplant?,Odd-Machine189,3,1,positive,0.75,bangladesh,2025-10-15 19:19:33,"Health/Medical, Technology, Real Estate"
who is up for hangouts in dhaka,No_idea_duh,5,24,neutral,0.044480519480519475,bangladesh,2025-10-15 16:11:12,"Travel/Tourism, Real Estate"
RMG workers block road in Uttara's Rajlokkhi over due wages,Necessary-Hunt6104,36,2,neutral,-0.0625,bangladesh,2025-10-15 12:49:35,"Career/Jobs, Infrastructure"
Relationship advice,Famous_Divide6434,10,29,positive,0.05972537878787878,bangladesh,2025-10-15 11:29:13,"Education, Career/Jobs, Relationships, Travel/Tourism, Food/Restaurants, Technology, Real Estate, Infrastructure"
Mirpur fire,GarbageOk5239,34,8,neutral,-0.043939393939393945,bangladesh,2025-10-14 22:49:30,"Career/Jobs, Technology"
Please suggest a good private hospital in Dhaka for treating Heart related illness,da-chooozen-one,4,2,positive,0.31666666666666665,bangladesh,2025-10-14 14:31:56,"Health/Medical, Food/Restaurants, Real Estate"
I wanna study bachelor in abroad help me 🙏🏻,ilovemybmwx5,1,7,positive,0.12123015873015874,bangladesh,2025-10-13 23:35:33,"Education, Career/Jobs, Health/Medical, Technology, Real Estate, Infrastructure"
App that offers cheap meals in BD,Whole-Tie4978,9,8,positive,0.2475,bangladesh,2025-10-12 19:47:20,"Education, Shopping/Commerce, Food/Restaurants, Technology"
Wtf is happening in Bangladesh?,General-Dog4722,62,55,positive,-0.14222943722943723,bangladesh,2025-10-11 19:45:52,"Education, Food/Restaurants, Politics/Government, Technology, Real Estate"
"Energy adviser blames section of politicians, businessmen for crisis in gas sector",Shot-Addendum-809,4,2,positive,0.07083333333333333,bangladesh,2025-10-11 16:30:35,"Career/Jobs, Technology, Real Estate, Infrastructure"
"Need a Part-Time Personal Assistant (Dhaka-Based, Remote)",ovosmans89,10,17,positive,0.08625,bangladesh,2025-10-11 11:54:05,"Career/Jobs, Travel/Tourism, Food/Restaurants, Technology, Real Estate"
[AskMeAnything] Hello CS undergrads and recent grads!,Consistent_Deer5403,8,27,neutral,0.007512626262626262,bangladesh,2025-10-10 18:41:20,"Education, Career/Jobs, Sports, Technology, Real Estate, Infrastructure"
Places to go for a nightout drive in dhaka,Showmik27,8,5,positive,0.18333333333333335,bangladesh,2025-10-10 05:15:19,"Food/Restaurants, Real Estate"
Shia in puran dhaka,Better_tqas,1,0,negative,-0.05416666666666666,bangladesh,2025-10-10 04:56:21,Real Estate
"Help Me Pick a 43"" TV Under 50K Taka (Dhaka Buyers — Need Your Real Advice!)",drkaly,3,6,positive,0.22671227581941866,bangladesh,2025-10-09 22:57:19,"Relationships, Shopping/Commerce, Technology, Real Estate"
Bangladeshi cuisine,No-Plate-113,11,10,positive,0.0989996693121693,bangladesh,2025-10-09 14:52:16,"Education, Career/Jobs, Relationships, Health/Medical, Travel/Tourism, Shopping/Commerce, Food/Restaurants, Technology, Real Estate"
Seeking tour guidance,Certain-Chemical470,6,3,positive,0.08298319327731093,bangladesh,2025-10-08 05:22:02,"Career/Jobs, Relationships, Travel/Tourism, Technology, Real Estate"
“Have 5 mins? Help a fellow student finish his thesis on AI in education 😅”,Cautious-Ad8495,4,0,positive,0.08285714285714287,bangladesh,2025-10-08 04:56:19,"Education, Career/Jobs, Travel/Tourism, Food/Restaurants, Technology, Real Estate, Infrastructure"
Safe areas to rent for a few days in Dhaka,HappyBlackbirdLOL,2,1,positive,0.15000000000000002,bangladesh,2025-10-07 21:26:58,"Technology, Real Estate, Infrastructure"
Horrible experience at Dhaka to Dubai flight with emirates,Former-Type1623,63,35,negative,-0.5701388888888889,bangladesh,2025-10-07 17:09:50,"Travel/Tourism, Technology, Real Estate, Infrastructure"
How does the stock market work in Bangladesh? (Beginner here),EngineWinter9286,4,0,positive,0.1464646464646465,bangladesh,2025-10-07 02:28:20,"Career/Jobs, Shopping/Commerce, Technology, Real Estate"
Booze: DHK or COX,YourFavNemesis,2,1,neutral,0.05,bangladesh,2025-10-06 16:55:22,"Shopping/Commerce, Real Estate"
"I'm looking for the absolute best ISP for online gaming in Shewrapara, Mirpur Dhaka. Don't suggest Dot , absolute Garbage.",GunsAndRozer,2,0,positive,0.3052083333333333,bangladesh,2025-10-06 13:29:39,"Sports, Technology, Real Estate"
Lovely people with tats! Show off!,Sea_Conversation123,4,27,positive,0.565625,bangladesh,2025-10-06 08:55:08,"Relationships, Technology, Real Estate"
I (26M) was invited to Bangladesh by someone I met while traveling,Fantastic_Dust_5926,44,21,positive,0.11171536796536796,bangladesh,2025-10-06 07:18:15,"Relationships, Travel/Tourism, Sports, Technology, Real Estate"
I think I finally understand why Indians get so much hate and why many Bangladeshis dislike them,forgotten-daoist,313,139,neutral,-0.06362179487179488,bangladesh,2025-10-05 23:09:24,"Technology, Real Estate"
Looking for a Bengali &amp; Turkish-speaking local guide in Dhaka 🇧🇩🇹🇷,Erenymk1017,4,2,positive,0.06666666666666667,bangladesh,2025-10-05 21:56:34,"Travel/Tourism, Shopping/Commerce, Real Estate"
Looking for info about British Council Bangladesh IELTS courses and teacher training,imtiaz_12,2,3,neutral,0.03725490196078431,bangladesh,2025-10-05 19:41:32,"Education, Career/Jobs, Shopping/Commerce, Technology, Real Estate, Infrastructure"
Can I take my vape,NefariousnessThat317,0,13,positive,0.09444444444444444,bangladesh,2025-10-04 13:23:06,"Career/Jobs, Travel/Tourism, Technology, Real Estate"
Spineless justice system of bangladesh,Due_Butterfly_2114,9,2,neutral,0.011111111111111112,bangladesh,2025-10-04 00:54:17,"Politics/Government, Technology, Real Estate, Infrastructure"
Safe places for Bangladeshi girl expats to live in Dhaka for a month?,motiontosleep,6,14,positive,0.23409090909090907,bangladesh,2025-10-03 18:08:57,"Travel/Tourism, Real Estate"
Is it high time we should detach ourselves from this cursed country?,Due_Butterfly_2114,24,12,positive,0.16416666666666668,bangladesh,2025-10-03 13:29:44,"Career/Jobs, Technology, Real Estate, Infrastructure"
Any Duolingo users here in Dhaka?,Far-Following3742,7,11,positive,0.0625,bangladesh,2025-10-02 01:17:53,"Relationships, Real Estate"
Can you suggest me the best ISP (Internet Service Provider) in Dhaka,Mindless_Rest_9284,2,2,neutral,0.5,bangladesh,2025-10-01 16:10:59,"Technology, Real Estate"
HOW TO GET INDIAN MEDICAL VISA AT PRESENT,joysutradhar_,5,9,neutral,0.022670068027210888,bangladesh,2025-10-01 11:14:41,"Health/Medical, Travel/Tourism, Food/Restaurants, Politics/Government, Technology, Real Estate"
Help Needed: Retailer Not Returning IPS Battery Under Warranty,d33pblu7,2,1,positive,0.08125,bangladesh,2025-09-30 22:51:09,"Career/Jobs, Travel/Tourism, Shopping/Commerce, Technology, Real Estate, Infrastructure"
What are some of the best places for Street Photography in Dhaka? (Excluding Sadarghat),new-grizzly,3,2,positive,0.6125,bangladesh,2025-09-29 18:43:07,"Food/Restaurants, Technology, Real Estate"
HOW TO GET INDIAN MEDICAL VISA AT PRESENT [ Im frustrated😫 ],joysutradhar_,6,3,neutral,0.022670068027210888,bangladesh,2025-09-28 11:52:33,"Health/Medical, Travel/Tourism, Food/Restaurants, Politics/Government, Technology, Real Estate"
Suggest a authentic Notary agency,dark_98_rider,5,0,neutral,0.25,bangladesh,2025-09-28 11:10:48,"Politics/Government, Real Estate"
"No friends, loosing sanity",iam_tourist,8,5,negative,-0.09046527777777777,bangladesh,2025-09-27 22:38:54,"Career/Jobs, Relationships, Travel/Tourism, Sports, Technology, Real Estate"
Good knee specialist in Dhaka?,DeltaOmega88,4,5,positive,0.7,bangladesh,2025-09-27 11:05:38,"Health/Medical, Politics/Government, Technology, Real Estate, Infrastructure"
Metro rail,PenKindly2513,2,0,neutral,0.0,dhaka,2025-11-23 11:46:04,"Technology, Infrastructure"
CA as a non commerce background student,NumerousCow4,2,0,positive,0.05416666666666666,dhaka,2025-11-23 11:15:39,Education
How to learn computer repair in Bangladesh? Do I need to be a CSE student?,FarAmbassador6015,3,0,positive,0.125,dhaka,2025-11-23 11:13:19,"Education, Career/Jobs, Technology, Infrastructure"
The purity culture in this country frustrates me,Separate-Apartment-8,27,33,neutral,-0.012361111111111113,dhaka,2025-11-23 10:34:26,Other
Earthquake and the Media!,Mehran_Uzumaki,13,7,neutral,0.03333333333333333,dhaka,2025-11-23 09:38:26,Other
"Best places for making out in Merul Badda zone, near BRAC University",_not__your__type_,0,17,positive,0.35625,dhaka,2025-11-23 09:06:45,Education
What can I do?,gunpowder2025,1,0,neutral,-0.003896103896103895,dhaka,2025-11-23 03:48:37,"Education, Technology, Real Estate"
Trusted sites to order stuff from usa?,skeletal_sniper,3,4,positive,0.5,dhaka,2025-11-23 02:59:24,Shopping/Commerce
Since winter is almost here dark brown people of bd drop your hardest fits,iSellFemboys69420,3,10,negative,-0.12777777777777777,dhaka,2025-11-23 02:58:03,Technology
New Facist is loading,RazzmatazzStrict,3,1,neutral,0.06818181818181818,dhaka,2025-11-23 02:21:14,Other
Study for Architecture,Ok_Veterinarian9266,8,3,neutral,0.0,dhaka,2025-11-23 01:23:52,"Education, Real Estate, Infrastructure"
Fear mongering- How much of it is true?,rainy-icee,22,18,neutral,0.22175925925925924,dhaka,2025-11-23 00:41:36,Other
Is depression something to brag about???,LiteratureStrange450,28,33,neutral,0.011407990916187638,dhaka,2025-11-23 00:05:59,"Education, Career/Jobs, Health/Medical, Shopping/Commerce, Politics/Government, Technology, Real Estate"
Evening Master’s courses at KU,Puzzleheaded_Mine992,1,0,neutral,0.05,dhaka,2025-11-22 23:18:04,"Education, Shopping/Commerce"
Phone Stolen at Airport Railway Station,Clear-Stop-1087,1,0,positive,0.06638888888888889,dhaka,2025-11-22 23:12:20,"Travel/Tourism, Food/Restaurants, Technology, Real Estate, Infrastructure"
Earthquake and fear mongering by News outlets,sadn_,10,5,neutral,-0.01934523809523809,dhaka,2025-11-22 23:07:08,"Food/Restaurants, Technology"
Posture problem - Any good treatment in Dhaka?,LessTell,1,0,negative,0.11000000000000001,dhaka,2025-11-22 23:04:25,"Health/Medical, Food/Restaurants, Technology, Real Estate"
Are these actually foreshocks or aftershocks??,Cold-Mess3019,6,7,positive,0.10668402777777777,dhaka,2025-11-22 22:24:43,Technology
SSC 26 need help,DrySuspect5165,2,1,neutral,-0.0005555555555555563,dhaka,2025-11-22 22:02:06,Education
how are you guys dealing with the paranoia and anxiety about earthquakes,NextTopWhoever,8,26,positive,0.058124999999999996,dhaka,2025-11-22 22:01:58,"Education, Technology, Real Estate"
Career dilemma,Flimsy_Rope_781,4,8,positive,0.09999999999999999,dhaka,2025-11-22 21:58:21,"Career/Jobs, Relationships"
road bikes koi thik kore?,DrySuspect5165,2,0,neutral,0.0,dhaka,2025-11-22 21:46:14,"Real Estate, Infrastructure"
Where to find a civil/structural engineer?,ChocolateAromatic648,3,1,positive,0.08863636363636364,dhaka,2025-11-22 21:27:53,"Travel/Tourism, Technology, Real Estate"
Need Advice...HSC-26,Alternative_Lake9445,2,4,neutral,0.0,dhaka,2025-11-22 21:22:54,"Education, Technology"
Need advice on how to be financially self-reliant,Exotic-Chair-6960,2,0,positive,0.16927083333333337,dhaka,2025-11-22 21:16:36,"Education, Technology"
A question (especially to hsc 25) regarding practicals,Mean_Common_5269,0,7,negative,-0.1125,dhaka,2025-11-22 21:13:54,"Education, Career/Jobs"
How can i move forward respectfully when my family doesn't support my small online business idea?,n_artistic,8,9,neutral,0.0525,dhaka,2025-11-22 20:39:56,"Career/Jobs, Food/Restaurants, Technology, Infrastructure"
Earthquake!,Bulky_Penalty1027,13,19,negative,-0.1125,dhaka,2025-11-22 20:23:21,Real Estate
"Urgent Help: Best Path to Complete HSC in 1 Year as a Private Candidate in Dhaka (4-Year Gap, Night Job 9 PM-6 AM)",IK_Khan,2,0,positive,0.2622916666666667,dhaka,2025-11-22 20:05:38,"Education, Career/Jobs, Technology, Real Estate, Infrastructure"
Hi people....,No_Tailor2427,7,10,neutral,0.0,dhaka,2025-11-22 19:48:43,Technology
3 earthquaks in one day,Watch-Recent,17,17,neutral,0.03317099567099567,dhaka,2025-11-22 19:38:40,"Technology, Real Estate"
Are these recent tremors foreshocks or aftershocks?,ruhul0,20,24,negative,-0.06666666666666664,dhaka,2025-11-22 18:50:37,Other
Earthquake Alert App,Mahfuz-shihab,2,20,neutral,0.0,dhaka,2025-11-22 18:39:47,Technology
Sayedabad Bus Terminal,Advanced_Budget7301,1,6,positive,0.2,dhaka,2025-11-22 18:21:42,"Technology, Infrastructure"
Earthquake Again?,Due_Fly_6934,63,71,negative,-0.16666666666666666,dhaka,2025-11-22 18:11:58,Technology
Quake round 2 &amp; 3,humble_akhBD,19,18,neutral,-0.08593750000000001,dhaka,2025-11-22 18:10:38,Technology
Another small earthquake?,Massive-Bank3059,16,18,neutral,-0.125,dhaka,2025-11-22 18:10:00,Other
I think there was a aftershock just now,No_0ne_1m,30,51,neutral,0.0,dhaka,2025-11-22 18:09:42,Other
Daraz refund on card,def-not-dev,4,1,negative,-0.19999999999999996,dhaka,2025-11-22 17:57:11,"Shopping/Commerce, Technology"
Politics of BNP after August 5,RazzmatazzStrict,2,2,neutral,0.0,dhaka,2025-11-22 17:57:07,Politics/Government
Best online perfume store,Josephpainster,3,8,positive,0.6466666666666667,dhaka,2025-11-22 17:31:21,"Shopping/Commerce, Technology, Real Estate"
Suggestions for Gym (Gents Only),GhostSunless,2,3,positive,0.16,dhaka,2025-11-22 17:05:25,"Technology, Infrastructure"
My rideshare biker left me on the road but took the bike with him. I was still sitting… mentally.,Medium_Push8841,90,27,positive,0.04590643274853801,dhaka,2025-11-22 16:54:03,"Relationships, Health/Medical, Politics/Government, Technology, Real Estate, Infrastructure"
Need information regarding this,Foreign_Hat_3852,2,1,positive,0.08571428571428572,dhaka,2025-11-22 16:45:57,Career/Jobs
He didn’t leave on his own,WasteCrow8280,10,31,positive,0.6,dhaka,2025-11-22 16:29:51,Other
English Medium Schools.,Grouchy-Put7676,5,4,positive,0.05500000000000001,dhaka,2025-11-22 16:21:14,Education
Dark circles,Ashamed_Elephant8047,2,8,negative,-0.15833333333333333,dhaka,2025-11-22 16:05:51,Other
How do I get my HSC certificates and transcript?,pandemonium10,1,2,neutral,0.0,dhaka,2025-11-22 16:00:34,"Education, Technology, Infrastructure"
where can i find niqab with burkha/abaya the cheapest in dhaka?,Particular_Weird_616,2,8,positive,0.14375,dhaka,2025-11-22 15:21:33,"Shopping/Commerce, Technology, Real Estate"
Dhaka lifestyle অনুযায়ী স্টুডেন্টদের কোন স্কিল শিখলে side-income সবচেয়ে সহজে শুরু হয়?,Aaliynah550,10,13,neutral,0.0,dhaka,2025-11-22 14:23:24,Real Estate
What's the best minoxidil brand ?,NoPapercrowns,2,15,positive,0.5885714285714285,dhaka,2025-11-22 14:06:00,"Health/Medical, Technology"
Found these cracks in my wall after the recent earthquake. Should I be worried?,MasaniYasin,183,68,positive,0.06444444444444444,dhaka,2025-11-22 13:31:22,Other
Information on liver disease specialists,notkafka311,2,2,neutral,0.0,dhaka,2025-11-22 12:44:39,"Health/Medical, Food/Restaurants, Real Estate"
Earthquake again in Gazipur,No-unluck-13,24,24,positive,0.2333333333333333,dhaka,2025-11-22 12:44:29,"Technology, Real Estate"
চট্টগ্রাম লালদিয়া বন্দর বিদেশি কোম্পানির হাতে ব্যাপারে আপনার কি মনে হয়?,Cool_Reflection9165,8,33,neutral,0.0,dhaka,2025-11-22 12:29:20,Other
Help please,Abrar72,7,4,negative,-0.05000000000000001,dhaka,2025-11-22 11:58:08,"Shopping/Commerce, Real Estate"
Suggest an AdBlock for my Android.,realfahimislam,6,12,positive,0.08784722222222223,dhaka,2025-11-22 11:41:16,"Career/Jobs, Relationships, Food/Restaurants"
any thinkpad users?,Outrageous_Big4236,4,4,positive,0.075,dhaka,2025-11-22 11:36:40,Other
Best Tour Place Suggestions for Couples in December,Captain_Sparrow07,2,7,positive,1.0,dhaka,2025-11-22 11:09:34,"Relationships, Travel/Tourism"
how safe are the Travela private rooms nowadays?,sahab_436,1,2,neutral,0.125,dhaka,2025-11-22 11:00:52,Travel/Tourism
Where i can sell my used clothes? (Male),Extension_Gene_5600,7,4,positive,0.0625,dhaka,2025-11-22 10:09:34,Shopping/Commerce
Looking for a place to live,Wooden-Ferret-21,2,0,neutral,0.079004329004329,dhaka,2025-11-22 10:06:17,Other
Feeling Burnt Out From All Sides,Altruistic-Drama447,15,8,neutral,0.03166666666666666,dhaka,2025-11-22 10:05:30,"Career/Jobs, Food/Restaurants, Sports, Technology, Real Estate"
[HSC ’27] Should I Hire a Tutor or Join a Batch? Need an advice,EuphoricGeneral3848,4,6,negative,-0.13749999999999998,dhaka,2025-11-22 09:54:00,"Education, Career/Jobs"
Need you at Westin today.,ridkc,17,4,positive,0.1621212121212121,dhaka,2025-11-22 08:52:39,"Relationships, Food/Restaurants, Technology, Real Estate"
who are some cool leading actresses in Bangladesh right now?,CampaignNo3050,0,1,neutral,0.15892857142857142,dhaka,2025-11-22 08:51:20,Other
Looking for gym suggestions,Girthious_MAXIMUS_IV,2,1,positive,0.11979166666666667,dhaka,2025-11-22 08:46:29,"Travel/Tourism, Technology, Real Estate"
Trying to learn business but damn… it’s harder than I thought,MrMahin,5,3,positive,0.02098506069094304,dhaka,2025-11-22 02:48:51,"Career/Jobs, Shopping/Commerce, Real Estate, Infrastructure"
How to control myself,Traditional_Box474,7,8,neutral,-0.034567460317460316,dhaka,2025-11-22 02:38:29,"Education, Career/Jobs, Technology, Real Estate"
Earthquake Expert,RazzmatazzStrict,2,0,neutral,0.0,dhaka,2025-11-22 02:05:17,Other
Hello,Both_Development4690,8,44,positive,0.175,dhaka,2025-11-22 01:45:00,Other
Share your call centre work experience,General_Pineapple_28,4,1,positive,0.12916666666666668,dhaka,2025-11-22 01:26:44,"Career/Jobs, Technology"
Perfumes suggestion,According_Row5640,3,19,neutral,0.01875,dhaka,2025-11-22 01:23:55,"Shopping/Commerce, Sports, Technology, Infrastructure"
What country &amp; Master’s course to apply for?,GrandGuava,2,0,neutral,0.008782517636684303,dhaka,2025-11-22 00:51:03,"Education, Career/Jobs, Shopping/Commerce, Sports, Technology, Infrastructure"
Where can I buy an effective mosquito spray?,Pall_umbra,5,9,neutral,0.35,dhaka,2025-11-22 00:03:40,Shopping/Commerce
Has an earthquake ever struck so close to Dhaka before?,game_preacher,6,2,neutral,0.0,dhaka,2025-11-21 23:20:39,"Education, Travel/Tourism, Food/Restaurants, Technology, Real Estate"
"Face 5 shades darker than body, Help me fix this shi fr",Deep_Childhood_6729,7,23,neutral,-0.05,dhaka,2025-11-21 23:13:09,"Education, Shopping/Commerce, Technology, Real Estate"
Please help!!,Budget_Ad_1684,5,3,neutral,-0.017702991452991455,dhaka,2025-11-21 22:26:55,Education
Share your earthquake story.,Status_Revolution_25,23,51,positive,0.11875,dhaka,2025-11-21 22:21:10,Other
Moving to Dhaka,Spirited-Gas2859,3,2,neutral,0.03071428571428571,dhaka,2025-11-21 22:00:54,"Career/Jobs, Health/Medical, Food/Restaurants, Technology, Real Estate"
Credit/ Debit cards,PsychologicalFun1314,2,15,positive,0.07916666666666666,dhaka,2025-11-21 21:53:28,Education
Couple restaurant in Sylhet,silverstone14,1,8,neutral,0.0,dhaka,2025-11-21 21:32:21,"Relationships, Food/Restaurants"
Need Book/Self-Study Resources Suggestion- Please Help if you can.,__deepto,3,2,positive,0.095,dhaka,2025-11-21 21:20:53,"Education, Food/Restaurants, Technology"
Suggestion for Business,Yousuf_2752,4,1,neutral,0.0,dhaka,2025-11-21 21:11:24,"Career/Jobs, Real Estate, Infrastructure"
18f i got called in for an interview as a waitress,Amazing_Concept_2568,24,50,neutral,0.0,dhaka,2025-11-21 21:07:13,"Career/Jobs, Food/Restaurants, Technology, Real Estate"
Looking for a tutor,Low-Example1,1,1,neutral,0.03333333333333333,dhaka,2025-11-21 20:41:23,Education
Earthquake-Aftershocks,rion__2036,11,13,negative,-0.25,dhaka,2025-11-21 19:39:03,Other
Today's earthquake,astra_t,15,24,neutral,0.012499999999999999,dhaka,2025-11-21 19:37:27,"Travel/Tourism, Technology, Real Estate"
A-team er Khela ke ke dekhsen?,VariousSherbert2563,1,9,negative,-0.08333333333333333,dhaka,2025-11-21 19:36:11,"Sports, Technology"
A stray but friendly cat issue,Mkhasan280,3,13,neutral,0.203125,dhaka,2025-11-21 19:29:35,"Health/Medical, Shopping/Commerce, Food/Restaurants, Technology, Real Estate"
আজকের ভুমিকম্প আর আমি (জীবন থেকে নেয়া),BothPresentation539,45,32,neutral,0.0,dhaka,2025-11-21 18:54:14,Other
Best psychiatrist for maladaptive daydreaming,SheRuminates,12,29,positive,0.5525162337662337,dhaka,2025-11-21 17:08:01,"Education, Travel/Tourism, Shopping/Commerce, Food/Restaurants, Technology, Real Estate"
Online ticket,Jazzlike-Ad-2261,2,2,neutral,0.0,dhaka,2025-11-21 16:53:26,Other
A Controversial Question to Girls here!,SpinachDesigner3346,74,52,positive,0.4284722222222222,dhaka,2025-11-21 16:46:11,"Politics/Government, Real Estate, Infrastructure"
A deathtrap.,hachiware333,29,14,neutral,0.0031250000000000028,dhaka,2025-11-21 15:48:05,"Food/Restaurants, Technology, Real Estate"
next earthquake?,Maximum-Evening3904,4,3,negative,-0.09166666666666666,dhaka,2025-11-21 15:46:27,Food/Restaurants
If you had to rank all the political parties how would you rank them?,hackerbong,4,47,neutral,-0.26666666666666666,dhaka,2025-11-21 15:26:54,Politics/Government
Are smartphones from Bangladeshi brands worth buying?,ScarredFace45,6,6,positive,0.3,dhaka,2025-11-21 14:45:07,"Shopping/Commerce, Technology"
How bad was the Earthquake?,SpeeedFreee,25,53,neutral,-0.3499999999999999,dhaka,2025-11-21 14:22:00,Technology
Loser!,ambivert_person,9,32,neutral,0.0,dhaka,2025-11-21 14:07:24,Education
Ages from 24-30 is one of the hardest stages of life,ILikeYourMomAndSis,7,6,neutral,0.016177983539094647,dhaka,2025-11-21 13:26:25,"Education, Relationships, Travel/Tourism, Food/Restaurants, Technology, Real Estate"
Earthquake,wastedwashingmachine,0,19,neutral,0.0,dhaka,2025-11-21 13:17:42,Other
Earthquake and Guilt Tripping,AdvantageNorth1032,187,134,neutral,-0.02583333333333333,dhaka,2025-11-21 12:51:20,"Travel/Tourism, Sports, Technology"
Today's earthquake,Empress-Of-Tabbies,12,10,neutral,0.0,dhaka,2025-11-21 12:50:07,Other
Negative news,No_Tailor2427,9,16,negative,-0.25,dhaka,2025-11-21 12:20:43,Health/Medical
Power of Attorney,d33pblu7,3,1,negative,-0.2,dhaka,2025-11-21 12:18:45,"Technology, Infrastructure"
Earthquake,Achilles2729,5,2,neutral,0.0,dhaka,2025-11-21 12:14:57,Other
When is the next earthquake?,JsdJoys_729,18,42,neutral,0.0,dhaka,2025-11-21 12:11:11,Technology
Which is safer?,Worldly-Fill-5282,14,20,positive,0.1480808080808081,dhaka,2025-11-21 12:01:41,Infrastructure
Severe Earthquake in Narsingdi,ProfileOriginal3865,8,4,positive,0.25,dhaka,2025-11-21 11:54:05,Other
I hope everybody's okay,Dry_Extension6091,71,36,neutral,0.25,dhaka,2025-11-21 11:47:39,Technology
Earthquake alerts on iPhone,Mehran_Uzumaki,16,20,positive,0.125,dhaka,2025-11-21 11:31:58,"Technology, Real Estate"
Earthquake: A building just beside the one I stay in got damaged,atikshakur,26,12,neutral,0.0,dhaka,2025-11-21 11:02:34,"Career/Jobs, Real Estate"
Earthquake!!!,Automatic355,32,20,positive,0.06666666666666667,dhaka,2025-11-21 10:56:13,"Technology, Real Estate"
Crazy earthquake in Dhaka,Unhappyflowerr,72,49,positive,-0.21590909090909088,dhaka,2025-11-21 10:46:19,Real Estate
Estimated magnitude 5.2 earthquake,humble_akhBD,153,206,positive,0.35,dhaka,2025-11-21 10:42:37,Technology
How do you maintain mental health in a private university environment where people feel double-faced and toxic?,x0verdose,15,21,neutral,-0.04607843137254902,dhaka,2025-11-21 10:29:17,"Education, Health/Medical, Technology"
Best orthodontist in Dhaka ( for braces),chocolate_icecreamm,3,4,positive,0.7416666666666667,dhaka,2025-11-21 10:05:49,"Technology, Real Estate"
Vacancy post for a marketing agency,Bored_Panda36,2,1,neutral,0.01198893698893699,dhaka,2025-11-21 08:57:07,"Career/Jobs, Shopping/Commerce, Food/Restaurants, Technology, Real Estate"
how to remember biology,Embarrassed_Tip_41,4,6,neutral,-0.02291666666666666,dhaka,2025-11-21 07:13:11,"Education, Technology"
Curse!,GlitchShot-7,13,10,positive,0.16458333333333333,dhaka,2025-11-21 05:59:28,Technology
Car Discussion subreddit!,notjustrafa,4,2,positive,0.3,dhaka,2025-11-21 05:05:00,Food/Restaurants
Bangladeshis living in Stockholm?,That_Mood_656,4,5,neutral,0.0,dhaka,2025-11-21 04:26:45,Other
Payoneer safe or nah?,PotatoMoney6765,4,2,neutral,0.25,dhaka,2025-11-21 03:21:42,"Career/Jobs, Technology"
Any bengali people living in rome rn,Beginning-Bar-1138,3,3,positive,0.14285714285714285,dhaka,2025-11-21 03:02:59,Other
How is she even in jail? Is push in her fault?,Old_Mechanic9,3,5,neutral,-0.05,dhaka,2025-11-21 02:55:00,Technology
Custom Hoodie/ Jacket for my dept,walpurgis088,4,1,neutral,0.0,dhaka,2025-11-21 02:09:20,Technology
Value for money pod,Intelligent_Ease4494,1,3,positive,0.125,dhaka,2025-11-21 01:42:56,Shopping/Commerce
Money,Aggressive-Tooth-231,6,7,negative,-0.3499999999999999,dhaka,2025-11-21 01:21:58,Health/Medical
Help!,Global-Scientist2235,0,9,neutral,-0.041666666666666664,dhaka,2025-11-21 01:18:05,"Shopping/Commerce, Technology"
Whoop User anyone?,Chance-Antelope8806,0,5,neutral,0.0,dhaka,2025-11-21 00:24:07,Other
Should I buy Iphone 13 rn?,dummybubble_,6,16,negative,-0.15625,dhaka,2025-11-21 00:22:16,"Shopping/Commerce, Technology"
where can i find it?,Delicious_Plane_4809,2,3,neutral,0.0,dhaka,2025-11-21 00:15:38,Other
Ansys  help,Poseidon-005,6,0,positive,0.35,dhaka,2025-11-20 23:48:32,Other
Earbuds Suggestion,rakibul_hasan_nishat,3,0,positive,0.22499999999999998,dhaka,2025-11-20 23:20:25,"Shopping/Commerce, Food/Restaurants"
How to get free classes of udvash? ?,Existing-Being-2789,3,8,neutral,0.21458333333333335,dhaka,2025-11-20 22:58:19,Other
BD bank AD or private bank MTO?,NoAd9144,4,3,neutral,0.025000000000000005,dhaka,2025-11-20 22:58:00,"Education, Career/Jobs, Technology, Real Estate"
Best Law faculty after DU,IcyAbbreviations2054,6,14,positive,0.603125,dhaka,2025-11-20 22:56:47,"Education, Politics/Government, Real Estate"
Good Cook?,aunnyglitch,11,25,positive,0.6,dhaka,2025-11-20 22:44:58,Other
"জয় বাংলা, ফা-সি এবার সামলা। নৌকার বিটে নতুন গান | Joy Bangla Song Reverse",melodeathGR,2,0,neutral,0.4,dhaka,2025-11-20 22:25:43,Other
Looking for some quick gigs to earn money,PsychologicalAge8927,2,9,neutral,0.16666666666666666,dhaka,2025-11-20 22:25:42,Career/Jobs
For hire! Work from home!,systematicallydead,0,7,positive,0.0859375,dhaka,2025-11-20 22:02:03,"Career/Jobs, Shopping/Commerce, Technology, Real Estate"
Bangladeshi students in Australia,Prudent_Resort_1038,5,24,positive,0.09027777777777778,dhaka,2025-11-20 20:48:05,"Education, Food/Restaurants, Technology, Real Estate"
Learning video editing from scratch.,Ghost_FS9,15,9,negative,-0.15,dhaka,2025-11-20 20:20:11,"Education, Technology"
Research Paper Survey Questionnaire,FarhanIslam,3,0,positive,0.075,dhaka,2025-11-20 20:18:40,"Education, Technology"
iFarmer. Is it good or scam?,zke14,3,5,neutral,0.35,dhaka,2025-11-20 20:14:26,Other
Some thought on textile engineering,nirobaction,1,0,neutral,0.0,dhaka,2025-11-20 20:13:50,Education
Thinking of Visiting Ispahani Eye Hospital — How’s the Queue &amp; Service?,Suspicious_Cheek3878,4,6,positive,0.079375,dhaka,2025-11-20 20:11:52,"Health/Medical, Travel/Tourism"
Bangladeshi students in Canada.is it actually worth it? Need honest advice.,pikaa_pika,5,30,positive,0.3129734848484848,dhaka,2025-11-20 20:11:04,"Education, Career/Jobs, Food/Restaurants"
Music,Ok_Entrepreneur_2812,3,5,positive,0.35,dhaka,2025-11-20 19:59:04,Other
Where in Dhaka can i get these type of jackect/shacket? Exacyly emon design i lagbe solid color er moddhe kono likha likhi / company er logo cholbe na,Sparrow_tora_999,1,5,neutral,0.0,dhaka,2025-11-20 19:47:14,"Career/Jobs, Real Estate"
Best Places for a quiet solo stay in this winter?,InevitableHot1851,1,6,neutral,0.25,dhaka,2025-11-20 19:18:14,Other
Does feminism exist in Jamaat?,fatal-rose-3047,45,86,negative,-0.060227272727272727,dhaka,2025-11-20 18:45:13,"Education, Career/Jobs, Relationships, Technology, Real Estate, Infrastructure"
How do you grow from solo freelancer to an actual business in Bangladesh?,Rare_Environment5752,10,37,positive,0.05208333333333334,dhaka,2025-11-20 18:36:44,"Career/Jobs, Technology, Infrastructure"
Cheese suggestion for pizza,Professional-Tiger57,3,2,positive,0.09583333333333333,dhaka,2025-11-20 18:32:28,Other
Suggest me Gelato Places,Known_Ad_7748,2,3,neutral,0.0,dhaka,2025-11-20 16:33:34,Other
Recommendations for good hair cut &amp; hair color places in Bogra?,Zed18_,3,2,positive,0.43624999999999997,dhaka,2025-11-20 15:54:44,"Shopping/Commerce, Technology"
Vitamin D,No_Tailor2427,6,33,neutral,0.0,dhaka,2025-11-20 13:58:43,Other
Is 256 GB enough or should I get 512 GB,No-Volume2455,8,56,positive,0.07916666666666666,dhaka,2025-11-20 13:52:23,"Shopping/Commerce, Technology, Real Estate"
Ostad's c#. Net core course review,lonely-Catto,1,2,positive,0.06875,dhaka,2025-11-20 13:33:48,Education
Does anyone know any Chinese Importer?,SalaryImpressive7469,1,5,positive,0.0625,dhaka,2025-11-20 13:21:12,"Shopping/Commerce, Technology, Real Estate"
creatine suggestions,ziszaman,0,13,positive,0.2875,dhaka,2025-11-20 13:10:41,"Shopping/Commerce, Food/Restaurants"
Do you consider carrying phone as a student illegal?,SE9A,7,13,neutral,-0.29720293124954145,dhaka,2025-11-20 13:02:09,"Education, Technology, Real Estate, Infrastructure"
I (Male 18) am looking for bengali friends so I can keep learning the language,AverageUselessdude,9,8,positive,0.1372694805194805,dhaka,2025-11-20 12:57:11,"Education, Relationships, Health/Medical, Food/Restaurants, Sports, Technology"
Confused on how to earn money as a young female,JealousCompote4509,4,44,positive,0.12031249999999996,dhaka,2025-11-20 12:37:40,"Education, Real Estate"
Tech Guy Seeks Roommate/Benefactor - Skills for Rent!,hossainbillal,2,0,positive,0.066125,dhaka,2025-11-20 12:27:52,"Career/Jobs, Shopping/Commerce, Technology, Real Estate, Infrastructure"
"Toggi fun world, Bashundhara Shopping mall",Holiday_Fee6722,7,1,positive,0.26666666666666666,dhaka,2025-11-20 12:23:47,Shopping/Commerce
Bachelors in South Korea,LilNoirito,8,14,positive,0.14083333333333334,dhaka,2025-11-20 12:01:31,"Education, Career/Jobs, Real Estate, Infrastructure"
Is there any way to study cse in Bangladesh without passing h.math,Nate_Higger-san,3,21,neutral,-0.02857142857142858,dhaka,2025-11-20 11:13:59,"Education, Technology"
Wanna sell my Intel Arc A750 8GB,Illustrious_Coat_462,2,9,positive,0.0765,dhaka,2025-11-20 07:42:22,"Shopping/Commerce, Technology"
Psychologist,Square-Box-1043,4,2,positive,0.35,dhaka,2025-11-20 07:16:53,Education
Hotel Review,Technical-Midnight73,2,1,neutral,0.0,dhaka,2025-11-20 06:10:43,Relationships
I was in three different rehab mental health facilities including Pabna mental hospital. AMA.,Old_Mechanic9,50,49,negative,-0.13333333333333333,dhaka,2025-11-20 05:46:13,"Health/Medical, Shopping/Commerce, Real Estate"
Proud Son of Rajakar,RazzmatazzStrict,3,0,neutral,0.4,dhaka,2025-11-20 03:48:21,Other
Which will be the All-rounder?,Environmental_Cry214,1,19,positive,0.14139610389610388,dhaka,2025-11-20 02:49:47,"Shopping/Commerce, Technology"
Cool date/hangout spots in Dhaka,ei_white,3,3,positive,0.3098214285714286,dhaka,2025-11-20 02:46:45,"Travel/Tourism, Food/Restaurants, Real Estate"
got into a harassment for no reason,Beneficial_Mouse_279,41,72,negative,-0.17083333333333328,dhaka,2025-11-20 02:24:23,Technology
"Arrival of New Shahriar, Govt should award him Independence Award.",RazzmatazzStrict,1,0,neutral,0.06818181818181818,dhaka,2025-11-20 01:51:38,Other
Goth fashion for men in Bangladesh?,notjustrafa,8,3,neutral,0.03333333333333333,dhaka,2025-11-20 01:27:55,"Career/Jobs, Relationships, Food/Restaurants, Technology, Real Estate"
where to buy ps5 and how much?,StrangeFile8991,8,19,positive,0.21875,dhaka,2025-11-20 01:24:02,"Shopping/Commerce, Real Estate"
Fingerprint issue at NID office. Any help from people who faced this before?,Sanim-99,2,1,positive,0.07291666666666667,dhaka,2025-11-20 01:22:41,"Travel/Tourism, Food/Restaurants, Technology"
anyone know anything about music production?,frustratedcigs,5,10,neutral,0.0,dhaka,2025-11-20 01:18:42,Shopping/Commerce
Looking for a spot,BreakfastAutomatic52,3,9,neutral,-0.032499999999999994,dhaka,2025-11-20 00:49:09,"Food/Restaurants, Infrastructure"
Need advice,Budget_Ad_1684,4,7,positive,0.175,dhaka,2025-11-20 00:03:01,Education
thriller books,cat-woman2005,6,19,positive,0.14166666666666666,dhaka,2025-11-19 23:51:43,"Technology, Real Estate"
How can I help my little brother improve his English pronunciation and spelling,ResponsibleFudge8955,9,15,negative,-0.22662499999999994,dhaka,2025-11-19 23:47:07,Education
masters in US,renluvr,5,4,neutral,0.0,dhaka,2025-11-19 23:45:25,Real Estate
Is there any place in Bangladesh where we can do hiking?,kindred_eldtrich,2,5,neutral,0.0,dhaka,2025-11-19 23:25:14,Travel/Tourism
Gift ideas,PotatoMoney6765,10,6,positive,0.09196969696969697,dhaka,2025-11-19 23:20:35,"Shopping/Commerce, Infrastructure"
Sitcom,rifwix,7,34,neutral,0.01944444444444444,dhaka,2025-11-19 23:18:32,Technology
Dhaka English Medium Schools: Playgroup Admission Info,Complete_Risk_6877,3,0,neutral,0.01479166666666667,dhaka,2025-11-19 23:12:59,"Education, Technology, Real Estate, Infrastructure"
Jobless,Adventurous_Milk_425,13,10,negative,-0.23749999999999996,dhaka,2025-11-19 23:12:50,Career/Jobs
career,Less_Proposal4848,1,2,positive,0.08988636363636364,dhaka,2025-11-19 23:09:17,"Education, Career/Jobs, Health/Medical, Infrastructure"
Advice,WasteCrow8280,3,12,neutral,0.04444444444444445,dhaka,2025-11-19 22:52:26,Career/Jobs
Gift Suggetion,Suvojit_Sarker,4,3,positive,0.18194444444444446,dhaka,2025-11-19 22:43:39,"Education, Infrastructure"
BRAC University’s Architecture requirements feel kinda unusual,CapsLockChaos,4,18,negative,0.04107142857142858,dhaka,2025-11-19 22:28:22,"Education, Technology, Real Estate"
Explain this Bangladeshi Economy and Market related question to a less educated person.,Forgotten_Seriously,5,7,neutral,-0.033796296296296297,dhaka,2025-11-19 22:22:43,"Shopping/Commerce, Technology"
The lawyer appointed for Sheikh Hasina in the kangaroo court.,New_Edge360,1,0,neutral,-0.037698412698412696,dhaka,2025-11-19 22:13:51,"Education, Career/Jobs, Food/Restaurants, Politics/Government, Sports, Technology, Real Estate, Infrastructure"
Where can I download my SSC &amp; HSC marksheets online?,Acceptable-One-7793,1,7,neutral,0.0,dhaka,2025-11-19 21:46:36,"Education, Technology"
Why do female first-class government officers wear suits over their sarees and prefer being addressed as “Sir” instead of “Madam”?,the-machine-m4n,2,7,neutral,0.01,dhaka,2025-11-19 21:16:02,Politics/Government
Looking for a place to live,Wooden-Ferret-21,5,0,neutral,0.10227272727272727,bangladesh,2025-11-22 10:13:55,Other
Is getting a good partner really this hard in today’s era?,themrnotfound,10,21,neutral,0.14359016754850085,bangladesh,2025-11-20 17:08:17,"Relationships, Shopping/Commerce, Food/Restaurants, Technology"
Seeking For Help,Nabanita94,5,3,neutral,0.008333333333333337,bangladesh,2025-11-14 19:33:44,"Technology, Real Estate"
"Looking for a quiet place to study, preferably a café or library near Bashundhara R/A.",ais_21,5,2,positive,0.14750000000000002,bangladesh,2025-10-25 08:44:55,"Education, Relationships, Travel/Tourism, Technology"
"Lt. Col. Redwan, who shot students in Rampura-Banasree in July finally arrested",ultrahex007,155,13,neutral,0.0,bangladesh,2025-10-22 14:50:42,Education
Help post,Artistic-Factor-8000,2,0,neutral,-0.03636363636363637,bangladesh,2025-10-16 17:10:23,"Education, Career/Jobs, Technology, Real Estate"
Bangladesh vs Hong Kong: A heartbreak,Both-River-9455,23,15,neutral,-0.008968472604836238,bangladesh,2025-10-09 22:46:21,"Food/Restaurants, Sports, Technology, Real Estate"
"How is the situation in Dhaka right now for moderate, agnostic/atheist women? Coming from a Bangladeshi immigrant woman who left in 2012 and hasn’t been back for an extended period of time since",nymeria_the_direwolf,25,17,neutral,0.054464285714285715,bangladesh,2025-09-21 08:01:11,"Technology, Real Estate"
BNP needs to get into populist politics FAST (I’m a DU student),throwaway11152127,65,40,neutral,0.146134025439581,bangladesh,2025-09-19 08:00:43,"Education, Food/Restaurants, Politics/Government, Sports, Technology, Real Estate, Infrastructure"
Best place to get highest quality BD cricket jerseys?,DeltaOmega88,4,4,positive,0.5899891774891775,bangladesh,2025-09-11 21:20:28,"Sports, Technology, Real Estate"
He Trusted a Girl Online....Almost Paid With His Life.,ShadowProfiler-I,64,36,negative,-0.09393939393939395,bangladesh,2025-09-11 20:33:38,"Shopping/Commerce, Food/Restaurants, Politics/Government, Technology, Real Estate, Infrastructure"
Are there any restaurants in Puran Dhaka that serve good bengali pork dishes?,DoodhBhaat,2,9,neutral,0.35,bangladesh,2025-09-01 20:54:59,"Food/Restaurants, Real Estate"
Upgrading my iPhone 12 Pro – advice on shops &amp; price in Dhaka,Intelligent-Delay-95,2,0,positive,0.08750000000000001,bangladesh,2025-08-31 11:37:33,"Health/Medical, Shopping/Commerce, Technology, Real Estate"
Jatrabari murder case: CID files application to keep Tawhid Afridi in jail,Alone-Attention-2139,7,0,neutral,-0.1,bangladesh,2025-08-30 15:56:28,"Health/Medical, Politics/Government, Technology"
SELLING LAND IN PURAN DHAKA!!!!!!!,megatonowo,1,2,neutral,0.0,bangladesh,2025-08-24 12:14:24,"Shopping/Commerce, Real Estate"
Any Shared Office or Coworking Office Space near Khilgaon / Bashabo / Banasree Area?,BlackReaper619,5,2,positive,0.1652777777777778,bangladesh,2025-07-29 21:38:16,"Career/Jobs, Food/Restaurants, Technology"
Need A part time job near Mohakhali/Gulshan 1/Tejgaon,Intelligent-Chard93,4,5,neutral,0.09916666666666665,bangladesh,2025-07-29 02:44:59,"Education, Career/Jobs, Sports"
"Looking for Affordable &amp; Quality DTF Printing &amp; Heat Pressing Near Khilgaon, Motijheel, or Malibagh.",Ari_the_pixel_ninja,2,0,positive,0.11893939393939394,bangladesh,2025-07-24 18:13:30,"Career/Jobs, Shopping/Commerce, Food/Restaurants, Technology, Real Estate, Infrastructure"
i got 1147 marks on ssc (science) id like some college suggestions,cheeryybombs,7,25,positive,0.11756198347107437,bangladesh,2025-07-23 21:56:52,"Education, Travel/Tourism, Real Estate"
Need help to forget female best friend,Hopeful-Author8162,0,19,neutral,0.26136363636363635,bangladesh,2025-07-20 13:01:33,Education
Find friends,Sa_Fi12,2,8,neutral,0.03409090909090909,bangladesh,2025-07-20 00:27:51,Other
Looking for friends,Sa_Fi12,0,4,neutral,0.0,bangladesh,2025-07-19 02:17:47,Other
suggest some cafe/restaurants in khilgaon for private time,Mahmudul_Hasan27,0,0,positive,0.0875,bangladesh,2025-07-17 02:48:11,Food/Restaurants
Kittens for Adoption,snakesyle16,17,7,positive,0.07613636363636363,bangladesh,2025-07-16 19:44:58,"Relationships, Health/Medical, Food/Restaurants, Real Estate"
Kittens Up for Adoption.,snakesyle16,63,9,positive,0.0619047619047619,bangladesh,2025-07-15 17:34:25,"Health/Medical, Food/Restaurants, Real Estate"
Question for IQ users,dest_v18,6,1,positive,0.11666666666666665,bangladesh,2025-07-10 17:37:55,"Shopping/Commerce, Technology"
need help about what phone to buy and if i should buy from bangladesh,little_aesthetic52,2,0,neutral,0.004763986013986015,bangladesh,2025-06-22 22:37:10,"Shopping/Commerce, Technology, Infrastructure"
Passport,Iam_Touhid,2,0,neutral,0.0,bangladesh,2025-06-22 11:09:41,Technology
Help Post,Abirhasan451,3,1,neutral,0.0,bangladesh,2025-06-22 01:34:45,"Relationships, Food/Restaurants"
Justice system: reformed or the same as before?,Zetafunction64,8,6,neutral,0.04954117063492064,bangladesh,2025-05-28 10:39:46,"Education, Politics/Government, Technology"
Govt covered up corruption of shipping ministry calling this letter fake - Zulkarnain,VapeyMoron,20,11,neutral,-0.2471539648622982,bangladesh,2025-05-17 00:08:12,"Shopping/Commerce, Politics/Government, Technology, Real Estate"
Moving to Bangladesh for A Levels—Need Info on International Hope School &amp; Daffodil International School,IcyCauliflower2985,3,6,positive,0.08875,bangladesh,2025-04-24 19:38:37,"Education, Technology, Real Estate, Infrastructure"
Concerns over growing corruption among Bangladeshi student leaders,JordanChappel,35,37,neutral,-0.04196756526301981,bangladesh,2025-04-24 15:26:34,"Education, Career/Jobs, Politics/Government, Technology, Real Estate, Infrastructure"
Need ENT &amp; Eye Specialist Recommendations,abcrafsan,4,0,positive,0.23194444444444448,bangladesh,2025-04-21 19:47:04,"Health/Medical, Technology"
Scammer maybe?,jeezy360not,8,3,neutral,0.015289256198347107,bangladesh,2025-04-18 01:19:17,"Relationships, Travel/Tourism, Politics/Government, Technology, Real Estate"
where to learn swimming from around old dhaka?,Remarkable_Nose_3728,6,1,positive,0.11071428571428571,bangladesh,2025-04-08 00:40:03,Real Estate
Study spot,hunahe,2,1,neutral,-0.04722222222222222,bangladesh,2025-04-06 11:00:33,"Education, Food/Restaurants, Real Estate"
Should i go back to Bangladesh this summer as a Hindu woman studying abroad?,cillona363,34,78,neutral,0.025551948051948048,bangladesh,2025-04-03 05:59:47,"Education, Travel/Tourism, Politics/Government, Real Estate, Infrastructure"
NCP wants to change CAS - Faham Abdus Salam's Post,VapeyMoron,17,12,neutral,0.11513824884792628,bangladesh,2025-03-23 15:35:16,"Education, Career/Jobs, Travel/Tourism, Shopping/Commerce, Politics/Government, Sports, Technology, Real Estate, Infrastructure"
Any shakrain interesting story?? puran dhaka,Extra-Conclusion-140,4,1,positive,0.5,bangladesh,2025-03-15 03:14:57,"Technology, Real Estate"
Guy who physically assaulted and called Mob on smoking girls got arrested,VapeyMoron,1,3,neutral,0.0,bangladesh,2025-03-10 15:15:20,Other
More of this please!!,Cezanne_,95,12,neutral,0.390625,bangladesh,2025-03-10 14:11:11,Other
Bashundhara’s Loan Rescheduling: Ahsan Mansur facilitating highway robbery in broad daylight?,Anxious_Flatworm7019,7,3,neutral,0.08125,bangladesh,2025-03-07 21:41:06,"Technology, Infrastructure"
An armed criminal was given medical treatment and let go by Police,VapeyMoron,13,3,positive,-0.04000000000000001,bangladesh,2025-03-06 04:12:06,"Education, Health/Medical, Food/Restaurants, Politics/Government, Technology, Real Estate"
Two Girls Getting Attacked By An Old Man and 30 Others For Smoking (Details),ssj_iftekhar9001,142,82,positive,0.13589743589743591,bangladesh,2025-03-03 13:51:40,"Shopping/Commerce, Food/Restaurants, Technology"
Am i being too paranoid? Or it is what it is?(Khilgaon fire incident),Eastern_Honeydew_474,9,2,negative,-0.125,bangladesh,2025-02-22 00:01:01,Real Estate
Horrifying fire at Khilgaon Taltola,VapeyMoron,83,7,neutral,-0.45,bangladesh,2025-02-21 22:16:58,Other
History of July Movement by Zulkarnain Saer,QuakeWok,1,1,neutral,0.026510859629830713,bangladesh,2025-02-21 17:45:22,"Education, Career/Jobs, Relationships, Health/Medical, Shopping/Commerce, Food/Restaurants, Politics/Government, Sports, Technology, Real Estate, Infrastructure"
Need a one-bedroom apartment near Bashundhara,Affectionate-Run-199,2,0,neutral,0.08333333333333334,bangladesh,2025-01-27 19:47:21,Real Estate
Want to find a news from 2005.,NoEscape3110,3,3,positive,0.08345588235294119,bangladesh,2025-01-26 09:59:43,"Education, Career/Jobs, Politics/Government, Real Estate, Infrastructure"
I think someone is trying to sell my land without my consent,ovi2wise,12,9,neutral,0.03,bangladesh,2025-01-20 14:00:29,"Relationships, Shopping/Commerce, Real Estate"
Internet in Bashundhara,susamongusdrippycat,2,1,positive,0.25,bangladesh,2025-01-19 21:58:31,Technology
"Jatrabari Massacre, 5 August, 2024. ",Environmental-Ad-344,194,134,negative,-0.125,bangladesh,2025-01-12 15:19:53,Other
Local ISP Speed &amp; Internet Package in Bashundhara Residential Area,TBM1000,5,0,positive,0.09829545454545453,bangladesh,2025-01-11 11:01:51,"Career/Jobs, Shopping/Commerce, Technology"
After 5th August ,Realistic_Shake6823,0,11,positive,0.05989285714285713,bangladesh,2024-12-11 00:07:02,"Career/Jobs, Shopping/Commerce, Food/Restaurants, Politics/Government, Sports, Technology, Real Estate, Infrastructure"
Help needed!!,Next-Lime3036,2,0,neutral,-0.037500000000000006,bangladesh,2024-12-10 15:12:32,Technology
Chinmoy arrest and how to entice a riot 101 : presented by Yunus shorkar ,SeniorObligation6330,5,16,neutral,-0.007407407407407411,bangladesh,2024-11-27 14:12:03,"Politics/Government, Technology"
where to buy cheap xbox 360s in bangladesh,Agreeable-Cycle6438,4,2,neutral,0.25,bangladesh,2024-11-26 22:48:43,"Shopping/Commerce, Real Estate"
Chattogram Chinmoy Krishna Protest Thread &amp; Update,ktmxyt,41,52,neutral,-0.04999999999999999,bangladesh,2024-11-26 18:39:09,"Health/Medical, Politics/Government, Technology, Infrastructure"
A leaked proof of BAL requesting Indian aid to kill from back in 2013.,ktmxyt,1,1,negative,-0.075,bangladesh,2024-11-23 02:29:13,Technology
Why did jatrabari see so many deaths in july?,Single_Fig_5624,2,5,negative,0.15,bangladesh,2024-11-19 00:33:40,Food/Restaurants
Coaching for olevels,Rxspberries_,9,4,positive,0.5,bangladesh,2024-11-17 16:34:02,Other
Coaching for o'level  ,Rxspberries_,3,2,positive,0.5,bangladesh,2024-11-17 16:26:36,Other
"Child Musa, who was shot in uprising, finally opens his eyes after 4 months of treatment",MunzerTopu,63,1,neutral,0.034375,bangladesh,2024-11-17 00:14:04,"Education, Health/Medical, Shopping/Commerce, Food/Restaurants, Politics/Government, Real Estate"
I Need some Food review in JFP/Bashundhara RA,uzumaki_uchiha14,2,0,positive,0.275,bangladesh,2024-11-11 22:23:50,Food/Restaurants
what happened on july 19th,Single_Fig_5624,3,13,positive,0.0625,bangladesh,2024-11-08 02:03:05,"Health/Medical, Food/Restaurants, Politics/Government, Technology, Real Estate"
"Who is the true proclaimer of Bangladesh’s independence, and is there any need to argue about it?",TasinMAHDI,11,11,neutral,0.20504926108374383,bangladesh,2024-11-03 18:29:48,"Education, Relationships, Travel/Tourism, Shopping/Commerce, Food/Restaurants, Politics/Government, Sports, Technology, Real Estate, Infrastructure"
Anyone here from jatrabari area,Single_Fig_5624,0,2,neutral,0.0,bangladesh,2024-10-31 01:28:03,Other
This nation can not read.,Clouded_Aim,0,14,neutral,0.004614325068870532,bangladesh,2024-10-20 22:56:50,"Education, Politics/Government, Technology, Real Estate"
Sniping and Mysterious Deaths in Bangladesh,Euphoric_Ratio_8900,46,17,neutral,0.011516563146997926,bangladesh,2024-10-08 04:37:15,"Food/Restaurants, Technology"
where can i repair my ps4 in Puran Dhaka?,MonkeyDJas,2,3,neutral,0.03939393939393939,bangladesh,2024-09-24 12:51:09,"Technology, Real Estate"
How can i find a budget friendly restriction less flat in Puran Dhaka,Evening_Day_4722,2,2,neutral,-0.003373015873015868,bangladesh,2024-09-21 17:56:57,"Education, Relationships, Shopping/Commerce, Real Estate"
Looking for Couple-Friendly Restaurants with Private Cabins in Dhaka (Farmgate/Khilgaon Area),No_Location_8232,2,2,positive,0.16874999999999998,bangladesh,2024-09-10 17:36:41,"Relationships, Travel/Tourism, Food/Restaurants, Technology, Real Estate"
how did protestors break the curfew on august 5th? (36th july),Single_Fig_5624,10,11,neutral,0.029166666666666664,bangladesh,2024-08-25 03:00:09,"Technology, Real Estate, Infrastructure"
A rant about Islamists claiming the entire Revolution as if it's their Dad's property.,Tanksfly1939,85,34,neutral,-0.0246741452991453,bangladesh,2024-08-20 14:47:52,"Education, Career/Jobs, Technology, Real Estate"
When will we bring justice to Muniya?,Rashiq69,49,28,neutral,-0.0018162393162393152,bangladesh,2024-08-16 02:01:23,"Food/Restaurants, Politics/Government, Sports, Technology, Real Estate"
Hypocrisy among us in the current context of recent attacks on minorities.,DoodhBhaat,155,49,neutral,-0.03761288998357963,bangladesh,2024-08-11 23:56:27,"Food/Restaurants, Politics/Government, Technology, Real Estate"
Is khilgaon safe right now?,_jimi_hendrix_,5,3,positive,0.4464285714285714,bangladesh,2024-08-08 14:12:07,Other
The Last Hours of Dictator Hasina: A Tale of Desperation,Hsanity,8,1,neutral,0.04798136645962732,bangladesh,2024-08-06 13:59:01,"Education, Career/Jobs, Travel/Tourism, Shopping/Commerce, Politics/Government, Technology, Real Estate, Infrastructure"
A Letter to Young Bangladeshis,giantskyman,100,208,neutral,0.0827006636663289,bangladesh,2024-07-26 15:20:36,"Education, Career/Jobs, Health/Medical, Travel/Tourism, Shopping/Commerce, Food/Restaurants, Politics/Government, Sports, Technology, Real Estate, Infrastructure"
"Best ISP for puran dhaka, gendaria and bikrampur",yourbasicchad,2,3,positive,0.925,bangladesh,2024-07-26 07:14:35,"Education, Technology, Real Estate"
Why is Bashundhara Kings Women's team not called the Bashundhara Queens? ,Roqfort,28,11,neutral,-0.016666666666666663,bangladesh,2024-07-14 04:47:22,Sports
Need hospital suggestions for pregnant women ,Saitama2042,6,2,positive,0.2949074074074074,bangladesh,2024-05-28 19:50:47,"Relationships, Health/Medical, Travel/Tourism"
best place to chill near Puran dhaka? ,Snuffy2022,2,1,negative,-0.0035714285714285587,bangladesh,2024-05-15 00:32:23,Real Estate
Reliable tech shops in Bashundhara City?,Zen_003,4,2,positive,0.35,bangladesh,2024-04-13 13:27:44,"Shopping/Commerce, Technology"
Budget gyms in Dhaka,zebrafiche,3,1,positive,0.07402597402597402,bangladesh,2024-04-04 18:50:36,Real Estate
Best internet service provider in the Bashundhara area?,PhilosopherPutrid843,2,1,positive,0.8,bangladesh,2024-04-04 14:59:36,Technology
What's with the low playing and park space in some areas of Dhaka?,Polo_G_Goat1999,12,2,neutral,0.02424242424242424,bangladesh,2024-04-03 16:11:08,"Career/Jobs, Health/Medical, Shopping/Commerce, Technology, Real Estate, Infrastructure"
Where can I play table tennis around Gulshan/Bashundhara,tarif88,1,0,negative,-0.1875,bangladesh,2024-03-30 20:40:14,"Sports, Technology"
We have too many road signs placed with malicious intent,TomMarvoloRd,34,6,negative,0.16966666666666666,bangladesh,2024-03-19 14:49:15,"Politics/Government, Technology, Real Estate, Infrastructure"
AirBnB or Hotels for Room Dates in Bashundhara,Head-Associate6431,4,12,positive,0.1640625,bangladesh,2024-01-17 02:23:35,"Technology, Real Estate"
Some restaurants to visit during weekends,Brave-Guest-4254,3,4,neutral,0.0,bangladesh,2024-01-13 13:56:33,"Travel/Tourism, Food/Restaurants"
Thoughts on this decision to not sell cigarettes to women?,No-Invite1267,78,104,neutral,0.0,bangladesh,2024-01-10 11:46:23,Shopping/Commerce
I made some line route maps for each of the planned Dhaka Metro lines,jahinzee,119,20,neutral,0.0,bangladesh,2024-01-09 12:31:58,"Real Estate, Infrastructure"
"What are some good places to buy denim jackets in Dhaka (preferably around Gulshan, Banani or Baridhara DOHS)?",pnerd314,5,2,positive,0.5249999999999999,bangladesh,2023-12-31 22:17:32,"Shopping/Commerce, Real Estate"
DMC student poses as 21 yr old girl to market his shady Discord group,Better-Cake8790,9,3,neutral,-0.07749999999999999,bangladesh,2023-12-26 19:02:26,"Education, Health/Medical, Shopping/Commerce, Technology, Real Estate"
Oversized T-shirts in Bashundhara City,ifad_,2,2,neutral,0.0,bangladesh,2023-12-16 00:44:00,Shopping/Commerce
How do I reach Baridhara?,Budget-Fish3373,5,6,positive,0.1138888888888889,bangladesh,2023-12-14 13:31:06,"Career/Jobs, Travel/Tourism, Technology, Real Estate, Infrastructure"
In which floral shop can you get lilac and lavenders in dhaka?,True_Celebration_169,4,2,neutral,0.0,bangladesh,2023-11-29 17:16:14,"Shopping/Commerce, Real Estate"
Best internet provider in Bashundhara?,JustaBSJfan,2,2,neutral,0.5,bangladesh,2023-11-26 23:43:02,Technology
Body Painting in Dhaka street,koimia,22,5,neutral,0.0,bangladesh,2023-11-23 16:12:23,"Technology, Real Estate"
"Best Combat Gym In Khilgaon, Taltola Area",Azmain29,5,0,positive,0.65625,bangladesh,2023-11-12 18:13:53,Shopping/Commerce
Best place to buy refurbished or used iphones?,IGPIGEON,5,5,neutral,0.55,bangladesh,2023-11-05 22:52:11,"Shopping/Commerce, Technology"
"Best ISP in Khilgaon, Taltola",Azmain29,2,2,positive,0.64,bangladesh,2023-10-31 19:03:04,Real Estate
Looking to Buy an iPad Pro M2 256GB - Where's the Best Place?,Delicious-Writer-210,4,6,neutral,0.5,bangladesh,2023-10-29 13:56:30,Shopping/Commerce
"Do or die match, lets support our country",agunergola2,13,5,neutral,0.0,bangladesh,2023-10-16 22:25:09,Sports
Need help for choose isp,LopsidedStar8719,2,9,positive,0.15,bangladesh,2023-09-19 20:23:56,"Technology, Real Estate"
From where can I buy weight vest in Dhaka?,sGrnegan,1,1,neutral,-0.049999999999999996,bangladesh,2023-09-07 15:11:47,"Shopping/Commerce, Real Estate"
Grameenphone or Robi? Which sim operator provides good internet service in Dhaka?,sGrnegan,5,14,positive,0.44375,bangladesh,2023-09-06 11:33:05,"Technology, Real Estate"
Where do i find a good orthodontist in bd?,ConsistentAct2561,3,3,positive,0.40275974025974026,bangladesh,2023-08-21 10:55:09,Other
Vote for Bashundhara Kings team to be included in FIFA 24,0resutidder,6,0,positive,0.22666666666666666,bangladesh,2023-07-13 14:54:33,"Politics/Government, Sports"
Need help in transportation from Bashundhara block F to BracU,DaddyMaster010,0,3,negative,-0.09166666666666667,bangladesh,2023-05-28 19:02:42,Infrastructure
[Football] Bangladesh Premier League champns: Bashundhara Kings,Square-Produce-3538,0,0,neutral,0.0,bangladesh,2023-05-27 20:40:37,Sports
An entity more powerful than our government,whyallusernamesare,38,24,neutral,0.22334120557804768,bangladesh,2023-05-22 16:04:29,"Career/Jobs, Shopping/Commerce, Food/Restaurants, Politics/Government, Technology, Real Estate, Infrastructure"
এ কেমন 'দায়িত্বশীলতা'! | Jatrabari Incident | Dhaka News | Somoy News Analysis,Mister-Khalifa,7,8,neutral,0.0,bangladesh,2023-04-29 21:41:04,Real Estate
Anyone wish to meet me tomorrow?,tirednibba247,1,0,positive,0.13999999999999999,bangladesh,2023-04-22 03:15:10,Other
Which online stores have delivery service in Bashundhara R/A?,dailmar,12,6,negative,-0.0625,bangladesh,2023-04-06 15:36:04,Shopping/Commerce
I want to visit puran dhaka. Can someone suggest where to park my car?,zak_star,3,3,neutral,0.0,bangladesh,2023-04-03 01:11:46,"Travel/Tourism, Real Estate"
Audi launches Electric Vehicle charging station in Tejgaon,ktmxyt,8,4,neutral,0.0,bangladesh,2023-03-30 15:41:06,Other
Recently visited Bangladesh. Some photos. Loved it.,anirbansaha782,89,12,positive,0.45,bangladesh,2023-02-01 22:13:21,"Relationships, Travel/Tourism, Shopping/Commerce, Politics/Government, Technology, Real Estate"
Gas problem in puran dhaka,ThinkingPugnator,9,35,neutral,-0.025,bangladesh,2023-01-17 20:58:17,"Technology, Real Estate"
Great Goal from Brazilian Dorielton for Bashundhara Kings in the Bangladesh Premier League,badbd09,66,7,neutral,0.4,bangladesh,2023-01-14 03:49:14,"Food/Restaurants, Sports"
HELP!!,Extension-Iron9782,1,8,positive,0.1,bangladesh,2022-10-26 01:25:01,Food/Restaurants
good ol' bashundhara khata.,SmoothAd8796,21,5,neutral,0.35,bangladesh,2022-08-07 00:47:29,Other
Where to buy authentic Anker products in Dhaka?,chonkerpotat,1,2,positive,0.35,bangladesh,2022-08-03 02:12:36,"Shopping/Commerce, Real Estate"
Best place to get Braces(Teeth straightening) in Dhaka?,AlexGaming666,7,0,neutral,0.55,bangladesh,2022-07-30 20:03:20,"Technology, Real Estate"
"Bangladesh's lone aviation univ prioritizes research, development",MQ-9Drone,4,0,positive,0.06209778338945007,bangladesh,2022-07-28 23:45:30,"Education, Career/Jobs, Travel/Tourism, Shopping/Commerce, Politics/Government, Technology, Real Estate, Infrastructure"
Going to the barber to get a haircut is a nightmare in this country,tazvedr45,1,13,neutral,-0.03809430512016719,bangladesh,2022-07-06 02:07:20,Technology
"Bangladesh's lone aviation univ prioritises research, development",MQ-9Drone,3,2,positive,0.06317497086247088,bangladesh,2022-04-28 05:45:21,"Education, Career/Jobs, Travel/Tourism, Shopping/Commerce, Politics/Government, Technology, Real Estate, Infrastructure"
Location tejgaon Dhaka Bangladesh,nazmul_hasan,2,1,neutral,0.0,bangladesh,2022-04-05 14:16:12,Real Estate
Date,h1tler_feet,5,23,positive,0.15,bangladesh,2022-02-24 00:35:11,Food/Restaurants
Did we actually hang the Rajakars responsible for '71,NeverG1veUp1000,0,20,neutral,0.07756696428571429,bangladesh,2022-02-07 21:46:30,"Education, Career/Jobs, Travel/Tourism, Politics/Government, Technology"
"Kittens for Adoption, i live in Puran Dhaka if you or someone you know wanna adopt a Kitten, contact me.",MonkeyDJas,58,13,neutral,0.06818181818181818,bangladesh,2022-01-07 16:08:27,Real Estate
"Fireworks, Lalmatia",TahsinTariq,16,2,neutral,0.0,bangladesh,2022-01-01 15:10:09,Career/Jobs
This lifespring guy is sus,Animus_Ex_Machina,13,18,neutral,0.014736303123399892,bangladesh,2021-12-30 08:31:33,"Education, Career/Jobs, Health/Medical, Shopping/Commerce, Technology, Real Estate, Infrastructure"
"Shadhinota shombho - right beside shahbag, everyone should visit! Historical place, i love the open and green space!",yasserius,27,5,neutral,0.06071428571428571,bangladesh,2021-12-29 19:47:53,"Relationships, Travel/Tourism"
Best leather jacket in the Dhaka,Niloyrans,7,7,neutral,0.4585714285714286,bangladesh,2021-12-08 07:22:29,"Shopping/Commerce, Food/Restaurants, Real Estate"
Where can i buy red bull in dhaka?,nunubaka,0,1,neutral,0.05,bangladesh,2021-11-25 20:36:23,"Shopping/Commerce, Real Estate"
Suggestions for a Puran Dhaka visit,Rabbul_K96,6,6,positive,0.063125,bangladesh,2021-11-21 23:07:10,"Travel/Tourism, Food/Restaurants, Real Estate"
Living alone at Dhanmondi,kebz1234,9,8,positive,0.08862433862433862,bangladesh,2021-10-10 00:17:26,"Career/Jobs, Shopping/Commerce, Real Estate"
Foreign Student Questions,rutnafar,30,21,neutral,-0.020364357864357863,bangladesh,2021-10-06 20:49:20,"Education, Health/Medical, Technology, Real Estate"
Where Can I Attest Some documents in Dhaka?,RED818,1,5,neutral,0.0,bangladesh,2021-09-14 20:03:48,"Career/Jobs, Health/Medical, Real Estate"
"Without mentioning age or date of birth, how old are you?",ParityBit0110011,27,54,positive,0.3,bangladesh,2021-07-16 13:09:59,Education
Moghbazar explosion: Fire service DG primarily suspecting gas leakage,babushka,8,1,neutral,0.2,bangladesh,2021-06-28 02:16:24,Other
"6:35 pm, 18/05/2021, Malibagh ,Dhaka; ""গোধুলিতে ঢাকা, ঢাকা""",saikoopath,21,5,neutral,0.0,bangladesh,2021-05-18 18:53:28,Real Estate
Garments workers clash with police at Tejgaon after police fires bullets and tear gas shells at the workers' movement in demand of arrears of salaries and bonuses; 8 workers severely injured from firing,sheikhnews,129,18,neutral,0.0,bangladesh,2021-03-18 20:11:57,"Career/Jobs, Politics/Government"
How did the current regime manage to stay in power for so long?,susmithhh,6,4,positive,0.037617363479432425,bangladesh,2021-03-04 01:20:01,"Education, Career/Jobs, Relationships, Shopping/Commerce, Food/Restaurants, Politics/Government, Sports, Technology, Real Estate"
"Tomb of Pari Bibi, Lalbagh Kella, Puran Dhaka, Bangladesh",InterestingBD,150,6,neutral,0.0,bangladesh,2021-01-17 12:32:11,Real Estate
"Happy Victory Day, Bangladesh! This is Minan, vice-principal of Magnolia International School, Malibagh. The photo was taken by Shahadat Parvez, on 23rd March 2007, near Dhaka University.",mohiemen,90,2,neutral,0.18333333333333335,bangladesh,2020-12-16 16:01:15,"Education, Technology, Real Estate"
Puran Dhaka,azeltrak,91,4,neutral,0.0,bangladesh,2020-11-24 14:46:58,Real Estate
Join the Dhaka-Noakhali long march against rape and the culture of impunity in Bangladesh. It will start today morning sharp at 9:30 from Shahbag and end tomorrow in Noakhali. Hope to see you there.,jamaljcd,65,2,neutral,-0.04375,bangladesh,2020-10-16 06:39:38,"Technology, Real Estate"
Mass protests against Noakhali gang rape in Shahbag.,jamaljcd,21,2,neutral,0.0,bangladesh,2020-10-05 16:24:23,Technology
"Are there any good boxing gyms near Mohammadpur, Lalmatia, Dhanmondi or Badda?",DeFancyKebab,2,0,neutral,0.19999999999999998,bangladesh,2020-09-19 19:43:08,Other
Have any of you radically changed your political views since childhood?,bgd_guy,9,31,neutral,0.04667925785634119,bangladesh,2020-09-11 13:00:38,"Education, Career/Jobs, Relationships, Shopping/Commerce, Food/Restaurants, Politics/Government, Sports, Technology, Real Estate, Infrastructure"
What is wrong with the laptop market?,RED818,8,2,positive,-0.1775,bangladesh,2020-09-03 01:33:32,"Career/Jobs, Shopping/Commerce, Technology, Infrastructure"
"Are there any boxing gyms, or mma gyms near Badda, Mohammadpur or Lalmatia that is willing to teach a 15 year old boy, 5'7.5 in height and 63 kg.",DeFancyKebab,0,0,neutral,0.075,bangladesh,2020-08-21 14:06:45,Other
Why is Awami League appeasing Hefazat-e-Islam?,bgd_guy,20,17,neutral,0.031597222222222214,bangladesh,2020-07-30 21:09:43,"Education, Career/Jobs, Health/Medical, Shopping/Commerce, Politics/Government, Sports, Technology"
How to negotiate with Apartment developers ?,sfsoak,11,6,positive,0.125,bangladesh,2020-07-16 19:07:32,"Technology, Real Estate"
"Bashundhara to turn 4 convention centres into 5,000 bed hospital",rambobilai,19,1,neutral,0.0,bangladesh,2020-03-30 02:12:37,Health/Medical
"Foods to taste in Puran Dhaka, need suggestions",warhammer327,2,2,positive,0.1,bangladesh,2020-02-20 21:09:13,"Travel/Tourism, Food/Restaurants, Technology, Real Estate"
Moghbazar Road,takubaba,3,0,neutral,0.0,bangladesh,2019-08-22 22:15:41,Infrastructure
Bashundhara City Shopping Complex decorated for Pohela Boishakh,minhazTechy,79,5,neutral,-0.15,bangladesh,2019-04-23 11:32:54,Shopping/Commerce
Puran Dhaka from the Sky ! My first Time in the bustling historical part of Dhaka,FMItv,5,0,neutral,0.0625,bangladesh,2019-04-21 20:07:08,"Real Estate, Infrastructure"
"Today at Bashundhara R/A. Another road accident, Another life gone.",hellcat_010,9,3,neutral,0.0,bangladesh,2019-03-19 14:34:18,Infrastructure
Live facebook feed - Clashes at bashundhara,Suvtropics,8,5,neutral,0.06818181818181818,bangladesh,2018-08-06 15:18:32,Other
Bangladesh needs help,asmrabbi,1,1,negative,-0.375,bangladesh,2018-08-05 13:55:09,"Technology, Real Estate"
"The Urban Study Group, made up of architects and local volunteers, are fighting to preserve the historic fabric of Puran Dhaka",rambobilai,3,1,neutral,0.0,bangladesh,2018-03-19 22:04:41,"Education, Real Estate"
Specialised fish market opened in Jatrabari,takubaba,3,0,neutral,0.0,bangladesh,2017-12-30 18:12:28,Shopping/Commerce
Relief Work for Flood victims,rambobilai,11,7,neutral,0.01130952380952381,bangladesh,2017-08-18 22:33:05,"Career/Jobs, Health/Medical, Food/Restaurants, Sports, Technology, Real Estate, Infrastructure"
Japan honours Bangladeshi ex-air chief for 1977 Tejgaon airport kidnapping negotiations,takubaba,10,0,neutral,0.0,bangladesh,2017-05-01 22:39:43,"Travel/Tourism, Technology"
2017 Bashundhara Bangladesh Open preview interview - Sidduker Rahman,takubaba,2,0,neutral,0.0,bangladesh,2017-02-01 03:42:40,Career/Jobs
Moghbazar-Mouchak Flyover opened to traffic,takubaba,6,7,neutral,0.0,bangladesh,2016-09-16 08:28:29,Infrastructure
Smoke still coming out of Bashundhara City shopping complex,thebadconsultant,4,2,neutral,-0.15,bangladesh,2016-08-21 15:56:43,Shopping/Commerce
[Politics] Annisul Huq wanted to shift Karwan Bazaar to Jatrabari &amp; Gabtoli for months?,pani-hoi-jol,3,1,negative,-0.065625,bangladesh,2016-05-02 11:55:02,"Shopping/Commerce, Food/Restaurants, Politics/Government, Technology"
Khaleda charged with Jatrabari arson attack,rmuktader,2,0,neutral,0.0,bangladesh,2015-05-06 22:30:56,Other
First Bangladeshi student at NYU Tisch Film School makes short film on Shahbag and the liberation war.,rambobilai,3,0,neutral,0.0625,bangladesh,2013-12-17 20:34:41,Education
Blood donation required for wounded in Savar.,rambobilai,10,0,neutral,0.0011321195144724562,bangladesh,2013-04-24 17:43:04,"Education, Career/Jobs, Relationships, Health/Medical, Food/Restaurants, Politics/Government, Technology, Real Estate, Infrastructure"
24 hours @ Shahbag (time lapse),rambobilai,6,0,neutral,0.0,bangladesh,2013-02-27 23:33:57,Other
Shahbag Movement - The Expatriate Perspective,rambobilai,2,0,neutral,0.0,bangladesh,2013-02-12 21:23:38,Other
Please Help Me Regarding Sunglasses!!,SpinachDesigner3346,1,4,neutral,0.03409090909090909,dhaka,2025-11-19 16:37:38,"Shopping/Commerce, Food/Restaurants, Real Estate"
"Dear Shahbagis, you can seek justice and still achieve a death sentence.",ahmad_musaffa,0,49,positive,0.1714285714285714,dhaka,2025-11-17 15:40:02,"Food/Restaurants, Technology"
Early morning GOOD breakfast spot at JamunaxBashundhara gate.,NeighborhoodCute6742,2,5,positive,0.4375,dhaka,2025-11-16 01:18:08,"Food/Restaurants, Technology"
Place to stay for 2 months Bashundhara R/A,dark_98_rider,5,2,negative,-0.128125,dhaka,2025-11-14 12:59:33,Real Estate
Looking for a gym,Apprehensive-Comb365,5,9,positive,0.08113636363636363,dhaka,2025-11-14 04:23:16,Infrastructure
Anybody interested to watch Demon Slayer or Chainsaw Man??,Apprehensive-Comb365,2,5,positive,0.25874467329545453,dhaka,2025-11-13 23:34:38,Technology
Best AFFORDABLE gym in Bashundhara?,m0sala,3,8,neutral,0.5,dhaka,2025-11-12 14:53:50,Other
Best pizza place near bashundhara,Active-Importance937,1,3,positive,0.4708333333333333,dhaka,2025-11-09 20:10:31,Other
Bashundhara?,Kurou-Mamonogatari,251,21,neutral,0.0,dhaka,2025-11-08 16:59:20,Other
Studio Apartments for rent in Banani or Bashundhara,AbbreviationsKey8859,1,0,neutral,0.0,dhaka,2025-11-07 23:47:02,Real Estate
Studio Apartment for Rent in Banani or Bashundhara,AbbreviationsKey8859,2,2,neutral,0.0,dhaka,2025-11-07 23:17:01,Real Estate
What should I do about my stammering?(Totlami),kindred_eldtrich,1,2,neutral,-0.03509185791015625,dhaka,2025-11-06 18:40:03,"Health/Medical, Travel/Tourism, Technology"
Which hotel should i stay at in Bashundhara?,sanelde_senior,2,19,neutral,0.03571428571428571,dhaka,2025-11-06 04:43:13,"Travel/Tourism, Real Estate"
This is a Dhaka Nostalgia post,Mishti_dooi,36,30,positive,0.08363095238095239,dhaka,2025-11-06 01:05:30,"Food/Restaurants, Sports, Technology, Real Estate"
Information needed,Every_Push_5326,4,4,neutral,0.040625,dhaka,2025-11-05 01:20:13,"Shopping/Commerce, Technology, Real Estate"
Car rental in Dhaka,FifqoJeGay,2,1,positive,0.19374999999999998,dhaka,2025-11-04 14:07:15,"Travel/Tourism, Real Estate"
"Hello, i want to learn how to swim, where can i learn how to swim in Bashundhara or Gulshan?",steezyguac,6,12,positive,0.1875,dhaka,2025-11-03 14:21:16,Other
Phone got stolen,ActOk8589,2,5,neutral,0.049867724867724866,dhaka,2025-11-03 06:33:08,"Politics/Government, Technology, Real Estate"
A0 size printing place in or near Dhanmondi,Ashik80,5,9,neutral,0.03506493506493507,dhaka,2025-11-02 16:30:30,"Education, Relationships"
Gym equipment shop near Bashundhara.,Tomat0_Lover,4,2,neutral,0.1,dhaka,2025-11-02 15:41:09,Shopping/Commerce
Co-working space near Bashundhara RA?,EasternDog5265,2,0,neutral,0.1,dhaka,2025-11-02 13:16:07,"Career/Jobs, Food/Restaurants, Real Estate"
Anyone studied in Mahanagar ideal school back in kindergarten?,chronicallyeepyetc,2,0,positive,0.34791666666666665,dhaka,2025-11-02 09:14:06,"Education, Technology"
Stolen Iphone,Prettybatw,3,1,positive,0.2,dhaka,2025-10-31 01:38:14,"Relationships, Technology, Real Estate"
"[Offering Physics, Chemistry &amp; Math Coaching | Khilgaon Area | Need Some Guidance 🙌]",shourid44,3,0,positive,0.128125,dhaka,2025-10-30 19:31:16,"Education, Relationships, Technology, Real Estate"
Need suggestions for a good chair (around 15k BDT),Disastrous_Record554,5,8,neutral,0.39261363636363633,dhaka,2025-10-27 23:49:03,"Career/Jobs, Relationships, Shopping/Commerce, Sports, Technology"
Couple friendly location,No_Inspector6625,0,11,neutral,0.2375,dhaka,2025-10-27 21:35:52,"Relationships, Technology, Infrastructure"
Internet connection,Physical_Biscotti257,2,4,positive,0.5,dhaka,2025-10-25 18:54:31,"Sports, Technology"
IGCSE/IELTS students in bangladesh,Natural-Resist7920,2,2,neutral,-0.041666666666666664,dhaka,2025-10-25 11:32:04,"Education, Technology, Real Estate"
"Looking for a quiet place to study, preferably a café or library near Bashundhara R/A.",ais_21,3,1,positive,0.14750000000000002,dhaka,2025-10-25 08:43:17,"Education, Relationships, Travel/Tourism, Technology"
Is it safe to travel alone to Keraniganj near Ati Bazar in the evening to meet my girlfriend,ResponsibleFudge8955,3,5,neutral,0.18343434343434342,dhaka,2025-10-25 02:57:25,"Relationships, Travel/Tourism, Technology, Real Estate"
MacBook Pro M1 kernel panic  need trusted MAC  repair/service in Dhaka that won’t rob me blind,Few-Writing-3970,3,1,positive,-0.175,dhaka,2025-10-25 00:35:32,"Shopping/Commerce, Technology, Real Estate"
Where can I fix my Iphone 13 pro max green display issue?,monkthatwiz,1,6,neutral,-0.0642857142857143,dhaka,2025-10-24 12:11:14,"Relationships, Technology"
CSL Training Feedback,anonymous4008,1,0,positive,0.3,dhaka,2025-10-22 11:45:40,"Education, Technology, Infrastructure"
Best Isp in puran dhaka?,mujahidul_islam,1,2,neutral,0.55,dhaka,2025-10-22 01:54:12,Real Estate
Food places in Bashundhara RA,Sam_Rohan,3,4,positive,0.0981060606060606,dhaka,2025-10-21 04:39:33,"Food/Restaurants, Sports, Technology, Infrastructure"
Earthquake survival plan,Deshimockingbird,13,20,neutral,0.0030815972222222217,dhaka,2025-10-20 07:16:12,"Health/Medical, Food/Restaurants, Technology, Real Estate"
Need a Maths (hsc) tutor in Bashundhara R/A,No-Sundae7503,1,1,positive,0.10208333333333335,dhaka,2025-10-16 23:03:44,"Education, Real Estate"
Help post,Artistic-Factor-8000,1,0,neutral,-0.03636363636363637,dhaka,2025-10-16 17:09:03,"Education, Career/Jobs, Technology, Real Estate"
Help Regarding Research Paper Writing &amp; Publication,Least-Champion-9012,1,2,positive,0.05772058823529412,dhaka,2025-10-15 14:10:51,"Education, Career/Jobs, Shopping/Commerce, Technology, Infrastructure"
Hotels in Moghbazar around 600-700 BDT ?,cum_sprayer_007,1,3,neutral,0.04375,dhaka,2025-10-15 01:59:45,"Food/Restaurants, Real Estate"
Looking for a good coaching centre in Khilgaon (Class 11–12 Commerce),Flashy-Carpet5995,2,1,positive,0.5847222222222221,dhaka,2025-10-12 22:11:00,"Education, Career/Jobs, Technology, Infrastructure"
A surprise for Mom,bluemasterplayz,48,49,neutral,0.04290816326530612,dhaka,2025-10-11 16:25:15,"Shopping/Commerce, Technology"
Is it safe for a girl to watch a movie alone in Bashundhara Cineplex?,Pleasant_Ad1655,34,56,positive,0.33625,dhaka,2025-10-11 15:29:33,"Travel/Tourism, Food/Restaurants"
Jumuah times around Dhaka,62139,1,11,neutral,0.0,dhaka,2025-10-10 15:52:09,Real Estate
Help on booking a hotel near Basundhara.,Content_Confidence62,0,7,neutral,0.07518939393939394,dhaka,2025-10-06 19:32:24,"Technology, Real Estate, Infrastructure"
To buy 3+ bedroom apartment in Bashundhara R/A,dark_98_rider,2,0,positive,0.10000000000000002,dhaka,2025-10-06 04:30:28,"Career/Jobs, Shopping/Commerce, Real Estate"
Driving training school,Toru_wata_nabe,1,1,neutral,0.0,dhaka,2025-10-06 00:30:08,"Education, Technology, Infrastructure"
Beauty salon,msbunny45,3,1,positive,0.08333333333333333,dhaka,2025-10-05 01:21:13,Technology
Dark Restaurants in Dhaka,Banger_4542,0,10,positive,0.05,dhaka,2025-10-04 22:52:45,"Food/Restaurants, Technology, Real Estate, Infrastructure"
Moving in With my Wife,Frosty_Dingo5067,47,41,positive,0.07904040404040404,dhaka,2025-10-04 18:50:37,"Education, Relationships, Real Estate"
Any animal rescuers/vets here??,Beautiful_Basil2954,4,4,neutral,-0.012094155844155848,dhaka,2025-10-04 12:08:15,"Food/Restaurants, Sports, Technology, Real Estate"
Wifi Company,inthelenseofsamaira,3,3,positive,0.20599999999999996,dhaka,2025-10-04 00:23:24,Career/Jobs
Suggest me a good Eyewear Shop,chyon47,4,9,positive,0.40974025974025974,dhaka,2025-10-02 16:22:13,Shopping/Commerce
Can you suggest me the best ISP (Internet Service Provider) in Dhaka,Mindless_Rest_9284,2,9,positive,0.5665404040404041,dhaka,2025-10-01 16:03:35,"Education, Technology, Real Estate"
"Mazeda or Circle, best isp in khilgaon area",Soft_Bodybuilder1709,1,2,neutral,0.5,dhaka,2025-10-01 12:48:42,Other
Which ISP customer service and line is better in Bashundhara?,Throat_Secret,1,0,positive,0.5,dhaka,2025-09-30 22:27:58,Other
Looking for private spots for couples in Dhaka,Wooden_Ad2367,1,0,neutral,0.05,dhaka,2025-09-29 14:19:59,"Relationships, Food/Restaurants, Real Estate"
Has anyone heard of this restaurant?,Striker_5924,13,8,positive,0.09999999999999999,dhaka,2025-09-28 04:12:32,"Food/Restaurants, Sports"
Need some comfy office/ gaming chair recommendation,Fun_Blackberry_864,2,1,neutral,0.0,dhaka,2025-09-27 16:51:19,Technology
FAMOUS FOOD IN PURAN DHAKA,OrphicStone,2,4,positive,0.41666666666666663,dhaka,2025-09-26 22:15:47,"Food/Restaurants, Real Estate"
How far the perception for Mirpur has changed especially after metro as of 2025 ?,Own-Procedure-637,4,19,neutral,-0.010227272727272724,dhaka,2025-09-24 23:18:02,"Food/Restaurants, Real Estate, Infrastructure"
Studio Apartment in Dhanmondi or Bashundhara.,glooshieslooshie69,2,9,neutral,-0.015178571428571423,dhaka,2025-09-23 14:56:07,Real Estate
Guitar Repair places,pea_tea2106,2,5,neutral,0.0,dhaka,2025-09-23 13:53:52,"Shopping/Commerce, Technology"
Which college should I go,zalepen0,6,7,positive,0.06166666666666667,dhaka,2025-09-19 02:17:16,"Education, Technology, Real Estate"
Swimming Clubs in Dhaka for learning,ComfortableBright638,3,0,positive,0.22083333333333333,dhaka,2025-09-18 00:52:47,Real Estate
Living and working in BD with a full-sleeve tattoo and broader sociopolitical implications (just my opinionated two cents really)...,Real-ErenYeager,37,40,positive,0.15823561778992107,dhaka,2025-09-16 16:29:22,"Education, Career/Jobs, Relationships, Health/Medical, Travel/Tourism, Food/Restaurants, Politics/Government, Technology, Real Estate, Infrastructure"
Desperate Dad in Dhaka Seeking Job and Urgent Help – Father of Two Little Girls Facing Eviction and Power Cutoff,sunny_sun92,205,71,positive,-0.1302185960591133,dhaka,2025-09-14 14:11:06,"Education, Career/Jobs, Relationships, Shopping/Commerce, Food/Restaurants, Politics/Government, Sports, Technology, Real Estate, Infrastructure"
Looking for honest ISP reviews in Tejgaon East Nakhalpara – worth switching from Carnival?,Proud-Thanks-9208,1,0,positive,0.28302469135802466,dhaka,2025-09-13 11:56:15,"Technology, Real Estate"
People in Bashundhara R/A,After_Foundation_997,3,5,positive,0.09523809523809523,dhaka,2025-09-12 01:41:51,"Education, Relationships, Health/Medical, Shopping/Commerce, Sports"
Flat rent near khilgaon or basabo,ethanography,2,2,neutral,0.06770833333333334,dhaka,2025-09-12 00:49:33,Real Estate
Looking to teach for Nsu Admission Test.,GrapeJUICE101,1,0,positive,0.2,dhaka,2025-09-10 23:18:23,"Education, Technology"
Jatrabari to Gulshan/Banani by bus,FamousLunch2776,2,3,positive,0.05606060606060606,dhaka,2025-09-10 10:12:12,"Real Estate, Infrastructure"
Looking for a aesthetic cafe near jfp or around bashundhara,Flat-Summer-4438,3,1,positive,0.2875,dhaka,2025-09-06 22:48:24,"Shopping/Commerce, Food/Restaurants"
MY GF IS VISITING ME,Serious_Tension_3500,0,20,positive,0.35,dhaka,2025-09-04 01:16:12,"Relationships, Travel/Tourism"
What’s the one place in this city that feels a little less insufferable to you?,Numerous-Laugh1040,17,14,neutral,-0.12005208333333332,dhaka,2025-09-03 16:09:01,"Real Estate, Infrastructure"
Looking for a room to rent,AbyssRanger007,2,4,positive,0.12424242424242424,dhaka,2025-09-01 22:21:27,"Career/Jobs, Travel/Tourism, Technology, Real Estate, Infrastructure"
iPhone 12 Pro upgrade – price idea &amp; shop recommendations,Intelligent-Delay-95,2,0,positive,0.08750000000000001,dhaka,2025-08-31 11:35:16,"Health/Medical, Shopping/Commerce, Technology, Real Estate"
Puran Dhaka,Alarmed-Sun4941,8,5,positive,0.121875,dhaka,2025-08-30 21:44:01,"Travel/Tourism, Food/Restaurants, Real Estate"
How to get meds without prescription?,Fabulous-Fly8174,0,12,negative,-0.175,dhaka,2025-08-30 11:27:33,Other
Anyone to hangout or coffee adda,dark_couple_bd,3,1,negative,-0.075,dhaka,2025-08-30 10:58:01,"Relationships, Food/Restaurants"
"Rant: Bashundhara R/A is an absolutely horrendous neighborhood. Why is it so ""hyped""?",throwlol134,111,71,neutral,0.06902292691127644,dhaka,2025-08-26 16:17:03,"Education, Health/Medical, Travel/Tourism, Shopping/Commerce, Food/Restaurants, Sports, Technology, Real Estate, Infrastructure"
SELLING FLAT!!!!!!!!!,megatonowo,0,13,neutral,-0.09313225746154785,dhaka,2025-08-24 12:16:48,"Shopping/Commerce, Politics/Government, Real Estate"
Looking for study cafés in khilgaon,odhorah,1,0,positive,0.125,dhaka,2025-08-23 18:54:52,"Education, Real Estate"
Cool lit coffees,badfaroosh,5,0,positive,0.32499999999999996,dhaka,2025-08-22 12:31:54,"Shopping/Commerce, Food/Restaurants"
Struggling Dad Begging for Help: Seeking Job Opportunities,sunny_sun92,215,68,positive,0.05763888888888889,dhaka,2025-08-20 09:12:50,"Education, Career/Jobs, Food/Restaurants, Politics/Government, Sports, Technology, Real Estate"
Surprised at how much Tejgaon has changed,Dhakaiya91,187,21,neutral,0.07500000000000001,dhaka,2025-08-16 23:21:07,Other
"How to know whether unofficial android phone is new or unused, and suggest some best reliable shops from where I can buy my new android phone",tarkesman,1,0,positive,0.5121212121212121,dhaka,2025-08-16 20:30:04,"Shopping/Commerce, Technology, Real Estate"
Any buses running from Dhanmondi to Rampura or Gulshan?,MisterPotato437,1,3,neutral,0.0,dhaka,2025-08-16 17:42:22,Infrastructure
Looking for a good dermatologist around Shantinagar/Malibagh,machinegunnedburger,3,5,neutral,0.35,dhaka,2025-08-15 22:15:36,Other
Best Budget-Friendly Gym in Bashundhara R/A ?,EngineWinter9286,1,2,positive,0.658531746031746,dhaka,2025-08-15 14:16:06,Career/Jobs
Need a Reliable Human to Make Your Life Easier? I’m Your Guy.,psycho_sif,4,18,neutral,0.04652157738095239,dhaka,2025-08-15 00:03:03,"Career/Jobs, Shopping/Commerce, Technology, Real Estate, Infrastructure"
Trsuted Shop for buying phone 📱,moreintoFling,2,16,neutral,-0.016729797979797987,dhaka,2025-08-10 19:11:54,"Shopping/Commerce, Technology"
Please Help,Forward_Leather_5733,2,2,positive,0.0625,dhaka,2025-08-09 00:33:12,"Shopping/Commerce, Technology"
Had a tough time on the metro today,Puzzleheaded-Hat6548,14,25,negative,-0.4111111111111111,dhaka,2025-08-07 15:51:42,"Food/Restaurants, Technology, Infrastructure"
Would you rather buy clothes from local market or look for brands?,wastedwashingmachine,5,20,neutral,-0.037,dhaka,2025-08-07 08:53:15,Shopping/Commerce
Looking for libaray for study near Govt . science college tejgaon,Glum-Leg-4174,1,0,neutral,0.1,dhaka,2025-08-06 17:21:12,"Education, Relationships"
"Post SSC student, need advice.",ComfortableRoll9178,2,20,neutral,0.0036411505161505217,dhaka,2025-08-04 20:04:35,"Education, Career/Jobs, Technology, Real Estate"
"Tough decisions to make, need guidance.",ComfortableRoll9178,1,3,neutral,-0.19080329392829393,dhaka,2025-08-04 20:02:18,"Education, Career/Jobs, Technology, Real Estate"
Suggest some hotels in puran Dhaka,zhmldhk,1,5,neutral,0.025,dhaka,2025-08-04 19:26:34,Real Estate
Is iub a good uni? (Doing bba),8ushch,8,20,neutral,0.3964646464646464,dhaka,2025-08-03 23:10:58,"Education, Technology"
Is investing in real estate in Dhaka worth it?,Odd-Departure-440,8,17,positive,0.20151098901098902,dhaka,2025-08-03 02:57:00,"Career/Jobs, Relationships, Shopping/Commerce, Technology, Real Estate, Infrastructure"
Where can I find water flosser shop?,Wild-Advantage4953,3,0,positive,0.05803571428571429,dhaka,2025-07-29 19:26:46,"Shopping/Commerce, Real Estate"
Is their any place in Dhaka where I can go for a run? I live in Puran Dhaka and every street is filled with shit and litter,Ok_Taro_6601,2,3,positive,0.11770833333333333,dhaka,2025-07-29 06:29:53,"Education, Career/Jobs, Food/Restaurants, Technology, Real Estate, Infrastructure"
Any students here doing part-time work near Bashundhara? Need guidance!!!,Fit_Alternative_2774,2,8,positive,0.161296600877193,dhaka,2025-07-28 05:48:26,"Education, Career/Jobs, Technology, Real Estate"
Parks for afternoon chilling in Bashundhara R/A,Nix_Gamesss,1,0,positive,0.0,dhaka,2025-07-27 21:58:19,Relationships
Starting Fresh in Bashundhara — Send Prayers (and Advice)🙃,NoAd9144,5,2,positive,0.18159722222222224,dhaka,2025-07-27 14:49:31,"Education, Relationships, Shopping/Commerce, Technology, Real Estate, Infrastructure"
"Help me select college please (SSC 25, GPA 4.78)",It_Laggs,6,4,positive,0.05697710803689065,dhaka,2025-07-26 20:34:16,"Education, Politics/Government, Real Estate"
Best places to fix headphone,Proper-Sheep,1,5,positive,0.5791666666666666,dhaka,2025-07-25 17:51:43,"Career/Jobs, Shopping/Commerce, Technology"
"Looking for Affordable &amp; Quality DTF Printing &amp; Heat Pressing Near Khilgaon, Motijheel, or Malibagh.",Ari_the_pixel_ninja,1,0,positive,0.11893939393939394,dhaka,2025-07-24 18:11:00,"Career/Jobs, Shopping/Commerce, Food/Restaurants, Technology, Real Estate, Infrastructure"
Best Place to Buy Second-Hand Phones in Dhaka?,Rafi012,7,4,positive,0.68125,dhaka,2025-07-24 13:06:05,"Shopping/Commerce, Technology, Real Estate"
college suggestions,cheeryybombs,3,2,positive,0.11756198347107437,dhaka,2025-07-23 22:02:10,"Education, Travel/Tourism, Real Estate"
Where to buy Dumbbells?,machinegunnedburger,2,5,positive,0.21666666666666665,dhaka,2025-07-19 17:57:42,"Shopping/Commerce, Technology"
Ielts,Realistic_Put_1452,1,4,positive,0.275,dhaka,2025-07-19 13:28:56,Real Estate
"The protesters are throwing rocks, that’s why the coordinator’s forces are ordering to shoot the protesters and dump their bodies. This is exactly how they carried out the Gopalganj massacre.",New_Edge360,3,0,neutral,0.1361413043478261,dhaka,2025-07-19 12:30:26,"Education, Shopping/Commerce, Food/Restaurants, Politics/Government, Sports, Technology, Real Estate"
Orphaned Kittens in Search for a new home,snakesyle16,19,3,neutral,0.10303030303030303,dhaka,2025-07-17 17:02:43,"Health/Medical, Food/Restaurants, Real Estate"
suggest some cafe/restaurants in khilgaon for private time,Mahmudul_Hasan27,0,7,positive,0.0875,dhaka,2025-07-17 02:46:14,Food/Restaurants
Restaurants/Buffets,Rare-Painting2799,1,1,positive,0.15625,dhaka,2025-07-17 01:48:33,Food/Restaurants
Two Orphan Kittens are looking for a Loving Home.,snakesyle16,42,3,positive,0.3651515151515151,dhaka,2025-07-16 19:48:43,"Relationships, Health/Medical, Food/Restaurants, Real Estate"
Need information on dumbbells,Anxious-Plankton-570,3,8,neutral,0.016666666666666666,dhaka,2025-07-16 17:43:13,"Health/Medical, Shopping/Commerce, Real Estate"
Need Help With Choosing College!,notnonchalantbutyeah,1,9,positive,0.07440476190476189,dhaka,2025-07-16 11:58:10,"Education, Technology"
Should I take Business administration if I am weak in math?,Emad_341,7,2,neutral,-0.16620833333333335,dhaka,2025-07-15 23:18:21,"Education, Career/Jobs, Technology, Real Estate, Infrastructure"
Swimming,KeyAdvice5346,1,5,neutral,0.05,dhaka,2025-07-15 18:06:16,Other
Kittens Up for Adoption.,snakesyle16,46,12,positive,0.06666666666666667,dhaka,2025-07-15 17:18:36,"Health/Medical, Food/Restaurants"
Best internet provider near Moghbazar / Malibagh?,hrafia,2,3,positive,0.35833333333333334,dhaka,2025-07-14 13:08:57,Technology
"Is Bangladesh entering a new era or just changing masks? A reflection on recent political shifts. --- 📌 Main Body (মূল লেখা): In the past year, Bangladesh has witnessed significant political turbulence—protests, public outrage, and finally, a historic shift in power. Sheikh Hasina’s long-standi",Longjumping_Ship_253,1,0,neutral,0.026484947081537983,dhaka,2025-07-14 09:28:49,"Education, Career/Jobs, Food/Restaurants, Politics/Government, Sports, Technology, Real Estate"
Accidentally bought 4 tickets for wrong cinema,Global_Baseball3571,6,7,positive,-0.14166666666666666,dhaka,2025-07-13 15:38:19,"Shopping/Commerce, Technology"
Need suggestion for a clinic or hospital,zuras76,2,0,negative,-0.14090909090909087,dhaka,2025-07-13 10:03:22,"Health/Medical, Technology"
Gym Buddy,Popular-Star-7675,2,1,neutral,0.05,dhaka,2025-07-13 04:55:40,Career/Jobs
Dance Lovers of Dhaka - where do you practice?,Agile_Egg_9509,12,18,positive,0.14454545454545453,dhaka,2025-07-12 20:58:34,"Relationships, Technology, Real Estate"
Don't ignore.,mtinbd,99,52,neutral,-0.009513457556935816,dhaka,2025-07-12 15:19:00,"Education, Career/Jobs, Shopping/Commerce, Food/Restaurants, Technology, Real Estate, Infrastructure"
Safe couple cabin restaurant suggestions needed,Broad_Huckleberry509,1,0,positive,0.475,dhaka,2025-07-10 18:41:06,"Relationships, Food/Restaurants, Technology, Infrastructure"
Both hidden gems and famous sites to see in puran Dhaka(Food places also),ifnasss,1,0,positive,0.22031250000000002,dhaka,2025-07-10 16:31:22,"Relationships, Travel/Tourism, Food/Restaurants, Real Estate"
Question for IQ users,dest_v18,1,3,positive,0.125,dhaka,2025-07-10 15:21:46,Technology
Bashundhara Residential Area- Fuchka - AC,Unhappy-Pop-6002,1,2,positive,0.3,dhaka,2025-07-10 11:17:46,Technology
Dating spots,Maleficent-Map5805,44,86,positive,0.1274107142857143,dhaka,2025-07-09 13:10:24,"Relationships, Food/Restaurants, Sports, Technology"
Hiji biji,RoyalIce8426,1,9,neutral,0.0,dhaka,2025-07-08 19:52:42,Other
Where can i learn tennis with a coach?,tahmed7bd,4,2,neutral,-0.0031250000000000028,dhaka,2025-07-07 23:49:18,"Technology, Infrastructure"
Perfume Suggestion for Male,carelesssswhisperrrr,13,15,positive,0.15690476190476188,dhaka,2025-07-06 00:38:28,Shopping/Commerce
Where can I find good quality ergonomic/gaming chair in cheap price?,Mikoyane,1,2,positive,0.4375,dhaka,2025-07-05 20:49:48,"Shopping/Commerce, Technology, Real Estate"
Why I've Changed!,tahmed7bd,7,19,positive,0.22916666666666669,dhaka,2025-07-04 00:43:53,Education
Looking for a RESTRICTED FEMALE MASTER BEDROOM in Bashundhara RA from September (with a PET),Specific_Anteater193,1,1,neutral,0.0,dhaka,2025-07-03 15:49:41,Other
Gold's gym,Ok-Return-5394,1,2,neutral,0.0,dhaka,2025-07-03 11:55:25,Other
Place recommendation in bashundhara for some private time,Anonymous33698,3,3,positive,0.09375,dhaka,2025-07-02 23:59:52,Travel/Tourism
I saw a 47-page report from the Crisis Research Center about the torture on police officers. I couldn’t finish it the first day I tried—my head started spinning. পুলিশের উপর নির্যাতন নিয়ে ক্রাইসিস রিসার্চ সেন্টারের একটি ৪৭ পৃষ্ঠার রিপোর্ট দেখেছি। আমি প্রথমদিন দেখতে গিয়ে পুরোটা শেষ করতে পারিনি। মাথা,New_Edge360,2,29,neutral,0.019738078459008684,dhaka,2025-07-02 10:31:58,"Career/Jobs, Health/Medical, Food/Restaurants, Politics/Government, Sports, Technology"
A level Cambridge teacher suggestion in Dhanmondi area,kacchiBiriyaniRocks,1,5,positive,0.24000000000000002,dhaka,2025-07-01 14:10:13,"Technology, Real Estate, Infrastructure"
"News from the 'Shaheed Gazette' of the July – The Sacrifice of the ""Martyrs"" – Part 1,",New_Edge360,0,1,neutral,-0.035234287317620655,dhaka,2025-07-01 13:00:38,"Education, Career/Jobs, Health/Medical, Shopping/Commerce, Food/Restaurants, Politics/Government, Sports, Technology, Real Estate, Infrastructure"
bashundhara RA,No-Back1343,14,13,positive,0.0650974025974026,dhaka,2025-07-01 00:29:14,"Education, Real Estate"
Opening a new coaching center,Opening-Ad4437,2,3,neutral,0.007528409090909086,dhaka,2025-06-29 21:54:32,"Education, Shopping/Commerce, Real Estate"
Which one is better,PRICEFORAND,2,9,positive,0.3181818181818182,dhaka,2025-06-25 17:42:16,"Shopping/Commerce, Technology"
"PLS HELP URGENT,i am confused abt which phone to buy",little_aesthetic52,2,11,neutral,-0.195236013986014,dhaka,2025-06-23 00:01:24,"Shopping/Commerce, Technology, Infrastructure"
"Information regarding delivery man person (flexible- part time, Bashundhara RA)",QBeeTas,1,1,neutral,0.03480902777777778,dhaka,2025-06-21 17:02:55,"Education, Career/Jobs, Shopping/Commerce, Food/Restaurants, Real Estate, Infrastructure"
Requesting traffic jam recommendation for passing hours of time in rickshaw within puran Dhaka.,Small-Recipe9485,4,10,negative,-0.1,dhaka,2025-06-21 09:55:20,"Travel/Tourism, Real Estate, Infrastructure"
Need Suggestion to find e book reader,Glittering-Tear-8017,1,2,positive,0.1,dhaka,2025-06-19 22:57:03,Shopping/Commerce
Study Spaces in Puran Dhaka,Al-Khataei,4,1,neutral,0.0,dhaka,2025-06-19 22:36:22,"Education, Health/Medical, Real Estate"
Quiet Libraries in Dhaka for Long Study Hours (No Cafés Please),Azannn_,24,34,positive,0.09749999999999999,dhaka,2025-06-17 00:58:38,"Education, Shopping/Commerce, Food/Restaurants, Real Estate"
Best route for fantasy kingdom,Neat-Slide379,1,5,positive,0.7795454545454545,dhaka,2025-06-16 22:32:27,Infrastructure
Breakfast recommendation at Dhanmondi,shams_nobee,2,5,positive,0.5,dhaka,2025-06-15 23:02:06,Other
Best internet service providerin Mirpur 6?,Silly_Paramedic_8101,1,2,positive,0.75,dhaka,2025-06-14 11:54:00,Technology
Let's have a thread about your favourite pizza place in Dhaka! 😋🍕,hrafia,23,60,positive,0.15000000000000002,dhaka,2025-06-13 03:48:47,"Shopping/Commerce, Real Estate"
way to bashundhara r/a,slushw,1,16,neutral,0.0,dhaka,2025-06-11 06:59:57,Other
Gym,Mindless-Panic-4290,3,2,positive,0.2333333333333333,dhaka,2025-05-31 20:34:08,Technology
Need to socialize,Flimsy-Celebration35,1,2,positive,0.09555555555555556,dhaka,2025-05-31 11:53:55,"Sports, Technology, Real Estate"
Doctor suggestion,ExtremeAd4217,2,0,positive,0.06,dhaka,2025-05-29 18:01:20,"Health/Medical, Technology"
Justice system: reformed or the same as before?,Zetafunction64,1,2,neutral,0.04954117063492064,dhaka,2025-05-28 10:39:46,"Education, Politics/Government, Technology"
Slamner flat theke biral baccha falaise,raiyan_khan01,26,19,positive,0.13295454545454546,dhaka,2025-05-27 13:42:54,"Technology, Real Estate"
Apartment for bachelor/student,CharlieSwarper192,2,4,positive,0.10012987012987011,dhaka,2025-05-26 02:20:56,"Education, Real Estate"
Where can I find reliable LPG distributors for machinery use?,Anushirvan,1,0,positive,0.19633928571428572,dhaka,2025-05-26 01:36:58,"Shopping/Commerce, Food/Restaurants, Technology, Real Estate"
Gym inside bashundhara R/A,International-Bid218,2,2,neutral,0.0,dhaka,2025-05-23 14:40:54,Other
Suggestion for Bokhari Restaurant,SaltAd7389,1,1,neutral,0.0,dhaka,2025-05-20 09:00:38,"Travel/Tourism, Food/Restaurants, Technology, Real Estate"
Gift delivery,Intelligent_Door_478,1,0,neutral,0.0,dhaka,2025-05-15 14:28:29,"Shopping/Commerce, Technology, Real Estate, Infrastructure"
Robi wifi vs Gp wifi,Sufficient-Duty6248,2,1,neutral,0.0,dhaka,2025-05-15 02:08:15,Technology
"I am deeply pleased with today's anti-Awami League movement. At last, the July Movement has returned to those to whom it originally belonged. আমি খুবই খুশি হয়েছি আজকের আওয়ামী বিরোধী আন্দোলন দেখে। ফাইনালি এই জুলাই আন্দোলন টা যাদের ছিলো একচুয়েলি তাদের কাছেই ফেরত এসেছে।",New_Edge360,6,5,neutral,0.15916950113378686,dhaka,2025-05-10 15:45:44,"Education, Politics/Government, Sports, Technology, Real Estate"
Traffic at Shahbag Now,Competitive-Sun-6084,1,6,neutral,-0.03125,dhaka,2025-05-10 14:39:34,"Health/Medical, Infrastructure"
Suggest phone,zalepen0,1,4,positive,0.16510416666666666,dhaka,2025-05-09 18:30:44,"Shopping/Commerce, Technology"
Source of Entertainment,carelesssswhisperrrr,3,6,positive,0.07451298701298702,dhaka,2025-05-07 12:19:49,"Education, Career/Jobs, Food/Restaurants, Politics/Government, Technology, Real Estate"
Second hand iphone,Silly-Golf-6427,2,19,positive,0.35,dhaka,2025-05-06 18:15:44,"Shopping/Commerce, Technology"
SELF DEFENSE FOR WOMEN (boxing),hyacintff,31,51,positive,0.08954951298701298,dhaka,2025-05-06 17:09:01,"Shopping/Commerce, Technology, Infrastructure"
Puran Dhaka,ahonaf45,2,5,positive,0.35,dhaka,2025-05-06 02:12:40,"Travel/Tourism, Real Estate"
Coffee shop recommendations!,carelesssswhisperrrr,4,6,neutral,-0.007031249999999996,dhaka,2025-05-04 13:17:15,"Shopping/Commerce, Food/Restaurants, Technology, Real Estate, Infrastructure"
Jobs around Bashundhara,Perfect-Potato7640,1,2,neutral,0.045,dhaka,2025-05-04 04:14:09,"Education, Career/Jobs"
Places to car date,want_gf_head,0,14,neutral,0.0,dhaka,2025-05-03 03:36:30,Relationships
Places to go for a date,Warm_Cash_3402,2,6,neutral,-0.03125,dhaka,2025-05-01 04:42:28,"Food/Restaurants, Real Estate, Infrastructure"
Any boxing gyms near khilgaon?,Mr-Terror99,3,4,positive,0.1,dhaka,2025-04-28 23:19:17,Technology
Need a Place for 30 people,Any_Number_9932,1,4,positive,0.125,dhaka,2025-04-28 21:59:46,Other
Furniture in Bashundhara RA,carelesssswhisperrrr,2,1,positive,0.15625,dhaka,2025-04-27 19:49:38,Shopping/Commerce
what are some Food that you would want to be sold at cheap price?,QBeeTas,4,13,positive,0.32458333333333333,dhaka,2025-04-26 17:08:53,"Education, Shopping/Commerce, Food/Restaurants"
Any places in Bashundha R/A for roomdate?,peraltahere,0,16,positive,0.19999999999999998,dhaka,2025-04-26 04:43:10,"Relationships, Real Estate"
In need of a job,KeyAdvice5346,2,1,neutral,0.0,dhaka,2025-04-25 23:41:17,Career/Jobs
Moving to Bangladesh for A Levels—Need Info on International Hope School &amp; Daffodil International School,IcyCauliflower2985,4,2,positive,0.10833333333333332,dhaka,2025-04-24 19:46:17,"Education, Relationships, Technology, Real Estate, Infrastructure"
Moving to Bangladesh for A Levels—Need Info on International Hope School &amp; Daffodil International School,IcyCauliflower2985,1,5,positive,0.08875,dhaka,2025-04-24 19:34:25,"Education, Technology, Real Estate, Infrastructure"
There have any best place to makeout in Dhaka?,igotnosex,23,66,positive,0.7083333333333334,dhaka,2025-04-23 03:58:46,"Travel/Tourism, Food/Restaurants, Technology, Real Estate"
Anyone in Baridhara DOHS/Gulshan/Banani/Bashundhara up for cycling during evenings/weekends?,NumerousCow4,1,0,neutral,0.0,dhaka,2025-04-22 14:37:26,Other
Need ENT &amp; Eye Specialist Recommendations,abcrafsan,2,1,positive,0.23194444444444448,dhaka,2025-04-21 20:19:13,"Health/Medical, Technology"
Need help recovering stolen Phone,Ridwan_Rabby,1,2,neutral,0.026250000000000002,dhaka,2025-04-20 21:53:59,"Career/Jobs, Politics/Government, Technology, Infrastructure"
Daily bus journey in Dhaka... &amp; Road rage experiences,Additional-Leg280,2,12,negative,-0.084375,dhaka,2025-04-19 21:44:07,"Travel/Tourism, Technology, Real Estate, Infrastructure"
Regarding studying law,IcyAbbreviations2054,3,3,positive,0.103125,bangladesh,2025-11-20 22:58:00,"Education, Politics/Government, Real Estate"
Most Bangladeshi Uncles/Aunties can't think rationally,Crowned_XD,37,6,neutral,0.24784420289855072,bangladesh,2025-11-19 19:38:48,"Education, Career/Jobs, Shopping/Commerce, Food/Restaurants, Technology, Real Estate"
About BracU EEE,onisadat_712005,4,1,positive,0.13854166666666667,bangladesh,2025-11-18 17:53:48,"Education, Technology"
IBA DU,999baseballs,5,10,neutral,0.0,bangladesh,2025-11-15 20:29:02,"Education, Career/Jobs, Shopping/Commerce"
AAUB Admission,Kurou-Mamonogatari,6,2,neutral,0.0,bangladesh,2025-11-11 14:27:33,Education
A DU professor filed a case against her being harassed online. And this is the response of tareq zias bodyguard,maybe_not_andy,4,1,positive,0.055952380952380955,bangladesh,2025-11-11 07:50:21,Technology
Seeking partner in crime,Advanced_Budget7301,11,14,neutral,0.005555555555555556,bangladesh,2025-11-08 20:46:52,"Education, Relationships, Travel/Tourism, Food/Restaurants, Technology, Real Estate"
EEE Job related Question.,Impressive_Cup_9271,3,3,positive,0.06898148148148148,bangladesh,2025-11-04 15:09:17,"Education, Career/Jobs, Real Estate"
Is it better to do EEE in BracU or AIUB?,onisadat_712005,5,4,positive,0.3,bangladesh,2025-11-02 21:57:00,"Technology, Real Estate"
PRIVATE UNIS,Soul_Sniper_26,9,7,positive,0.05833333333333333,bangladesh,2025-11-01 23:31:12,"Education, Career/Jobs, Technology, Infrastructure"
Studying bachelors in Germany,pritho108,2,1,positive,0.06121605667060212,bangladesh,2025-11-01 01:56:58,"Education, Food/Restaurants, Technology"
Wanting to study in Biotech or Biochem.,Consistent_Bell_7124,8,2,positive,0.13624338624338625,bangladesh,2025-10-31 21:03:29,"Education, Career/Jobs, Relationships, Shopping/Commerce, Food/Restaurants, Technology, Infrastructure"
Suffering from destructions,lionel_messi77,5,16,neutral,-0.028768382352941168,bangladesh,2025-10-25 20:10:14,"Education, Health/Medical, Technology"
Choosing University,Odd_Lobster_8804,3,2,positive,0.0875,bangladesh,2025-10-24 13:17:40,"Education, Career/Jobs, Shopping/Commerce"
Average Bhai from Buet,BlacksmithFun3821,0,0,positive,0.05,bangladesh,2025-10-23 16:26:19,Technology
Wedding Ring to Escape Rape Case,AtikulIslam4142,63,5,neutral,-0.016147959183673472,bangladesh,2025-10-22 20:05:21,"Education, Relationships, Politics/Government, Technology, Real Estate"
Why did Mostakim Ahmed the buet radical got away with his intention to murder all minorities?,Feisty_Ostrich_608,44,36,neutral,0.0035714285714285644,bangladesh,2025-10-22 19:52:02,"Education, Relationships"
CUCSU Shibir candidate Akash Das says the victim is also to be blamed in the recent BUET rape case,AntiAgent006,126,71,neutral,-0.018750000000000003,bangladesh,2025-10-22 18:33:02,Other
Regarding the BUET incident and our stance on the matter,ImperialOverlord,119,21,positive,0.1324404761904762,bangladesh,2025-10-22 13:10:25,"Education, Politics/Government, Sports, Technology"
Why Are People So Polarized?,fogrampercot,63,65,neutral,-0.03611536281179138,bangladesh,2025-10-22 07:12:57,"Education, Career/Jobs, Health/Medical, Food/Restaurants, Politics/Government, Technology, Infrastructure"
"For everyone who’s clueless about what’s happening, here’s the context.",StuckintheTraffic,490,308,positive,0.35,bangladesh,2025-10-22 03:04:49,Technology
How did Shreeshanto Roy from BUET do these things without being noticed?,Astronomy_Boy,39,50,neutral,0.02,bangladesh,2025-10-22 01:49:55,Other
About my admission,onisadat_712005,3,6,positive,0.18333333333333335,bangladesh,2025-10-18 00:28:55,"Education, Technology"
Justice for Mohosina atik,Mundane_Extension132,24,7,neutral,0.02610294117647059,bangladesh,2025-10-17 21:06:15,"Education, Real Estate"
How to get scholarship in NSU?,washin_machine_heart,4,1,neutral,0.0,bangladesh,2025-10-16 13:57:09,"Education, Technology"
Need advice for transitioning to AI/ML field.,Horny_priest8366,0,2,positive,0.0896391369047619,bangladesh,2025-10-12 14:33:20,"Education, Career/Jobs, Technology, Real Estate, Infrastructure"
Can I get into buet?,Many_Confusion_2513,3,0,neutral,0.0,bangladesh,2025-10-06 21:18:44,Other
Why is it so hard to find sincerity in today’s marriage market?,Inside_Cucumber_591,30,32,positive,-0.05254120033083447,bangladesh,2025-10-05 21:00:24,"Education, Career/Jobs, Relationships, Shopping/Commerce, Food/Restaurants, Politics/Government, Sports, Technology, Real Estate, Infrastructure"
Second Timer in admission test,Left-Guidance-3191,3,5,neutral,0.03809523809523809,bangladesh,2025-10-04 23:48:01,"Education, Technology"
Private university admission information help -,many_years_,2,2,neutral,0.0,bangladesh,2025-10-03 15:17:51,"Education, Technology"
Credit transfer/Drop out,Independent_Nothing3,2,2,negative,-0.08452380952380951,bangladesh,2025-09-29 00:05:19,Education
Any tips for applying to CERN Summer Student Program 2026?,Quick-Interest-6807,3,4,positive,0.054947916666666666,bangladesh,2025-09-23 21:40:15,"Education, Career/Jobs, Relationships, Technology, Real Estate"
DU Admission For English Medium Student,Own_Gold_6574,2,7,positive,0.25,bangladesh,2025-09-21 20:06:13,"Education, Technology"
What if I don't choose DU or BUET for CSE?,Abir_Islam,2,7,neutral,0.020494791666666675,bangladesh,2025-09-20 15:42:16,"Education, Career/Jobs, Health/Medical, Food/Restaurants, Technology, Infrastructure"
Need advice,Gold-Tomato-3484,9,7,neutral,0.02041666666666667,bangladesh,2025-09-20 02:20:29,"Education, Health/Medical, Food/Restaurants, Technology"
A critical analysis of Jamaat's popularity...,Even-Broccoli7361,2,2,neutral,0.03391781006187787,bangladesh,2025-09-18 22:20:40,"Education, Travel/Tourism, Shopping/Commerce, Food/Restaurants, Politics/Government, Technology, Real Estate"
I'm a Bangladeshi indie game developer who quit my job to work on my own game. AMA!,Krons-sama,130,87,negative,-0.11770833333333332,bangladesh,2025-09-17 12:14:47,"Education, Career/Jobs, Shopping/Commerce, Food/Restaurants, Sports, Technology, Real Estate"
About freetime,Sungodnika04,12,23,positive,0.13749999999999998,bangladesh,2025-09-14 00:24:20,"Education, Technology, Real Estate, Infrastructure"
Udvash engineering position in daily exam not satisfying,Reasonable-Eye6699,3,0,positive,-0.009499999999999995,bangladesh,2025-09-13 01:38:35,"Education, Technology"
Looking for HSC 2027 Study Buddies for Engineering Prep,Proof_Willingness486,2,1,neutral,0.04495523415977961,bangladesh,2025-09-12 18:33:15,"Education, Career/Jobs, Food/Restaurants, Technology"
DUCSU 2025 - Analysis Of Shibir's Landslide Victory And Aftermath,fogrampercot,12,13,positive,0.06007982249010952,bangladesh,2025-09-12 03:40:24,"Education, Career/Jobs, Relationships, Health/Medical, Shopping/Commerce, Food/Restaurants, Politics/Government, Sports, Technology, Real Estate, Infrastructure"
I am from DU. Ask me anything,Sexy_onion_17,0,8,positive,0.0875,bangladesh,2025-09-11 23:46:22,"Education, Career/Jobs"
Khuni ekhono tar laash ke bhalobashe,KopaShamsur,3,10,negative,-0.1875,bangladesh,2025-09-11 20:25:07,"Education, Politics/Government, Real Estate"
Shibir and DUCSU,Just_A_Chill_Guy2414,0,7,neutral,0.002687590187590183,bangladesh,2025-09-11 10:57:59,Other
Why Shibir-backed candidates won the Ducsu polls,Alone-Attention-2139,8,1,neutral,-0.013333333333333334,bangladesh,2025-09-10 23:04:53,"Education, Career/Jobs, Politics/Government, Technology, Real Estate"
"""baap ka beta, sipahi ka ghora""",KopaShamsur,47,6,positive,0.11904761904761905,bangladesh,2025-09-10 19:42:06,"Education, Politics/Government, Real Estate"
When went wrong with NCP politics?,saynotodumbfukery,5,17,positive,-0.17857142857142858,bangladesh,2025-09-10 11:30:15,"Education, Politics/Government"
Feels like a rerun of 2024 US election!,Mammoth-Buyer-6939,12,11,negative,-0.095,bangladesh,2025-09-10 10:37:01,Politics/Government
Girls. WTF ?,eyesarepotato565,131,142,neutral,-0.2778846153846154,bangladesh,2025-09-10 03:01:38,"Politics/Government, Technology"
ডাকসু এবং অন্যান্য নির্বাচনে ছাত্র শিবিরকে ভোট দিবেন যে কারণে,fogrampercot,83,41,neutral,0.0,bangladesh,2025-09-07 20:15:02,"Education, Politics/Government, Real Estate"
Admission Question,Abir_Islam,4,1,positive,0.125,bangladesh,2025-09-07 19:07:47,Education
Online Coaching Platform,FrenzyCEE,2,1,positive,0.14027777777777778,bangladesh,2025-09-05 14:18:59,"Education, Real Estate"
"Unseen photographs of people struggling for liberation in 1971, which resulted in the creation of a sovereign Bangladesh.",TasinMAHDI,24,5,neutral,0.005882352941176466,bangladesh,2025-08-29 16:56:51,"Education, Health/Medical, Shopping/Commerce, Food/Restaurants, Sports, Technology, Real Estate, Infrastructure"
Is it viable to switch to Law for a Master’s after a CSE undergrad in Bangladesh?,elvinbarton,1,2,neutral,0.034926470588235295,bangladesh,2025-08-26 23:54:23,"Education, Career/Jobs, Health/Medical, Shopping/Commerce, Politics/Government, Technology, Real Estate"
What to do?,Farhanhabib_87,5,6,positive,0.06466165413533835,bangladesh,2025-08-23 19:04:24,"Education, Career/Jobs, Food/Restaurants, Sports, Technology"
Shibir Promotion on Mirza Galim,RazzmatazzStrict,0,12,positive,0.09333333333333334,bangladesh,2025-08-22 17:19:10,"Education, Real Estate"
How to prepare for BRACU entrance exam,creep_pal,5,9,negative,-0.07291666666666667,bangladesh,2025-08-16 17:26:59,Education
"Dhaka University’s Fuller Road, Sculptures of the Independence Struggle were destroyed.",Equivalent_Dog_3891,182,33,neutral,0.0,bangladesh,2025-08-12 05:34:53,"Education, Politics/Government, Technology, Real Estate, Infrastructure"
After the Rise of Neo-Razakars at Dhaka University: A Night to Remember the Spirit of Liberation...,TasinMAHDI,89,10,neutral,-0.011994949494949484,bangladesh,2025-08-07 13:45:13,"Education, Sports, Real Estate"
Question about Spring 2026 semester end date for B.Sc. Architecture at BRAC,milkshake-4242,2,0,neutral,0.01296296296296296,bangladesh,2025-08-07 05:01:00,"Education, Food/Restaurants, Technology, Real Estate"
Were Kader Mollah and other executed or jailed Jamaat leaders truly guilty of committing war crimes?,tdoteditz_exe,29,49,positive,-0.013333333333333308,bangladesh,2025-08-06 17:51:23,"Education, Technology, Real Estate"
How is IB curriculum for English Medium students?,Evening_Chair3570,3,6,positive,0.08333333333333333,bangladesh,2025-08-02 17:29:12,Education
"NSU vs BRAC, Best one for Economics?",Worth-Gene,4,6,neutral,0.5240771349862259,bangladesh,2025-08-01 08:16:07,"Education, Technology, Real Estate"
NSU cse vs AIUB cse!,Shaker_Afiq-111,2,4,positive,0.14750000000000002,bangladesh,2025-07-31 14:45:21,"Education, Technology, Real Estate, Infrastructure"
How easy would it be to get into Physics major at BracU this Fall?,Shot_Bowl_2680,2,0,positive,0.18702651515151514,bangladesh,2025-07-29 11:09:41,"Education, Technology"
"NSU,IUB or BRAC to go for bba?",Sad-Double602,2,5,neutral,-0.021410256410256404,bangladesh,2025-07-29 00:33:16,"Education, Career/Jobs, Technology, Real Estate"
BRAC/NSU/AIUB for CSE?,MRC2RULES,2,7,positive,0.19791666666666666,bangladesh,2025-07-28 15:12:21,"Education, Technology"
Admission Enquiry,Square_Warning4223,2,3,positive,0.25,bangladesh,2025-07-28 14:45:58,Education
Help,Plus-Feedback-1096,2,2,positive,0.25,bangladesh,2025-07-27 23:36:22,Education
Join as Co-founder,Natural_Hedgehog_287,5,15,neutral,-0.023888888888888887,bangladesh,2025-07-27 19:23:18,"Education, Career/Jobs, Technology, Real Estate, Infrastructure"
How to prepare for MSc in CSE admission test at Dhaka University?,Money_Consequence511,2,1,positive,0.18333333333333332,bangladesh,2025-07-27 02:31:29,"Education, Technology, Real Estate"
Dhaka University(ঢাকা বিশ্ববিদ্যালয়)  এর আশেপাশে কোথায় নীল রঙের ড্রাম  কিনতে পারবো?,tomir18protip,3,12,neutral,0.0,bangladesh,2025-07-20 20:19:14,"Education, Real Estate"
Second Bachelor's,TangerineNeonLights_,2,0,neutral,0.04583333333333333,bangladesh,2025-07-19 18:11:26,"Education, Technology"
What does it mean to be Bengali,ChubbyFruit,25,36,positive,-0.06160714285714286,bangladesh,2025-07-19 05:55:14,"Travel/Tourism, Real Estate"
Buet admission,ParsleyLow8147,0,7,neutral,0.031607142857142854,bangladesh,2025-07-18 20:58:26,"Education, Technology"
What are good backups while targeting for IBA admission,diddozy,3,3,positive,0.4107142857142857,bangladesh,2025-07-17 18:32:39,"Education, Health/Medical, Food/Restaurants"
Need post-hsc admission guideline.,onedirectionadoptme,6,3,positive,0.0692998385794996,bangladesh,2025-07-14 23:52:21,"Education, Relationships, Health/Medical, Food/Restaurants, Sports, Technology"
"Planning a Food Cart. Need Advice on Menu, Location, and Setup",Agile_Ad7635,3,1,positive,0.12785364145658262,bangladesh,2025-07-12 20:32:52,"Education, Career/Jobs, Relationships, Shopping/Commerce, Food/Restaurants, Technology, Real Estate, Infrastructure"
Does ssc gpa matters in university admission?,tdoteditz_exe,5,7,positive,0.175,bangladesh,2025-07-11 19:30:47,Education
What's the Source of Institutional Pride?,Pro_Fullstack,64,68,positive,0.0732142857142857,bangladesh,2025-07-07 01:28:35,"Education, Food/Restaurants, Technology"
NSU Civil Engineering,laltomato05,3,10,positive,0.05833333333333333,bangladesh,2025-07-06 17:13:25,"Education, Career/Jobs, Shopping/Commerce"
Trying to design a high-impact career: Econ/IR at DU + global credentials. Can this lead to executive roles in BD?,Agile_Ad7635,2,0,positive,0.06979166666666665,bangladesh,2025-07-05 19:59:36,"Education, Career/Jobs, Politics/Government, Technology, Real Estate, Infrastructure"
BIG NEWS: BUET Graduate Ridwan Noor Nafis Named Finalist in Global Architecture Competition,Agile_Ad7635,34,2,positive,0.08,bangladesh,2025-07-04 01:43:04,"Food/Restaurants, Real Estate"
Need guidance: Bangla-medium CSE graduate planning to sit for O/A Levels as a private candidate to apply for DU (Economics/Applied Math),TheJackedN3rd,2,1,neutral,0.045703125000000004,bangladesh,2025-07-01 17:53:20,"Education, Career/Jobs, Politics/Government, Technology, Real Estate, Infrastructure"
DU A Unit GPA Requirement,kjamwokao,2,1,negative,-0.06249999999999999,bangladesh,2025-06-27 14:56:08,"Education, Technology"
Best private university for humanities students?,Worth-Gene,2,1,neutral,0.27561274509803924,bangladesh,2025-06-25 16:46:29,"Education, Shopping/Commerce, Politics/Government, Technology, Real Estate, Infrastructure"
Best private university for humanities students?,Worth-Gene,2,4,neutral,0.27561274509803924,bangladesh,2025-06-24 21:23:57,"Education, Shopping/Commerce, Politics/Government, Technology, Real Estate, Infrastructure"
Career guide,soul_ofdarkandlight,3,0,neutral,0.045,bangladesh,2025-06-24 01:40:42,"Education, Career/Jobs, Technology, Infrastructure"
Private UNI admission resources,kindred_eldtrich,5,6,positive,0.13020833333333334,bangladesh,2025-06-22 12:27:42,"Education, Technology"
Should I Leave NSU EEE For A Double Major In Economics and Anthropology?,Original_Bother_7440,6,1,positive,0.12837009803921567,bangladesh,2025-06-20 11:45:06,"Education, Career/Jobs, Relationships, Technology, Real Estate"
Guys are there theory questions too in BUET and CUET admissions test? Or only mcq?,Ok-Company282,7,11,negative,-0.2,bangladesh,2025-06-19 23:40:43,Education
First time travelling abroad and alone to find my ex in Dhaka,mizzorie,7,17,positive,0.19646825396825396,bangladesh,2025-06-19 21:37:20,"Education, Career/Jobs, Relationships, Travel/Tourism, Shopping/Commerce, Technology, Real Estate, Infrastructure"
The Silent Commander: Farewell to Mustafa Mohsin Montu,TasinMAHDI,12,2,positive,0.09295634920634921,bangladesh,2025-06-16 13:32:19,"Education, Relationships, Shopping/Commerce, Food/Restaurants, Technology, Real Estate, Infrastructure"
।BBA,mud_98,4,4,positive,0.15,bangladesh,2025-06-13 23:57:52,Technology
I didn’t get into my dream university — and I’m still struggling to move on.,MalihaTanvi,4,8,positive,0.09313725490196079,bangladesh,2025-06-13 21:44:32,"Education, Career/Jobs, Health/Medical, Technology, Real Estate, Infrastructure"
DU student takes his own life after being falsely accused of blasphemy and labeled an atheist,Cezanne_,108,55,neutral,0.049999999999999975,bangladesh,2025-06-10 13:15:02,Education
It could be so much more..🥀,ramsosmaach,29,8,neutral,0.1,bangladesh,2025-05-31 21:06:57,Education
Admission for EM people,Specialist-Shoe-5880,7,8,neutral,0.031684027777777776,bangladesh,2025-05-30 09:45:43,"Education, Health/Medical, Technology, Infrastructure"
Need help regarding thesis survey,Haunting_Distance199,3,0,neutral,0.05,bangladesh,2025-05-26 13:51:58,"Education, Technology, Real Estate"
Who dafak develops these university websites?,sanelde_senior,18,14,neutral,0.03689649470899471,bangladesh,2025-05-25 23:25:36,"Education, Relationships, Technology"
What are your thoughts on Dhaka University goons?,shaant00,33,14,neutral,-0.008928571428571433,bangladesh,2025-05-23 14:09:36,"Education, Technology, Real Estate"
Confused Between Public and Private Universities.,Deep-Neighborhood356,2,10,positive,0.031944444444444456,bangladesh,2025-05-21 04:39:11,"Education, Career/Jobs, Real Estate, Infrastructure"
A terrible experience at regional Passport office (Keraniganj),No-Movie-1089,6,15,positive,-0.4458333333333333,bangladesh,2025-05-20 20:40:54,Technology
"Mahfuz Alam — The Most Brilliant, Yet Most Unpopular Leader of the July Movement",Distinct-Hold7796,0,36,neutral,0.35654761904761906,bangladesh,2025-05-17 15:51:56,"Education, Relationships, Food/Restaurants, Politics/Government, Technology, Real Estate, Infrastructure"
Is it mandatory to answer from my compulsory subject at HSC (biology) in DU admission tests?,megaeonise,7,2,neutral,-0.125,bangladesh,2025-05-16 22:41:40,Education
"Shammo murder: Chhatra Dal locks DU academic, administrative buildings demanding whole-day mourning",Alone-Attention-2139,7,0,neutral,0.0,bangladesh,2025-05-15 21:17:11,Real Estate
Which universities offer open credit for CSE?,M_Levinson,2,9,neutral,-0.0031249999999999993,bangladesh,2025-05-15 13:34:47,Education
How important is GPA 5 on HSC exam,diddozy,4,14,neutral,0.24375000000000002,bangladesh,2025-05-14 16:36:57,"Education, Career/Jobs, Infrastructure"
CSE or BBA for moving abroad,GeneralSadaf,2,1,positive,0.11439754689754691,bangladesh,2025-05-13 03:08:24,"Education, Career/Jobs, Technology, Real Estate, Infrastructure"
DU students sing national anthem in protest over Shahbagh incident | The Daily Star,ImperialOverlord,36,7,neutral,0.0,bangladesh,2025-05-13 01:28:29,"Education, Technology"
Studying abroad (Australia),North-Sweet-1717,2,2,neutral,0.04647435897435897,bangladesh,2025-05-11 20:00:36,"Education, Technology, Real Estate, Infrastructure"
is Pure Math really as impossible a subject as people claim?,echothewoodnymph_,6,21,neutral,-0.07721213624338621,bangladesh,2025-05-10 06:36:58,"Education, Career/Jobs, Food/Restaurants, Technology, Real Estate"
Recommend a hotel to see crazy Dhaka's traffic from the windows,BlockchainHeadhunter,5,8,positive,-0.22556818181818183,bangladesh,2025-05-05 17:07:11,"Education, Career/Jobs, Food/Restaurants, Politics/Government, Technology, Real Estate, Infrastructure"
Are the SAT and North South University Admission Exams the Same?,Previous_Visual_5757,3,4,positive,0.0625,bangladesh,2025-05-05 14:16:22,"Education, Technology, Real Estate, Infrastructure"
Are the SAT and North South University Admission Exams the Same?,Previous_Visual_5757,2,0,positive,0.0625,bangladesh,2025-05-04 02:52:03,"Education, Technology, Real Estate, Infrastructure"
Searching for place to learn &amp; practice table tennis in Dhaka,MunawarRafid,5,1,positive,0.16428571428571428,bangladesh,2025-04-30 17:06:15,"Technology, Real Estate"
Asif Mahmud takes admission test for Masters in NSU,Vite699,23,8,neutral,0.0,bangladesh,2025-04-26 22:43:04,"Education, Technology"
Why Is Dhaka University Facing So Much Heat on Social Media Lately?,Arcane_Dra_co,4,16,positive,0.03930555555555556,bangladesh,2025-04-24 01:21:01,"Education, Food/Restaurants, Technology, Real Estate, Infrastructure"
Proud ঢাবিয়ান,failure_as_a_sperm,169,39,positive,0.51,bangladesh,2025-04-23 07:47:50,"Education, Infrastructure"
Dhaka University’s latest priority: A hall for Pakistan’s visionary,uponpranbacha,7,2,neutral,0.25,bangladesh,2025-04-22 16:45:15,"Education, Real Estate"
Ongoing Student Protest at KUET,Artistically_numb,23,2,negative,-0.05161155202821869,bangladesh,2025-04-22 14:35:18,"Education, Career/Jobs, Relationships, Food/Restaurants, Politics/Government, Technology, Real Estate"
"বিশ্ববিদ্যালয়, বিষয় ও ক্যারিয়ার",Bongiomorpha_Perseus,4,2,positive,0.11666666666666665,bangladesh,2025-04-21 22:34:50,Politics/Government
NSU vs BRAC for CSE.,Interesting_Kale_700,1,8,positive,0.0775,bangladesh,2025-04-18 14:15:00,Real Estate
Anyone knows about the M.Sc in Material Science program of BUET?,TheRedditsImam,2,1,positive,0.12583333333333332,bangladesh,2025-04-16 16:07:15,"Education, Career/Jobs, Infrastructure"
"CSE Master admission tips and suggestions please / buet, du, ju",Sabhos29dm,8,1,neutral,0.0,bangladesh,2025-04-12 04:37:45,"Education, Infrastructure"
MSc in Management of Technology at Buet,Impossible_Vast_8814,7,9,positive,0.07777777777777778,bangladesh,2025-04-11 13:14:00,"Education, Career/Jobs, Shopping/Commerce, Technology, Infrastructure"
DU Fine Arts Dept Prepares Bamboo Sculpture of Fallen ‘Dictator’ for Noboborsho Rally,ultrahex007,50,11,positive,0.4166666666666667,bangladesh,2025-04-09 00:17:16,Other
NSU Student Lifestyle,rayhan_stoic,2,4,neutral,0.031249999999999997,bangladesh,2025-04-08 14:32:40,"Education, Career/Jobs, Technology, Real Estate"
BRAC or NSU for CS/CSE?,WhateverArsehole,4,16,positive,0.134375,bangladesh,2025-04-07 21:36:49,"Education, Relationships, Infrastructure"
Brac or NSU for CS/CSE?,WhateverArsehole,3,4,positive,0.159375,bangladesh,2025-04-07 21:20:09,"Education, Relationships, Infrastructure"
Looking for Imported Cigarette shop in Dhaka,Big-Decision565,7,1,positive,0.12,bangladesh,2025-04-07 20:36:02,"Shopping/Commerce, Real Estate"
How different is Dhaka University now?,TemporaryPen2338,5,0,positive,0.175,bangladesh,2025-04-06 12:29:18,"Education, Sports, Real Estate"
"Serial killings on 3 places, pieces packed in carton boxes",VapeyMoron,52,12,negative,-0.057692307692307696,bangladesh,2025-04-04 23:19:15,"Health/Medical, Shopping/Commerce, Food/Restaurants, Technology"
Is private universities in bd really worth it?,stinkycatto7,6,7,neutral,0.07129629629629629,bangladesh,2025-04-04 22:53:58,"Education, Career/Jobs, Shopping/Commerce, Technology, Real Estate, Infrastructure"
Subject Choice,Old_Basil_4445,3,1,neutral,-0.06051587301587301,bangladesh,2025-03-31 13:43:52,"Education, Health/Medical, Technology, Infrastructure"
I need some mental support,JakeGyllenHaalz,14,20,neutral,-0.014962121212121211,bangladesh,2025-03-29 03:00:54,"Education, Relationships, Health/Medical, Food/Restaurants, Technology, Real Estate, Infrastructure"
BCL Cadre Nokib Ashraf Chowdhury has made abusive and inflammatory remarks about NSU student who distributed iftar to Bihari people.,redwanhossain6333,128,79,neutral,0.0,bangladesh,2025-03-28 21:58:18,"Education, Infrastructure"
Awami League supporter openly issuing rape threats to an NSU student,ultrahex007,1,2,neutral,0.0,bangladesh,2025-03-28 14:06:47,"Education, Food/Restaurants, Politics/Government, Sports"
Du Eee and Robotics Review,Pretend_Ad26,1,2,positive,0.25,bangladesh,2025-03-25 16:46:10,Other
New lore in town: BSL regrets helping Hasbat,VapeyMoron,34,11,neutral,-0.010353535353535354,bangladesh,2025-03-24 21:53:36,"Education, Sports, Real Estate"
Is Architecture a suitable career in Bangladesh?,ImpressiveWish1441,3,5,neutral,0.2833333333333333,bangladesh,2025-03-22 07:16:23,"Education, Career/Jobs, Real Estate"
Is it possible to do good in hsc after wasting too much time? Or is it just a dumb dream?,tdoteditz_exe,5,6,positive,0.18969907407407405,bangladesh,2025-03-21 22:34:00,"Education, Technology"
I’m Feeling So Lost in My University Life — I Don’t Know What to Do Anymore.,elvinbarton,5,2,neutral,0.04712106587106587,bangladesh,2025-03-20 12:46:43,"Education, Career/Jobs, Shopping/Commerce, Food/Restaurants, Sports, Technology, Real Estate, Infrastructure"
Should I try for NSU or take admission in KUET?,Puzzleheaded-Car9317,2,5,neutral,0.0494047619047619,bangladesh,2025-03-15 15:42:36,"Education, Health/Medical, Technology, Real Estate"
Planning to Shift to A levels from NCTB(ssc25)- My goal is DU IBA / USA and backup is Brac/NSU. Seeking Advice from DU IBA’s NCTB to A levels Shift.,TahmeedSayaan,3,21,positive,0.07021247632575756,bangladesh,2025-03-15 08:15:38,"Education, Career/Jobs, Relationships, Technology, Real Estate, Infrastructure"
China sends machinery for domestic defence industry in Bangladesh,VapeyMoron,1,0,neutral,0.026054852320675108,bangladesh,2025-03-12 16:25:43,"Education, Relationships, Travel/Tourism, Shopping/Commerce, Food/Restaurants, Politics/Government, Technology, Real Estate, Infrastructure"
Dhaka University Students Protest the Rise of Shahbagh: Condemn Police Attack by Shahbaghis and Demand Laki Akter’s Arrest,ultrahex007,5,3,neutral,-0.025,bangladesh,2025-03-12 02:30:22,"Education, Politics/Government, Real Estate"
What's ur opinion on DU criminology dept's professor?,No-Income8933,8,11,positive,0.1875,bangladesh,2025-03-09 17:46:06,"Education, Food/Restaurants, Technology, Real Estate"
How can I find a tuition?,According-Teach-9600,2,2,positive,0.1,bangladesh,2025-03-09 05:01:38,Education
DU student harassment: Library staff Arnab suspended,BubblyContribution60,25,0,neutral,0.01,bangladesh,2025-03-08 23:16:46,"Education, Technology, Real Estate"
[OC ]Virtual World Trip: Bangladesh (Update),Papupapula,2,0,neutral,0.03186964756258234,bangladesh,2025-03-08 14:59:29,"Travel/Tourism, Food/Restaurants, Technology, Real Estate"
Du subject choice list advice,tasdikagainghehehe,5,3,positive,-0.016666666666666663,bangladesh,2025-03-08 14:22:16,Education
During July revolution vs After July revolution,announcement35,94,13,neutral,0.0,bangladesh,2025-03-07 01:40:28,Other
"DU Student Harassment Victim Receives Rape-Murder Threats, Case Withdrawn",Cezanne_,65,9,neutral,-0.037500000000000006,bangladesh,2025-03-07 00:03:46,"Education, Food/Restaurants"
DU stutent withdraws eve teasing case facing threats of rape and murder,QuakeWok,29,3,neutral,0.0,bangladesh,2025-03-06 23:34:32,Food/Restaurants
"Mob besieges, storms Shahbagh Police Station demanding release of man arrested for harassing female DU student",jodhod1,69,27,neutral,0.0,bangladesh,2025-03-06 05:53:05,"Education, Politics/Government"
BracU/AIUB CSe or NSU CSE,_raihan_09,2,4,positive,0.11711309523809524,bangladesh,2025-03-05 00:00:53,"Career/Jobs, Shopping/Commerce, Technology, Infrastructure"
"I am kind of in a rut, need experienced advice",Shimanta_1405,5,0,neutral,0.3544642857142857,bangladesh,2025-03-04 18:21:59,Technology
Is there any hope,One-Ferret-4203,6,4,neutral,0.01201428571428572,bangladesh,2025-02-26 19:36:57,"Education, Technology, Real Estate"
Legitimacy and the true factors of going abroad for study purposes.,Embarrassed-Plant74,3,1,neutral,0.19999999999999998,bangladesh,2025-02-25 11:23:34,"Education, Real Estate, Infrastructure"
'We express solidarity with protests held at DU last night': Hasnat | The Daily Star,ImperialOverlord,12,2,neutral,0.0,bangladesh,2025-02-24 22:47:38,Technology
What books should I study for BRACU engineering dpt?,Virtual-One-2358,5,3,positive,0.09444444444444444,bangladesh,2025-02-24 21:13:17,"Education, Technology"
Which books do I need to study for BracU engineering dept,Calm-Dish6389,2,0,positive,0.09444444444444444,bangladesh,2025-02-24 20:49:46,"Education, Technology"
DU protests and demand resignation of the Home Advisor Jahangir,VapeyMoron,1,4,neutral,0.0,bangladesh,2025-02-24 03:38:19,Real Estate
Anyone from DU IBA?,Driver_Kenobi2004,1,1,positive,0.13999999999999999,bangladesh,2025-02-22 01:34:12,"Career/Jobs, Shopping/Commerce, Technology, Real Estate"
How's Uttara university,tasdikagainghehehe,3,2,positive,0.15,bangladesh,2025-02-22 00:29:48,"Education, Technology"
Am I a fool to be hopeful in my current situation?,Big-Chain3182,11,3,positive,0.06685956790123458,bangladesh,2025-02-19 14:14:29,"Education, Career/Jobs, Relationships, Health/Medical, Shopping/Commerce, Food/Restaurants, Technology, Real Estate, Infrastructure"
Shibir volunteering and assisting admission candidates,minhazul98535,67,55,positive,0.06666666666666667,bangladesh,2025-02-15 14:30:13,"Education, Food/Restaurants, Technology, Real Estate"
Dhaka University students throwing shoes at Trump and Netanyahu.,PickleKnown,15,9,neutral,0.0,bangladesh,2025-02-14 10:34:23,"Education, Real Estate"
Help!,Shahriar-Sakib18,8,3,neutral,-0.018359788359788357,bangladesh,2025-02-10 23:02:29,"Education, Career/Jobs, Relationships, Health/Medical, Travel/Tourism, Food/Restaurants, Politics/Government, Technology, Real Estate, Infrastructure"
"Bangla Outlook,Ali Riaz,Soros,Photo-Shahidu",Haunting_Piccolo_514,7,8,neutral,0.009375000000000003,bangladesh,2025-02-10 16:16:08,"Education, Career/Jobs, Food/Restaurants, Politics/Government, Technology"
BracU Anthropology info needed,probablysleepingggg,3,0,neutral,0.0,bangladesh,2025-02-10 03:00:21,Other
Are midtier universities worth it?,tasdikagainghehehe,4,4,neutral,0.17981150793650794,bangladesh,2025-02-09 23:05:14,"Education, Food/Restaurants"
How Hard is the Grading Policy of North South University?,Ok_Guava8067,5,2,neutral,-0.14583333333333334,bangladesh,2025-01-30 17:31:35,"Education, Technology"
Help! 40-Day-Old Baby Choking Frequently &amp; Noisy Breathing – Need Urgent Advice in Dhaka,mutebeast2,6,2,neutral,0.06615259740259741,bangladesh,2025-01-30 06:29:02,"Education, Relationships, Health/Medical, Food/Restaurants, Technology, Real Estate"
সাভার গণহত্যা: হাসিনা পালানোর পরের ৬ ঘণ্টা | Savar Massacre | 5 August 2024 | Prothom Alo,Environmental-Ad-344,4,2,neutral,0.0,bangladesh,2025-01-30 01:42:36,Other
Leaked phonecall between Tarique Rahman and DU pro-VC,Which_Parfait_2166,1,2,neutral,0.0,bangladesh,2025-01-29 14:46:14,Technology
"DU, 7 colleges part ways at last | The Daily Star",ImperialOverlord,11,1,neutral,0.0,bangladesh,2025-01-28 01:44:45,"Education, Technology"
"Students of 7 colleges give 4 hrs for resignation of DU pro-VC, 5 other demands",DangerousRefuse2982,18,7,neutral,-0.0625,bangladesh,2025-01-27 13:05:15,Education
"Students of DU, 7 colleges clash late into night | The Daily Star",ImperialOverlord,13,0,neutral,-0.075,bangladesh,2025-01-27 12:40:29,"Education, Technology"
Need help regarding what Uni to study for,Sad-Double602,4,5,positive,0.059090909090909104,bangladesh,2025-01-25 11:51:24,"Education, Career/Jobs, Technology, Real Estate, Infrastructure"
Story of Medical Admission ,Alternative_Bad_1366,12,12,neutral,0.029185956790123455,bangladesh,2025-01-17 22:10:55,"Education, Health/Medical, Technology, Real Estate, Infrastructure"
Did anyone else get the 'B' unit admit card for DU admission,nutallergy8452,2,5,neutral,0.05,bangladesh,2025-01-14 18:27:10,Education
"Do NSU, AIUB, IUB, BGMEA, East West and other well known private universities in Bangladesh charge money from students for workshops and cultural programs? ",rdevasish,3,1,neutral,0.0125,bangladesh,2025-01-10 20:54:40,"Education, Career/Jobs, Health/Medical, Travel/Tourism, Shopping/Commerce, Sports, Technology"
Unease at DU campus as some incidents reek of vigilantism,jodhod1,19,6,neutral,0.0,bangladesh,2025-01-07 13:46:19,Other
I Just hate how most Bangladeshi people just cannot think rationally,Crowned_XD,116,37,neutral,-0.07715579710144928,dhaka,2025-11-19 19:18:07,"Education, Career/Jobs, Shopping/Commerce, Food/Restaurants, Technology, Real Estate"
Do Bangladeshi University Students Get .edu e-mail addresses?,biggestloserinearth,9,32,positive,0.07916666666666666,dhaka,2025-11-18 13:10:46,"Education, Technology"
Looking for a Part Time/ Full time job.,iamnoman18,3,1,negative,0.11666666666666667,dhaka,2025-11-18 11:00:12,"Education, Career/Jobs, Shopping/Commerce, Sports, Technology, Real Estate, Infrastructure"
I am getting really depressed because of this,Icey-cold,42,35,neutral,0.09148550724637682,dhaka,2025-11-18 02:05:00,"Education, Career/Jobs, Relationships, Food/Restaurants, Politics/Government, Technology, Real Estate"
MBA Options (Is Jagannath the right choice for me?),Mysterious_Many007,2,13,neutral,0.18452380952380953,dhaka,2025-11-17 10:09:46,"Education, Career/Jobs, Technology"
Which BUTEX Textile Engineering Department Should My Younger Brother Choose? Need Honest Advice,Redwanul-Haque2467,6,8,positive,0.20631105006105005,dhaka,2025-11-16 23:00:13,"Education, Career/Jobs, Health/Medical, Technology, Real Estate"
is this good for a 11th grader?,Majestic_Search4740,7,6,positive,0.7,dhaka,2025-11-16 19:35:09,Other
NSU RETAKE,Spiritual_Scene634,1,4,neutral,-0.0069444444444444475,dhaka,2025-11-16 13:11:04,"Technology, Infrastructure"
Suggestion for higher education,abid0506,0,3,neutral,0.1674107142857143,dhaka,2025-11-16 11:18:11,"Education, Career/Jobs, Infrastructure"
Du IBA,999baseballs,0,7,neutral,0.0,dhaka,2025-11-15 20:33:28,"Education, Career/Jobs, Shopping/Commerce"
Is IBA really safe from all the political Chaos at DU and other public unis,Efficient_Divide_448,5,6,neutral,0.05104166666666667,dhaka,2025-11-14 12:17:28,"Education, Politics/Government"
advice about studying abroad for film/VFX after freelance career,NationalSelection773,9,2,positive,0.08795238095238096,dhaka,2025-11-11 23:34:09,"Education, Career/Jobs, Relationships, Food/Restaurants, Sports, Technology, Real Estate, Infrastructure"
"How much difference does studying in public universities make, compared to private?",NastyBlisters,20,46,positive,0.1511111111111111,dhaka,2025-11-09 14:41:56,"Education, Career/Jobs, Technology"
Looking for internship to add to my CV,Illustrious_Snow_314,3,5,positive,0.10128205128205128,dhaka,2025-11-08 15:28:06,"Education, Technology, Real Estate"
NSU previous year's admission questions?,Kurou-Mamonogatari,2,0,neutral,-0.07499999999999998,dhaka,2025-11-08 00:35:12,Education
I need help making a tier list of bba programmes,Leading-Sandwich-534,1,0,positive,0.13333333333333333,dhaka,2025-11-07 15:22:53,"Technology, Real Estate"
Need a job,BadLuckUnlimited,10,18,positive,0.06200068870523417,dhaka,2025-11-07 03:32:16,"Education, Career/Jobs, Technology, Real Estate, Infrastructure"
Reddit users from Dhaka's Savar area what do you think about it?,BugPsychological8349,0,0,negative,-0.1,dhaka,2025-11-07 01:24:39,Real Estate
I NEED HELP!!!,Hail_Hifler_911,1,3,neutral,0.0,dhaka,2025-11-06 21:09:17,Education
How to crack DU Law in 30 days?,South_Pilot_1438,4,16,positive,0.09642857142857143,dhaka,2025-11-05 19:20:05,"Education, Politics/Government, Real Estate, Infrastructure"
How to start learning Video editing and Digital Marketing from scratch?,Safe-Cabinet-469,3,5,positive,0.07211538461538461,dhaka,2025-11-04 20:49:18,"Shopping/Commerce, Technology"
I'm kind of derailed right now and how can I get back on track?,sabab_1639,3,6,neutral,0.1727232142857143,dhaka,2025-11-04 19:03:56,"Education, Shopping/Commerce, Technology"
Now that BUET has 600 marks...,CarrotPlus631,19,15,neutral,0.041666666666666664,dhaka,2025-11-04 02:37:04,Technology
Class times of Bsc courses in NSU &amp; BRACU,hasinishraque,2,2,negative,-0.08333333333333333,dhaka,2025-11-03 10:29:13,Education
Admission Phase...,GurWide6589,2,0,positive,0.10128205128205128,dhaka,2025-11-03 08:49:47,"Education, Health/Medical, Technology, Real Estate, Infrastructure"
Need admission guideline,brush_of_art,2,3,neutral,0.009259259259259259,dhaka,2025-11-03 01:10:24,"Education, Shopping/Commerce, Technology"
No one cares about cats in BracU ?,Kim_KongNog,4,5,neutral,0.025,dhaka,2025-11-02 19:26:46,"Education, Travel/Tourism, Food/Restaurants, Technology, Infrastructure"
Can DU IBA be a better option than DU A unit?,Certain_Instance5192,9,58,neutral,0.23564814814814816,dhaka,2025-11-02 15:58:06,"Education, Career/Jobs, Health/Medical"
Is my cousin manipulative?,kindred_eldtrich,59,64,neutral,0.018410852713178293,dhaka,2025-11-02 14:08:22,"Education, Career/Jobs, Relationships, Food/Restaurants, Technology, Real Estate, Infrastructure"
Wanting to study in Biotech or Biochem.,Consistent_Bell_7124,3,1,positive,0.13624338624338625,dhaka,2025-11-02 13:36:27,"Education, Career/Jobs, Relationships, Shopping/Commerce, Food/Restaurants, Technology, Infrastructure"
Need help guys!,Overall-Poetry-9021,2,6,negative,-0.10416666666666666,dhaka,2025-11-02 10:33:18,"Education, Technology"
Need advice for DU admission (B Unit),Strange-Tooth-3788,3,3,positive,0.05481366459627331,dhaka,2025-11-01 14:02:31,"Education, Technology, Infrastructure"
Should I quit my college?,Technical-Rush-2991,22,50,positive,0.053125000000000006,dhaka,2025-10-31 14:40:05,"Education, Technology, Infrastructure"
"Are advanced book [,Hc verma, Chaya prakashani etc ] &amp; advanced concepts needed for securing ranked among the Top 50 in BUET Admission Test?",Vegetable-Music3598,1,16,neutral,0.21666666666666667,dhaka,2025-10-31 02:39:57,Education
BracU Admission Related,GrandSpray5334,3,2,positive,0.08374999999999999,dhaka,2025-10-31 01:33:46,"Education, Career/Jobs, Technology"
HELP,ahnaf1131,4,8,neutral,0.01666666666666666,dhaka,2025-10-31 00:44:03,"Education, Technology"
Hostel suggestion,nafi_thebest,2,3,neutral,0.03125,dhaka,2025-10-30 22:06:44,"Education, Travel/Tourism"
Du admission guideline,Responsible_Way2518,5,2,neutral,0.0,dhaka,2025-10-30 18:14:56,Education
Anyone from brac university?,shady_girl66,7,19,neutral,0.018939393939393936,dhaka,2025-10-29 07:51:00,"Education, Relationships, Technology, Real Estate"
B category university for masters abroad,GeneralSadaf,3,2,positive,0.0500125313283208,dhaka,2025-10-29 00:28:34,"Education, Career/Jobs, Food/Restaurants, Technology, Infrastructure"
Is it hard to balance work and NSU study?,fsornab,2,3,positive,0.06927083333333331,dhaka,2025-10-28 19:51:06,"Education, Career/Jobs, Technology, Infrastructure"
Buet 25-26,Manfigure,2,2,positive,0.25,dhaka,2025-10-27 14:13:07,Education
Du-b unit,No_Tart_2572,4,11,negative,-0.2,dhaka,2025-10-26 19:30:58,"Career/Jobs, Technology"
Life Advice: Be a Nerd or an Extremely Hard Worker.,_War_Daddy,181,42,positive,-0.04757653061224494,dhaka,2025-10-26 16:14:56,"Education, Career/Jobs, Food/Restaurants, Technology, Infrastructure"
Buet admission,Worldly_Put4468,2,7,positive,0.06499999999999999,dhaka,2025-10-26 16:12:11,"Education, Food/Restaurants, Technology"
BUET admission test viva,Windy-Orbits,3,12,negative,-0.3499999999999999,dhaka,2025-10-25 19:14:08,Education
Calling all University of Dhaka students &amp; alumni! Join r/UniversityOfDhaka_DU,CodeAndCorrelation,2,0,positive,0.125,dhaka,2025-10-25 13:10:48,"Education, Relationships, Food/Restaurants, Real Estate"
Advise on topics I can use for a composition on mysoginy,Agrahayan,6,6,neutral,0.04739583333333333,dhaka,2025-10-25 01:15:43,"Education, Technology"
Need suggestion with current financial situation.,Iori3310,4,15,neutral,0.0486022311022311,dhaka,2025-10-24 19:07:25,"Education, Career/Jobs, Shopping/Commerce, Technology, Real Estate"
BD job market update,BoysenberryAlarmed54,45,46,neutral,0.042280092592592584,dhaka,2025-10-24 02:58:39,"Education, Career/Jobs, Shopping/Commerce, Technology, Real Estate"
Extreme demotivation,Every-Ad5012,11,36,positive,0.018957431457431465,dhaka,2025-10-23 23:04:07,"Food/Restaurants, Technology, Real Estate"
Help,Willing-Physics6397,4,2,positive,0.07586096938775509,dhaka,2025-10-23 10:47:25,"Education, Health/Medical, Food/Restaurants, Technology"
NSU scholarship preparation,Defiant_Flounder5696,3,5,neutral,0.0071428571428571435,dhaka,2025-10-22 16:41:03,"Career/Jobs, Technology"
Should I aim for Dhaka university ?,arafattrr,8,51,neutral,0.0,dhaka,2025-10-22 13:14:31,"Education, Technology, Real Estate"
Need some admission advice,FAB__XD,1,13,negative,-0.08770833333333333,dhaka,2025-10-22 11:24:50,"Education, Health/Medical, Technology, Infrastructure"
Anyone commuting from Dhanmondi to (AIUB / NSU / IUB)?,Rahi_55,3,1,positive,0.052083333333333336,dhaka,2025-10-21 19:46:56,"Education, Technology, Real Estate, Infrastructure"
Which private university has the better English department?,yuriiixyz,5,8,positive,0.14583333333333331,dhaka,2025-10-21 12:14:30,Education
Data Science Masters Suggestions,Due_Permission_7837,4,3,neutral,0.025,dhaka,2025-10-21 11:07:44,"Career/Jobs, Sports, Real Estate, Infrastructure"
"Need help choosing a non-science subject in BRACU/EWU/NSU/AIUB (SSC 5.00, HSC 4.67)",yuriiixyz,4,12,neutral,-0.03854166666666666,dhaka,2025-10-21 02:08:03,"Education, Career/Jobs, Travel/Tourism, Politics/Government, Technology"
"Are private universities like BRAC and NSU actually raising their standards, or are students just less prepared now?",Bubbly_Yesterday_420,11,15,neutral,0.007729468599033819,dhaka,2025-10-20 23:35:02,"Education, Career/Jobs, Relationships, Technology, Real Estate"
IS IT WORTH STUDYING IM GERMANY FOR ENGINEERING AS AN ENGLISH MEDIUM STUDENT,Soul_Sniper_26,2,2,neutral,0.035625,dhaka,2025-10-20 20:49:27,"Education, Technology, Infrastructure"
"HSC ’26 Dhaka here — Confused about my future, need advice",Disastrous_Lunch_773,3,0,positive,-0.020833333333333343,dhaka,2025-10-20 00:24:54,"Education, Career/Jobs, Food/Restaurants, Technology, Real Estate, Infrastructure"
Is it over for me?,PollutionOwn2232,7,2,neutral,-0.031886574074074074,dhaka,2025-10-20 00:21:39,"Education, Health/Medical, Technology, Infrastructure"
Teachers for hsc and admission,Numerous-Ordinary-43,1,2,neutral,0.0,dhaka,2025-10-19 15:26:07,Education
MALAYSIAN UNI VS BRAC OR NSU,wavefun_333,8,17,negative,-0.2,dhaka,2025-10-19 12:46:51,Other
Does university ranking matter when pursuing a master’s abroad?,Embarrassed-Break127,7,8,positive,0.08715277777777779,dhaka,2025-10-19 10:27:31,"Education, Technology, Real Estate, Infrastructure"
Need suggestions for du b unit,Born-Lettuce572,5,5,neutral,0.02361111111111111,dhaka,2025-10-19 02:33:14,Education
Need help and advice for DU A unit admission.,filthy-otaku,3,5,neutral,0.0,dhaka,2025-10-19 02:04:56,"Education, Sports"
Need help with buet admission,Mima_rin_,2,4,neutral,0.021212121212121213,dhaka,2025-10-19 01:43:42,"Education, Technology"
Viva,Glittering-Mix5021,2,4,neutral,0.0,dhaka,2025-10-18 16:17:51,Other
How else should I practice for buet?,CarrotPlus631,4,3,negative,-0.09166666666666667,dhaka,2025-10-18 11:14:57,Other
BUET A LEVEL THRESHOLD,Lopsided-Vanilla9925,3,4,neutral,0.05,dhaka,2025-10-18 02:31:22,Technology
Is EEE worth it in IUB?,Anxsuii,3,8,neutral,0.15,dhaka,2025-10-18 01:20:07,"Education, Technology"
University suggestion for Economics,Professional_Rock_22,4,2,neutral,-0.016666666666666666,dhaka,2025-10-18 00:21:51,"Education, Technology, Infrastructure"
Private university suggestion for Economics,Professional_Rock_22,2,0,neutral,-0.03,dhaka,2025-10-17 23:57:27,"Education, Technology, Infrastructure"
Stay in BD or move abroad?,GurWide6589,7,17,neutral,-0.014876033057851245,dhaka,2025-10-17 13:33:34,"Education, Career/Jobs, Technology, Real Estate, Infrastructure"
How to get scholarship?!!,HungryHall5,0,7,positive,0.07291666666666667,dhaka,2025-10-17 12:19:46,Education
Enquire about DU B unit admission,Born-Lettuce572,4,9,neutral,-0.016666666666666646,dhaka,2025-10-17 00:25:02,"Education, Shopping/Commerce, Technology"
Textile in Aust and BBA in NSU,rihad_mahmud,1,2,neutral,0.0,dhaka,2025-10-16 23:40:05,Career/Jobs
How to get scholarship in NSU?,washin_machine_heart,5,2,neutral,0.0,dhaka,2025-10-16 13:58:18,"Education, Technology"
Can i sit for the BUET exam?,ahnaf1131,4,12,positive,0.25,dhaka,2025-10-16 11:14:57,"Education, Technology"
Anyone from NSU??,Sea-Hair3700,5,3,neutral,0.0,dhaka,2025-10-16 02:46:48,Other
Eco vs BBA at NSU — need opinions,PretendImportance458,3,5,positive,0.125,dhaka,2025-10-15 21:49:08,"Education, Career/Jobs, Real Estate"
Suggest please.....,Ibn-Abdullah,1,2,positive,0.2,dhaka,2025-10-15 07:49:10,Real Estate
Physics or CS in DU?,QuantumVoid37,5,15,neutral,0.04769607843137256,dhaka,2025-10-14 23:53:10,"Education, Career/Jobs, Sports, Technology, Real Estate"
Contemplating whether I should really prepare for the iba examination.,Rushdia444,2,3,neutral,0.12686507936507935,dhaka,2025-10-14 19:17:32,"Education, Career/Jobs, Technology, Real Estate"
why is it so difficult to get into iba even though the syllabus is relatively straightforward?,fortyskinshit,20,9,neutral,0.00900974025974026,dhaka,2025-10-14 04:25:52,"Education, Technology, Real Estate, Infrastructure"
How to start prepping for iba du if you’re in college.u,Rushdia444,5,12,neutral,-0.008653846153846153,dhaka,2025-10-13 13:10:06,"Education, Food/Restaurants"
Need advice for transitioning to AI/ML field.,Horny_priest8366,1,0,positive,0.11377801120448178,dhaka,2025-10-12 14:36:55,"Education, Career/Jobs, Technology, Real Estate, Infrastructure"
Mom ruining my brother's life,FrontBeautiful644,69,37,neutral,-0.025106060606060597,dhaka,2025-10-11 20:30:59,"Education, Health/Medical, Travel/Tourism, Food/Restaurants, Technology, Real Estate, Infrastructure"
ADMISSION TEST,ComprehensiveBox996,5,21,negative,-0.11309523809523811,dhaka,2025-10-11 18:27:10,Education
Should I go for CSE in 2025?,Farhanhabib_87,2,15,neutral,0.020848214285714275,dhaka,2025-10-10 20:11:54,"Education, Career/Jobs, Technology, Real Estate"
unethical private uni admission,taeejo,0,4,negative,-0.0625,dhaka,2025-10-09 22:22:36,Education
Pre owned Microsoft surface laptop 4 any good?,Ok-Town-1261,1,0,positive,0.611111111111111,dhaka,2025-10-09 12:38:20,"Education, Technology"
Any tips to get 1digit rank in BUET,sappy12234456,5,23,negative,-0.55,dhaka,2025-10-09 11:07:36,"Education, Technology"
Uttara to Keraniganj shortest route,zohaer,1,1,neutral,0.0,dhaka,2025-10-09 11:06:43,"Travel/Tourism, Technology"
mba/masters,Expensive_Swim8379,1,5,neutral,0.0,dhaka,2025-10-09 01:27:29,Education
বাংলাদেশে একজন ছাত্র বা বেকার ছেলের জন্য কতটা সহায়ক বা সহনীয়? বাংলাদেশের ভবিষ্যৎ কি অন্ধকার?,Bilag-1,6,3,neutral,0.0,dhaka,2025-10-08 23:43:20,Other
Running location,No-Product7005,2,0,neutral,0.045,dhaka,2025-10-08 10:12:07,Other
private university suggestions,Academic_Ad_9620,5,27,neutral,0.0171875,dhaka,2025-10-07 09:48:29,"Education, Real Estate"
Can I get into buet?,Many_Confusion_2513,21,44,neutral,0.028125,dhaka,2025-10-06 21:15:50,Education
Any senior who can help me out?,Prior_Ad1406,1,3,neutral,0.0,dhaka,2025-10-06 15:07:45,"Education, Technology, Real Estate"
Why do top potential guys leave high-paying private jobs for govt jobs?,Complex-9723,66,53,positive,0.15714285714285714,dhaka,2025-10-06 11:35:36,"Education, Career/Jobs, Politics/Government"
About the Recent NSU Incident,AncientBasiIisk,58,71,neutral,-0.0031746031746031824,dhaka,2025-10-06 04:03:53,"Education, Health/Medical, Politics/Government, Technology, Real Estate, Infrastructure"
Is there anyone who cracked buet depite being a below average student?,xenon_gx,8,24,neutral,-0.04753086419753086,dhaka,2025-10-06 01:41:15,"Education, Real Estate"
Need a living place for 3-4 people for 4 days.,Mr_Sophistication__,1,4,positive,0.07500000000000001,dhaka,2025-10-05 19:58:59,"Technology, Real Estate"
Help,Glittering-Mix5021,3,3,neutral,0.0,dhaka,2025-10-04 10:03:14,Education
Universities that accept 7 year study gap,QualityKoala871,5,1,neutral,-0.010416666666666666,dhaka,2025-10-04 05:24:20,"Education, Technology, Infrastructure"
Which insurance plan would be best for me?,Environmental_Ad9456,5,6,positive,0.5791666666666666,dhaka,2025-10-04 03:43:04,"Education, Career/Jobs, Health/Medical"
How much does a student from BUET earn per month from tuition and teaching stuff?,Reasonable-Eye6699,25,39,neutral,0.11527777777777778,dhaka,2025-10-03 21:11:18,"Education, Career/Jobs"
Private university admission information help -,many_years_,2,2,neutral,0.0,dhaka,2025-10-03 15:13:24,"Education, Technology"
AI-Safe Detective Comic Scene: Detective Arif Rahman in Old Dhaka,ResponsibleFudge8955,7,12,neutral,0.10999999999999999,dhaka,2025-10-02 22:38:34,"Shopping/Commerce, Food/Restaurants, Technology, Real Estate"
Which private uni will be best for (EEE) for bachelors?,Windy-Orbits,1,13,neutral,0.25,dhaka,2025-10-02 20:33:57,Other
I Feel Frustrated and Depressed about My Future,Best-Watercress4753,16,15,positive,-0.12142249103942651,dhaka,2025-10-02 00:31:18,"Education, Career/Jobs, Relationships, Health/Medical, Technology, Real Estate"
"As a 17 year old, what should I really do?",Agrahayan,2,1,positive,0.15695488721804512,dhaka,2025-10-01 19:29:55,"Education, Career/Jobs, Shopping/Commerce, Food/Restaurants, Technology, Real Estate, Infrastructure"
Any IBA aspirants here?,AffogatoCafe,1,2,positive,0.19642857142857142,dhaka,2025-10-01 19:19:10,"Education, Relationships"
Cost of living,Cobra6906,4,14,positive,0.125,dhaka,2025-09-30 04:46:16,"Education, Real Estate"
Looking for online part-time jobs,daisukekanbe321,1,0,positive,0.13333333333333333,dhaka,2025-09-29 21:08:31,"Education, Career/Jobs, Technology, Real Estate"
It’s now a plan by Yunus and his government that Jamaat will come into power in February,HelicopterLong2342,78,69,positive,0.10145238095238096,dhaka,2025-09-29 07:35:47,"Education, Shopping/Commerce, Food/Restaurants, Politics/Government, Sports, Technology, Real Estate"
Please recommend: Things to do/see Dhaka University.,SeaOfCloudss,3,7,positive,0.07626262626262627,dhaka,2025-09-28 21:04:56,"Education, Career/Jobs, Travel/Tourism, Shopping/Commerce, Technology, Real Estate"
Help needed for my NSU exam,Perfect-Product-7277,3,3,positive,0.11674479166666665,dhaka,2025-09-27 01:24:45,"Education, Food/Restaurants, Technology"
Private public bias in marriage,Great-Object1436,2,9,neutral,0.0,dhaka,2025-09-26 05:40:30,"Education, Relationships"
Is finding talented people in Bangladesh to do ANYTHING at an international level IMPOSSIBLE?,UncomfortablyBrown,62,65,neutral,0.03001698249339758,dhaka,2025-09-26 01:14:18,"Education, Career/Jobs, Shopping/Commerce, Politics/Government, Sports, Technology, Real Estate, Infrastructure"
#Savemymaster'sdegree!!,No-Lynx-6045,3,2,neutral,0.011111111111111112,dhaka,2025-09-25 23:50:28,"Education, Real Estate"
Is there a way to manage uni expenses on my own,PotatoMoney6765,8,15,positive,0.4119791666666667,dhaka,2025-09-22 20:14:46,"Education, Career/Jobs, Food/Restaurants, Technology"
English Lit at NSU?,brownniteowl_31,1,0,positive,0.0875,dhaka,2025-09-21 10:45:28,Education
Are there Boxing gyms around old dhaka?,OkStretch332,3,0,negative,-0.07812499999999999,dhaka,2025-09-21 02:57:53,Real Estate
Should i go abroad for undergraduate or masters?,LEGEND_7777,7,20,positive,0.052500000000000005,dhaka,2025-09-20 19:34:29,"Education, Career/Jobs, Technology, Real Estate, Infrastructure"
University options,Anxsuii,2,11,positive,0.125,dhaka,2025-09-20 13:43:25,"Education, Technology"
Is there a way to manage uni expenses on my own,PotatoMoney6765,8,17,positive,0.4119791666666667,dhaka,2025-09-20 03:01:31,"Education, Career/Jobs, Food/Restaurants"
Need help/advice,Gold-Tomato-3484,6,16,neutral,0.02041666666666667,dhaka,2025-09-20 00:02:16,"Education, Health/Medical, Food/Restaurants, Technology"
What should I do? HSC -2025,OkCounter2793,2,4,positive,0.11749574829931972,dhaka,2025-09-19 18:27:08,"Education, Health/Medical, Technology, Real Estate"
What is the best future possible for a mid level student from a middle class family?,Crowned_XD,3,4,positive,0.26666666666666666,dhaka,2025-09-19 03:38:16,"Education, Career/Jobs"
IBA exam date?,ahnaf1131,4,4,positive,0.15,dhaka,2025-09-19 01:39:41,Education
ACADEMIC HELP.,PRAISED-01,4,8,neutral,0.0013888888888888879,dhaka,2025-09-18 11:02:50,"Education, Career/Jobs, Technology, Real Estate, Infrastructure"
Should I drop out of BUET?,ItchyTranslator2244,173,145,positive,0.15833333333333333,dhaka,2025-09-18 07:13:32,"Education, Politics/Government, Technology, Real Estate, Infrastructure"
Looking for budget-friendly and good quality Panjabi shops near Dhaka University,GandalfTheGray73,2,1,positive,0.4052083333333333,dhaka,2025-09-17 22:18:01,"Education, Relationships, Shopping/Commerce, Politics/Government, Technology, Real Estate"
Seeking Advice on Private University Admission Test,Low_Ground_5077,2,2,positive,0.1044642857142857,dhaka,2025-09-17 10:42:38,"Education, Shopping/Commerce, Technology"
Advice on which online courses to take for private university admission,noorbeer,1,2,positive,0.08068181818181817,dhaka,2025-09-16 16:55:01,"Education, Career/Jobs, Shopping/Commerce, Food/Restaurants, Technology, Real Estate, Infrastructure"
Can you point me out some concrete problems with Shibir/Jamat?,ImTahrim,38,141,positive,0.23333333333333336,dhaka,2025-09-16 12:37:42,"Health/Medical, Politics/Government"
Looking for tuitions,Academic_Cod_7039,1,0,neutral,0.03054315476190477,dhaka,2025-09-15 16:09:12,"Education, Food/Restaurants, Technology, Real Estate, Infrastructure"
Politics and Public universities,serialgooner696,45,57,negative,-0.0625,dhaka,2025-09-15 14:31:52,"Education, Relationships, Politics/Government, Technology"
seeking remote jobs,Terrible_Mud_7057,1,1,neutral,-0.052777777777777785,dhaka,2025-09-15 10:11:17,"Education, Career/Jobs, Shopping/Commerce, Real Estate"
Admission phase.,Clear-External-3135,4,6,neutral,0.01875,dhaka,2025-09-15 03:23:37,"Education, Technology, Real Estate"
"Anyone got ""Focus"" sheets for sale?",kachakathal2219,2,2,positive,0.17500000000000002,dhaka,2025-09-14 23:02:51,"Food/Restaurants, Technology, Real Estate"
About freetime,Sungodnika04,2,1,positive,0.13749999999999998,dhaka,2025-09-14 00:19:32,"Education, Technology, Real Estate, Infrastructure"
How is ULAB??,peekaboo4three,2,1,positive,0.0534090909090909,dhaka,2025-09-13 23:56:45,"Education, Career/Jobs, Technology, Real Estate"
Why ppl r so obsessed with DUCSU,Vivid-Attitude1799,1,7,positive,-0.19375,dhaka,2025-09-13 20:00:15,Other
Suggest me some books for private university admission,hasinishraque,3,1,positive,0.15,dhaka,2025-09-13 19:24:33,Education
Udvash engineering position in daily exam not satisfying,Reasonable-Eye6699,0,7,positive,-0.009499999999999995,dhaka,2025-09-13 01:14:55,"Education, Technology"
Ratrace and Admission,Crowned_XD,1,1,neutral,0.042368421052631576,dhaka,2025-09-12 23:44:14,"Education, Health/Medical, Food/Restaurants, Technology, Real Estate, Infrastructure"
explanation,Solid-Secretary-44,3,7,positive,0.16666666666666666,dhaka,2025-09-12 05:26:28,Politics/Government
"To my liberal friends, shibir...",_average_man_,41,52,neutral,0.01049534756431308,dhaka,2025-09-12 04:22:37,"Career/Jobs, Politics/Government, Technology, Real Estate, Infrastructure"
English Lit Program at NSU,brownniteowl_31,3,6,positive,0.07163461538461538,dhaka,2025-09-12 01:32:14,"Education, Career/Jobs, Technology"
Why did female students voted in a surprisingly huge amount for Shibir?,Ok-Grapefruit-6532,19,45,positive,0.18026315789473685,dhaka,2025-09-11 22:46:20,"Education, Health/Medical, Politics/Government, Technology"
How Shibir Won Ducsu?,Political_egg,8,18,neutral,0.015625,dhaka,2025-09-11 18:46:40,"Education, Politics/Government, Technology, Real Estate"
Shibir is attracting me like a magnet,UpperMeal3875,0,36,positive,0.125,dhaka,2025-09-11 17:16:04,"Education, Real Estate"
Freedom of speech and whatever the hell goes on in front of DU,ConstructionGlad4331,2,3,neutral,0.0,dhaka,2025-09-11 09:16:56,"Technology, Real Estate"
It's not politics but please answer my question if you know.,Windy-Orbits,1,0,positive,0.30833333333333335,dhaka,2025-09-11 01:00:55,"Education, Politics/Government"
Counter Narrative (DUCSU),Worldly_Yellow_6115,8,29,neutral,0.03567708333333333,dhaka,2025-09-10 15:01:04,"Education, Career/Jobs, Politics/Government, Technology, Infrastructure"
মানুষ মূলত শিবির...,astra_t,22,13,positive,0.09761904761904762,dhaka,2025-09-10 15:00:36,Politics/Government
What's so surprising?,ironic_XD69,102,72,neutral,0.31882440476190477,dhaka,2025-09-10 14:08:45,Politics/Government
Opportunities to go abroad for higher studies after dropping out,Difficult-Draft9441,1,2,neutral,0.1607142857142857,dhaka,2025-09-10 13:48:51,"Technology, Real Estate, Infrastructure"
Al Badr won Dhaka University,deltagt98,26,124,positive,0.09902597402597402,dhaka,2025-09-10 13:19:30,"Education, Food/Restaurants, Politics/Government, Technology, Real Estate"
Now that shibir has won..,Fantastic-Freedom754,160,505,positive,0.075,dhaka,2025-09-10 11:06:30,Technology
A shame for the nation and our people also the future,Longjumping-Boot-713,198,345,positive,0.16969696969696968,dhaka,2025-09-10 07:30:49,"Education, Politics/Government, Technology, Real Estate"
How do I apply for NSU scholarship after first semester (no admission scholarship)?,Emotional_Yak7423,2,2,positive,0.20354166666666668,dhaka,2025-09-09 19:54:35,"Education, Relationships, Technology, Real Estate"
NSU admission prep,dumb__head33,2,3,neutral,0.0,dhaka,2025-09-09 08:05:54,Education
Whats the difference between NDC students and normal college students?,Defiant_Shirt_6441,3,10,positive,0.14166666666666666,dhaka,2025-09-08 00:10:17,"Education, Health/Medical"
help related studies for hsc 2027,dhoopneel,1,2,positive,0.20833333333333331,dhaka,2025-09-07 23:42:10,Education
“HSC ’27 Science – Can I rely on free YouTube playlists for both HSC &amp; admission prep?”,_K1b1ra_,2,6,positive,0.29603174603174603,dhaka,2025-09-07 16:56:26,"Education, Health/Medical, Technology, Infrastructure"
MSC in Data science after BBA,Responsible-Gear-208,2,3,positive,0.07142857142857142,dhaka,2025-09-07 16:00:39,Education
How many marks do you need in NSU admission test for LLB?,Sufficient-Skin-1695,3,2,positive,0.32142857142857145,dhaka,2025-09-06 16:03:56,"Education, Food/Restaurants"
ssc result 4.22 হয়ে buet এ কি admission exam দিতে পারবো?,robertlussy,2,3,neutral,-0.041666666666666664,dhaka,2025-09-05 23:39:54,Education
Online Coaching Platform,FrenzyCEE,3,2,positive,0.14027777777777778,dhaka,2025-09-05 07:28:02,"Education, Real Estate"
Seeking Advice: Can I Re-Apply to BRAC University in a Different Department After Academic Cancellation?,Apprehensive-Net3087,4,0,positive,0.06911976911976912,dhaka,2025-09-05 02:17:57,"Education, Food/Restaurants, Technology, Real Estate"
NSU TESOL vs Brac TESOL (Masters),holatics,1,0,positive,0.25,dhaka,2025-09-03 22:49:29,Education
Which coaching should I do for Dhaka University B unit and C unit ?,Mental-Joke5827,5,7,positive,0.065,dhaka,2025-09-03 13:01:32,"Education, Relationships, Health/Medical, Technology, Real Estate"
Buet eligibility,AwarenessFragrant218,0,9,neutral,0.0,dhaka,2025-09-02 15:59:42,"Education, Technology"
What is the minimum cgpa requirement to get shortlisted for a university lacturur position?,Anxious-Advantage374,9,30,neutral,0.0,dhaka,2025-09-02 10:58:12,Education
About admission,Baby_No_PP,1,1,positive,0.10616883116883116,dhaka,2025-09-01 22:53:31,"Education, Technology"
Productivity,SamiulArian69,5,7,positive,0.05555555555555555,dhaka,2025-08-31 18:33:47,"Career/Jobs, Shopping/Commerce, Real Estate"
Bracu to gulistan,troubled_dad,2,5,neutral,0.0,dhaka,2025-08-31 17:05:30,Travel/Tourism
Help a brother out…,Zestyclose_Relief_61,2,10,neutral,-0.014583333333333332,dhaka,2025-08-31 00:34:35,"Education, Career/Jobs, Technology, Real Estate, Infrastructure"
CS from Bracu vs CS from IUB which one is better?,Affectionate_Long774,2,3,positive,0.5,dhaka,2025-08-30 18:45:38,"Education, Technology"
Calling all the EM students who studies at BUET/ gave admission exams,Tall_Committee_2243,2,2,positive,0.175,dhaka,2025-08-29 12:19:15,Education
"Here to vent and release all the stress, also need solid advice",SpendOk8872,16,77,neutral,0.036529952890247006,dhaka,2025-08-28 01:21:10,"Career/Jobs, Relationships, Health/Medical, Travel/Tourism, Food/Restaurants, Politics/Government, Technology, Real Estate"
studying cse independently in bd without uni,wujair,1,15,positive,0.12056878306878306,dhaka,2025-08-27 16:33:17,"Education, Career/Jobs, Shopping/Commerce, Real Estate, Infrastructure"
How to overcome from academic regrets?,ivyIllusions238,29,54,neutral,-0.054427083333333334,dhaka,2025-08-27 16:07:55,"Education, Career/Jobs, Relationships, Technology"
Advice for an Psychology Aspirant SSC-25 Graduate?,Personal-Calendar974,3,1,positive,0.07102272727272728,dhaka,2025-08-27 04:49:29,"Education, Career/Jobs, Technology, Real Estate, Infrastructure"
Is it worth spending 15 lacs at a top level private university if I get the chance to study at a mid level public?,roronoa_zoro_11111,28,38,positive,0.175,dhaka,2025-08-27 02:01:09,"Education, Technology, Real Estate"
Is it viable to switch to Law for a Master’s after a CSE undergrad in Bangladesh?,elvinbarton,3,0,neutral,0.034926470588235295,dhaka,2025-08-26 23:49:37,"Education, Career/Jobs, Health/Medical, Shopping/Commerce, Politics/Government, Technology, Real Estate"
Engineering in Bangladesh,Zetafunction64,14,5,positive,0.10889804639804644,dhaka,2025-08-24 19:26:29,"Education, Career/Jobs, Relationships, Health/Medical, Travel/Tourism, Politics/Government, Technology, Real Estate, Infrastructure"
WANNA KNOW ABOUT JNU,Competitive-Rate-951,7,12,neutral,0.0,bangladesh,2025-11-16 21:10:31,Education
Help,mizzy_001,3,6,neutral,-0.013657407407407408,bangladesh,2025-11-11 16:45:58,"Education, Technology, Infrastructure"
Question about EWU English Department,Adept-Asparagus-1021,2,1,positive,0.10595238095238095,bangladesh,2025-09-04 17:26:51,Education
Some questions regarding on Ahsanullah University,onisadat_712005,3,1,positive,0.18055555555555552,bangladesh,2025-09-03 18:17:05,"Education, Technology, Real Estate"
From AUST to Tesla: Samiha Mustabin Begins New Role as Process Engineer.,El-che-Alif,29,11,positive,0.1567929292929293,bangladesh,2025-07-14 23:57:03,"Education, Career/Jobs, Shopping/Commerce, Technology, Infrastructure"
"Bangladesh's Ambassadoe Muhammad presented credentials to Burkina Faso's President Ibrahim Traoré, proposing direct cotton trade to boost Bangladesh’s textile industry &amp; open new markets for Burkina",VapeyMoron,268,33,neutral,0.03939393939393939,bangladesh,2025-07-02 18:07:15,Shopping/Commerce
Feeling gulity about not being able to stop eve teasing &amp; why we as a nation become this much judgemental to tease and harasse any women wearing saree??,Bubbly_Review_4932,232,77,neutral,0.22098997493734335,bangladesh,2025-06-21 23:12:03,"Health/Medical, Technology, Real Estate"
Anyone know where can I find espresso 57 in cheap. In new market area. I am going to drink it with milk,KhondokarIbrahim,7,1,neutral,0.1340909090909091,bangladesh,2025-06-17 21:18:14,Shopping/Commerce
Where do I find good a good nanny?,ovi2wise,9,19,positive,0.41215277777777776,bangladesh,2025-06-15 17:31:08,"Relationships, Real Estate, Infrastructure"
From where can I can get cargo pants? @Dhanmondi,Own_Antelope_7019,0,8,positive,0.17272727272727273,bangladesh,2025-05-20 05:15:44,"Relationships, Shopping/Commerce"
need some help finding beads,minty_pwanda,4,1,neutral,-0.0014886363636363669,bangladesh,2025-05-16 21:17:24,"Education, Career/Jobs, Shopping/Commerce, Technology, Real Estate, Infrastructure"
DATA SCIENCE IN AIUB,wthhminx,3,1,neutral,0.008333333333333338,bangladesh,2025-05-10 21:14:49,"Education, Technology"
Why Markets around Bangladesh is called 'New Market'?,Forgotten_Seriously,22,13,neutral,0.06363636363636363,bangladesh,2025-05-08 23:35:23,Shopping/Commerce
How good is AIUB's CNCS (Computer Network And Cyber Security) program really?,Atom_X9,3,1,positive,0.41562499999999997,bangladesh,2025-05-06 03:32:50,"Education, Career/Jobs, Technology"
Selling brain to cash,More_Cut7480,4,0,positive,0.0848095238095238,bangladesh,2025-04-21 21:33:42,"Education, Career/Jobs, Shopping/Commerce, Food/Restaurants, Sports, Technology, Real Estate"
Studying in Bangladesh,PartySchedule597,2,2,neutral,0.03574074074074074,bangladesh,2025-04-08 20:30:32,"Education, Career/Jobs, Technology, Real Estate"
Is Ewu English department good?,Visible-Issue5345,3,2,neutral,0.175,bangladesh,2025-03-17 02:29:29,Other
Does Public vs Private Really Matter in Engineering Jobs? (Need Advice from Alumni),sonothamin112,2,4,positive,0.09259259259259259,bangladesh,2025-03-15 23:55:57,"Education, Career/Jobs, Relationships, Shopping/Commerce, Sports, Technology"
IUB students' underwater vehicle shows promise for industrial applications in maritime ecology and security,Careless_Success_282,6,0,neutral,0.0,bangladesh,2025-03-03 18:37:57,"Education, Technology"
Career Suggestion,No_Necessary_5021,7,2,neutral,-0.023489010989010992,bangladesh,2025-02-09 21:17:13,"Education, Career/Jobs, Food/Restaurants, Technology"
How much longer will the Jamuna Future Park main road constructions last?,SignificantYam5015,4,0,neutral,0.04583333333333334,bangladesh,2025-02-05 16:34:41,"Career/Jobs, Technology, Real Estate, Infrastructure"
At least eight policemen were injured in an attack by dozens of men on a convoy of New Market Police Station in an alleged attempt to snatch a Chhatra Dal leader arrested over the hacking of a businessman,VapeyMoron,31,13,neutral,-0.043939393939393945,bangladesh,2025-01-24 20:25:05,"Career/Jobs, Shopping/Commerce, Politics/Government, Infrastructure"
Did Chinmay Das  actually commit sedition???Does any one have a video or a close up shot of the flag hoisted at new market ctg? Fact check is needed on this. [OC],itsnightmare_here,0,3,positive,0.15113636363636362,bangladesh,2025-01-10 04:26:30,"Shopping/Commerce, Technology"
"NSU vs EWU vs DIU --Which one is best for ""CSE""?",joysutradhar_,3,1,positive,0.6361805555555555,bangladesh,2024-12-23 11:08:06,"Education, Career/Jobs, Technology"
Are Private Uni students being targeted?,relapse_rif,5,8,neutral,0.009259259259259262,bangladesh,2024-12-17 23:46:02,"Education, Technology"
Engineering application help,MaxDialga,4,1,neutral,0.025,bangladesh,2024-11-20 17:38:39,"Education, Technology"
Credit Card Use for shopping ,GIS71,3,2,neutral,0.022083333333333337,bangladesh,2024-10-23 13:21:26,"Relationships, Travel/Tourism, Shopping/Commerce"
Bus route Mohakhali to AIUB,DemiGhost0,4,3,neutral,0.0,bangladesh,2024-10-21 19:11:28,"Education, Technology, Infrastructure"
Can anyone tell me some places where I can get things in retail &amp; wholesale price?,Emad_341,3,4,positive,0.08113636363636363,bangladesh,2024-10-19 15:30:26,"Health/Medical, Shopping/Commerce, Technology, Real Estate"
Tried to plot Hatirjheel and surrounding areas [OC],redwanhossain6333,3,4,neutral,0.0,bangladesh,2024-10-17 02:57:22,Other
Information regarding new market,ponyo_thalassophile,2,0,neutral,0.10227272727272727,bangladesh,2024-10-13 09:01:03,"Shopping/Commerce, Real Estate"
Is economics better in UIU or IUB?,invisiblereader4951,2,4,neutral,0.25,bangladesh,2024-10-12 17:25:12,Technology
"How can i apply for law in BRACU, after graduating from another university? ",invisiblereader4951,3,1,neutral,0.049810606060606055,bangladesh,2024-10-12 16:57:30,"Education, Politics/Government, Technology"
Aust theke graduation korar por graduate ra kemon salary te job start kore?,rihad_mahmud,3,1,negative,-0.075,bangladesh,2024-09-30 19:59:40,Career/Jobs
Need advice ,october_83,2,2,positive,0.13125,bangladesh,2024-09-30 11:55:45,"Education, Technology, Real Estate"
Where can I purchase regular fit men's outfit in Dhaka city?,Mindless_Session_761,1,2,neutral,0.1,bangladesh,2024-09-07 20:54:06,"Travel/Tourism, Shopping/Commerce, Real Estate"
Transfer credits from AIUB to BRACU? thoughts?,lubdhak_31,1,5,positive,0.19444444444444445,bangladesh,2024-08-28 17:30:11,"Education, Technology"
Preparing for EWU,OddYogurtcloset7613,0,0,neutral,0.0,bangladesh,2024-06-26 19:19:45,Education
"Which Uni will be better for Mechanical/civil Engineering, Aust or IUT?",Usual-Banana-4340,2,3,positive,0.3777272727272727,bangladesh,2024-06-22 14:03:19,"Education, Real Estate"
College Suggestions [GPA-4.83],Sauce_Is_Life,1,0,positive,0.10383522727272727,bangladesh,2024-05-30 00:08:45,"Education, Shopping/Commerce, Food/Restaurants"
Suggestions for dorji/tailor who handles men's clothing around Dhanmondi area.,houdini0724,5,2,positive,0.10227272727272727,bangladesh,2024-05-28 16:21:27,"Shopping/Commerce, Technology"
AIUB CSE or Public University's any subject,afsanabid_anik,3,6,positive,0.04583333333333333,bangladesh,2024-05-25 13:25:04,"Education, Career/Jobs, Technology"
Which MBA is better for the BD job market.,Otcoron,0,2,negative,-0.15000000000000002,bangladesh,2024-05-22 12:56:47,"Career/Jobs, Shopping/Commerce"
"Shops like techmarvels,computer mania are they good?",averagedude_2023,2,0,neutral,0.39999999999999997,bangladesh,2024-05-17 00:07:17,"Shopping/Commerce, Technology"
How do i prepare for EWU?,OddYogurtcloset7613,2,2,positive,0.09999999999999999,bangladesh,2024-05-15 15:41:30,Education
Does AIUB provide offer letter?,the_tempest_84,2,2,neutral,0.046875,bangladesh,2024-05-14 14:02:37,"Education, Health/Medical, Technology"
IUT Civil Engineering or Brac CSE,nabilalam_10,0,3,positive,0.08787878787878789,bangladesh,2024-05-11 03:40:56,"Education, Career/Jobs, Health/Medical, Food/Restaurants, Technology, Infrastructure"
Private University For getting Engineering Degree,Southern-Explorer616,0,7,positive,0.25,bangladesh,2024-04-25 21:04:08,Education
Unsure on where to head towards now.,yeeehow,2,11,positive,0.07211538461538461,bangladesh,2024-03-30 11:32:52,"Education, Career/Jobs, Shopping/Commerce, Technology, Infrastructure"
Please provide a logical suggestion for a probation student,Muftasimul_Dhrubo,17,15,neutral,0.09368279569892474,bangladesh,2024-03-28 13:52:31,"Education, Career/Jobs, Health/Medical, Food/Restaurants, Technology, Real Estate"
Enrolling large number of students without any proper admission test is extremely detrimental to the quality of education in private universities of Bangladesh,Background-Way-69,6,8,neutral,0.05339362026862027,bangladesh,2024-02-20 20:21:27,"Education, Health/Medical, Food/Restaurants, Politics/Government, Technology"
Everything Wrong With Lifespring,Better-Cake8790,72,20,neutral,-0.24185817805383023,bangladesh,2024-01-19 21:23:16,"Education, Career/Jobs, Relationships, Health/Medical, Travel/Tourism, Shopping/Commerce, Food/Restaurants, Sports, Technology, Real Estate, Infrastructure"
can i take cse in IUB uni?,_rafflewaffle,1,6,neutral,0.0,bangladesh,2024-01-18 20:02:26,Other
Which countries should a tech graduate from bangladesh target? Study or Work,Superb_Safe_5950,9,23,positive,0.10625,bangladesh,2024-01-13 17:52:43,"Education, Career/Jobs, Technology"
Aiub or Iub for CE,LegitimateAd9539,2,10,positive,0.35,bangladesh,2023-11-23 22:57:39,"Education, Technology"
"Elephants on the march, Pilkhana, Dhaka (1904) by Fritz Kapp. Dhaka Nawab's Garden, now known as Paribagh and Shahbagh. The path between Pilkhana and the jungle, through which the elephants traversed (adjacent to Dhaka New Market), later became a public road named Elephant Road. (Source: Wikipedia)",grbprogenitor,99,16,neutral,0.022727272727272724,bangladesh,2023-11-08 23:10:08,"Shopping/Commerce, Technology, Real Estate, Infrastructure"
Mohakhali to Jagannath university and vice versa.,NAF1R,1,2,neutral,0.0,bangladesh,2023-11-06 23:49:10,"Education, Infrastructure"
NSU IUB admission requirements,-missdior,0,3,negative,-0.13125,bangladesh,2023-10-14 03:18:16,Education
Tips for future foreign visitors to Bangladesh - my experience,marble_god,9,12,positive,0.027357463964606824,bangladesh,2023-09-19 08:32:10,"Career/Jobs, Health/Medical, Travel/Tourism, Shopping/Commerce, Food/Restaurants, Politics/Government, Technology, Real Estate, Infrastructure"
"Should I buy ""used"" phones from Jamuna Future Park?",Asmkhalid101,8,10,neutral,0.045725108225108224,bangladesh,2023-09-03 15:35:13,"Shopping/Commerce, Technology"
Can I expect a better future by studying IPE at AUST?,GALEEB_101,1,2,positive,0.19041666666666668,bangladesh,2023-08-29 13:38:21,"Education, Career/Jobs, Travel/Tourism, Shopping/Commerce, Technology"
HSTU CSE or AUST CSE,Say__my__name__,1,9,positive,0.25,bangladesh,2023-08-20 16:30:06,Other
I'm in 4rd yr in economics. What'll be my potential job field? In banks only? Does cgpa really matters for my sector? I'm currently in ewu cg 2.65,CharityHead9076,0,10,neutral,0.025,bangladesh,2023-08-20 13:59:22,"Career/Jobs, Real Estate, Infrastructure"
Best brands or shops at Jamuna Future Park,Large-Problem7630,1,0,positive,0.404469696969697,bangladesh,2023-08-10 10:00:56,"Shopping/Commerce, Food/Restaurants"
How do you design a cashless Bangladesh?,Mwrp86,12,30,positive,0.05056818181818181,bangladesh,2023-08-03 20:17:05,"Shopping/Commerce, Infrastructure"
"International Club or any other ""club"" for that matter.",Slow-Significance113,4,1,positive,0.08162878787878787,bangladesh,2023-07-27 00:57:36,"Relationships, Travel/Tourism, Shopping/Commerce, Food/Restaurants, Sports, Real Estate"
A good gift shop like Miniso but Cheaper,Calm_Finance_6996,3,2,positive,0.4836363636363636,bangladesh,2023-07-24 20:57:42,"Relationships, Shopping/Commerce, Technology"
Hopefully people wouldn't mind over these images! Tried to draw Hatirjheel and its surrounding areas using two different python packages.,redwanhossain6333,16,0,neutral,0.0,bangladesh,2023-05-21 11:35:20,Real Estate
How do I improve navigation skill in Dhaka city?,Weak_Garage_2293,20,33,neutral,0.03115530303030303,bangladesh,2023-05-08 17:03:24,"Shopping/Commerce, Real Estate, Infrastructure"
Will the contractor whose incompetence led to the fire of new market be charged?,MyNam3lsJ3ff,2,0,positive,0.13636363636363635,bangladesh,2023-04-15 23:16:17,"Shopping/Commerce, Technology"
AIUB or BRAC for CSE,redditcarouselart,1,14,neutral,0.05,bangladesh,2023-04-01 17:25:12,"Education, Technology"
[ Removed by Reddit ],Afff95,10,20,neutral,0.0,bangladesh,2023-03-18 21:55:31,Other
CSE or MIS in NSU ?,Master-Side-6887,2,12,positive,0.20170454545454541,bangladesh,2023-03-18 19:44:34,"Education, Career/Jobs, Technology, Infrastructure"
I Love My Country (Happy Victory Day!),protoy12,52,40,positive,0.46309995112414465,bangladesh,2022-12-16 15:33:38,"Education, Career/Jobs, Relationships, Food/Restaurants, Politics/Government, Sports, Technology, Real Estate, Infrastructure"
NSU or AIUB for cse ?,lubdhak_31,6,13,positive,0.10416666666666667,bangladesh,2022-11-15 12:44:59,"Education, Career/Jobs, Technology, Real Estate"
Why isn't there that many good universities offering Textile Engineering in our textile industry led economy?,cthulhouette,20,23,neutral,0.3212797619047619,bangladesh,2022-08-02 19:53:15,"Education, Career/Jobs, Technology"
Which University in Bangladesh offers the best CSE or EEE course ?,CaptainSmarty,0,3,negative,-0.125,bangladesh,2022-06-24 02:36:41,"Education, Technology"
Solar-powered cold storage design by IUB students win gold in UK,Due-Stuff9151,5,2,neutral,0.05000000000000002,bangladesh,2022-06-23 20:15:56,Education
Where can I find old board textbooks from 1995-2010?,Rar34943,9,5,positive,0.11818181818181818,bangladesh,2022-06-15 14:53:27,"Career/Jobs, Shopping/Commerce"
how important are admission tests for private uni?,h1tler_feet,0,4,positive,0.20714285714285713,bangladesh,2022-05-26 19:08:54,"Education, Technology"
"First meet our demands, then reopen New Market, say Dhaka College students",Loose-Ad3281,7,7,neutral,0.09659090909090909,bangladesh,2022-04-21 19:05:46,"Education, Shopping/Commerce, Real Estate"
"After last night, students and traders clash again in Dhaka New Market area",Loose-Ad3281,8,10,neutral,0.03409090909090909,bangladesh,2022-04-19 19:22:11,"Education, Shopping/Commerce, Technology, Real Estate"
Best university in Bangladesh for doing MPH degree? Preferably private.,jacktheriddler,7,6,neutral,0.259375,bangladesh,2022-04-13 19:09:11,"Education, Health/Medical, Food/Restaurants, Technology, Real Estate"
"Drone Show Near Hatirjheel, in Celebration of Bangladesh’s Golden Jubilee of Independence and Development, depicting crucial projects and history of Bangladesh",an_ionic,248,84,neutral,0.06666666666666667,bangladesh,2022-04-01 00:42:33,Other
BRAC/AIUB which is the best for CSE?,ifazrOadkill,12,23,neutral,0.5,bangladesh,2022-03-21 17:36:16,Technology
Anything more I should know about Ahsanullah University of Science and Technology?,cthulhouette,5,0,positive,0.36041666666666666,bangladesh,2022-02-16 10:37:40,"Education, Technology"
Can anyone explain me the process of BRAC University undergraduate admission?,SharifdotG,2,11,neutral,0.010416666666666663,bangladesh,2021-11-25 13:57:02,"Education, Career/Jobs, Technology"
"Looking for reasonable shopping Place near Mirpur 10,11,12",mikasa_tr,3,2,positive,0.1340909090909091,bangladesh,2021-11-03 15:25:48,Shopping/Commerce
Will the roller coaster at Jamuna Future Park ever become functional again.,No_Alternative314,4,3,neutral,0.0,bangladesh,2021-09-27 16:32:25,Technology
Higher study in Canada,Debashish37,22,7,positive,0.20833333333333331,bangladesh,2021-08-03 02:12:07,"Education, Technology, Infrastructure"
Where can I buy football jerseys and not get scammed?,needsomeadvicebd,30,23,neutral,0.01856060606060606,bangladesh,2021-06-18 10:51:18,"Shopping/Commerce, Sports, Technology, Real Estate"
"A mask stall (New Market Area, Dhaka /Thursday 1/04/2021)",syntax_error_1025,9,0,neutral,0.06818181818181818,bangladesh,2021-04-06 22:15:51,"Shopping/Commerce, Real Estate"
"Cycle Riding vlog in Hatirjheel, Dhaka, Bangladesh",InterestingBD,4,0,neutral,0.0,bangladesh,2021-03-16 14:30:58,Real Estate
"Sitting on the passenger seat, the daughter is trying to feed some sweetlike food to her father, while they all were going out for a family ride on her father's rickshaw. New Market, Dhaka. © Al Forhad",mhadr,370,22,neutral,0.06818181818181818,bangladesh,2021-01-10 21:23:03,"Shopping/Commerce, Food/Restaurants, Real Estate"
(Just curious) Has any incident similar to what happened today in the US ever occurred in Bangladesh i.e. radical supporters trying to breach Sangsad Bhaban?,ParityBit0110011,5,12,neutral,-0.025,bangladesh,2021-01-07 11:05:03,Technology
Sunrise over Hatirjheel and a bit of Music,drabir,2,0,neutral,0.0,bangladesh,2020-12-01 11:32:09,Other
"New Market, Dhaka, Bangladesh",RF_Xafi_1999,107,17,neutral,0.06818181818181818,bangladesh,2020-03-29 16:53:48,"Shopping/Commerce, Real Estate"
IUB student wins Wellcome Sanger Institute Prize 2019,rambobilai,23,0,neutral,0.15,bangladesh,2019-05-17 23:18:48,Education
Dhaka Nights — Hatirjheel,king_king_2000,78,11,neutral,0.0,bangladesh,2019-01-18 20:37:29,Real Estate
Hatirjheel,creativeia2702,7,2,neutral,0.0,bangladesh,2019-01-12 01:06:16,Other
Hatirjheel,creativeia2702,36,5,neutral,0.0,bangladesh,2018-11-02 01:14:54,Other
Chhatro League attacking at the EWU university,CMRC23,51,4,neutral,0.0,bangladesh,2018-08-06 11:25:45,"Education, Sports"
A rainy day @ Hatirjheel,creativeia2702,22,4,neutral,0.0,bangladesh,2018-05-25 08:07:46,Technology
Beside my home. @ Hatirjheel,creativeia2702,31,14,neutral,0.0,bangladesh,2018-05-24 20:51:56,Real Estate
Luxurious Porsche abandoned at Hatirjheel,takubaba,4,1,neutral,0.0,bangladesh,2017-04-10 13:39:42,Other
Eight girls have embarked on the journey of employment and have been selling tickets of tourist buses run by HR Transport Agency at the Hatirjheel Project area.,takubaba,1,0,neutral,0.0,bangladesh,2016-11-09 17:12:53,"Career/Jobs, Travel/Tourism, Shopping/Commerce, Infrastructure"
Sunset at Hatirjheel | Flickr,pani-hoi-jol,9,1,neutral,0.0,bangladesh,2016-11-04 00:07:55,Other
diabetes and exercise_ Morning Exercise_ Hatirjheel provati sangho Exerc...,MashiurRahamn,2,0,neutral,0.0,bangladesh,2016-05-29 11:36:52,Other
Luxury attractions in Bangladesh?,JaningPower,9,2,positive,0.07705357142857143,bangladesh,2015-04-21 09:02:09,"Career/Jobs, Relationships, Travel/Tourism, Shopping/Commerce, Food/Restaurants, Politics/Government, Technology, Real Estate, Infrastructure"
Jamuna Future Park,russelljohn,7,2,neutral,0.0,bangladesh,2013-10-31 09:47:01,Other
Excel Training Centers in Dhanmondi/New Market with Microsoft Certification,hard2resist,3,1,neutral,0.03921911421911421,dhaka,2025-11-18 10:55:59,"Education, Career/Jobs, Shopping/Commerce, Food/Restaurants, Technology, Infrastructure"
Textile Engineering,Funny-Ad-2513,2,5,positive,0.1375,dhaka,2025-11-15 12:53:33,"Education, Infrastructure"
Gym equipments store,Advanced_Budget7301,2,5,positive,0.05909090909090909,dhaka,2025-11-10 20:32:38,Shopping/Commerce
"Does anyone remember about Vebco, Premium AC bus service",United-Life7473,6,0,positive,0.05010101010101011,dhaka,2025-11-01 21:40:16,"Travel/Tourism, Shopping/Commerce, Food/Restaurants, Technology, Real Estate, Infrastructure"
French Cuff Shirts,BookshopRunner,2,4,positive,0.12954545454545452,dhaka,2025-10-26 11:09:48,Shopping/Commerce
Career advice,Both_Reindeer7707,2,6,positive,0.08888888888888889,dhaka,2025-10-23 13:45:39,"Education, Career/Jobs, Real Estate"
Try &amp; share feedback on our product,Any-Interaction-3192,22,14,positive,0.07936507936507936,dhaka,2025-10-23 02:40:06,"Education, Shopping/Commerce, Food/Restaurants, Real Estate"
thrift cloths in bd - original or copy?,no_jhamela,2,1,neutral,0.17329545454545453,dhaka,2025-10-22 16:20:33,"Shopping/Commerce, Real Estate"
Anyone doing MSc in CSE at BRAC or EWU university?,Bonito_Flakez,3,5,neutral,0.017129629629629623,dhaka,2025-10-21 20:53:08,"Education, Career/Jobs, Technology, Real Estate"
Civil engineering,booboobana,1,9,positive,0.35,dhaka,2025-10-18 11:08:20,Education
Any good place for food in Jamuna future park?,Jashore2005,1,1,positive,0.5249999999999999,dhaka,2025-10-13 00:33:07,"Shopping/Commerce, Food/Restaurants"
Aust cse/EEE vs Sust Chemistry,LowSpecialist2814,2,8,neutral,-0.02,dhaka,2025-10-04 21:25:37,"Food/Restaurants, Technology"
best university to study data science in bangladesh,Icy_Lime_5784,1,6,neutral,0.4536458333333333,dhaka,2025-10-02 02:12:53,"Education, Technology"
need help regarding metro rail,SwordfishHealthy3565,2,7,positive,0.06818181818181818,dhaka,2025-10-01 22:22:43,"Technology, Real Estate, Infrastructure"
From badda to new market,i_am_broke_haha,1,2,positive,0.13636363636363635,dhaka,2025-09-30 23:12:00,Shopping/Commerce
Shirt suggestions,EnvironmentalFill939,2,7,positive,0.1406926406926407,dhaka,2025-09-29 23:17:55,Shopping/Commerce
Shirts,Kim_KongNog,2,4,neutral,0.038636363636363635,dhaka,2025-09-27 16:44:22,"Relationships, Shopping/Commerce, Sports"
"Where can I thrift Halter tops, Tube tops, Tank tops??",MysteriousHat4371,1,4,negative,-0.13133116883116883,dhaka,2025-09-23 17:27:08,"Shopping/Commerce, Food/Restaurants"
NIKE shoes in Jamuna?,AJ_3428,0,11,positive,0.19999999999999998,dhaka,2025-09-22 18:08:05,Shopping/Commerce
A Good Feeling,No-unluck-13,20,12,neutral,0.3852272727272727,dhaka,2025-09-22 02:50:51,"Career/Jobs, Shopping/Commerce, Technology"
Want to earn as a student.,zahinian,11,3,negative,-0.08035714285714285,dhaka,2025-09-20 09:15:38,"Education, Career/Jobs, Technology, Real Estate, Infrastructure"
Winter drippy jackets and where to get them?,Agile-Ad-920,2,8,positive,0.08313131313131313,dhaka,2025-09-20 00:01:42,"Shopping/Commerce, Food/Restaurants, Real Estate"
Feeling stuck with my Amazon affiliate site – looking for advice,Vforvegeto,1,3,positive,0.054285714285714284,dhaka,2025-09-17 19:11:54,"Education, Career/Jobs, Shopping/Commerce, Food/Restaurants, Technology"
Need guideline for BBA studies,scarlettespeaking,1,0,positive,0.10833333333333334,dhaka,2025-09-12 15:32:12,"Education, Career/Jobs, Shopping/Commerce, Infrastructure"
IUB admission test,hasinishraque,1,0,neutral,0.0,dhaka,2025-09-11 20:00:33,Education
JOB Suggestion.,No_Necessary_5021,3,13,positive,0.1263888888888889,dhaka,2025-09-11 15:31:24,"Education, Career/Jobs, Food/Restaurants, Technology"
Engineering,booboobana,3,3,positive,0.09166666666666666,dhaka,2025-09-06 22:35:30,"Education, Career/Jobs"
I GOT CSE IN EWU . BUT CONFUSED ABOUT GETTING ADMITTED,Fluid-Cockroach2767,13,44,neutral,-0.15707298136645964,dhaka,2025-09-06 11:50:57,"Education, Career/Jobs, Shopping/Commerce, Food/Restaurants, Real Estate"
Suggestions on getting tuition,Rahi_55,2,0,neutral,0.001525974025974026,dhaka,2025-09-05 19:40:39,"Education, Shopping/Commerce, Technology"
Mechanical engineering,booboobana,3,6,negative,-0.07083333333333335,dhaka,2025-09-05 09:49:41,"Education, Career/Jobs, Politics/Government, Technology, Infrastructure"
Anyone from AUST here? Need advice for Spring admission test!,Frequent-Sun9971,1,1,neutral,0.04642857142857142,dhaka,2025-09-04 14:02:57,"Education, Technology, Real Estate"
Need advice about a private uni,sahednoor,1,12,negative,-0.2,dhaka,2025-09-03 15:54:31,Education
Aiub eee,booboobana,5,8,neutral,0.0,dhaka,2025-09-01 20:28:34,"Career/Jobs, Technology"
Tution,QuietWeek3598,4,5,neutral,-0.0375,dhaka,2025-08-31 18:52:18,"Education, Health/Medical, Technology"
Dhaka new market,KhondokarIbrahim,2,5,positive,0.1485930735930736,dhaka,2025-08-29 13:24:33,"Shopping/Commerce, Technology, Real Estate"
Which university should i apply?,Coolcrisp_02,4,8,positive,0.0625,dhaka,2025-08-26 02:38:16,"Education, Technology"
UIU or IUB for CSE? Admission test dates clash,Vforvegeto,2,6,neutral,0.03333333333333333,dhaka,2025-08-20 21:09:52,"Education, Technology, Real Estate"
Help me choose uni,ZealousidealUnion951,1,11,positive,0.21666666666666667,dhaka,2025-08-19 18:23:18,"Education, Technology"
Offline shopping places in Dhaka ( except new market lmao),Fun_Blackberry_864,1,3,neutral,0.22575757575757574,dhaka,2025-08-12 14:38:52,"Shopping/Commerce, Real Estate"
Cost for BBA,HungryHall5,18,35,neutral,0.026709401709401708,dhaka,2025-08-11 14:00:09,"Education, Career/Jobs, Relationships, Technology, Real Estate"
BBA or CA/ACCA,CharmingDistrict4834,1,3,positive,0.17727272727272728,dhaka,2025-08-10 02:34:29,Education
thrifting in new market area,Main-Grab-2759,3,1,positive,0.2218181818181818,dhaka,2025-08-09 12:17:08,Shopping/Commerce
EEE IN EWU,Consistent-World1157,3,3,neutral,-0.006944444444444432,dhaka,2025-08-08 18:11:11,"Education, Real Estate, Infrastructure"
BRAC vs AIUB for EEE,Rahi_55,1,13,positive,0.10385967974677653,dhaka,2025-08-07 04:13:28,"Education, Career/Jobs, Food/Restaurants, Technology, Real Estate, Infrastructure"
CSE vs Computer Network and Cyber Security,TrBaap,2,3,positive,0.05243055555555556,dhaka,2025-08-03 21:13:58,"Education, Career/Jobs, Technology, Infrastructure"
I need suggestion about my future,Individual_Ikri7683,12,14,neutral,0.0,dhaka,2025-08-03 21:01:25,"Education, Technology"
AIUB cse vs NSU cse,Shaker_Afiq-111,1,1,positive,0.14750000000000002,dhaka,2025-07-31 14:37:24,"Education, Technology, Real Estate, Infrastructure"
NSU cse vs AIUB cse,Shaker_Afiq-111,3,4,positive,0.14750000000000002,dhaka,2025-07-31 14:25:13,"Education, Technology, Real Estate, Infrastructure"
"NSU,IUB or BRAC to go for bba?",Sad-Double602,3,9,neutral,-0.021410256410256404,dhaka,2025-07-29 00:32:53,"Education, Career/Jobs, Technology, Real Estate"
BRAC/NSU/AIUB for CSE?,MRC2RULES,2,10,positive,0.19791666666666666,dhaka,2025-07-28 15:12:57,"Education, Technology"
EWU,RazzmatazzStrict,2,1,positive,0.134375,dhaka,2025-07-20 20:35:09,Technology
Yall know where I can find kirby merch,Gold_was_here,1,0,negative,-0.075,dhaka,2025-07-14 11:35:02,Real Estate
Airport railway station to dhaka?,Fine-Cycle1103,3,2,positive,0.1625,dhaka,2025-06-30 09:35:25,"Travel/Tourism, Technology, Real Estate, Infrastructure"
Which uni should I choose,Beneficial_Memory_66,1,6,neutral,0.0,dhaka,2025-06-25 18:21:39,Education
Looking for job,Sufficient_Profile86,2,1,positive,0.05416666666666667,dhaka,2025-06-18 10:54:32,"Education, Career/Jobs, Technology"
Any AUSTian available here?,Poindexter_oo7,0,16,positive,0.4,dhaka,2025-06-18 08:44:32,"Education, Technology"
IS AIUB BSC. COMPUTER NETWORKING AND CYBERSECURITY WORTH IT?,MarketingOk6578,1,2,neutral,0.18171296296296297,dhaka,2025-06-16 20:11:27,"Education, Career/Jobs, Technology, Real Estate"
Looking for Treadmill-Only Access Gyms in Dhaka,Comfortable-Tax-2732,1,0,positive,0.100487012987013,dhaka,2025-06-15 21:27:59,"Technology, Real Estate"
Is AIUB EEE worth it?,Timely-Ad-6573,5,6,positive,0.32299999999999995,dhaka,2025-06-15 20:03:43,"Education, Relationships, Technology"
Du English vs Private BBA,NotaTokusatsuFanboy,6,19,positive,0.075,dhaka,2025-06-14 21:35:31,Other
"BBA in Aust, a good choice?",mud_98,3,2,positive,0.5,dhaka,2025-06-13 23:51:39,Technology
Mechanical Engineering Faltu,Kiriyogi_To_534,7,12,neutral,0.036591478696741855,dhaka,2025-06-09 05:18:20,"Education, Food/Restaurants, Technology, Real Estate"
Coaching for LLB students?,7uckingMadMan,1,1,positive,0.08333333333333333,dhaka,2025-06-03 19:24:01,"Education, Career/Jobs, Politics/Government"
EWU CSE,Raged_pumpkin__,5,10,positive,0.10312500000000001,dhaka,2025-05-30 02:11:21,"Education, Career/Jobs, Relationships, Technology"
Need a part time jobs / tuitions,SufficientGood1450,2,6,positive,0.13333333333333333,dhaka,2025-05-30 00:29:12,"Career/Jobs, Food/Restaurants, Technology"
আমি একজন admission candidate 😢,Fun-Associate1876,0,7,negative,-0.125,dhaka,2025-05-26 08:00:24,"Education, Technology"
MBA,Character_Camera5220,1,1,positive,0.09583333333333333,dhaka,2025-05-21 23:02:18,Technology
Which the best mid ranger private uni? Not so expensive uni,oxmaroon03,1,1,neutral,0.0625,dhaka,2025-05-21 03:21:28,Education
Help me!!!,No_Necessary_5021,31,26,neutral,0.046468808968808964,dhaka,2025-05-19 15:06:22,"Education, Career/Jobs, Technology"
Shadows of Shyamoli,Substantial_Raisin24,7,3,neutral,0.028240353647962343,dhaka,2025-05-19 08:03:23,"Education, Career/Jobs, Relationships, Shopping/Commerce, Food/Restaurants, Sports, Technology, Real Estate, Infrastructure"
SAT for AIUB,ExaminationOver3154,2,1,neutral,0.0,dhaka,2025-05-18 22:49:13,"Education, Technology"
Midnight at Hatirjheel,Substantial_Raisin24,2,5,positive,0.0794075963718821,dhaka,2025-05-17 05:26:53,"Travel/Tourism, Technology, Real Estate, Infrastructure"
Which private uni do you think I should choose based on their environment? AIUB or IUB,InfamousBandicoot594,2,1,positive,0.085625,dhaka,2025-05-15 16:05:55,"Education, Technology"
Is worth paying more for NSU/BracU/AIUB CSE?,tasin71,3,8,neutral,0.1816346153846154,dhaka,2025-05-15 03:29:54,"Education, Technology, Real Estate"
Anyone from MS Maths at AUST?,Remarkable-Pair-6779,2,0,negative,-0.325,dhaka,2025-05-13 18:14:01,"Education, Technology"
Aust admission date fall + spring 2025,Fairuza_12,1,2,neutral,0.0,dhaka,2025-05-12 21:15:48,Education
Nsu cse vs Aust eee vs Brac cse,cosmic_wizard_x,2,8,negative,-0.057812499999999996,dhaka,2025-05-12 20:19:13,"Education, Career/Jobs, Shopping/Commerce, Food/Restaurants, Technology, Infrastructure"
Want to study abroad but have little to no idea about where to start. I need some serious advice!,maxxsens,1,12,positive,-0.04461805555555555,dhaka,2025-05-09 12:08:28,"Education, Career/Jobs, Technology, Real Estate, Infrastructure"
I am 20M. I need friends xD,001pulsar,1,2,positive,0.10666666666666669,dhaka,2025-05-06 20:45:34,"Education, Relationships, Travel/Tourism, Politics/Government, Technology, Real Estate, Infrastructure"
"Can't decide, need help",broareyouokay,8,19,positive,0.11946969696969695,dhaka,2025-05-05 10:07:31,"Technology, Infrastructure"
"What's the ""New Market"" for technology?",xTurbo21,2,3,positive,0.20757575757575755,dhaka,2025-05-03 10:14:41,"Shopping/Commerce, Technology"
What kinds of places are closed on 1st May?,naPHYSICbal,1,0,positive,0.003636363636363632,dhaka,2025-04-28 19:54:16,"Shopping/Commerce, Technology, Infrastructure"
IUB CSE VS EWU CSE,Putrid_Cover3905,2,3,positive,0.14166666666666666,dhaka,2025-04-20 16:13:40,Education
EWU/DIU/AIUB,SadCod2291,3,17,neutral,0.040625,dhaka,2025-04-19 20:08:21,Technology
EWU. Yeah or nah?,Affectionate_Part657,3,31,neutral,0.0,dhaka,2025-04-19 10:03:17,Other
Ongoing *negligble* street harassment,Mammoth_Practice_635,21,20,negative,-0.05105872388481085,dhaka,2025-04-18 02:13:26,"Career/Jobs, Shopping/Commerce, Food/Restaurants, Sports, Technology, Real Estate"
Quiet places in jamuna?,Capital_Use8229,0,5,positive,0.09999999999999999,dhaka,2025-04-17 20:44:42,Food/Restaurants
Suggest Some Low Budget Private University For BBA in Dhaka.,Carl_Johnson_7,2,19,neutral,0.014318181818181813,dhaka,2025-04-17 18:03:50,"Education, Shopping/Commerce, Technology, Real Estate"
IUB admission,Embarrassed-Mark8142,1,2,neutral,0.0,dhaka,2025-04-16 18:55:22,Education
Need help choosing between Aiub and Ewu,V_der,3,9,positive,0.08392857142857144,dhaka,2025-04-14 19:05:11,Technology
Is it worth switching universities just for an easier CGPA?,One-Shame3030,2,6,neutral,0.18194444444444444,dhaka,2025-04-13 11:58:16,"Technology, Real Estate"
Which is better university?,Both_Huckleberry4020,3,11,positive,0.3333333333333333,dhaka,2025-04-08 21:35:26,"Education, Technology"
Studying in Dhaka,PartySchedule597,0,21,neutral,0.03574074074074074,dhaka,2025-04-08 20:55:04,"Education, Career/Jobs, Technology, Real Estate"
Where can I find baggy fits in Dhaka at a reasonable price?,FunnySuspect2348,3,9,neutral,0.10051136363636363,dhaka,2025-04-08 14:34:16,"Education, Shopping/Commerce, Technology, Real Estate"
BD Private Uni Queries,Ok_Distribution_5195,1,2,neutral,-0.027472527472527472,dhaka,2025-04-05 20:24:23,"Education, Technology, Real Estate, Infrastructure"
DU Math or Ahsanullah EEE?,echothewoodnymph_,3,39,neutral,0.04489010989010988,dhaka,2025-04-03 11:09:25,"Education, Career/Jobs, Relationships, Health/Medical, Technology, Real Estate"
how to prepare for architecture in the upcoming spring test of aust,SandOverall2451,2,7,positive,0.12,dhaka,2025-03-25 08:03:38,"Education, Technology"
Student banking account with no interest and best facilities.,Solid_Forever3082,15,56,positive,0.75625,dhaka,2025-03-23 18:22:07,"Education, Relationships"
Seeking help,liza_031,1,5,positive,0.18939393939393936,dhaka,2025-03-23 09:32:46,"Shopping/Commerce, Real Estate"
Deshe kino ovab e nai,Mobile_Hearing5882,29,63,neutral,0.016801948051948047,dhaka,2025-03-22 05:34:30,"Relationships, Shopping/Commerce, Technology, Real Estate"
"NSU, BRAC Admission tests",Tozo40k,2,10,positive,0.11190476190476191,dhaka,2025-03-21 16:07:49,"Education, Relationships, Food/Restaurants, Technology, Real Estate"
"Choosing the Right University and Subject - AIUB, NSU, or IUB?",kyanosaurous,0,15,positive,0.21649659863945575,dhaka,2025-03-17 11:05:22,"Education, Career/Jobs, Relationships, Food/Restaurants, Technology"
Does Public vs Private Really Matter in Engineering Jobs? (Need Advice from Alumni),sonothamin112,5,5,positive,0.09259259259259259,dhaka,2025-03-15 23:40:48,"Education, Career/Jobs, Relationships, Shopping/Commerce, Sports, Technology"
Bracu or aust,Ragee4567,2,8,positive,0.13787878787878788,dhaka,2025-03-15 06:07:24,"Education, Technology, Real Estate, Infrastructure"
Industrial and production Engineers how much you guys earning,rihad_mahmud,7,19,neutral,0.1,dhaka,2025-03-12 22:17:57,"Career/Jobs, Shopping/Commerce, Technology, Real Estate"
Baggy Jeans and Drop shoulder tees,GoodConsequence1176,3,6,positive,0.09659090909090909,dhaka,2025-03-10 19:39:27,"Shopping/Commerce, Real Estate"
Where can I find this kind of pallet?,erikayui,5,3,positive,0.36079545454545453,dhaka,2025-03-08 13:15:42,"Shopping/Commerce, Technology"
1000 taka is literally nothing,Mobile_Hearing5882,97,63,positive,0.08636363636363636,dhaka,2025-03-05 19:02:23,"Shopping/Commerce, Real Estate, Infrastructure"
EWU Data science program,OcelotAmbitious7292,4,6,positive,0.15,dhaka,2025-03-04 14:01:06,Education
Need suggestions,godsuya132,3,9,neutral,0.0,dhaka,2025-02-16 17:54:15,"Education, Technology"
Tuition,Technical-Force-7969,3,3,positive,0.08875000000000001,dhaka,2025-02-16 00:19:52,"Education, Technology, Real Estate"
Is Aust good for IPE and ME,Tetronomical,1,2,neutral,0.3453703703703703,dhaka,2025-02-12 20:43:25,Infrastructure
Hostel / Hotel Recommendation Near AUST for a 1-2 Day Stay.,Delicious-Sir2255,0,1,positive,0.26875,dhaka,2025-02-10 13:31:33,Travel/Tourism
Career Suggestion,No_Necessary_5021,1,5,neutral,-0.023489010989010992,dhaka,2025-02-09 21:18:38,"Education, Career/Jobs, Food/Restaurants, Technology"
Advice on buying first laptop,Inevitable_Line_2857,1,12,positive,0.18313210227272728,dhaka,2025-02-08 10:24:52,"Career/Jobs, Shopping/Commerce, Technology"
WHICH PRIVATE UNIVERSITY IS THE BEST?,Tall-You732,3,17,positive,0.41666666666666663,dhaka,2025-02-02 02:26:17,"Education, Technology"
Admission for NSU/IUB BBA after Alvls,VariousWitness2018,3,2,neutral,0.012207792207792223,dhaka,2025-01-27 21:09:49,"Education, Food/Restaurants, Infrastructure"
Anyone knows where can I unlock a Country Locked Android phone?,Nomad_772,2,1,positive,0.07500000000000001,dhaka,2025-01-22 00:52:26,"Career/Jobs, Technology"
Is New Market good for men’s clothing?,Arman666,1,8,positive,0.31095571095571095,dhaka,2025-01-11 20:45:47,"Travel/Tourism, Shopping/Commerce"
"Do NSU, AIUB, IUB, BGMEA, East West and other well known private universities in Bangladesh charge money from students for workshops and cultural programs? ",rdevasish,1,3,neutral,0.0125,dhaka,2025-01-10 20:53:08,"Education, Career/Jobs, Health/Medical, Travel/Tourism, Shopping/Commerce, Sports, Technology"
Anyone from iub,Obvious_Statement131,5,9,positive,0.17857142857142858,dhaka,2025-01-05 00:16:20,Other
Not having friends ,Mobile_Hearing5882,1,3,neutral,0.028846153846153848,dhaka,2024-12-28 22:35:24,"Education, Career/Jobs, Health/Medical, Real Estate"
"NSU vs EWU vs DIU --Which one is best for ""CSE""?",joysutradhar_,4,71,positive,0.6103205128205128,dhaka,2024-12-23 11:07:19,"Education, Career/Jobs, Technology"
Best Private University For BBA,WittyThinker,2,10,neutral,0.2847222222222222,dhaka,2024-12-21 20:00:19,"Education, Technology"
Which one is better?,Existing_Piglet705,2,15,positive,0.5,dhaka,2024-12-20 03:08:28,Education
অবশ্যই এরা ব্রেনওয়াশড সাইকোপ্যাথ,relapse_rif,77,28,negative,-0.05305989583333334,dhaka,2024-12-18 16:56:58,"Education, Politics/Government, Sports, Technology"
Are Private Uni students being targeted?,relapse_rif,24,20,neutral,0.01041666666666667,dhaka,2024-12-17 23:39:29,"Education, Technology"
Can anyone confirm whether Bashundhara City Shopping Complex is open today?,pulokjk,1,1,neutral,-0.075,dhaka,2024-12-16 13:36:55,Shopping/Commerce
Can I make 20k+ per month as an undergraduate student at a private university?,SaltyInvestigator980,0,6,neutral,0.03958333333333333,dhaka,2024-12-12 13:26:23,"Education, Real Estate"
Give me advice!!!!,WorthThick3934,15,39,positive,0.07857142857142858,dhaka,2024-12-11 10:52:17,"Education, Technology, Real Estate"
IUB BBA,Longjumping_Prize790,1,6,negative,-0.175,dhaka,2024-11-22 03:24:23,Other
ODC 101:,machinegunnedburger,85,40,positive,0.10981273000503769,dhaka,2024-11-19 12:58:01,"Education, Travel/Tourism, Shopping/Commerce, Food/Restaurants, Politics/Government, Sports, Technology, Real Estate"
"Do you think students of 7 Colleges(Dhaka college, Titumir etc.) under Dhaka University are lower in qualities?",GhostOfSpartaaaaaaa,0,3,positive,0.06869747899159664,dhaka,2024-11-18 19:27:28,"Education, Food/Restaurants, Politics/Government, Technology, Real Estate"
regret of not studying in medical college ,kissedbyhoon,8,31,neutral,-0.004591836734693878,dhaka,2024-11-17 20:31:24,"Education, Health/Medical, Politics/Government, Technology, Real Estate, Infrastructure"
Where to buy clothes for men around Dhaka at best price? ,mushfiqurmasum,1,1,neutral,0.5227272727272727,dhaka,2024-10-28 02:52:56,"Shopping/Commerce, Real Estate"
Panicking ,shanewaz10,2,2,positive,0.0704081632653061,dhaka,2024-10-27 11:11:43,"Education, Career/Jobs, Technology, Real Estate, Infrastructure"
Any Aiubian Here??,Silly-Tea-1230,1,1,positive,0.1111111111111111,dhaka,2024-10-20 03:09:45,Technology
Can anyone tell me some places where I can get things in retail &amp; wholesale price?,Emad_341,6,0,positive,0.08113636363636363,dhaka,2024-10-18 21:34:09,"Health/Medical, Shopping/Commerce, Technology, Real Estate"
Bashundhara City's Chief Security Officer Major (Rtd) Rabiul,PsychologicalWest162,14,9,neutral,-0.015178571428571437,dhaka,2024-10-12 23:38:48,"Shopping/Commerce, Food/Restaurants, Politics/Government, Technology"
Clothingbusiness,Practical-Pay-489,1,5,positive,0.07053571428571428,dhaka,2024-10-06 01:35:53,"Education, Career/Jobs, Shopping/Commerce, Technology, Infrastructure"
Do I really need gpa 5 to get into private uni?,Suspicious-Tax-1432,9,23,neutral,0.035,dhaka,2024-09-30 20:09:14,"Education, Technology, Real Estate"
Iub CSE or Ewu CSE ,shahrear2345,2,2,positive,0.09999999999999999,dhaka,2024-09-21 11:47:10,Other
Need Private University Teacher's Salary information,Mysterious_Natural55,2,2,negative,-0.05104166666666667,dhaka,2024-09-19 06:29:08,"Education, Career/Jobs, Technology, Real Estate"
Financial suggestions ,Practical-Pay-489,7,12,neutral,0.02261904761904763,dhaka,2024-09-19 03:11:54,"Education, Technology"
Business talk,Easy-Face-3603,7,26,positive,0.10500000000000001,dhaka,2024-09-18 22:29:39,"Career/Jobs, Infrastructure"
Looking for oversized shirts,yourboimti,1,0,positive,0.06287878787878788,dhaka,2024-09-06 00:47:50,"Shopping/Commerce, Real Estate"
where should i go if i want to buy a laptop.,Nyonom777,0,8,positive,0.175,dhaka,2024-08-31 19:58:44,"Shopping/Commerce, Technology"
Ideas for future ,Fresh_Wolverine_4223,13,17,neutral,-0.049382716049382706,dhaka,2024-08-29 23:48:39,"Education, Career/Jobs, Real Estate"
Aiub ,Professional_Fan4661,1,0,positive,0.06818181818181818,dhaka,2024-08-20 16:12:16,Technology
So? Aren’t we expecting to get something that we ourselves didn’t earn?,AristotleNicomachus,36,10,neutral,0.013089767156862752,dhaka,2024-08-05 23:35:33,"Health/Medical, Politics/Government, Technology, Real Estate"
"For those who thinks it's over, it's not ",BIBjaw,78,4,neutral,0.0,dhaka,2024-07-29 02:21:21,Other
Should I go for a second time?,Signal-Hearing-3557,11,5,neutral,0.0,dhaka,2024-07-25 07:36:54,Other
Latest update from Dhaka ,aaw4949,13,9,neutral,0.23166666666666666,dhaka,2024-07-20 15:22:05,"Education, Shopping/Commerce, Politics/Government, Technology, Real Estate, Infrastructure"
what would be your best advice to a 20 year CSE freshman?? ,Express_Initiative10,18,24,neutral,0.4666666666666667,dhaka,2024-07-13 17:56:01,"Education, Career/Jobs, Technology"
Looking for gymwear ,Agitated_Assistant_,3,14,positive,0.22499999999999998,dhaka,2024-07-11 03:30:21,"Sports, Real Estate"
IPE or CSE for graduation,Worldly_Yellow_6115,2,7,positive,0.0859375,dhaka,2024-07-07 16:54:45,"Education, Shopping/Commerce, Technology, Infrastructure"
Suggest me a shop to sell my phone ASAP,Realistic-Age9085,2,8,negative,-0.12916666666666668,dhaka,2024-07-07 16:31:48,"Shopping/Commerce, Technology"
I need a partime job or tution badly,Royal_Green_5962,19,8,negative,-0.4137499999999999,dhaka,2024-07-04 19:17:33,"Education, Career/Jobs, Technology, Real Estate"
AUST Question Bank,laalchaadudhchaa,2,1,neutral,0.0,dhaka,2024-06-27 20:22:56,Education
Confused with life ;/,Hot_Skirt1586,0,4,neutral,-0.1975,dhaka,2024-06-26 21:45:34,"Education, Technology"
College Suggestions [GPA-4.83],Sauce_Is_Life,3,4,positive,0.10383522727272727,dhaka,2024-05-30 00:10:12,"Education, Shopping/Commerce, Food/Restaurants"
hype of universities in dhaka or dhaka in general ,themanwhosoldthworld,10,12,positive,0.09531250000000001,dhaka,2024-05-23 19:29:18,"Education, Career/Jobs, Food/Restaurants, Technology, Real Estate"
টক শোর নামে যা চলছে বাংলাদেশে | সস্তা জনপ্রিয়তা বনাম সম্মান | The Dark Side of Talk Shows | TSC,Dragonking_Earth,0,9,neutral,-0.075,bangladesh,2025-06-08 12:13:12,Other
Visiting Dhaka follow up,rickkert046,37,14,neutral,0.03635035056267932,bangladesh,2024-11-13 10:35:01,"Relationships, Travel/Tourism, Shopping/Commerce, Technology, Real Estate, Infrastructure"
The Dark Side of Bangladesh’s New Year Celebrations: Chhatra League’s Legacy of Sexual Harassment,MunzerTopu,275,54,negative,0.006628787878787873,bangladesh,2024-10-26 00:16:17,"Education, Travel/Tourism, Sports, Technology"
There’s no transparency,ahmedgotthecrack,59,20,neutral,0.01735119047619048,bangladesh,2024-09-05 07:14:42,"Education, Career/Jobs, Travel/Tourism, Politics/Government, Technology, Real Estate"
Heartwarming to see so many little kids donating whatever they had from their plastic piggy banks. This was captured at the TSC Relief Collection Booth,abcrafsan,73,7,neutral,0.078125,bangladesh,2024-08-24 10:32:46,Other
"The ""Secular Bangladesh"" wall painting in TSC has been vandalized",DoodhBhaat,81,21,neutral,0.0,bangladesh,2024-08-12 20:38:16,Technology
How far back can you trace your ancestors?,ThinkingPugnator,19,151,neutral,0.05458333333333333,bangladesh,2024-03-10 17:07:02,"Technology, Real Estate"
A walk from TSC to Boi Mela,banglaonline,3,0,neutral,0.0,bangladesh,2024-02-27 01:44:53,Other
Google Street View got updated in Dhaka,cutepup123,56,11,positive,0.08219696969696969,bangladesh,2023-12-09 19:29:37,"Travel/Tourism, Technology, Real Estate, Infrastructure"
যেভাবে আদিরূপ পেল হাম্মামখানা | Lalbagh Fort Hammamkhana | The Cultural History of Lalbagh Fort,grbprogenitor,5,0,neutral,0.05,bangladesh,2023-12-03 15:52:33,Other
"TSC, DU",TahsinTariq,76,4,neutral,0.0,bangladesh,2023-11-13 16:32:22,Other
Today's Rain and TSC,iver_v,16,15,positive,0.21666666666666667,bangladesh,2023-03-19 21:45:36,"Education, Technology"
The Shallow Analysis for a Tragic Accident,yakinrubaiyat,3,1,neutral,-0.25252066309758614,bangladesh,2023-01-08 22:45:58,"Education, Politics/Government, Technology, Real Estate, Infrastructure"
Ahsan Manzil Dhaka 1975,erepresent,9,0,negative,-0.375,bangladesh,2022-10-06 23:07:24,Real Estate
Lalbagh Fort,panic_structure,12,7,neutral,0.0,bangladesh,2022-07-27 09:09:28,Other
"Lalbagh Fort, Dhaka",ajran_adib139,48,4,neutral,0.0,bangladesh,2022-07-12 23:32:33,Real Estate
"Free Game development workshop in TSC, DU. Everyone’s invited.",Wood-Peck,29,5,neutral,0.0,bangladesh,2022-06-20 13:23:08,"Career/Jobs, Shopping/Commerce, Sports"
"[OC] TSC,Dhaka University (source: myself)",Fatema_Ruhee,153,17,neutral,0.0,bangladesh,2022-02-18 18:43:04,"Education, Real Estate"
"Sculpture @ TSC, Dhaka University | Raju Memorial | I'm really proud of how really young people fought oppressive governments in the past, this sculpture captures that",yasserius,133,25,neutral,0.10833333333333334,bangladesh,2021-12-30 19:43:25,"Education, Politics/Government, Real Estate"
"Sculpture at TSC, Dhaka University | Raju Memorial | I'm really proud of how really young people actively fought against the oppressive governments in the past, this sculpture captures that",yasserius,1,0,neutral,0.06458333333333334,bangladesh,2021-12-30 19:33:10,"Education, Politics/Government, Technology, Real Estate"
What is it like to live in Bangladesh? What are the things you like and what are the challenges you face?,PolySci_Alpha,41,59,neutral,0.09356060606060604,bangladesh,2021-10-21 08:57:54,"Food/Restaurants, Technology, Real Estate, Infrastructure"
"Nawab Sir Khawaja Salimullah with local elites. — Ahsan Manzil, Dhaka, 1902.",AnimalNo7484,20,2,neutral,0.0,bangladesh,2021-10-11 10:22:00,Real Estate
"Nawab Salimullah in a Darbar. — Ahsan Manzil, Dhaka, 15 October 1905",AnimalNo7484,25,4,neutral,0.0,bangladesh,2021-10-11 10:18:30,Real Estate
"Khawaja Nazimuddin, Premier of Bengal in British India and Chief Minister of East Bengal (Later Governer General and Prime Minister of Pakistan) posing for Vogue at his family's ancestral home, Ahsan Manzil, Dhaka. (1947)",AnimalNo7484,63,37,neutral,0.008333333333333337,bangladesh,2021-10-08 14:44:41,"Politics/Government, Real Estate"
"TSC,Dhaka",0ldb0ymr0,12,2,neutral,0.0,bangladesh,2021-06-05 21:28:42,Real Estate
A quick view in front of Ahsan Manzil at Dhaka in Bangladesh | ঐতিহ্যবাহী আহসান মঞ্জিল,armaneverafter,4,0,neutral,0.16666666666666666,bangladesh,2020-05-15 02:02:30,Real Estate
Ahsan Manzil,Sushmoy07,33,18,neutral,0.0,bangladesh,2019-08-03 00:33:07,Other
"The light man- TSC,Dhaka",Sushmoy07,97,6,neutral,0.2,bangladesh,2019-05-26 12:06:53,Real Estate
Ahsan Manzil,takubaba,1,1,neutral,0.0,bangladesh,2017-03-24 16:00:47,Other
"The first female drummer of Bangladesh, Georgina Huq, performed at TSC on the eve of Victory Day.",takubaba,10,0,neutral,0.0625,bangladesh,2016-12-16 22:38:30,Other
Lalbagh fort,takubaba,11,1,neutral,0.0,bangladesh,2016-11-20 21:04:53,Other
Ahsan Manzil,takubaba,7,0,neutral,0.0,bangladesh,2016-11-14 17:54:15,Other
Brewing up Addas at TSC,takubaba,3,0,neutral,0.0,bangladesh,2016-10-13 17:42:16,Other
Lalbagh Fort,takubaba,6,0,neutral,0.0,bangladesh,2016-04-11 18:20:20,Other
Authorities demolish Lalbagh Fort wall to build car park,ThatGuyBadIdeas,8,5,neutral,0.0,bangladesh,2015-06-28 17:47:18,Other
Boishakh celebration: Women harassed near TSC | Dhaka Tribune,rmuktader,6,0,neutral,0.05,bangladesh,2015-04-16 07:47:15,Real Estate
Can I use rickshaw to go to Bijoy Sarani Station (on MRT Line-6) from Dhaka Residential Model College?,tasara-panda-09020,1,7,neutral,0.024999999999999994,dhaka,2025-10-12 01:23:30,"Education, Shopping/Commerce, Real Estate, Infrastructure"
A question for girlies who are expert in churis,Entire-Budget-5126,15,8,neutral,0.04791666666666666,dhaka,2025-09-18 17:35:08,Technology
Dhaka is a very nice city,lord_sammy,43,18,positive,0.6367916666666666,dhaka,2025-07-25 19:01:29,"Relationships, Travel/Tourism, Shopping/Commerce, Food/Restaurants, Real Estate"
"Almost fainted in the metro today, grateful for kind strangers",SentientSideChara,178,19,positive,0.35571895424836597,dhaka,2025-07-19 19:49:22,"Relationships, Food/Restaurants, Technology, Real Estate, Infrastructure"
"Planning a Food Cart. Need Advice on Menu, Location (TSC?), and Setup",Agile_Ad7635,11,16,positive,0.12785364145658262,dhaka,2025-07-12 20:32:00,"Education, Career/Jobs, Relationships, Shopping/Commerce, Food/Restaurants, Technology, Real Estate, Infrastructure"
Ahsan Manzil,Shibluarif,0,1,neutral,0.008333333333333333,dhaka,2025-06-11 10:35:16,"Sports, Real Estate, Infrastructure"
10 Haunted Places in Dhaka – Fact or Folklore?,Love-and-Dominance,22,20,neutral,0.007812500000000003,dhaka,2025-05-27 18:42:39,"Education, Career/Jobs, Health/Medical, Travel/Tourism, Food/Restaurants, Technology, Real Estate, Infrastructure"
Anyone out there who knows or you know someone who is fluent in Korean or Japanese Language?,Beeemh,1,0,positive,0.1590909090909091,dhaka,2025-01-26 06:35:22,"Education, Career/Jobs, Relationships"
Ahsan Manzil ticket,tallgyal,1,4,neutral,-0.01666666666666668,dhaka,2024-12-19 00:55:56,"Travel/Tourism, Shopping/Commerce, Technology"
Date In Dhaka....❤️?,VoidPlaystation,0,27,positive,0.11856060606060607,dhaka,2024-12-13 15:01:53,Real Estate
Alphabet Dating,SnooCalculations291,29,50,positive,0.185,dhaka,2024-11-17 11:05:09,"Education, Relationships, Travel/Tourism, Food/Restaurants"
ভারত না জানিয়ে বাঁধ খুললে সম্পর্ক সেখান থেকেই নির্ধারিত হবে' | Sarjis in TSC | jamuna TV,Blackdavil163609,0,9,neutral,0.0,dhaka,2024-08-27 20:07:18,Other
"Best local spots to visit, chill and EAT!",EliteApricot,3,2,positive,0.471875,dhaka,2024-06-29 04:37:16,"Relationships, Travel/Tourism, Food/Restaurants, Real Estate"
Places to visit in Puran Dhaka,CommunicationIll6793,2,2,neutral,-0.03125,dhaka,2024-05-23 17:04:17,"Travel/Tourism, Technology, Real Estate"
I need free counseling as soon as possible,0killmeNOT,2,0,neutral,0.0638888888888889,dhaka,2024-05-21 19:54:43,Other
Ahsan Manzil Dhaka 1975,erepresent,2,4,neutral,0.0,dhaka,2022-10-05 21:36:00,Real Estate
How to buy the ticket online for Ahsan Manzil Museum? Visa card payment function is not enabled,Buscando2016,3,0,neutral,0.0,dhaka,2022-05-01 00:57:00,Shopping/Commerce
"Lalbagh Fort, An Awesome Historical Place To Visit In Dhaka! » AUHStyle",Baib06,3,1,neutral,0.25,dhaka,2018-12-31 19:44:29,"Travel/Tourism, Real Estate"
BCB DHAKA DIVISION CRICKET LEAGUE TOURNAMENTS,dhonbolsen,3,0,neutral,0.009788359788359785,bangladesh,2025-10-16 23:35:23,"Travel/Tourism, Sports, Technology, Real Estate"
ভূমধ্যসাগরের নিচে ঘুমিয়ে আছে বাংলাদেশ - The Route of No Return | Voice of Dhaka,Asleep-Jellyfish007,1,0,neutral,0.0,bangladesh,2025-10-10 18:24:20,Real Estate
"Indian Visiting Dhaka, suggestions?",integer_tostring,2,12,positive,0.08373015873015872,bangladesh,2025-09-27 05:50:22,"Career/Jobs, Relationships, Travel/Tourism, Food/Restaurants, Real Estate"
Bachelors And Dhaka!,SuspectSuspecious_,3,2,positive,0.11319444444444444,bangladesh,2025-09-27 05:48:42,"Food/Restaurants, Real Estate"
BSF Push In: How an Assamese woman ended up in a slum in Dhaka,yasserius,7,2,neutral,0.0,bangladesh,2025-09-26 13:02:58,Real Estate
One of my relative's liver is failing and doctor has suggested liver transplantation. Any suggestions???,MushfiqurRF,5,3,neutral,0.020803571428571428,bangladesh,2025-09-26 02:11:35,"Health/Medical, Travel/Tourism, Technology, Real Estate"
Travel during elections,EstablishmentBrief90,5,3,positive,0.09375,bangladesh,2025-09-24 22:29:20,"Travel/Tourism, Politics/Government, Real Estate"
How to stay safe in Dhaka while doing UG,Worth-Gene,23,17,neutral,0.25606060606060604,bangladesh,2025-09-24 16:31:11,"Education, Travel/Tourism, Real Estate"
Where to buy ladies western clothing in Dhaka? Wide pants and shirts.,ElNinoMaravilla,7,14,positive,0.20833333333333331,bangladesh,2025-09-23 20:22:47,"Shopping/Commerce, Real Estate"
Seeking advice to get rid of excessive sweating,ais_21,8,14,neutral,-0.10064102564102564,bangladesh,2025-09-23 11:53:52,"Relationships, Health/Medical, Food/Restaurants, Technology, Real Estate"
Need suggestions for trusted shipping agents from China to Bangladesh,Drawing-Live,8,10,positive,0.08750000000000002,bangladesh,2025-09-22 16:40:41,"Shopping/Commerce, Technology, Real Estate"
Scene of Dhaka in 1958.,TasinMAHDI,9,4,neutral,0.0,bangladesh,2025-09-22 14:36:33,Real Estate
Travel video ideas?,clarkeanator,2,3,positive,0.07651515151515152,bangladesh,2025-09-22 03:34:27,"Travel/Tourism, Technology, Real Estate"
Where to buy airguns in Dhaka?,Initial-Read4305,3,0,neutral,0.0,bangladesh,2025-09-21 23:58:39,"Shopping/Commerce, Technology, Real Estate"
"Dear Bangladeshi brothers, please take care not to harm us",SquarePromise2707,67,36,positive,0.06465617715617716,bangladesh,2025-09-21 16:28:52,"Education, Career/Jobs, Technology, Real Estate, Infrastructure"
How do you manage your budget in Dhaka with Family and mid level pay?,UnlikelySecret2629,9,2,neutral,0.0,bangladesh,2025-09-20 15:01:45,"Career/Jobs, Real Estate"
Is my college worth it?,cocodew77,2,3,positive,0.28035714285714286,bangladesh,2025-09-20 12:18:11,"Education, Politics/Government, Technology, Real Estate"
IELTS exam center,Ok_Masterpiece_2336,2,2,neutral,-0.010000000000000009,bangladesh,2025-09-20 00:09:54,"Education, Real Estate"
Where I can find hot wheels in dhaka?,carefree_victory,3,0,positive,0.2875,bangladesh,2025-09-19 00:18:16,"Shopping/Commerce, Real Estate"
Kitten Rescue Urgent!!!!,mahin1374,6,2,positive,0.0834710743801653,bangladesh,2025-09-18 12:12:03,"Food/Restaurants, Real Estate, Infrastructure"
E bike questions,Own-Cranberry-324,3,4,positive,0.06959728867623605,bangladesh,2025-09-17 23:06:45,"Travel/Tourism, Shopping/Commerce, Technology, Real Estate"
Name Correction Affidavit Process for SSC and HSC Certificates - Need Some Guidance,Select-Day-873,4,0,neutral,0.0,bangladesh,2025-09-17 18:20:16,"Education, Career/Jobs, Politics/Government, Technology, Real Estate"
Dhaka Birdwatching ঢাকায় বার্ডওয়াচিং,Macula-Densa,8,3,positive,0.0875,bangladesh,2025-09-17 06:28:36,"Travel/Tourism, Technology, Real Estate"
On arrival visa @Dhaka Airport,bangalimahbub,2,4,neutral,0.05,bangladesh,2025-09-17 02:32:52,"Travel/Tourism, Technology, Real Estate"
New at Narayanganj City &amp; Help me Survive,No_Firefighter_4964,2,10,positive,0.15166546416546417,bangladesh,2025-09-15 14:13:20,"Career/Jobs, Relationships, Food/Restaurants, Real Estate"
Need help finding Platform/Elevator shoes,rejuk70kg,3,2,neutral,-0.049999999999999996,bangladesh,2025-09-14 11:05:09,"Shopping/Commerce, Real Estate"
Gift Suggestion,Midnight-Syntax_007,4,5,positive,0.21750000000000003,bangladesh,2025-09-13 21:02:44,"Relationships, Shopping/Commerce, Real Estate"
Gift Suggestion,Midnight-Syntax_007,0,1,positive,0.21750000000000003,bangladesh,2025-09-13 01:29:48,"Relationships, Shopping/Commerce, Real Estate"
Kinda proud of this pic I took a couple of days ago,ComfyNeo,81,7,negative,0.2388888888888889,bangladesh,2025-09-12 20:30:31,"Relationships, Technology, Real Estate, Infrastructure"
"Bangla gamers, any advice for a ps5 player?",ComfyNeo,3,5,positive,0.05833333333333333,bangladesh,2025-09-12 19:47:24,"Sports, Technology, Real Estate"
"Affordable, quiet and green: Electric shuttle buses set a model for Dhaka’s residential areas",Alone-Attention-2139,9,2,neutral,-0.05,bangladesh,2025-09-12 19:17:18,"Real Estate, Infrastructure"
Dhaka Foreign customs held my product,Fun-Middle-1660,2,1,neutral,-0.0625,bangladesh,2025-09-11 08:35:48,"Shopping/Commerce, Real Estate"
If you seek fund for your school/college/university education you may knock me,RunAffectionate1997,9,3,positive,0.09333333333333332,bangladesh,2025-09-11 02:36:50,"Education, Career/Jobs, Shopping/Commerce, Technology, Real Estate, Infrastructure"
Can I study BSc in Computer Science in Australia with a 4-year Diploma in Engineering (Computer Science &amp; Technology)?,ArthurXP002,5,2,neutral,0.025684261974584552,bangladesh,2025-09-11 02:13:35,"Education, Food/Restaurants, Politics/Government, Technology, Real Estate"
Dhaka Elevated Expressway Friday Afternoon Drive,Strict-Relief515,2,1,positive,0.13333333333333333,bangladesh,2025-09-10 18:49:09,Real Estate
Best psychologist in Dhaka under budget,Puzzleheaded-Hat6548,2,0,neutral,0.5,bangladesh,2025-09-10 15:37:08,Real Estate
Seeking,Budget-Row9313,2,2,negative,-0.055519480519480524,bangladesh,2025-09-10 14:32:14,"Education, Relationships, Real Estate"
suggest gray/moody aesthetic restaurant in dhaka,No_idea_duh,3,0,positive,0.23333333333333334,bangladesh,2025-09-09 19:03:54,"Food/Restaurants, Real Estate"
Attempt BCS or Try to move abroad ?,weirdcomponent,10,12,neutral,0.024839743589743588,bangladesh,2025-09-09 12:58:37,"Education, Career/Jobs, Technology, Real Estate, Infrastructure"
How do you consistently help yourself to be good all alone?,dhonbolsen,9,5,neutral,0.2439112103174603,bangladesh,2025-09-08 20:49:06,"Career/Jobs, Technology, Real Estate, Infrastructure"
Dhaka na Kolkata,RazzmatazzStrict,2,0,neutral,0.0,bangladesh,2025-09-08 19:25:17,Real Estate
Why do our national subreddits have such low member counts?,the-machine-m4n,53,85,positive,0.08333333333333333,bangladesh,2025-09-08 19:21:39,"Technology, Real Estate"
What if Sam Hargrave's Extraction had a Bangladeshi cast,Puzzled-Horse279,2,0,neutral,0.049326880284824196,bangladesh,2025-09-08 18:40:12,"Career/Jobs, Relationships, Shopping/Commerce, Food/Restaurants, Politics/Government, Sports, Technology, Real Estate"
Advice on purchasing domestic air ticket?,theuptownpunk,2,3,positive,0.16499999999999998,bangladesh,2025-09-08 14:42:17,"Travel/Tourism, Shopping/Commerce, Technology, Real Estate"
Backpacking Bangladesh,BriefVeterinarian106,6,6,positive,0.14812091503267974,bangladesh,2025-09-08 13:56:13,"Relationships, Travel/Tourism, Real Estate"
"Bangladesh, India to hold talks in Delhi on Ganges water-sharing treaty on Tuesday",Alone-Attention-2139,5,0,negative,-0.09583333333333333,bangladesh,2025-09-07 19:30:07,"Food/Restaurants, Technology, Real Estate"
Therapists in Dhaka that offer services in English,bagpurchaser,3,1,neutral,0.0,bangladesh,2025-09-07 16:06:10,Real Estate
Need advice: finding it hard to deal with my mindset about women,OrneryExpression6918,11,65,neutral,-0.11141581632653062,bangladesh,2025-09-07 11:48:28,"Education, Relationships, Health/Medical, Food/Restaurants, Technology, Real Estate"
Dhaka Awaits Opening Of Century-Old Diamond Vault | Asia One News,maifee,2,0,neutral,0.0,bangladesh,2025-09-06 11:51:52,"Technology, Real Estate"
seeking advice about taking a decision in life,ArachnidMotor1538,4,5,positive,0.11125,bangladesh,2025-09-06 02:38:21,"Education, Career/Jobs, Food/Restaurants, Technology, Real Estate"
Decent Bars in Dhaka,mid20sman,13,7,positive,0.23958333333333331,bangladesh,2025-09-05 14:24:33,"Career/Jobs, Food/Restaurants, Real Estate"
Why is Dhaka so trafficy?,Viv3lafranc3,2,1,neutral,0.0,bangladesh,2025-09-05 09:06:21,"Health/Medical, Politics/Government, Real Estate, Infrastructure"
Need advice on English spoken proficiency,Saitama2042,3,3,neutral,0.027604166666666666,bangladesh,2025-09-05 00:15:35,"Education, Career/Jobs, Sports, Technology, Real Estate, Infrastructure"
Advice please,aabrarwho,3,0,neutral,0.0,bangladesh,2025-09-04 13:13:04,"Education, Politics/Government, Real Estate, Infrastructure"
Which steak house is the best in Dhaka...,Cryptographer47051,5,2,positive,0.75,bangladesh,2025-09-03 20:00:53,Real Estate
What if Dhaka was abandoned and nature took it back? 🌿 A mysterious AI short film I made,Competitive-Essay798,0,16,positive,0.07883522727272727,bangladesh,2025-09-03 18:18:57,"Relationships, Food/Restaurants, Politics/Government, Technology, Real Estate, Infrastructure"
Need to rush the process of name changing in SSC &amp; HSC certificates !!!,Key_Astronaut_7893,2,1,positive,0.05568181818181817,bangladesh,2025-09-03 00:44:10,"Education, Relationships, Food/Restaurants, Politics/Government, Technology, Real Estate, Infrastructure"
How to check if my unofficial phone is new or not?,PilotHere,3,2,neutral,0.06818181818181818,bangladesh,2025-09-02 17:19:37,"Shopping/Commerce, Technology, Real Estate"
Best perfumes to wear in Dhaka,Rapid47,2,1,neutral,0.5,bangladesh,2025-08-31 16:13:30,Real Estate
Safe to visit Bangladesh as a Pakistani?,Fondant_Decent,32,40,positive,0.375,bangladesh,2025-08-29 16:02:21,"Relationships, Travel/Tourism, Real Estate"
Is it possible to go to Dhaka by boat from Chittagong?,siam19,2,2,neutral,0.025,bangladesh,2025-08-29 09:14:33,Real Estate
"Looking for sources of high quality chains, hoops &amp; metals for jewellery making",nanjeba_borno,2,0,positive,0.21574074074074073,bangladesh,2025-08-28 13:51:24,"Shopping/Commerce, Technology, Real Estate"
Want to enjoy Dhaka,Mysterious_Natural55,4,4,positive,0.33745265151515147,bangladesh,2025-08-28 06:03:38,"Relationships, Travel/Tourism, Food/Restaurants, Technology, Real Estate, Infrastructure"
"I'm not sure if it is only me, but the sky-summit level of MRT line 6 sort of made Dhaka look more modern.",Comfortable-Table-57,1,0,positive,0.18225,bangladesh,2025-08-28 03:33:46,"Career/Jobs, Technology, Real Estate"
"Today's editorials in Pakistan's Dawn (""Ties That Bind"") and Tribune (""Reset with Dhaka"") on the FM’s BD visit expose their mindset. Both dismiss 1971 as a mere ""tragedy,"" avoiding true apology for genocide. Not shockingly, their tone mirrors their own collaborators’ stance!",TasinMAHDI,106,32,neutral,0.1375,bangladesh,2025-08-27 09:07:55,"Travel/Tourism, Real Estate"
"Where to shop in Dhaka for skirts, tops &amp; three-pieces?",Winter-Fig-4104,2,1,positive,0.23750000000000002,bangladesh,2025-08-27 00:44:50,"Shopping/Commerce, Real Estate"
"Dhaka &amp; Chittagong Airports are major hub for drugs,Gold trafficking in south east Asia! We are seeing tip of the iceberg in regards of seizing Drugs &amp; Gold!",Asleep-Jellyfish007,6,2,neutral,0.048828125,bangladesh,2025-08-26 21:14:34,"Travel/Tourism, Technology, Real Estate, Infrastructure"
"Dhaka, Bangladesh",VapeyMoron,53,9,neutral,0.0,bangladesh,2025-08-25 23:30:45,Real Estate
Best Soup in town?,Almostfamous_02,5,9,positive,0.7294642857142857,dhaka,2025-11-19 21:14:31,"Food/Restaurants, Real Estate"
Let's talk about new year resolutions,theboyisdivine,1,9,positive,0.17909090909090908,dhaka,2025-11-19 21:06:28,Other
"Favourite Restaurants in Dhanmondi, Panthapath, Elephant Road.",999baseballs,2,9,neutral,0.0,dhaka,2025-11-19 20:41:37,"Food/Restaurants, Technology, Infrastructure"
Book recommendation on music theory,Rough_Insurance6722,9,3,neutral,0.0,dhaka,2025-11-19 20:32:49,Other
Need Someone,cxcuser,0,14,neutral,0.0,dhaka,2025-11-19 20:16:26,"Health/Medical, Technology"
Need someone,Unusual-Bit-6296,8,39,neutral,0.0,dhaka,2025-11-19 19:32:54,Other
Where in Dhaka can I get these Chunky Penny Loafers and Men's long wallet in best price?,Mikoyane,2,6,neutral,0.2375,dhaka,2025-11-19 19:09:52,"Shopping/Commerce, Real Estate"
Fb page posting pics of women without consent,jasontoddloverr,57,30,negative,-0.36666666666666664,dhaka,2025-11-19 18:36:52,Other
Best dermatologist in DHAKA for Fungal infection (Tinia Cruris),OpenBelt8195,6,25,neutral,0.55,dhaka,2025-11-19 18:28:22,"Health/Medical, Food/Restaurants, Real Estate"
Best online physics course for HSC students in Bangladesh?,No_Arrival_9355,2,6,positive,0.706060606060606,dhaka,2025-11-19 18:14:45,"Education, Technology"
TRAVEL CLUBS,Mundane-Apartment-10,9,8,neutral,0.04296875,dhaka,2025-11-19 17:46:38,"Relationships, Travel/Tourism, Food/Restaurants"
Have anyone face this issue with uber?,readit_bd,4,5,neutral,0.012500000000000002,dhaka,2025-11-19 17:38:29,"Health/Medical, Travel/Tourism, Sports, Technology, Real Estate"
Have you used the ALLJOBS service by Teletalk? This is such a buggy website / app. I can't login to my account for the past 1 hour,the-machine-m4n,1,0,neutral,-0.0625,dhaka,2025-11-19 17:37:08,"Career/Jobs, Technology"
Where to sell perfume?,ElectronicValue8056,6,11,positive,0.09285714285714286,dhaka,2025-11-19 17:29:07,"Travel/Tourism, Shopping/Commerce"
Need suggestions,diviaterun,2,8,neutral,-0.022222222222222216,dhaka,2025-11-19 16:50:52,Technology
Any BUTEXIAN ?,Funny-Ad-2513,1,5,neutral,0.0,dhaka,2025-11-19 16:14:49,Other
Let's talk and do something,Top-Slide-4095,6,34,neutral,0.0,dhaka,2025-11-19 16:02:01,Other
Advice,DriveHeavy5045,8,13,neutral,-0.041666666666666664,dhaka,2025-11-19 15:55:58,Relationships
Syllabus Completion Problem,rion__2036,3,4,positive,0.11076388888888893,dhaka,2025-11-19 15:55:44,"Education, Food/Restaurants, Infrastructure"
Need Relationship advice,TacoChair07,14,25,positive,0.16805555555555557,dhaka,2025-11-19 15:44:32,"Relationships, Food/Restaurants, Technology"
Does this look like a Hindu goddess?,Infinite-Sector-8694,151,200,positive,0.05714285714285715,dhaka,2025-11-19 15:22:51,Technology
Need information about ordering something,Astral_Modulator709,3,13,neutral,0.0,dhaka,2025-11-19 15:18:35,"Shopping/Commerce, Technology"
gift for cousins from australia (and restaurant recs),sleepislife25,9,31,positive,0.08214285714285714,dhaka,2025-11-19 15:18:26,"Travel/Tourism, Food/Restaurants, Technology"
Entrepreneurship &amp; Sales  Book Suggestions !,anderslio9,2,9,positive,0.11499999999999999,dhaka,2025-11-19 14:53:02,"Relationships, Shopping/Commerce"
এই টাইপ প্যান্ট কোথায় পাবো?,Puzzleheaded-Hat6548,24,34,neutral,0.0,dhaka,2025-11-19 14:32:12,Other
Need help from BBA students,Outside_Raspberry587,2,1,neutral,0.0,dhaka,2025-11-19 13:48:30,Education
Taking A levels as a private candidate,Upper-Berry213,8,20,positive,0.125,dhaka,2025-11-19 13:30:13,"Education, Career/Jobs, Relationships, Health/Medical, Politics/Government, Technology"
anxious about future,frustratedcigs,5,10,neutral,-0.0625,dhaka,2025-11-19 12:49:23,Other
need study partner,Diligent_Hunt7245,3,0,neutral,0.0,dhaka,2025-11-19 12:41:47,Education
🎯 Join Our Freelance Transcription Team at Quantigo AI!,Academic_Flamingo250,0,3,positive,0.10739583333333336,dhaka,2025-11-19 12:30:47,"Education, Career/Jobs, Food/Restaurants, Sports, Technology, Real Estate"
National bank,No_Tailor2427,4,1,negative,-0.25,dhaka,2025-11-19 11:38:06,Technology
Male waxing,BreakfastAutomatic52,14,26,positive,0.0875,dhaka,2025-11-19 11:33:44,Real Estate
any pharmacy owners here?,Plastic_Comedian_615,1,9,neutral,0.0,dhaka,2025-11-19 11:06:36,Other
Recommend a watch for men,Ok_Temperature1414,8,26,positive,0.125,dhaka,2025-11-19 10:16:02,Other
Dhanmondi Lake this morning — who else loves morning walks here,Embarrassed-Law6338,20,3,neutral,0.0,dhaka,2025-11-19 10:00:33,Relationships
Denim jeans,CalligrapherWest4585,5,9,neutral,0.03504709576138147,dhaka,2025-11-19 09:20:42,Shopping/Commerce
Online platforms where I can buy used smartphones,superkafooo,5,5,positive,0.16111111111111112,dhaka,2025-11-19 08:57:06,"Shopping/Commerce, Technology"
Radiohead hoodie,Individual-Ad-9678,3,1,neutral,0.0,dhaka,2025-11-19 07:53:30,"Shopping/Commerce, Real Estate"
A level CAIE,Hot-Effective5484,3,2,neutral,0.018750000000000003,dhaka,2025-11-19 07:29:04,"Education, Career/Jobs, Shopping/Commerce, Technology, Infrastructure"
Is mbbs from Bangladesh worth it??,timespaceweb,18,40,neutral,0.19642857142857142,dhaka,2025-11-19 07:24:51,"Education, Health/Medical"
BNP er good side ashole ki?,hackerbong,4,54,neutral,0.35,dhaka,2025-11-19 06:55:58,Politics/Government
Attempting to Resell My Ticket,meetnyself,1,0,neutral,0.036111111111111115,dhaka,2025-11-19 05:20:07,"Travel/Tourism, Shopping/Commerce, Real Estate"
Getting Euro payments as a Bangladeshi,Alfred_Pithu,3,4,positive,0.0666219008264463,dhaka,2025-11-19 04:56:44,"Career/Jobs, Politics/Government, Technology"
Smartphone without AI features?,Outrageous-Being7136,6,5,positive,0.05454545454545455,dhaka,2025-11-19 01:16:41,"Career/Jobs, Food/Restaurants, Technology"
Suggest a good doctor for treating hairfall,UnicornFromAlaska,3,7,neutral,0.32499999999999996,dhaka,2025-11-19 01:01:40,"Career/Jobs, Relationships, Health/Medical, Shopping/Commerce, Food/Restaurants, Technology, Real Estate"
Visiting Dhaka - looking for recommendations,RealZubidoo,3,2,positive,0.14833333333333334,dhaka,2025-11-19 01:00:32,"Career/Jobs, Travel/Tourism, Shopping/Commerce, Food/Restaurants, Technology, Real Estate, Infrastructure"
Shopping,PostHoliday9789,4,4,positive,0.13,dhaka,2025-11-19 01:00:26,Shopping/Commerce
where to fix roadbikes?,DrySuspect5165,2,1,neutral,0.0,dhaka,2025-11-19 00:58:35,Infrastructure
Life mistakes..,RadoanIslamEthan,10,7,negative,-0.16666666666666663,dhaka,2025-11-19 00:41:11,Real Estate
To the US and Europe Based BD community,Left-Homework-6650,3,4,positive,0.08839285714285713,dhaka,2025-11-19 00:06:45,"Career/Jobs, Relationships, Shopping/Commerce, Food/Restaurants, Technology, Real Estate, Infrastructure"
Dad's Birthday,unfrared,7,3,positive,0.11666666666666665,dhaka,2025-11-19 00:02:43,Food/Restaurants
Dhaka's traffic is getting worse and no one seems to care,StockholmSyndrome_69,25,15,negative,-0.2683333333333333,dhaka,2025-11-18 23:46:19,"Politics/Government, Real Estate, Infrastructure"
Is Ali2BD reliable?,SalaryImpressive7469,13,18,negative,-0.14375000000000002,dhaka,2025-11-18 23:21:16,Shopping/Commerce
How do i pass HSC ICT?,nimbus2346,1,42,negative,-0.16999999999999998,dhaka,2025-11-18 22:55:55,"Education, Health/Medical, Technology"
Suggest stores to buy unofficial iphone,amnesia_luck,3,10,positive,0.35,dhaka,2025-11-18 22:47:02,"Shopping/Commerce, Technology"
are actually reliable birth control pills available in this city?,Proof-Mousse6951,5,20,neutral,0.1,dhaka,2025-11-18 22:21:13,Technology
Bangladesh is severely lacking in Public Libraries and overall access to books.,Honest_Ad_6090,63,40,neutral,0.03525999793856937,dhaka,2025-11-18 21:43:20,"Education, Career/Jobs, Politics/Government, Technology"
Keychains,AffectionateTie8130,4,6,neutral,0.0,dhaka,2025-11-18 21:35:47,"Shopping/Commerce, Technology"
20(F),cat-woman2005,0,11,negative,-0.08333333333333333,dhaka,2025-11-18 21:33:59,Career/Jobs
Is there anything I can bring from Germany and sell at a profit in Bangladesh?,United-Road-7338,2,5,neutral,0.0,dhaka,2025-11-18 21:07:32,"Travel/Tourism, Shopping/Commerce"
How much marks and where my placement should be if I want to get IR (international relation) in BUP FSSS?,Levi_BD,1,0,neutral,0.04487179487179486,dhaka,2025-11-18 20:49:31,"Education, Relationships, Technology, Real Estate"
Bangladeshi women should stop settling for less. We are enabling these losers,QuietSuccessfull,149,336,positive,-0.00779478458049887,dhaka,2025-11-18 20:37:15,"Relationships, Health/Medical, Food/Restaurants, Sports, Technology"
Cloudflare Blocked?,aunnyglitch,20,28,positive,0.25,dhaka,2025-11-18 20:05:29,"Career/Jobs, Technology"
A little support!,jasontoddloverr,2,3,neutral,-0.15437499999999998,dhaka,2025-11-18 20:05:16,Technology
Is this flight connection too risky? Need advice.,meetnyself,1,4,neutral,-0.04866071428571429,dhaka,2025-11-18 19:57:03,"Travel/Tourism, Technology, Real Estate"
How to make greek yogurt from Aarong tok doi? Please help,Resident_Ad9808,4,20,neutral,0.0,dhaka,2025-11-18 19:33:56,Other
Asking for suggestion for male skincare product,_t_gallant_,3,5,positive,0.11874999999999998,dhaka,2025-11-18 19:30:59,"Education, Shopping/Commerce"
Streaming App,Ark_rivia,1,3,negative,-0.0625,dhaka,2025-11-18 19:21:27,"Career/Jobs, Sports, Technology"
New year resolution suggestions,Famous_Meringue1818,6,10,positive,0.19602272727272727,dhaka,2025-11-18 19:15:22,Other
Hasina's death sentence,Ok_Big530,0,6,positive,0.08887987012987011,dhaka,2025-11-18 19:13:19,"Food/Restaurants, Politics/Government"
Dhaka-Chittagong highway speedcam?,Reedditcdi,3,3,neutral,-0.036250000000000004,dhaka,2025-11-18 19:07:11,"Career/Jobs, Real Estate, Infrastructure"
Men beauty,Mobile_Hearing5882,25,103,neutral,0.0,dhaka,2025-11-18 18:27:44,Other
BD domestic flights,zsk471,2,3,neutral,-0.0203125,dhaka,2025-11-18 17:07:13,"Travel/Tourism, Shopping/Commerce, Technology, Real Estate"
Government of the pressure group by the pressure group for the pressure group,RazzmatazzStrict,4,2,neutral,0.013312902375402374,dhaka,2025-11-18 16:45:54,"Career/Jobs, Shopping/Commerce, Food/Restaurants, Politics/Government, Technology, Real Estate, Infrastructure"
All you can eat Buffet,whatevermeme,19,26,positive,0.5,dhaka,2025-11-18 16:44:34,"Food/Restaurants, Real Estate"
Bank loan,Previous-Chocolate99,3,8,neutral,0.05,dhaka,2025-11-18 16:40:47,"Career/Jobs, Technology"
Dinner Set &amp; Womens Jewellery,Careful_Storm_3665,3,6,positive,0.22624999999999998,dhaka,2025-11-18 16:36:12,"Shopping/Commerce, Politics/Government, Technology, Real Estate"
Software engineering,PotatoMoney6765,3,10,positive,0.14285714285714285,dhaka,2025-11-18 15:08:37,"Education, Technology"
do ways of making money online really exist? i need serious help. (please no khalid farhan type of advice),unplugged_________,10,19,neutral,-0.013986592111592106,dhaka,2025-11-18 14:43:46,"Career/Jobs, Shopping/Commerce, Politics/Government, Technology"
Give me your top ragebait,Ok_Temperature1414,28,76,positive,0.4,dhaka,2025-11-18 14:13:12,Technology
Need hotel recommendations in Banani - unmarried couple,ArthurMorgan_47,24,65,neutral,0.0050925925925925965,dhaka,2025-11-18 13:59:43,"Relationships, Food/Restaurants"
I'm curious,Deep_While_3960,2,2,positive,0.075,dhaka,2025-11-18 13:48:18,Shopping/Commerce
জার্নালিং,Aegon_TargaryanII,13,10,neutral,0.0,dhaka,2025-11-18 13:45:20,Other
“৯০-এর দশকের ঢাকা—অতীতের শহরের এক মুহূর্ত 📸”,Embarrassed-Law6338,33,2,neutral,0.0,dhaka,2025-11-18 13:27:31,Other
Best flower shops,dengxiety,7,5,positive,0.6375,dhaka,2025-11-18 13:25:41,"Travel/Tourism, Shopping/Commerce, Real Estate"
C-B unit Bangla,t1tu_ez4ence,2,1,positive,0.06614583333333333,dhaka,2025-11-18 12:37:42,Education
CU vs RU,Abdullah715279,3,17,positive,0.16486013986013986,dhaka,2025-11-18 12:13:43,Other
Books,grey_maverick,1,1,neutral,0.0,dhaka,2025-11-18 11:50:05,Other
Study MBA!,Extension_Gene_5600,3,5,neutral,-0.02777777777777778,dhaka,2025-11-18 10:48:55,"Education, Career/Jobs, Technology, Real Estate, Infrastructure"
Trusted source to donate online?,SpecialistLow1164,3,7,negative,-0.125,dhaka,2025-11-18 10:33:51,Other
Had anyone buy smartphone from aliexpress if did let me know your opinion,Forward_Initial_5138,3,7,neutral,0.0,dhaka,2025-11-18 10:08:19,"Shopping/Commerce, Technology"
Need advice on what to do..for life..career..etc😭,One-Breakfast-3410,3,8,positive,0.07547383172383174,dhaka,2025-11-18 09:55:43,"Education, Career/Jobs, Relationships, Shopping/Commerce, Technology, Real Estate, Infrastructure"
Need Suggestions for Budget-Friendly Book Sites,Jumpy-Selection-7728,7,3,positive,0.1875,dhaka,2025-11-18 09:25:27,Shopping/Commerce
Good camera repair shop in Dhaka + cost?,Additional-Skirt-937,3,0,neutral,0.3725,dhaka,2025-11-18 07:13:38,"Shopping/Commerce, Technology, Real Estate"
Is arranged marriage still a thing in Bangladesh for male in their early 20s?,hackerbong,55,47,positive,0.10790476190476189,dhaka,2025-11-18 06:56:01,"Education, Career/Jobs, Relationships, Technology, Real Estate, Infrastructure"
Can anyone recommend a place to repair headphone near or close to Dhanmondi?,DisSapo1ntment,2,2,positive,0.15416666666666667,dhaka,2025-11-18 06:47:48,Technology
A level students,Hot-Effective5484,7,4,neutral,0.018750000000000003,dhaka,2025-11-18 05:14:35,"Education, Career/Jobs, Shopping/Commerce, Technology, Infrastructure"
Kinda unemployed,smolcatfis,12,13,neutral,-0.049999999999999996,dhaka,2025-11-18 04:41:03,"Health/Medical, Technology"
Need One plus 15,MentionAdmirable1902,2,1,neutral,0.0,dhaka,2025-11-18 04:37:24,Shopping/Commerce
Afraid to attend job interview,Great-Object1436,3,7,negative,-0.4375,dhaka,2025-11-18 04:07:46,"Career/Jobs, Technology"
Please recommend me a shop/page that can bring thr Fisher Price DJ Table for Kids at lowest price from USA!,AnirbanPaca,1,3,neutral,0.0,dhaka,2025-11-18 02:50:10,Shopping/Commerce
Hair salon/parlor suggestions,MacaroonNo3569,3,3,positive,0.1,dhaka,2025-11-18 01:58:54,Technology
Bangladesh Court Orders Death Penalty for Ex-PM Hasina Over Deadly 2024 Uprising,shadrack_CK,5,0,neutral,-0.1,dhaka,2025-11-18 01:56:01,"Shopping/Commerce, Food/Restaurants, Politics/Government"
how to gain experience early,SwordfishHealthy3565,3,2,neutral,0.09014756944444445,dhaka,2025-11-18 00:44:33,"Education, Career/Jobs, Technology"
"Where can I find good quality shoes, particularly block heels?",AnirbanPaca,4,6,neutral,0.25666666666666665,dhaka,2025-11-18 00:28:23,"Career/Jobs, Shopping/Commerce, Real Estate, Infrastructure"
Hasina's verdict,AggressiveRange6553,1,1,positive,0.09583333333333333,dhaka,2025-11-18 00:25:59,"Food/Restaurants, Politics/Government, Sports, Technology"
Need help with a 'theory of sets' mathematical problem.,Nipu2,4,5,neutral,0.0014705882352941137,dhaka,2025-11-18 00:01:31,"Education, Career/Jobs, Sports, Technology, Infrastructure"
"আছি, কিন্তু যেন নেই।",Mean-Spinach7355,9,14,positive,0.05562169312169312,dhaka,2025-11-17 23:58:26,"Relationships, Technology"
We need to talk about the border killing issue happening at the Indian border.,kindred_eldtrich,26,11,neutral,-0.02403846153846154,dhaka,2025-11-17 23:42:51,"Career/Jobs, Shopping/Commerce, Technology"
Awami League 🥱,rohanur69,0,8,neutral,0.0,dhaka,2025-11-17 23:27:27,"Politics/Government, Sports"
Looking for terrible but expensive restaurants in Dhaka. For recommending to an old enemy.,AlternativeMetal2017,3,2,neutral,-0.2333333333333333,dhaka,2025-11-17 22:41:35,"Food/Restaurants, Real Estate"
Pantheon?,aunnyglitch,2,6,negative,-0.17500000000000002,dhaka,2025-11-17 22:17:29,Other
do you guys know any wired earphones with good mic quality in dhaka,ghumkhor,5,12,positive,0.5666666666666667,dhaka,2025-11-17 22:15:01,"Technology, Real Estate"
Bhawal resort / Any resort for couple,Glittering-Tear-8017,9,55,neutral,0.007499999999999995,dhaka,2025-11-17 22:12:58,"Relationships, Real Estate"
I need suggestion from senior of mbbs student of any Divisional Medical,PaintingCreepy5444,7,3,neutral,0.0,dhaka,2025-11-17 22:05:06,"Education, Health/Medical"
অনলাইন কোচিং,Street_Event_2631,1,5,neutral,0.0,dhaka,2025-11-17 21:45:12,Other
medical aspirant next year,closetedluvergurl,2,1,neutral,0.0034722222222222203,dhaka,2025-11-17 21:18:34,"Education, Health/Medical, Technology"
Secret garden as a wedding venue?,swan_lake81,4,0,negative,-0.30000000000000004,dhaka,2025-11-17 21:17:18,"Relationships, Food/Restaurants, Technology"
Getting flowers for my gf,Eastern-Look-8143,5,13,positive,0.09814814814814815,dhaka,2025-11-17 20:12:46,"Career/Jobs, Relationships, Food/Restaurants, Technology, Infrastructure"
help me figure out,Frequent_Craft5676,8,38,neutral,0.032244318181818186,dhaka,2025-11-17 20:11:54,Relationships
Chittagong Port Update,RazzmatazzStrict,8,15,neutral,0.0,dhaka,2025-11-17 19:49:14,Other
Is there any place at mirpur other than cafes for hangout?,tasara-panda-09020,6,7,positive,0.005681818181818177,dhaka,2025-11-17 19:01:39,Food/Restaurants
Can someone provide Deshbd dc server invite,yahoo_olivia,1,2,neutral,0.0,dhaka,2025-11-17 18:32:28,Other
how are people affording to study outside,Temporary_Heart1018,65,87,positive,0.09107142857142857,dhaka,2025-11-17 18:20:20,"Education, Politics/Government"
I’m tired of struggling… but I’m still trying. Need some honest advice.,nafisa_q,10,22,neutral,0.0691358024691358,dhaka,2025-11-17 17:41:33,Technology
Shower Gel,Sparrow_tora_999,20,25,positive,0.31666666666666665,dhaka,2025-11-17 17:36:41,Shopping/Commerce
Asking for opinion,PracticalGur7035,15,23,neutral,0.03214285714285714,dhaka,2025-11-17 17:10:38,"Education, Career/Jobs, Relationships"
MTO,Candid-Ad-1951,3,4,neutral,0.0,dhaka,2025-11-17 17:04:15,Career/Jobs
Sheikh Hasina's Judgement,RazzmatazzStrict,5,90,positive,0.19166666666666665,dhaka,2025-11-17 16:52:23,"Politics/Government, Technology"
Hard time,Puzzleheaded_Mine992,6,6,positive,-0.06770833333333334,dhaka,2025-11-17 16:51:50,Other
Failed HSC Twice Can I Still Get Into a Private University in Bangladesh,ResponsibleFudge8955,2,9,neutral,-0.17291666666666666,dhaka,2025-11-17 16:46:56,"Education, Technology"
Ladies: hair parlor?,TurbulentCup5219,6,9,negative,-0.2,dhaka,2025-11-17 16:06:46,"Shopping/Commerce, Technology"
Testaurants like Izakaya,999baseballs,2,9,neutral,0.0,dhaka,2025-11-17 15:59:21,Food/Restaurants
Is a foldable laptop table actually useful?,Suspicious_Cheek3878,4,5,positive,0.2520833333333333,dhaka,2025-11-17 15:32:01,"Education, Shopping/Commerce, Technology"
Just to know how you guys figure it out.,Abir_Islam,2,18,positive,0.09375,dhaka,2025-11-17 15:24:19,Technology
Ousted Bangladesh PM Sheikh Hasina sentenced to death for crimes against humanity,Power-Equality,78,41,neutral,0.0,dhaka,2025-11-17 14:56:28,"Food/Restaurants, Technology"
Twilight at 60kmph,Equivalent_Doubt_969,20,1,neutral,0.0,dhaka,2025-11-17 14:39:55,Other
Sending sensitive medicine like Insulin to Madaripur (Village),7uckingMadMan,5,2,positive,0.18928571428571428,dhaka,2025-11-17 14:09:15,"Health/Medical, Real Estate"
Bachelors in china,LilNoirito,5,8,positive,0.06666666666666667,dhaka,2025-11-17 13:34:32,Education
Perfume suggestion under 2000 taka,_parrot_king0,13,12,positive,0.35,dhaka,2025-11-17 13:24:04,Other
Hangout place suggetion!,Equal-Love-4701,3,1,positive,0.2737244897959184,dhaka,2025-11-17 13:23:15,"Relationships, Real Estate"
Need simple healthy meals I can cook alone.,Due_Calligrapher2742,11,10,positive,0.1754120879120879,dhaka,2025-11-17 13:01:33,"Education, Relationships, Health/Medical, Food/Restaurants, Real Estate, Infrastructure"
Miss Universe Bangladesh 2025 Hype,FinalGeneration,39,73,neutral,0.0,dhaka,2025-11-17 11:51:29,Other
মেট্রো,Master-Asparagus7789,2,4,neutral,0.0,dhaka,2025-11-17 11:04:35,Other
Visiting Bangladesh after 10 years best food,Noobiepoobie853,3,12,positive,0.575,dhaka,2025-11-17 10:41:56,"Travel/Tourism, Food/Restaurants"
Where can I find this type of half-zip cable knit sweater in Bangladesh?,beingElias,34,27,positive,0.12416666666666668,dhaka,2025-11-17 10:31:56,"Shopping/Commerce, Food/Restaurants, Real Estate"
My Android Cellphone got stolen.,Iori3310,6,11,positive,0.10625,dhaka,2025-11-17 08:23:11,Technology
Pakistani Planning to do mbbs from Bangladesh,timespaceweb,27,39,positive,0.09285714285714286,dhaka,2025-11-17 06:19:51,"Education, Health/Medical, Technology, Real Estate"
Bangladesh vs India Football Match,OdysseusWit,3,2,neutral,-0.012499999999999997,dhaka,2025-11-17 05:55:37,"Shopping/Commerce, Sports"
Effective support system,No-Scientist-8273,7,8,positive,0.4571428571428571,dhaka,2025-11-17 03:13:18,Technology
Music Band suggestions??,IMSALTY-Real,1,10,positive,0.190625,dhaka,2025-11-17 02:50:02,Relationships
Do you believe in jinn? I want to hear your real experiences,Last-Engineering-649,50,130,positive,0.18392857142857144,dhaka,2025-11-17 02:36:30,"Relationships, Technology, Real Estate"
How to deal with emotionally and physically abusive father during admission phase,strangerthings8989,4,5,neutral,0.004166666666666666,dhaka,2025-11-17 02:03:25,"Education, Infrastructure"
Can deliverymen see what you have ordered?,Legitimate_Sky5632,4,3,negative,-0.0875,dhaka,2025-11-17 01:54:54,Shopping/Commerce
NID Permanent Address Correction,CaffineIsGood,7,1,positive,0.1,dhaka,2025-11-17 01:45:26,Technology
How do you deal with Anxiety?,SquareProtonWave,6,10,negative,-0.06875,dhaka,2025-11-17 01:32:13,Health/Medical
MAT(25-26),Interesting-Bag-3210,5,9,neutral,0.0,dhaka,2025-11-17 00:58:40,"Education, Health/Medical"
Can you tell me about BRTA?,internet_godfather,6,4,positive,0.13124999999999998,dhaka,2025-11-17 00:58:09,Technology
"Bengali in rome,italy",Beginning-Bar-1138,2,0,positive,0.125,dhaka,2025-11-17 00:38:59,"Education, Relationships"
Asking for Marriage to Wali,GoingHypersonic,11,8,positive,0.13839285714285715,dhaka,2025-11-17 00:38:58,Relationships
When do medical colleges open for the next batch in bangladesh 2026,No-Yogurtcloset9949,2,6,neutral,0.0,dhaka,2025-11-16 23:45:36,"Education, Health/Medical"
ডিবেট শিখার কোনো অর্গানাইজেশন ঢাকায় আছে?,Total_Advertising975,5,11,neutral,0.0,dhaka,2025-11-16 23:10:12,Real Estate
Farmgate to BAF Shaheen Kurmitola,Twha_Khan,2,6,positive,0.1,dhaka,2025-11-16 22:56:58,"Education, Travel/Tourism, Technology"
Laptop Issue,Longjumping-Fly-480,3,2,neutral,-0.002705627705627706,dhaka,2025-11-16 22:28:19,"Career/Jobs, Relationships, Health/Medical, Shopping/Commerce, Technology, Real Estate"
how to be an independent woman in bangladesh,closetedluvergurl,41,28,neutral,-0.048095238095238094,dhaka,2025-11-16 22:14:54,"Education, Real Estate, Infrastructure"
Suggestion on buying mechanical Keebs.,Flat_Age_5777,2,5,positive,0.09214285714285712,dhaka,2025-11-16 21:47:25,"Shopping/Commerce, Real Estate"
Coding Partner,ElegantSwimmer3726,5,26,positive,0.06946969696969697,dhaka,2025-11-16 21:38:14,Technology
Gym Flings!,Almostfamous_02,41,58,negative,-0.09226562499999999,dhaka,2025-11-16 21:10:37,Relationships
Casio buying,Mahmud_Emon,3,3,positive,0.1875,dhaka,2025-11-16 21:07:55,Shopping/Commerce
I WANNA KNOW ABOUT JAGANNATH UNIVERSITY,Competitive-Rate-951,28,50,neutral,0.0,dhaka,2025-11-16 20:59:00,Education
"I’m soft, I’m tired, I’m trying and that’s enough. My heart is loud, even if my presence isn’t.",h_sadia,24,12,neutral,-0.03559027777777778,dhaka,2025-11-16 20:46:28,"Travel/Tourism, Food/Restaurants, Technology, Real Estate"
How to start?,Physical-Fact-7191,7,6,neutral,0.0,dhaka,2025-11-16 20:09:16,Technology
Want to learn to cook,LessTell,12,21,positive,0.39999999999999997,dhaka,2025-11-16 20:06:26,Food/Restaurants
Attempting,WasteCrow8280,0,23,neutral,0.0,dhaka,2025-11-16 19:35:17,Other
how do i make money?,StrangeFile8991,19,38,positive,0.08555672268907563,dhaka,2025-11-16 19:25:39,"Education, Technology"
Medical emergency 🦺,Hot-Tangerine3979,6,6,positive,0.07954545454545454,dhaka,2025-11-16 19:18:37,"Health/Medical, Travel/Tourism, Real Estate"
Tax law firm in Dhaka,Agile-Lifeguard-2063,3,5,positive,-0.024999999999999994,dhaka,2025-11-16 18:32:44,"Food/Restaurants, Politics/Government, Technology, Real Estate"
Earbuds Battery Replacement ( Soundpeats Capsule 3 pro),Advanced_Budget7301,2,4,neutral,0.05,dhaka,2025-11-16 17:58:39,"Shopping/Commerce, Food/Restaurants"
আমি বই পড়তে খুব ভালোবাসি। কিন্তু আমার ইংলিশ স্কুল লাইফ তেমন স্ট্রং ছিল না—তাই কিছু ইংলিশ বই বুঝতে সমস্যা হয়।,zawad_zarirrr,0,27,neutral,0.0,dhaka,2025-11-16 17:41:18,Technology
Gym location,redwizzardalastor,2,1,positive,0.3,dhaka,2025-11-16 16:24:59,"Technology, Infrastructure"
"Where do I buy authentic shampoos, deodorants and lotions?",External_Pen4135,3,2,neutral,0.25,dhaka,2025-11-16 16:14:34,"Shopping/Commerce, Technology"
টাকা বাদে জীবনে কোন একটা জিনিস আপনি সবচেয়ে বেশি চান?,Aaliynah550,43,133,neutral,0.0,dhaka,2025-11-16 15:59:18,Other
I need suggestions on male skincare products?,kindred_eldtrich,2,28,positive,0.1,dhaka,2025-11-16 14:15:41,Shopping/Commerce
Guitar,garlicbread0_0,3,16,neutral,0.0,dhaka,2025-11-16 13:58:06,Shopping/Commerce
BD🇧🇩 vs India🇮🇳 Match Ticket for Sale!,Opposite_Extension13,1,1,positive,0.10625,dhaka,2025-11-16 13:01:03,"Shopping/Commerce, Sports, Technology"
Perfumes,omerhabib44,4,16,positive,0.35,dhaka,2025-11-16 12:50:35,"Shopping/Commerce, Real Estate"
CBT for intrusive thoughts,aurora_100,7,10,positive,0.11249999999999999,dhaka,2025-11-16 12:49:45,"Career/Jobs, Health/Medical"
When will HSC happen?,Mean_Common_5269,3,8,neutral,0.0,dhaka,2025-11-16 12:31:54,"Education, Technology"
Life of a loser,Mysterious-Fly-9194,30,51,positive,0.05063492063492063,dhaka,2025-11-16 11:40:28,"Education, Food/Restaurants, Technology"
Self enjoyment,ElegantSteak7738,5,79,positive,0.2,dhaka,2025-11-16 11:19:40,Other
Where can I find cakes that taste amazing and have creative designs?,callmeIFTY,6,10,positive,0.47500000000000003,dhaka,2025-11-16 10:37:09,"Shopping/Commerce, Food/Restaurants, Real Estate"
অনেক বাংলাদেশি অভিবাসীর সবচেয়ে বড় বাধা প্রায়ই তাদের নিজের কমিউনিটিই হয়। একটি সাম্প্রতিক ঘটনা দেখিয়েছে—কীভাবে একজন লোক ব্যক্তিগত বিরোধের কারণে নতুনদের সাহায্য করার জন্য তৈরি একটি সাপোর্ট গ্রুপকে নিজের ইচ্ছামতো গেটকিপিং করছিল। বিষয়টি জানার পরও সিনিয়র সদস্যরা গুরুত্ব দিয়ে দেখেননি,jbttss,3,6,negative,-0.08333333333333333,dhaka,2025-11-16 10:32:02,Other
Lonely,Top-Slide-4095,5,27,neutral,-0.0875,dhaka,2025-11-16 10:31:02,Other
PPT expert needed.,raj_monir15,5,8,neutral,0.0,dhaka,2025-11-16 09:26:29,Food/Restaurants
Is there any local bus route using T.T.Para Underpass?,Treasure_Crusho,1,1,neutral,0.0,dhaka,2025-11-16 08:28:46,Infrastructure
Anybody have a good ayer mach or corsula recipe?,Maximum-Evening3904,2,1,positive,0.6,dhaka,2025-11-16 07:31:30,Food/Restaurants
Winter clothes,itzfaria,5,9,positive,0.32499999999999996,dhaka,2025-11-16 03:30:21,"Shopping/Commerce, Real Estate"
Struggling as an Artist,peedeepeesucks,6,10,neutral,0.039814814814814824,dhaka,2025-11-16 02:56:11,"Career/Jobs, Technology"
Seeking Investment to Scale My Small E-commerce Brand (Bangladesh) — Need Guidance &amp; Partners,ledlips6214,2,1,neutral,-0.09649152930402931,dhaka,2025-11-16 02:53:14,"Career/Jobs, Shopping/Commerce, Food/Restaurants, Technology, Real Estate, Infrastructure"
Any Bangladeshi living in oman here? Needed help,zebrina1,17,8,positive,0.07194444444444445,dhaka,2025-11-16 02:10:43,"Technology, Real Estate"
Where to invest 15k bdt as a student,dest_v18,2,6,neutral,0.0,dhaka,2025-11-16 01:55:49,Education
Do guys find girls with nose piercings attractive?,sabia__,56,133,positive,0.8,dhaka,2025-11-16 01:43:15,Other
Does anyone else think that people of this generation is intellectually poor?,Outrageous-Being7136,42,51,neutral,-0.1690018315018315,dhaka,2025-11-16 01:06:59,"Education, Relationships"
Quiet places near Dhaka,NefariousnessOk7185,2,15,positive,0.10833333333333334,dhaka,2025-11-16 00:48:15,"Food/Restaurants, Real Estate"
Random question,Dizzy_Sky_3350,31,148,positive,0.016666666666666663,dhaka,2025-11-16 00:23:46,Other
CA ki khub hard?,light_yagami004,5,7,negative,-0.20416666666666666,dhaka,2025-11-15 23:17:25,Other
Trying to collect foreign currency notes — where can I actually get my first ones in Dhaka?,Inevitable-Koala6828,2,3,neutral,0.06690082282913165,dhaka,2025-11-15 22:58:02,"Education, Travel/Tourism, Shopping/Commerce, Technology, Real Estate"
I GOT FIRED FROM MY JOB AT THE FIRST DAY,goinnbackto505,299,207,neutral,0.0955357142857143,dhaka,2025-11-15 21:49:52,"Career/Jobs, Health/Medical, Shopping/Commerce, Food/Restaurants, Politics/Government, Technology, Real Estate"
Web series,Responsible_Ad8408,2,6,positive,0.2,dhaka,2025-11-15 21:38:17,Other
Need advise,Shorkarjak,0,6,neutral,0.0,dhaka,2025-11-15 21:31:01,Other
Opinions on Rajshahi Uiversity?,noorbeer,2,1,neutral,0.025,dhaka,2025-11-15 21:13:34,"Education, Career/Jobs, Technology, Infrastructure"
Remote Video Editor Wanted,Arman_hossainalif,6,1,positive,0.1125,dhaka,2025-11-15 20:59:54,"Career/Jobs, Food/Restaurants, Technology"
Financial Suggestions,RespectFull4922,2,7,positive,0.2333333333333333,dhaka,2025-11-15 20:34:10,Other
App that shows live Bangladesh Railway train positions - Find My Train: Bangladesh,jgainbd,87,21,positive,0.13451704545454546,dhaka,2025-11-15 20:13:56,"Career/Jobs, Travel/Tourism, Shopping/Commerce, Technology, Infrastructure"
Any good lighter er dokan?,ivodidalha,1,3,neutral,0.35,dhaka,2025-11-15 19:53:07,"Shopping/Commerce, Technology"
Suggest me a trusted service center for desktop motherboard in Multiplan/IDB,gigamind_sajid,3,1,neutral,-0.08750000000000001,dhaka,2025-11-15 19:22:52,Technology
"A Salafi Bangladeshi scholar is actively calling for jihad, destabilising three countries—Bangladesh, India, and Myanmar. As you can see in the video, the leadership of Jamaat-e-Islami and the BNP are enjoying this speech.",New_Edge360,8,2,neutral,0.09166666666666667,dhaka,2025-11-15 19:16:02,"Politics/Government, Sports"
The truth about Delwar Hossain Sayeedi,_syhumm_,0,12,neutral,0.0,dhaka,2025-11-15 18:41:02,Technology
Weekend activities in city like Dhaka?,PatientHistorian7459,7,37,positive,0.0875,dhaka,2025-11-15 18:39:33,"Education, Real Estate, Infrastructure"
Volunteering,Trick_Copy_5402,3,10,neutral,-0.0048611111111111095,dhaka,2025-11-15 18:18:17,"Education, Career/Jobs, Technology, Real Estate"
Can I use a phone-taken photo (edited for formality) for university applications?,Extension_Force7563,3,5,positive,0.15,dhaka,2025-11-15 18:03:12,"Education, Technology"
গীজার (geyser) কিনতে চাচ্ছি,Select-Day-873,9,23,negative,-0.375,dhaka,2025-11-15 17:46:00,"Shopping/Commerce, Food/Restaurants"
Does Milestone College charge extra fees for taking a TC?,Minimum-Afternoon323,3,1,neutral,-0.0009672619047619048,dhaka,2025-11-15 17:38:32,"Education, Technology"
when being deulu is the only solution,Odd_Science208,3,1,neutral,0.0,dhaka,2025-11-15 17:33:40,Other
how to get thailand visa by december,mehehuuuuh,4,1,neutral,0.0,dhaka,2025-11-15 17:19:51,"Technology, Real Estate"
প্রথমবার থাইল্যান্ড,Single-Cat8043,9,10,neutral,0.0,dhaka,2025-11-15 17:18:52,Other
should i change schools and take commerce?,vernoniestacos,4,3,neutral,-0.005364583333333332,dhaka,2025-11-15 17:11:09,"Education, Career/Jobs, Food/Restaurants, Technology, Real Estate"
indoor plants,Ruthmila,5,5,neutral,0.0,dhaka,2025-11-15 16:13:48,Other
F1,IllustriousArmy7201,23,33,neutral,0.0,dhaka,2025-11-15 16:07:37,Real Estate
2026 Referendum (গণভোট),Ark_rivia,14,13,neutral,0.029166666666666674,dhaka,2025-11-15 15:59:06,Politics/Government
I have 2 lakhs to invest | need suggestions to generate 30k–50k/month within 2–3 months (Bangladesh),Aggravating-Jury9096,0,29,positive,0.06836297760210805,dhaka,2025-11-15 15:57:33,"Career/Jobs, Shopping/Commerce, Technology, Real Estate, Infrastructure"
Ideology,IllustriousArmy7201,2,15,negative,-0.125,dhaka,2025-11-15 14:58:58,Other
"My grandfather (Nana) told my mom when she was a child that laughing too loudly would make her sinful and made her recite an Arabic verse whenever she laughed. Even normal laughter made her stop midway and quickly recite the verse, believing she had sinned.",the-machine-m4n,70,38,positive,0.24678030303030302,dhaka,2025-11-15 14:40:15,Technology
Am I experiencing PTSD after the earthquake?,Infinite-Sector-8694,6,9,neutral,0.036,dhaka,2025-11-22 22:52:24,Other
Animals during earthquake,ReplacementEarly5784,5,3,neutral,0.0,dhaka,2025-11-22 21:05:56,"Technology, Real Estate"
Confused!! HSC-26,Alternative_Lake9445,6,11,neutral,-0.2875,dhaka,2025-11-21 10:25:03,"Education, Technology"
NCP is shit fake !,Hot_Key2000,153,101,positive,-0.11875,dhaka,2025-11-21 08:02:31,"Education, Career/Jobs"
why bangladesh still dont have one nfc card for all transport,RudeUse100,3,3,neutral,0.03160511363636364,dhaka,2025-11-19 21:10:39,"Career/Jobs, Technology, Real Estate, Infrastructure"
"Looking for SSD Suggestions Under 5,000 Taka (Bangladesh) - M.2 2280 PCle 3/4 x4 NVMe, 512GB",Traditional-Pop2769,1,0,positive,0.13619047619047617,dhaka,2025-11-19 13:36:53,"Career/Jobs, Shopping/Commerce, Technology"
Explosions by square hosptial 4:30 ish pm,noticeofseizure,7,3,neutral,0.05,dhaka,2025-11-17 16:49:30,Other
Trimmer suggetion,Suvojit_Sarker,0,11,neutral,0.0,dhaka,2025-11-15 14:30:21,Other
Dog walking jobs?,Lopsided-Vanilla9925,4,2,positive,0.06249999999999999,dhaka,2025-11-15 13:58:58,"Career/Jobs, Relationships, Technology"
Higher Study in USA,Greedy_for_attention,9,21,positive,0.19345238095238093,dhaka,2025-11-15 13:56:55,Education
A hypothetical situation,Lopsided-Sun-904,0,17,neutral,0.021428571428571422,dhaka,2025-11-15 13:27:39,Politics/Government
Will GTX 750ti 2gb be a good deal at 4000 taka?,Sanwarhosen,0,18,positive,0.5,dhaka,2025-11-15 13:18:54,Shopping/Commerce
💇🏿‍♂️Where can i do Dread locks and how much it costs,MajesticAside4012,1,5,positive,0.2,dhaka,2025-11-15 13:06:02,Technology
How do i start?,itsokaybutyes,1,14,neutral,0.024999999999999994,dhaka,2025-11-15 12:58:50,"Career/Jobs, Infrastructure"
VPS / RDP under 15$/year,Tricky-Design-8982,0,4,neutral,0.0,dhaka,2025-11-15 11:31:07,"Career/Jobs, Technology"
pop culture,IllustriousArmy7201,1,0,neutral,0.0,dhaka,2025-11-15 11:22:55,Other
any pet food shop owners / pages want to import authentic Royal Canin Wetfood?,Plastic_Comedian_615,2,0,neutral,0.2982142857142857,dhaka,2025-11-15 10:56:26,"Shopping/Commerce, Food/Restaurants"
Car for commercial use,Working-Piece-9165,3,3,positive,0.16666666666666666,dhaka,2025-11-15 10:13:03,Other
"Should I Do a Master’s/PhD Abroad? Average Student, No Passion, Married, and Scared to Go Alone",IDidTry-003,7,7,neutral,0.046871031746031744,dhaka,2025-11-15 09:58:30,"Education, Career/Jobs, Relationships, Politics/Government, Technology, Real Estate, Infrastructure"
i want to change my name. how much it would cost me in court?,StrangeFile8991,30,39,neutral,0.15000000000000002,dhaka,2025-11-15 09:50:17,Politics/Government
দ্বিধার অবসান চাই,Mkhasan280,1,1,neutral,0.0,dhaka,2025-11-15 09:34:01,Other
The call of universe,IllustriousArmy7201,6,9,positive,0.1,dhaka,2025-11-15 08:04:29,Technology
If anyone know about quantitative content analysis please share your knowledge with me,miku_miuuu,3,1,neutral,0.0,dhaka,2025-11-15 06:11:36,"Education, Technology, Real Estate"
Some weird behaviour I have noticed as a bideshi whenever I am visiting Bangladesh.,Fast_Confection2192,80,25,neutral,-0.225,dhaka,2025-11-15 05:16:16,"Career/Jobs, Travel/Tourism, Technology"
Wife is very mean and rude to other,Swimming_Crew_5054,125,86,neutral,-0.13456473214285716,dhaka,2025-11-15 03:23:15,"Education, Career/Jobs, Relationships, Health/Medical, Food/Restaurants, Real Estate"
Some advice for 1st year uni student for life and upcoming future,nirobaction,2,4,neutral,0.0,dhaka,2025-11-15 02:30:32,Education
Kind of stuck in my own thoughts,BitSignificant6707,3,4,positive,0.3980769230769231,dhaka,2025-11-15 02:25:36,"Education, Technology, Real Estate"
SOP/Motivation letter,MissionOlive257,4,3,neutral,-0.027380952380952384,dhaka,2025-11-15 02:22:40,"Technology, Infrastructure"
How can I archive all comments from a Facebook post?,No-Volume2455,3,2,positive,0.1125,dhaka,2025-11-15 02:05:36,Other
Rental problems in dhaka,Routine_Product_19,3,0,neutral,0.0,dhaka,2025-11-15 00:50:24,Real Estate
Who will win?,ughnaf,3,1,positive,0.5625,dhaka,2025-11-15 00:08:18,Politics/Government
jacket,Poseidon-005,3,4,neutral,0.0,dhaka,2025-11-14 23:52:38,Real Estate
Best neckband in 2k BDT,akira_hoque-1123,3,1,positive,0.85,dhaka,2025-11-14 23:32:33,Other
i need your suggestions!,totothecatto,13,22,negative,-0.0922222222222222,dhaka,2025-11-14 23:25:15,"Education, Career/Jobs, Health/Medical, Technology"
do universities here accept just 2 a level subjects?,Slight-Flight-9364,3,7,neutral,0.0,dhaka,2025-11-14 23:21:02,Other
Lil help needed with a university survey for an assignment,Impossible-Fail336,3,0,positive,0.07113095238095238,dhaka,2025-11-14 22:55:19,"Education, Technology"
Is it possible to be a visionary politician in Bangladesh?,kindred_eldtrich,0,15,positive,0.051099941724941735,dhaka,2025-11-14 22:32:40,"Education, Technology, Infrastructure"
"Desh e thekeo dekhsi, desher baire thekeo dekhsi, I recommend never being born",heavygrin,74,17,negative,-0.16666666666666666,dhaka,2025-11-14 22:24:10,Technology
"Mood swings , Anger issues",Dismal-Ad-9648,3,5,negative,-0.625,dhaka,2025-11-14 22:04:46,Health/Medical
So..I took some pictures,Gold_Pipe9289,69,14,positive,0.15,dhaka,2025-11-14 22:03:40,Other
ISP Around Hatirpool,Dismal-Ad-9648,1,0,neutral,1.850371707708594e-17,dhaka,2025-11-14 22:02:06,"Technology, Real Estate"
"Anyone applied to US knows if we need 9,10,11,12th result",Ok_Design2355,3,2,neutral,0.04000000000000001,dhaka,2025-11-14 21:49:22,"Education, Shopping/Commerce, Technology"
Is vaping really that bad?,dii_hann,0,20,neutral,-0.14499999999999996,dhaka,2025-11-14 21:33:34,Technology
how does game rental pages work?,1kyst,2,1,negative,-0.3506944444444445,dhaka,2025-11-14 21:28:00,"Career/Jobs, Sports, Real Estate"
Motivation ✴️✨,Jumpy-Selection-7728,12,36,positive,0.5,dhaka,2025-11-14 21:15:56,Food/Restaurants
Need suggestions,Mkhasan280,33,35,neutral,0.0,dhaka,2025-11-14 20:33:31,Other
Swimming Lessons in Mirpur,Existential_Dread_GG,3,4,negative,-0.115625,dhaka,2025-11-14 20:26:55,Other
Mon kharap,Outside_Raspberry587,18,116,neutral,0.0,dhaka,2025-11-14 20:26:21,Other
Best IEM in 1.5k BDT,Nunu_Chus,4,25,neutral,0.5,dhaka,2025-11-14 20:03:28,Other
Cost of psychiatrist/ counselor in Dhaka,Green_Elephant7510,3,13,positive,0.1,dhaka,2025-11-14 20:00:21,Real Estate
Driving training and licences,CautiousAd6705,6,10,positive,0.07083333333333335,dhaka,2025-11-14 19:32:54,"Technology, Infrastructure"
Stress relief,Jumpy-Selection-7728,7,35,neutral,0.0,dhaka,2025-11-14 18:36:44,Other
Need psychiatrist,Ok-Youth4228,11,20,positive,0.35,dhaka,2025-11-14 17:13:40,"Health/Medical, Politics/Government, Real Estate"
My view on Dhaka,Top_Ad1064,50,59,negative,-0.09829365079365078,dhaka,2025-11-14 16:34:39,"Real Estate, Infrastructure"
Business ideas 💡,No-Diver1470,4,3,positive,0.15,dhaka,2025-11-14 16:21:20,"Education, Career/Jobs, Shopping/Commerce, Real Estate, Infrastructure"
random November 3:24 PM thought,Extension_Force7563,17,44,positive,-0.024999999999999994,dhaka,2025-11-14 15:25:04,Other
Need stores that can solder to fix my controller (Ps5 controller),ElectronicValue8056,4,3,positive,0.18333333333333335,dhaka,2025-11-14 14:04:03,Shopping/Commerce
Home workout/ GYM,Apprehensive-Comb365,1,5,neutral,0.0,dhaka,2025-11-14 13:18:55,"Career/Jobs, Real Estate"
$5000 USD Cash for Student Visa (Initial Expense) - Best Rate at City Bank?,Worldly-Toe5476,5,3,positive,0.38208333333333333,dhaka,2025-11-14 13:03:24,"Education, Technology, Infrastructure"
"In our country, can no person legally (on paper) write themselves as non-religious? And can't two non-religious people legally marry without any hassle? What does our law say?",the-machine-m4n,66,48,neutral,0.13125,dhaka,2025-11-14 13:02:45,"Career/Jobs, Politics/Government"
Where can I sell old cloths?,LightCyndr14,0,6,positive,0.21666666666666667,dhaka,2025-11-14 12:49:37,Shopping/Commerce
Can someone attend HSC for a fourth time?,Frequent-Tie-6681,2,4,negative,-0.05357142857142857,dhaka,2025-11-14 12:23:33,"Education, Food/Restaurants, Technology, Real Estate"
Laptop recommendation to run Linux based OS,Minute-Flatworm1669,10,37,positive,0.2,dhaka,2025-11-14 11:52:55,"Career/Jobs, Technology"
Which payment gateway do you prefer for ecommerce?,Drawing-Live,5,9,positive,0.15416666666666665,dhaka,2025-11-14 11:40:04,"Career/Jobs, Relationships, Shopping/Commerce, Technology, Infrastructure"
Where can i find mikasa red scarf?,nil_nickel,10,9,neutral,0.0,dhaka,2025-11-14 11:37:44,Shopping/Commerce
Basabo Buddho Mondir,CodeAndCorrelation,116,12,neutral,0.0,dhaka,2025-11-14 10:55:35,Other
Where to buy shoes?,ChocolateAromatic648,4,15,neutral,1.850371707708594e-17,dhaka,2025-11-14 08:20:44,"Shopping/Commerce, Technology"
Daraz er 11.11 campaign e keu ki kisu kinsen?,Select-Day-873,3,1,neutral,0.05,dhaka,2025-11-14 02:21:28,"Shopping/Commerce, Technology"
Where can i buy these sort of sneakers🙂,sad_sugar_7,8,17,negative,-0.19375,dhaka,2025-11-14 01:23:01,"Shopping/Commerce, Real Estate"
Suggestions for Air Purifier for bedroom,Ok_Shelter8239,3,2,positive,0.2388888888888889,dhaka,2025-11-14 01:11:49,Technology
How to import watch?,SMBSAlif,1,3,neutral,-0.020833333333333332,dhaka,2025-11-14 00:47:46,Shopping/Commerce
CHAPPED LIP!!!!!,Both_Development4690,4,28,neutral,0.0,dhaka,2025-11-14 00:33:07,"Career/Jobs, Technology"
"Suggest me some 11.11 headphone,keyboard and mouse deals",deletedusssr,0,3,neutral,0.0,dhaka,2025-11-14 00:32:26,Technology
How do you usually get a bank internship in Bangladesh?,Interesting_Help_18,2,0,neutral,-0.10142045454545454,dhaka,2025-11-14 00:15:39,"Education, Career/Jobs, Technology"
Hair Fall Product - minoxidil review,Kim_KongNog,2,5,negative,-0.05249999999999996,dhaka,2025-11-13 23:46:55,"Shopping/Commerce, Technology, Real Estate"
