title,author,upvotes,comments,date,url
A Bangladeshi couple who died in the 9/11 attacks.,Maverick_00x,557,54,2025-11-11 15:31:13,https://i.redd.it/nht3sj3gkl0g1.jpeg
"For everyone who’s clueless about what’s happening, here’s the context.",StuckintheTraffic,490,308,2025-10-22 03:04:49,https://i.redd.it/tap5w3u15jwf1.jpeg
"Sitting on the passenger seat, the daughter is trying to feed some sweetlike food to her father, while they all were going out for a family ride on her father's rickshaw. New Market, Dhaka. © Al Forhad",mhadr,370,22,2021-01-10 21:23:03,https://i.redd.it/zc3k673wvia61.jpg
I think I finally understand why Indians get so much hate and why many Bangladeshis dislike them,forgotten-daoist,313,139,2025-10-05 23:09:24,https://www.reddit.com/r/bangladesh/comments/1nytum0/i_think_i_finally_understand_why_indians_get_so/
Multiple major fires in a week—something feels off about what’s happening in Bangladesh,ultrahex007,309,71,2025-10-18 20:55:38,https://i.redd.it/7ikv073gwvvf1.jpeg
The Dark Side of Bangladesh’s New Year Celebrations: Chhatra League’s Legacy of Sexual Harassment,MunzerTopu,275,54,2024-10-26 00:16:17,https://i.redd.it/u275e9vw1ywd1.jpeg
"Bangladesh's Ambassadoe Muhammad presented credentials to Burkina Faso's President Ibrahim Traoré, proposing direct cotton trade to boost Bangladesh’s textile industry &amp; open new markets for Burkina",VapeyMoron,268,33,2025-07-02 18:07:15,https://i.redd.it/7yq8jrlybgaf1.jpeg
"Drone Show Near Hatirjheel, in Celebration of Bangladesh’s Golden Jubilee of Independence and Development, depicting crucial projects and history of Bangladesh",an_ionic,248,84,2022-04-01 00:42:33,https://i.redd.it/48316ed4lrq81.jpg
Feeling gulity about not being able to stop eve teasing &amp; why we as a nation become this much judgemental to tease and harasse any women wearing saree??,Bubbly_Review_4932,232,77,2025-06-21 23:12:03,https://i.redd.it/875f5mcbcb8f1.jpeg
Bangladesh wins,HinduShibir,218,12,2025-11-18 22:49:47,https://i.redd.it/taw42xk2p12g1.jpeg
পোশাক নিয়ে কটুক্তিকারীকে জুতাপেটা করলেন তরুণী,AtikulIslam4142,207,93,2025-10-29 16:50:00,https://www.reddit.com/r/bangladesh/comments/1oj1995/পশক_নয়_কটকতকরক_জতপট_করলন_তরণ/
"Jatrabari Massacre, 5 August, 2024. ",Environmental-Ad-344,194,134,2025-01-12 15:19:53,https://v.redd.it/nfhixwr76jce1
⚠️ Top-listed criminal shot dead in broad daylight,AtikulIslam4142,185,44,2025-11-10 14:55:29,https://v.redd.it/iolsj0w49e0g1
"Dhaka University’s Fuller Road, Sculptures of the Independence Struggle were destroyed.",Equivalent_Dog_3891,182,33,2025-08-12 05:34:53,https://www.reddit.com/gallery/1mnswfa
Proud ঢাবিয়ান,failure_as_a_sperm,169,39,2025-04-23 07:47:50,https://v.redd.it/1x20tvgmphwe1
"Lt. Col. Redwan, who shot students in Rampura-Banasree in July finally arrested",ultrahex007,155,13,2025-10-22 14:50:42,https://v.redd.it/80ns7yhzmmwf1
Hypocrisy among us in the current context of recent attacks on minorities.,DoodhBhaat,155,49,2024-08-11 23:56:27,https://www.reddit.com/r/bangladesh/comments/1epr10z/hypocrisy_among_us_in_the_current_context_of/
"[OC] TSC,Dhaka University (source: myself)",Fatema_Ruhee,153,17,2022-02-18 18:43:04,https://i.redd.it/vkh2dytl7li81.jpg
"Tomb of Pari Bibi, Lalbagh Kella, Puran Dhaka, Bangladesh",InterestingBD,150,6,2021-01-17 12:32:11,https://i.redd.it/t58x72qe7ub61.png
Two Girls Getting Attacked By An Old Man and 30 Others For Smoking (Details),ssj_iftekhar9001,142,82,2025-03-03 13:51:40,https://www.reddit.com/gallery/1j2dm2z
"Sculpture @ TSC, Dhaka University | Raju Memorial | I'm really proud of how really young people fought oppressive governments in the past, this sculpture captures that",yasserius,133,25,2021-12-30 19:43:25,https://i.redd.it/iv203krsoo881.jpg
Girls. WTF ?,eyesarepotato565,131,142,2025-09-10 03:01:38,https://www.reddit.com/r/bangladesh/comments/1ncv141/girls_wtf/
I'm a Bangladeshi indie game developer who quit my job to work on my own game. AMA!,Krons-sama,130,87,2025-09-17 12:14:47,https://www.reddit.com/r/bangladesh/comments/1nj5fhh/im_a_bangladeshi_indie_game_developer_who_quit_my/
Garments workers clash with police at Tejgaon after police fires bullets and tear gas shells at the workers' movement in demand of arrears of salaries and bonuses; 8 workers severely injured from firing,sheikhnews,129,18,2021-03-18 20:11:57,https://v.redd.it/wwskbjq0osn61
BCL Cadre Nokib Ashraf Chowdhury has made abusive and inflammatory remarks about NSU student who distributed iftar to Bihari people.,redwanhossain6333,128,79,2025-03-28 21:58:18,https://i.redd.it/pknwsuaodgre1.jpeg
CUCSU Shibir candidate Akash Das says the victim is also to be blamed in the recent BUET rape case,AntiAgent006,126,71,2025-10-22 18:33:02,https://i.redd.it/gztqdsknqnwf1.jpeg
"A peanut seller counts his loss as his Tk3,000....",Plastic_Repeat_995,124,6,2025-11-09 15:56:35,https://i.redd.it/cktvhqjve70g1.png
Regarding the BUET incident and our stance on the matter,ImperialOverlord,119,21,2025-10-22 13:10:25,https://www.reddit.com/r/bangladesh/comments/1od1gdy/regarding_the_buet_incident_and_our_stance_on_the/
I made some line route maps for each of the planned Dhaka Metro lines,jahinzee,119,20,2024-01-09 12:31:58,https://jahinzee.github.io/Unofficial-Dhaka-Metro-Rail-Line-Maps#m1---kamalapur-to-dhaka-airport-and-purbachal-terminal
Imagine if Dhaka still looked like this...,maproomzibz,117,32,2025-10-20 01:47:40,https://i.redd.it/shw7y3ieh4wf1.png
Which restaurant would it be in Dhaka?,Saif10ali,112,36,2025-11-15 20:39:13,https://i.redd.it/b9pbuoyy891g1.jpeg
DU student takes his own life after being falsely accused of blasphemy and labeled an atheist,Cezanne_,108,55,2025-06-10 13:15:02,https://i.redd.it/lxjg7qbzt16f1.png
"New Market, Dhaka, Bangladesh",RF_Xafi_1999,107,17,2020-03-29 16:53:48,https://i.redd.it/qch7fzn8elp41.jpg
"As a Hindu Bangladeshi, it's so hard to have conversations with people about Bangladesh",LeadingSea6037,107,28,2025-10-25 11:54:42,https://www.reddit.com/r/bangladesh/comments/1ofjxl6/as_a_hindu_bangladeshi_its_so_hard_to_have/
"Today's editorials in Pakistan's Dawn (""Ties That Bind"") and Tribune (""Reset with Dhaka"") on the FM’s BD visit expose their mindset. Both dismiss 1971 as a mere ""tragedy,"" avoiding true apology for genocide. Not shockingly, their tone mirrors their own collaborators’ stance!",TasinMAHDI,106,32,2025-08-27 09:07:55,https://www.reddit.com/gallery/1n1629s
A Letter to Young Bangladeshis,giantskyman,100,208,2024-07-26 15:20:36,https://www.reddit.com/r/bangladesh/comments/1ecjq0q/a_letter_to_young_bangladeshis/
"Elephants on the march, Pilkhana, Dhaka (1904) by Fritz Kapp. Dhaka Nawab's Garden, now known as Paribagh and Shahbagh. The path between Pilkhana and the jungle, through which the elephants traversed (adjacent to Dhaka New Market), later became a public road named Elephant Road. (Source: Wikipedia)",grbprogenitor,99,16,2023-11-08 23:10:08,https://i.redd.it/llb5ffk9o5zb1.png
"The light man- TSC,Dhaka",Sushmoy07,97,6,2019-05-26 12:06:53,https://i.redd.it/rkl7of9evh031.jpg
More of this please!!,Cezanne_,95,12,2025-03-10 14:11:11,https://i.redd.it/8q1z4kxtltne1.png
During July revolution vs After July revolution,announcement35,94,13,2025-03-07 01:40:28,https://www.reddit.com/gallery/1j542mt
Puran Dhaka,azeltrak,91,4,2020-11-24 14:46:58,https://i.redd.it/4ngz9j48i5161.jpg
"Happy Victory Day, Bangladesh! This is Minan, vice-principal of Magnolia International School, Malibagh. The photo was taken by Shahadat Parvez, on 23rd March 2007, near Dhaka University.",mohiemen,90,2,2020-12-16 16:01:15,https://i.redd.it/tku0q43lvi561.jpg
After the Rise of Neo-Razakars at Dhaka University: A Night to Remember the Spirit of Liberation...,TasinMAHDI,89,10,2025-08-07 13:45:13,https://www.reddit.com/r/bangladesh/comments/1mjtusw/after_the_rise_of_neorazakars_at_dhaka_university/
Recently visited Bangladesh. Some photos. Loved it.,anirbansaha782,89,12,2023-02-01 22:13:21,https://www.reddit.com/r/bangladesh/comments/10qyk4t/recently_visited_bangladesh_some_photos_loved_it/
A rant about Islamists claiming the entire Revolution as if it's their Dad's property.,Tanksfly1939,85,34,2024-08-20 14:47:52,https://www.reddit.com/r/bangladesh/comments/1ewqlkq/a_rant_about_islamists_claiming_the_entire/
Horrifying fire at Khilgaon Taltola,VapeyMoron,83,7,2025-02-21 22:16:58,https://v.redd.it/5t9w86g3pike1
ডাকসু এবং অন্যান্য নির্বাচনে ছাত্র শিবিরকে ভোট দিবেন যে কারণে,fogrampercot,83,41,2025-09-07 20:15:02,https://www.reddit.com/r/bangladesh/comments/1nauanz/ডকস_এব_অনযনয_নরবচন_ছতর_শবরক_ভট_দবন_য_করণ/
"Students of Ideal, Dhaka colleges reach peace agreement; City College missing from truce effort",Necessary-Hunt6104,82,24,2025-11-09 15:53:45,https://i.redd.it/srzvgb2le70g1.png
Mercury ke medicine hisebe sell kortese,Fluid-Tour-2129,81,32,2025-10-30 20:07:01,https://v.redd.it/wupzu0bw99yf1
Kinda proud of this pic I took a couple of days ago,ComfyNeo,81,7,2025-09-12 20:30:31,https://i.redd.it/zcl2ba65vqof1.jpeg
"The ""Secular Bangladesh"" wall painting in TSC has been vandalized",DoodhBhaat,81,21,2024-08-12 20:38:16,https://www.reddit.com/gallery/1eqf63v
‼️Crude bombs exploded at 4 locations in Dhaka,AtikulIslam4142,80,25,2025-11-10 15:37:37,https://i.redd.it/j7we8xhoge0g1.jpeg
Bashundhara City Shopping Complex decorated for Pohela Boishakh,minhazTechy,79,5,2019-04-23 11:32:54,https://i.redd.it/ctqmnq4v9yt21.jpg
Thoughts on this decision to not sell cigarettes to women?,No-Invite1267,78,104,2024-01-10 11:46:23,https://i.redd.it/3x6337jmwjbc1.jpeg
Dhaka Nights — Hatirjheel,king_king_2000,78,11,2019-01-18 20:37:29,https://i.redd.it/1gduz9do07b21.jpg
"TSC, DU",TahsinTariq,76,4,2023-11-13 16:32:22,https://i.redd.it/ean34cxse30c1.jpg
Heartwarming to see so many little kids donating whatever they had from their plastic piggy banks. This was captured at the TSC Relief Collection Booth,abcrafsan,73,7,2024-08-24 10:32:46,https://i.redd.it/2gz10p7eijkd1.jpeg
Everything Wrong With Lifespring,Better-Cake8790,72,20,2024-01-19 21:23:16,https://www.reddit.com/r/bangladesh/comments/19alitm/everything_wrong_with_lifespring/
"Mob besieges, storms Shahbagh Police Station demanding release of man arrested for harassing female DU student",jodhod1,69,27,2025-03-06 05:53:05,https://www.tbsnews.net/bangladesh/mob-besieges-storms-shahbagh-police-station-demanding-release-man-arrested-harassing
Dhaka Metro costs 5 times India's: Jica review sought to cut millions,Necessary-Hunt6104,69,23,2025-10-26 11:35:12,https://i.redd.it/u7tqzoxq7exf1.jpeg
"Dear Bangladeshi brothers, please take care not to harm us",SquarePromise2707,67,36,2025-09-21 16:28:52,https://www.reddit.com/r/bangladesh/comments/1nmoi8c/dear_bangladeshi_brothers_please_take_care_not_to/
Pedestrian killed as bearing pad falls from Farmgate metro station; train operations suspended,Necessary-Hunt6104,67,10,2025-10-26 13:49:13,https://i.redd.it/ieiuysmnvexf1.jpeg
Shibir volunteering and assisting admission candidates,minhazul98535,67,55,2025-02-15 14:30:13,https://i.redd.it/1zj7stock9je1.jpeg
HISTORIC VICTORY FOR THE COUNTRY!!!,Plastic_Repeat_995,66,9,2025-11-18 22:50:10,https://www.reddit.com/r/bangladesh/comments/1p0h1s7/historic_victory_for_the_country/
Great Goal from Brazilian Dorielton for Bashundhara Kings in the Bangladesh Premier League,badbd09,66,7,2023-01-14 03:49:14,https://v.redd.it/njguq3pqkvba1
Join the Dhaka-Noakhali long march against rape and the culture of impunity in Bangladesh. It will start today morning sharp at 9:30 from Shahbag and end tomorrow in Noakhali. Hope to see you there.,jamaljcd,65,2,2020-10-16 06:39:38,https://i.redd.it/k9i5wztvrct51.jpg
"DU Student Harassment Victim Receives Rape-Murder Threats, Case Withdrawn",Cezanne_,65,9,2025-03-07 00:03:46,https://v.redd.it/9ivg0gwxz3ne1
BNP needs to get into populist politics FAST (I’m a DU student),throwaway11152127,65,40,2025-09-19 08:00:43,https://www.reddit.com/r/bangladesh/comments/1nkr1pv/bnp_needs_to_get_into_populist_politics_fast_im_a/
He Trusted a Girl Online....Almost Paid With His Life.,ShadowProfiler-I,64,36,2025-09-11 20:33:38,https://www.reddit.com/r/bangladesh/comments/1neagi0/he_trusted_a_girl_onlinealmost_paid_with_his_life/
What's the Source of Institutional Pride?,Pro_Fullstack,64,68,2025-07-07 01:28:35,https://www.reddit.com/r/bangladesh/comments/1lt9r6o/whats_the_source_of_institutional_pride/
Wedding Ring to Escape Rape Case,AtikulIslam4142,63,5,2025-10-22 20:05:21,https://www.reddit.com/r/bangladesh/comments/1od97pv/wedding_ring_to_escape_rape_case/
Horrible experience at Dhaka to Dubai flight with emirates,Former-Type1623,63,35,2025-10-07 17:09:50,https://www.reddit.com/r/bangladesh/comments/1o0bqov/horrible_experience_at_dhaka_to_dubai_flight_with/
"Khawaja Nazimuddin, Premier of Bengal in British India and Chief Minister of East Bengal (Later Governer General and Prime Minister of Pakistan) posing for Vogue at his family's ancestral home, Ahsan Manzil, Dhaka. (1947)",AnimalNo7484,63,37,2021-10-08 14:44:41,https://i.redd.it/xdevdnjuv6s71.jpg
The Daily Star Caught Red-Handed using AI-written Article,AtikulIslam4142,63,19,2025-11-02 18:19:22,https://www.reddit.com/r/bangladesh/comments/1omftpq/the_daily_star_caught_redhanded_using_aiwritten/
Kittens Up for Adoption.,snakesyle16,63,9,2025-07-15 17:34:25,https://www.reddit.com/gallery/1m0fdp0
Why Are People So Polarized?,fogrampercot,63,65,2025-10-22 07:12:57,https://www.reddit.com/r/bangladesh/comments/1ocutck/why_are_people_so_polarized/
"Child Musa, who was shot in uprising, finally opens his eyes after 4 months of treatment",MunzerTopu,63,1,2024-11-17 00:14:04,https://i.redd.it/7j2hcrak1b1e1.jpeg
July Uprising's iconic 'saluting rickshaw-puller' Sujon collects NCP nomination form from Dhaka-8,Necessary-Hunt6104,62,58,2025-11-20 20:24:11,https://i.redd.it/2pc0cviw8f2g1.jpeg
Wtf is happening in Bangladesh?,General-Dog4722,62,55,2025-10-11 19:45:52,https://www.reddit.com/r/bangladesh/comments/1o3w1pj/wtf_is_happening_in_bangladesh/
There’s no transparency,ahmedgotthecrack,59,20,2024-09-05 07:14:42,https://i.redd.it/pkrwx8f26wmd1.jpeg
"Kittens for Adoption, i live in Puran Dhaka if you or someone you know wanna adopt a Kitten, contact me.",MonkeyDJas,58,13,2022-01-07 16:08:27,https://i.redd.it/33ygsuxpp8a81.jpg
Google Street View got updated in Dhaka,cutepup123,56,11,2023-12-09 19:29:37,https://www.reddit.com/r/bangladesh/comments/18edmqj/google_street_view_got_updated_in_dhaka/
Probe blames pilot error for Milestone crash; all Air Force training to shift outside Dhaka,PrintRealistic6750,55,25,2025-11-05 16:36:41,https://i.redd.it/50k19bjm2fzf1.png
Why do our national subreddits have such low member counts?,the-machine-m4n,53,85,2025-09-08 19:21:39,https://www.reddit.com/r/bangladesh/comments/1nbnlbk/why_do_our_national_subreddits_have_such_low/
‘No one stood up for her’: Bus helper arrested for hitting woman,fogrampercot,53,13,2025-10-31 16:35:59,https://www.thedailystar.net/news/bangladesh/news/no-one-stood-her-bus-helper-arrested-hitting-woman-4023751
"Dhaka, Bangladesh",VapeyMoron,53,9,2025-08-25 23:30:45,https://i.redd.it/hdovi0i3x5lf1.jpeg
I Love My Country (Happy Victory Day!),protoy12,52,40,2022-12-16 15:33:38,https://www.reddit.com/r/bangladesh/comments/znas8u/i_love_my_country_happy_victory_day/
"Serial killings on 3 places, pieces packed in carton boxes",VapeyMoron,52,12,2025-04-04 23:19:15,https://i.redd.it/vu02t6yhquse1.jpeg
Chhatro League attacking at the EWU university,CMRC23,51,4,2018-08-06 11:25:45,https://v.redd.it/m6e1ulmhree11
DU Fine Arts Dept Prepares Bamboo Sculpture of Fallen ‘Dictator’ for Noboborsho Rally,ultrahex007,50,11,2025-04-09 00:17:16,https://i.redd.it/sihhkrthknte1.jpeg
Why is Bangladesh so shitty?,Vigilante-225,50,49,2025-10-23 09:24:56,https://www.reddit.com/r/bangladesh/comments/1odsu0i/why_is_bangladesh_so_shitty/
When will we bring justice to Muniya?,Rashiq69,49,28,2024-08-16 02:01:23,https://www.reddit.com/r/bangladesh/comments/1et4xa3/when_will_we_bring_justice_to_muniya/
"Lalbagh Fort, Dhaka",ajran_adib139,48,4,2022-07-12 23:32:33,https://i.redd.it/0yfowqeia6b91.jpg
"""baap ka beta, sipahi ka ghora""",KopaShamsur,47,6,2025-09-10 19:42:06,https://i.redd.it/jlmr15shccof1.png
My Story,Budget_Platform_3736,47,37,2025-11-07 13:35:35,https://www.reddit.com/r/bangladesh/comments/1oqo6u5/my_story/
Sniping and Mysterious Deaths in Bangladesh,Euphoric_Ratio_8900,46,17,2024-10-08 04:37:15,https://www.reddit.com/r/bangladesh/comments/1fykrtx/sniping_and_mysterious_deaths_in_bangladesh/
I (26M) was invited to Bangladesh by someone I met while traveling,Fantastic_Dust_5926,44,21,2025-10-06 07:18:15,https://www.reddit.com/r/bangladesh/comments/1nz5tp4/i_26m_was_invited_to_bangladesh_by_someone_i_met/
Why did Mostakim Ahmed the buet radical got away with his intention to murder all minorities?,Feisty_Ostrich_608,44,36,2025-10-22 19:52:02,https://www.reddit.com/r/bangladesh/comments/1od8vej/why_did_mostakim_ahmed_the_buet_radical_got_away/
Chattogram Chinmoy Krishna Protest Thread &amp; Update,ktmxyt,41,52,2024-11-26 18:39:09,https://www.reddit.com/r/bangladesh/comments/1h0aw7e/chattogram_chinmoy_krishna_protest_thread_update/
What is it like to live in Bangladesh? What are the things you like and what are the challenges you face?,PolySci_Alpha,41,59,2021-10-21 08:57:54,https://www.reddit.com/r/bangladesh/comments/qchw30/what_is_it_like_to_live_in_bangladesh_what_are/
Is RETINA a Jamaati organization?,NoSpeaker324,39,24,2025-10-20 17:56:03,https://www.reddit.com/r/bangladesh/comments/1obh1sl/is_retina_a_jamaati_organization/
How did Shreeshanto Roy from BUET do these things without being noticed?,Astronomy_Boy,39,50,2025-10-22 01:49:55,https://www.reddit.com/r/bangladesh/comments/1ocn19p/how_did_shreeshanto_roy_from_buet_do_these_things/
An entity more powerful than our government,whyallusernamesare,38,24,2023-05-22 16:04:29,https://www.reddit.com/r/bangladesh/comments/13omku4/an_entity_more_powerful_than_our_government/
Visiting Dhaka follow up,rickkert046,37,14,2024-11-13 10:35:01,https://www.reddit.com/r/bangladesh/comments/1gq4w7n/visiting_dhaka_follow_up/
Looking for like minded people!,Sam_Monsterclaw,37,47,2025-10-18 21:24:14,https://www.reddit.com/r/bangladesh/comments/1o9yoha/looking_for_like_minded_people/
Most Bangladeshi Uncles/Aunties can't think rationally,Crowned_XD,37,6,2025-11-19 19:38:48,https://www.reddit.com/r/bangladesh/comments/1p17xd5/most_bangladeshi_unclesaunties_cant_think/
RMG workers block road in Uttara's Rajlokkhi over due wages,Necessary-Hunt6104,36,2,2025-10-15 12:49:35,https://i.redd.it/s2dva1gs28vf1.jpeg
DU students sing national anthem in protest over Shahbagh incident | The Daily Star,ImperialOverlord,36,7,2025-05-13 01:28:29,https://www.thedailystar.net/news/bangladesh/news/du-students-sing-national-anthem-protest-over-shahbagh-incident-3893181
Hatirjheel,creativeia2702,36,5,2018-11-02 01:14:54,https://i.redd.it/ed6617y2rrv11.jpg
Concerns over growing corruption among Bangladeshi student leaders,JordanChappel,35,37,2025-04-24 15:26:34,https://www.reddit.com/r/bangladesh/comments/1k6nyk5/concerns_over_growing_corruption_among/
How Yunus Deceived BNP at the Last Minute,Alone-Attention-2139,35,35,2025-11-15 18:31:25,https://www.reddit.com/r/bangladesh/comments/1oxqjxw/how_yunus_deceived_bnp_at_the_last_minute/
Mirpur fire,GarbageOk5239,34,8,2025-10-14 22:49:30,https://www.reddit.com/r/bangladesh/comments/1o6ku0r/mirpur_fire/
Should i go back to Bangladesh this summer as a Hindu woman studying abroad?,cillona363,34,78,2025-04-03 05:59:47,https://www.reddit.com/r/bangladesh/comments/1jq3vam/should_i_go_back_to_bangladesh_this_summer_as_a/
We have too many road signs placed with malicious intent,TomMarvoloRd,34,6,2024-03-19 14:49:15,https://www.reddit.com/r/bangladesh/comments/1bifmsb/we_have_too_many_road_signs_placed_with_malicious/
BIG NEWS: BUET Graduate Ridwan Noor Nafis Named Finalist in Global Architecture Competition,Agile_Ad7635,34,2,2025-07-04 01:43:04,https://i.redd.it/k3nop1tzppaf1.png
New lore in town: BSL regrets helping Hasbat,VapeyMoron,34,11,2025-03-24 21:53:36,https://i.redd.it/e8c1xtv6tnqe1.jpeg
Ahsan Manzil,Sushmoy07,33,18,2019-08-03 00:33:07,https://i.redd.it/v2c7jwabx2e31.jpg
"Dhaka airport fire: Businesses fear over $1 billion impact on imports, exports",Necessary-Hunt6104,33,3,2025-10-18 22:51:45,https://i.redd.it/q1kryyb5hwvf1.jpeg
What are your thoughts on Dhaka University goons?,shaant00,33,14,2025-05-23 14:09:36,https://i.redd.it/mndt0il3ph2f1.jpeg
My 28 months baby still not talking :(,Fancy-Day3847,32,17,2025-11-09 14:43:02,https://www.reddit.com/r/bangladesh/comments/1osedtk/my_28_months_baby_still_not_talking/
Safe to visit Bangladesh as a Pakistani?,Fondant_Decent,32,40,2025-08-29 16:02:21,https://www.reddit.com/r/bangladesh/comments/1n33alt/safe_to_visit_bangladesh_as_a_pakistani/
Cracks found at multiple Dhaka metro stations after quake despite DMTCL safety assurances,PrintRealistic6750,31,11,2025-11-22 13:02:49,https://i.redd.it/5wzjojxxbr2g1.png
Another earthquake hits Bangladesh. 3 times under 32 hours,Plastic_Repeat_995,31,13,2025-11-22 18:55:47,https://www.reddit.com/r/bangladesh/comments/1p3skiu/another_earthquake_hits_bangladesh_3_times_under/
Beside my home. @ Hatirjheel,creativeia2702,31,14,2018-05-24 20:51:56,https://i.redd.it/1ohh792ehtz01.jpg
At least eight policemen were injured in an attack by dozens of men on a convoy of New Market Police Station in an alleged attempt to snatch a Chhatra Dal leader arrested over the hacking of a businessman,VapeyMoron,31,13,2025-01-24 20:25:05,https://i.redd.it/kg8kl17mbyee1.jpeg
"Journalist beaten, phone smashed at BNP's Gulshan office",Necessary-Hunt6104,31,6,2025-10-19 21:33:56,https://i.redd.it/377gr42483wf1.jpeg
Foreign Student Questions,rutnafar,30,21,2021-10-06 20:49:20,https://www.reddit.com/r/bangladesh/comments/q2m0en/foreign_student_questions/
Wanna start a paintball business,SiaM_AhameD21,30,6,2025-10-25 21:54:04,https://i.redd.it/b0dkgm545axf1.jpeg
Why is it so hard to find sincerity in today’s marriage market?,Inside_Cucumber_591,30,32,2025-10-05 21:00:24,https://www.reddit.com/r/bangladesh/comments/1nyqh7l/why_is_it_so_hard_to_find_sincerity_in_todays/
Where can I buy football jerseys and not get scammed?,needsomeadvicebd,30,23,2021-06-18 10:51:18,https://www.reddit.com/r/bangladesh/comments/o2gymh/where_can_i_buy_football_jerseys_and_not_get/
"Free Game development workshop in TSC, DU. Everyone’s invited.",Wood-Peck,29,5,2022-06-20 13:23:08,https://i.redd.it/mk8bkuvq9q691.jpg
DU stutent withdraws eve teasing case facing threats of rape and murder,QuakeWok,29,3,2025-03-06 23:34:32,https://i.redd.it/tidp6qdsu3ne1.jpeg
It could be so much more..🥀,ramsosmaach,29,8,2025-05-31 21:06:57,https://i.redd.it/z9y1k3nuu44f1.jpeg
Were Kader Mollah and other executed or jailed Jamaat leaders truly guilty of committing war crimes?,tdoteditz_exe,29,49,2025-08-06 17:51:23,https://www.reddit.com/r/bangladesh/comments/1mj2iym/were_kader_mollah_and_other_executed_or_jailed/
From AUST to Tesla: Samiha Mustabin Begins New Role as Process Engineer.,El-che-Alif,29,11,2025-07-14 23:57:03,https://i.redd.it/5u2lgz6bpvcf1.jpeg
Abduction or staged drama?,AtikulIslam4142,29,31,2025-10-28 01:05:53,https://www.reddit.com/r/bangladesh/comments/1ohnd6w/abduction_or_staged_drama/
Why is Bashundhara Kings Women's team not called the Bashundhara Queens? ,Roqfort,28,11,2024-07-14 04:47:22,https://www.reddit.com/r/bangladesh/comments/1e2n33v/why_is_bashundhara_kings_womens_team_not_called/
‘৫ আগস্টে আমরা পুলিশ মেরে ঝুলিয়ে রেখেছি’,AtikulIslam4142,27,2,2025-10-30 18:16:37,https://www.reddit.com/r/bangladesh/comments/1ojy2iv/৫_আগসট_আমর_পলশ_মর_ঝলয়_রখছ/
"Without mentioning age or date of birth, how old are you?",ParityBit0110011,27,54,2021-07-16 13:09:59,https://www.reddit.com/r/bangladesh/comments/olbpme/without_mentioning_age_or_date_of_birth_how_old/
"Shadhinota shombho - right beside shahbag, everyone should visit! Historical place, i love the open and green space!",yasserius,27,5,2021-12-29 19:47:53,https://i.redd.it/noz1j3kokh881.jpg
DU student harassment: Library staff Arnab suspended,BubblyContribution60,25,0,2025-03-08 23:16:46,https://www.tbsnews.net/bangladesh/du-student-harassment-library-staff-arnab-suspended-1087656#ydhduzwt7afmwr2udfk6yte8z9qjejf
"How is the situation in Dhaka right now for moderate, agnostic/atheist women? Coming from a Bangladeshi immigrant woman who left in 2012 and hasn’t been back for an extended period of time since",nymeria_the_direwolf,25,17,2025-09-21 08:01:11,https://www.reddit.com/r/bangladesh/comments/1nmfw45/how_is_the_situation_in_dhaka_right_now_for/
What does it mean to be Bengali,ChubbyFruit,25,36,2025-07-19 05:55:14,https://www.reddit.com/r/bangladesh/comments/1m3hvuc/what_does_it_mean_to_be_bengali/
"Nawab Salimullah in a Darbar. — Ahsan Manzil, Dhaka, 15 October 1905",AnimalNo7484,25,4,2021-10-11 10:18:30,https://i.redd.it/k34fdn93zqs71.jpg
Justice for Mohosina atik,Mundane_Extension132,24,7,2025-10-17 21:06:15,https://www.reddit.com/r/bangladesh/comments/1o93tu1/justice_for_mohosina_atik/
"Unseen photographs of people struggling for liberation in 1971, which resulted in the creation of a sovereign Bangladesh.",TasinMAHDI,24,5,2025-08-29 16:56:51,https://www.reddit.com/r/bangladesh/comments/1n348p4/unseen_photographs_of_people_struggling_for/
Is it high time we should detach ourselves from this cursed country?,Due_Butterfly_2114,24,12,2025-10-03 13:29:44,https://www.reddit.com/r/bangladesh/comments/1nwsky2/is_it_high_time_we_should_detach_ourselves_from/
Massacre in Dhaka!,Gold1Smith,24,25,2025-11-06 17:12:20,https://i.redd.it/x1zd0mjxdmzf1.jpeg
Why doesn’t Bangladesh have a soft power strategy?,Lampedusan,24,29,2025-11-05 11:02:18,https://www.reddit.com/r/bangladesh/comments/1oou4fh/why_doesnt_bangladesh_have_a_soft_power_strategy/
Dhaka University's admission notice mentions Hijras as disabled,AntiAgent006,23,16,2025-10-30 21:55:31,https://i.redd.it/44ixesn2u9yf1.jpeg
How to stay safe in Dhaka while doing UG,Worth-Gene,23,17,2025-09-24 16:31:11,https://www.reddit.com/r/bangladesh/comments/1np8lmq/how_to_stay_safe_in_dhaka_while_doing_ug/
Ongoing Student Protest at KUET,Artistically_numb,23,2,2025-04-22 14:35:18,https://www.reddit.com/r/bangladesh/comments/1k51e56/ongoing_student_protest_at_kuet/
Jagannath University student found dead in Old Dhaka building,Necessary-Hunt6104,23,2,2025-10-19 20:27:04,https://i.redd.it/4bg1ia39w2wf1.jpeg
Asif Mahmud takes admission test for Masters in NSU,Vite699,23,8,2025-04-26 22:43:04,https://i.redd.it/blxpgr7qj7xe1.jpeg
Bangladesh vs Hong Kong: A heartbreak,Both-River-9455,23,15,2025-10-09 22:46:21,https://www.reddit.com/r/bangladesh/comments/1o2b35m/bangladesh_vs_hong_kong_a_heartbreak/
IUB student wins Wellcome Sanger Institute Prize 2019,rambobilai,23,0,2019-05-17 23:18:48,https://www.thedailystar.net/shout/news/iub-student-wins-wellcome-sanger-institute-prize-2019-1743847
"Will contest election from Dhaka, resignation depends on govt's decision: Asif Mahmud",PrintRealistic6750,22,12,2025-11-09 19:32:34,https://i.redd.it/qa0omg5oh80g1.jpeg
Body Painting in Dhaka street,koimia,22,5,2023-11-23 16:12:23,https://www.reddit.com/r/bangladesh/comments/181y3t8/body_painting_in_dhaka_street/
A rainy day @ Hatirjheel,creativeia2702,22,4,2018-05-25 08:07:46,https://i.redd.it/4ykb7uyytwz01.jpg
Higher study in Canada,Debashish37,22,7,2021-08-03 02:12:07,https://www.reddit.com/r/bangladesh/comments/owmsaa/higher_study_in_canada/
Why Markets around Bangladesh is called 'New Market'?,Forgotten_Seriously,22,13,2025-05-08 23:35:23,https://www.reddit.com/r/bangladesh/comments/1khw2cc/why_markets_around_bangladesh_is_called_new_market/
BNP's Shafiqul Islam likely to face Jamaat chief Shafiqur in Dhaka-15,PrintRealistic6750,21,7,2025-11-03 19:56:45,https://i.redd.it/7dmgyq5is1zf1.png
"6:35 pm, 18/05/2021, Malibagh ,Dhaka; ""গোধুলিতে ঢাকা, ঢাকা""",saikoopath,21,5,2021-05-18 18:53:28,https://i.redd.it/2k4i3gcvlvz61.jpg
good ol' bashundhara khata.,SmoothAd8796,21,5,2022-08-07 00:47:29,https://i.redd.it/af4ue5ho25g91.jpg
Mass protests against Noakhali gang rape in Shahbag.,jamaljcd,21,2,2020-10-05 16:24:23,https://v.redd.it/9iwvjk5x49r51
Another earthquake hits Dhaka,Plastic_Repeat_995,21,12,2025-11-22 13:12:57,https://www.reddit.com/r/bangladesh/comments/1p3mzd0/another_earthquake_hits_dhaka/
3 pedestrians crushed to death as building railing collapses in Old Dhaka during morning quake,Necessary-Hunt6104,21,2,2025-11-21 12:19:09,https://i.redd.it/0cpl9d2azj2g1.jpeg
Why is Awami League appeasing Hefazat-e-Islam?,bgd_guy,20,17,2020-07-30 21:09:43,https://www.reddit.com/r/bangladesh/comments/i0npa5/why_is_awami_league_appeasing_hefazateislam/
Govt covered up corruption of shipping ministry calling this letter fake - Zulkarnain,VapeyMoron,20,11,2025-05-17 00:08:12,https://i.redd.it/xu0ud2mip61f1.jpeg
How do I improve navigation skill in Dhaka city?,Weak_Garage_2293,20,33,2023-05-08 17:03:24,https://www.reddit.com/r/bangladesh/comments/13blojs/how_do_i_improve_navigation_skill_in_dhaka_city/
"Nawab Sir Khawaja Salimullah with local elites. — Ahsan Manzil, Dhaka, 1902.",AnimalNo7484,20,2,2021-10-11 10:22:00,https://i.redd.it/gilsniupzqs71.jpg
"Why is the Comilla, Noakhali and Chandpur regions so densely populated, outside of Dhaka region? I thought the whole Barisal and Khulna divisions were more dense",maproomzibz,20,9,2025-10-27 10:32:55,https://i.redd.it/q2kyw9ud1lxf1.png
Why isn't there that many good universities offering Textile Engineering in our textile industry led economy?,cthulhouette,20,23,2022-08-02 19:53:15,https://www.reddit.com/r/bangladesh/comments/wec9xr/why_isnt_there_that_many_good_universities/
"Bashundhara to turn 4 convention centres into 5,000 bed hospital",rambobilai,19,1,2020-03-30 02:12:37,https://www.dhakatribune.com/bangladesh/dhaka/2020/03/30/covid-19-pandemic-bashundhara-to-turn-4-convention-centres-into-5-000-bed-hospital
Challenges in Policing (part 2): Those who provide security live without dignity,AtikulIslam4142,19,4,2025-10-29 19:02:01,https://www.reddit.com/r/bangladesh/comments/1oj3wxl/challenges_in_policing_part_2_those_who_provide/
Unease at DU campus as some incidents reek of vigilantism,jodhod1,19,6,2025-01-07 13:46:19,https://www.thedailystar.net/campus/news/unease-du-campus-some-incidents-reek-vigilantism-3793676
How far back can you trace your ancestors?,ThinkingPugnator,19,151,2024-03-10 17:07:02,https://www.reddit.com/r/bangladesh/comments/1bb7vp7/how_far_back_can_you_trace_your_ancestors/
Is your family’s income halal?,United-Life7473,19,50,2025-10-27 19:55:45,https://www.reddit.com/r/bangladesh/comments/1ohf2mo/is_your_familys_income_halal/
Property inheritance to our child who is not a Bangladeshi citizen.,Hawk_KL01,18,15,2025-11-12 17:12:51,https://www.reddit.com/r/bangladesh/comments/1ov2e8w/property_inheritance_to_our_child_who_is_not_a/
"BAF Shaheen College, Dhaka",Plastic_Repeat_995,18,2,2025-11-04 15:22:45,https://www.reddit.com/gallery/1oo2xj2
visited Bangladesh,loserinlifee,18,3,2025-10-29 20:54:50,https://www.reddit.com/r/bangladesh/comments/1oj6ph0/visited_bangladesh/
"Students of 7 colleges give 4 hrs for resignation of DU pro-VC, 5 other demands",DangerousRefuse2982,18,7,2025-01-27 13:05:15,https://i.redd.it/9d061mzujhfe1.jpeg
Who dafak develops these university websites?,sanelde_senior,18,14,2025-05-25 23:25:36,https://www.reddit.com/r/bangladesh/comments/1kv7z7b/who_dafak_develops_these_university_websites/
Kittens for Adoption,snakesyle16,17,7,2025-07-16 19:44:58,https://www.reddit.com/gallery/1m1cz8q
NCP wants to change CAS - Faham Abdus Salam's Post,VapeyMoron,17,12,2025-03-23 15:35:16,https://www.reddit.com/r/bangladesh/comments/1jhvk14/ncp_wants_to_change_cas_faham_abdus_salams_post/
Please provide a logical suggestion for a probation student,Muftasimul_Dhrubo,17,15,2024-03-28 13:52:31,https://www.reddit.com/r/bangladesh/comments/1bppyqp/please_provide_a_logical_suggestion_for_a/
Bangladesh’s winter air pollution isn’t just “ours” it’s blowing in from India.,Stunning-Walk7366,17,5,2025-11-23 10:26:44,https://www.reddit.com/r/bangladesh/comments/1p4dhth/bangladeshs_winter_air_pollution_isnt_just_ours/
What are your honest thoughts on marriage in Bangladesh today?,BirdApprehensive9273,16,22,2025-10-25 05:15:55,https://www.reddit.com/r/bangladesh/comments/1ofcejn/what_are_your_honest_thoughts_on_marriage_in/
Today's Rain and TSC,iver_v,16,15,2023-03-19 21:45:36,https://www.reddit.com/r/bangladesh/comments/11vomvo/todays_rain_and_tsc/
Hopefully people wouldn't mind over these images! Tried to draw Hatirjheel and its surrounding areas using two different python packages.,redwanhossain6333,16,0,2023-05-21 11:35:20,https://www.reddit.com/gallery/13nk36d
What if Bangladesh actually had high-speed trains(250-350km/hour)?,SheehabMuhammad,16,35,2025-11-11 01:06:11,https://www.reddit.com/r/bangladesh/comments/1otmrhf/what_if_bangladesh_actually_had_highspeed/
"Fireworks, Lalmatia",TahsinTariq,16,2,2022-01-01 15:10:09,https://v.redd.it/suz418x3k1981
Dhaka University students throwing shoes at Trump and Netanyahu.,PickleKnown,15,9,2025-02-14 10:34:23,https://www.reddit.com/r/bangladesh/comments/1ip2lvm/dhaka_university_students_throwing_shoes_at_trump/
"Over a hundred primary school teachers were injured as police used batons, sound grenades, tear gas, and water cannons",Plastic_Repeat_995,15,3,2025-11-10 16:44:44,https://www.reddit.com/r/bangladesh/comments/1otal21/over_a_hundred_primary_school_teachers_were/
Jobless for 10 months now.. Anyone else going through a similar struggle?,Condizero,15,8,2025-10-18 00:59:14,https://www.reddit.com/r/bangladesh/comments/1o99yz9/jobless_for_10_months_now_anyone_else_going/
I need some mental support,JakeGyllenHaalz,14,20,2025-03-29 03:00:54,https://www.reddit.com/r/bangladesh/comments/1jm5jg0/i_need_some_mental_support/
Crude bombs exploded at four separate locations in Dhaka this morning (10 November),Plastic_Repeat_995,13,8,2025-11-10 16:06:55,https://www.reddit.com/r/bangladesh/comments/1ot9zry/crude_bombs_exploded_at_four_separate_locations/
Peace agreement before GTA VI,Sweaty_Topic8036,13,1,2025-11-10 21:13:17,https://i.redd.it/9zqr0tak4g0g1.jpeg
"Do or die match, lets support our country",agunergola2,13,5,2023-10-16 22:25:09,https://i.redd.it/dw9kvtgwalub1.jpg
An armed criminal was given medical treatment and let go by Police,VapeyMoron,13,3,2025-03-06 04:12:06,https://www.reddit.com/r/bangladesh/comments/1j4fmad/an_armed_criminal_was_given_medical_treatment_and/
"Students of DU, 7 colleges clash late into night | The Daily Star",ImperialOverlord,13,0,2025-01-27 12:40:29,https://www.thedailystar.net/news/bangladesh/crime-justice/news/students-du-7-colleges-clash-late-night-3809321
This lifespring guy is sus,Animus_Ex_Machina,13,18,2021-12-30 08:31:33,https://www.reddit.com/r/bangladesh/comments/rrq219/this_lifespring_guy_is_sus/
Decent Bars in Dhaka,mid20sman,13,7,2025-09-05 14:24:33,https://www.reddit.com/r/bangladesh/comments/1n8zlmr/decent_bars_in_dhaka/
BRAC/AIUB which is the best for CSE?,ifazrOadkill,12,23,2022-03-21 17:36:16,https://www.reddit.com/r/bangladesh/comments/tj9qrp/bracaiub_which_is_the_best_for_cse/
The Silent Commander: Farewell to Mustafa Mohsin Montu,TasinMAHDI,12,2,2025-06-16 13:32:19,https://www.reddit.com/r/bangladesh/comments/1lcmpbx/the_silent_commander_farewell_to_mustafa_mohsin/
Story of Medical Admission ,Alternative_Bad_1366,12,12,2025-01-17 22:10:55,https://www.reddit.com/r/bangladesh/comments/1i3ju2l/story_of_medical_admission/
Which online stores have delivery service in Bashundhara R/A?,dailmar,12,6,2023-04-06 15:36:04,https://www.reddit.com/r/bangladesh/comments/12deos8/which_online_stores_have_delivery_service_in/
What's with the low playing and park space in some areas of Dhaka?,Polo_G_Goat1999,12,2,2024-04-03 16:11:08,https://www.reddit.com/r/bangladesh/comments/1buoxry/whats_with_the_low_playing_and_park_space_in_some/
About freetime,Sungodnika04,12,23,2025-09-14 00:24:20,https://www.reddit.com/r/bangladesh/comments/1ng4ulr/about_freetime/
"TSC,Dhaka",0ldb0ymr0,12,2,2021-06-05 21:28:42,https://i.redd.it/ys9i3yhytg371.jpg
Lalbagh Fort,panic_structure,12,7,2022-07-27 09:09:28,https://i.redd.it/ez6me1k721e91.jpg
DUCSU 2025 - Analysis Of Shibir's Landslide Victory And Aftermath,fogrampercot,12,13,2025-09-12 03:40:24,https://www.reddit.com/r/bangladesh/comments/1nelg0n/ducsu_2025_analysis_of_shibirs_landslide_victory/
'We express solidarity with protests held at DU last night': Hasnat | The Daily Star,ImperialOverlord,12,2,2025-02-24 22:47:38,https://www.thedailystar.net/news/bangladesh/politics/news/we-express-solidarity-protests-held-du-last-night-hasnat-3832711
Feels like a rerun of 2024 US election!,Mammoth-Buyer-6939,12,11,2025-09-10 10:37:01,https://www.reddit.com/r/bangladesh/comments/1nd4xmg/feels_like_a_rerun_of_2024_us_election/
I think someone is trying to sell my land without my consent,ovi2wise,12,9,2025-01-20 14:00:29,https://www.reddit.com/r/bangladesh/comments/1i5lblo/i_think_someone_is_trying_to_sell_my_land_without/
How do you design a cashless Bangladesh?,Mwrp86,12,30,2023-08-03 20:17:05,https://www.reddit.com/r/bangladesh/comments/15h5hvq/how_do_you_design_a_cashless_bangladesh/
Why the r/Dhaka is almost twice as big as r/Bangladesh?,Plastic_Repeat_995,11,38,2025-10-22 08:30:32,https://www.reddit.com/r/bangladesh/comments/1ocwfdr/why_the_rdhaka_is_almost_twice_as_big_as/
Lalbagh fort,takubaba,11,1,2016-11-20 21:04:53,https://www.instagram.com/p/BM1EG1hgwnc/
How to negotiate with Apartment developers ?,sfsoak,11,6,2020-07-16 19:07:32,https://www.reddit.com/r/bangladesh/comments/hs9av2/how_to_negotiate_with_apartment_developers/
Relief Work for Flood victims,rambobilai,11,7,2017-08-18 22:33:05,https://www.reddit.com/r/bangladesh/comments/6uj01m/relief_work_for_flood_victims/
Seeking partner in crime,Advanced_Budget7301,11,14,2025-11-08 20:46:52,https://www.reddit.com/r/bangladesh/comments/1orr70a/seeking_partner_in_crime/
"Who is the true proclaimer of Bangladesh’s independence, and is there any need to argue about it?",TasinMAHDI,11,11,2024-11-03 18:29:48,https://www.reddit.com/r/bangladesh/comments/1gilr0c/who_is_the_true_proclaimer_of_bangladeshs/
Need advice: finding it hard to deal with my mindset about women,OrneryExpression6918,11,65,2025-09-07 11:48:28,https://www.reddit.com/r/bangladesh/comments/1nalc8n/need_advice_finding_it_hard_to_deal_with_my/
Reality of the Hsc Result,anonimosus12,11,10,2025-10-16 21:39:19,https://www.reddit.com/r/bangladesh/comments/1o89ilv/reality_of_the_hsc_result/
Bangladeshi cuisine,No-Plate-113,11,10,2025-10-09 14:52:16,https://www.reddit.com/r/bangladesh/comments/1o20u7m/bangladeshi_cuisine/
"DU, 7 colleges part ways at last | The Daily Star",ImperialOverlord,11,1,2025-01-28 01:44:45,https://www.thedailystar.net/news/bangladesh/education/news/du-7-colleges-part-ways-last-3809646
Am I a fool to be hopeful in my current situation?,Big-Chain3182,11,3,2025-02-19 14:14:29,https://www.reddit.com/r/bangladesh/comments/1it0j9o/am_i_a_fool_to_be_hopeful_in_my_current_situation/
[ Removed by Reddit ],Afff95,10,20,2023-03-18 21:55:31,https://www.reddit.com/r/bangladesh/comments/11us1uz/removed_by_reddit/
"Need a Part-Time Personal Assistant (Dhaka-Based, Remote)",ovosmans89,10,17,2025-10-11 11:54:05,https://www.reddit.com/r/bangladesh/comments/1o3ntho/need_a_parttime_personal_assistant_dhakabased/
Is getting a good partner really this hard in today’s era?,themrnotfound,10,21,2025-11-20 17:08:17,https://www.reddit.com/r/bangladesh/comments/1p20f94/is_getting_a_good_partner_really_this_hard_in/
Relationship advice,Famous_Divide6434,10,29,2025-10-15 11:29:13,https://www.reddit.com/r/bangladesh/comments/1o72m5n/relationship_advice/
Have you ever realized you loved someone too late?,Interesting_Age306,10,6,2025-10-29 15:34:01,https://www.reddit.com/r/bangladesh/comments/1oizzj2/have_you_ever_realized_you_loved_someone_too_late/
Awful Experience,snythxox,10,0,2025-10-20 16:46:24,https://www.reddit.com/r/bangladesh/comments/1obfvsy/awful_experience/
From Nimtoli 2010 to Mirpur 2025 – how many more fires will it take for Dhaka to wake up?,Redwanul-Haque2467,10,1,2025-10-16 09:32:48,https://www.reddit.com/r/bangladesh/comments/1o7vuj7/from_nimtoli_2010_to_mirpur_2025_how_many_more/
Attempt BCS or Try to move abroad ?,weirdcomponent,10,12,2025-09-09 12:58:37,https://www.reddit.com/r/bangladesh/comments/1ncc0jy/attempt_bcs_or_try_to_move_abroad/
Japan honours Bangladeshi ex-air chief for 1977 Tejgaon airport kidnapping negotiations,takubaba,10,0,2017-05-01 22:39:43,http://www.dhakatribune.com/feature/people-feature/2017/05/01/japan-air-chief-airport-kidnapping/
Blood donation required for wounded in Savar.,rambobilai,10,0,2013-04-24 17:43:04,https://www.reddit.com/r/bangladesh/comments/1d059g/blood_donation_required_for_wounded_in_savar/
Challenges in Policing (part 1): Inside the broken funding of BD police,AtikulIslam4142,10,2,2025-10-28 20:06:52,https://www.reddit.com/r/bangladesh/comments/1oiabnu/challenges_in_policing_part_1_inside_the_broken/
"The first female drummer of Bangladesh, Georgina Huq, performed at TSC on the eve of Victory Day.",takubaba,10,0,2016-12-16 22:38:30,http://www.dhakatribune.com/showtime/2016/12/16/first-bangladeshi-female-drummer-takes-stage-44-years/
how did protestors break the curfew on august 5th? (36th july),Single_Fig_5624,10,11,2024-08-25 03:00:09,https://www.reddit.com/r/bangladesh/comments/1f0fhkg/how_did_protestors_break_the_curfew_on_august_5th/
"Affordable, quiet and green: Electric shuttle buses set a model for Dhaka’s residential areas",Alone-Attention-2139,9,2,2025-09-12 19:17:18,https://www.tbsnews.net/features/panorama/affordable-quiet-and-green-electric-shuttle-buses-set-model-dhakas-residential
How do you consistently help yourself to be good all alone?,dhonbolsen,9,5,2025-09-08 20:49:06,https://www.reddit.com/r/bangladesh/comments/1nbprfi/how_do_you_consistently_help_yourself_to_be_good/
If you seek fund for your school/college/university education you may knock me,RunAffectionate1997,9,3,2025-09-11 02:36:50,https://www.reddit.com/r/bangladesh/comments/1ndpkvx/if_you_seek_fund_for_your_schoolcollegeuniversity/
Living alone at Dhanmondi,kebz1234,9,8,2021-10-10 00:17:26,https://www.reddit.com/r/bangladesh/comments/q4qtha/living_alone_at_dhanmondi/
Gas problem in puran dhaka,ThinkingPugnator,9,35,2023-01-17 20:58:17,https://www.reddit.com/r/bangladesh/comments/10ee9y7/gas_problem_in_puran_dhaka/
How do you manage your budget in Dhaka with Family and mid level pay?,UnlikelySecret2629,9,2,2025-09-20 15:01:45,https://www.reddit.com/r/bangladesh/comments/1nlta27/how_do_you_manage_your_budget_in_dhaka_with/
Scene of Dhaka in 1958.,TasinMAHDI,9,4,2025-09-22 14:36:33,https://www.reddit.com/r/bangladesh/comments/1nnh1cp/scene_of_dhaka_in_1958/
Luxury attractions in Bangladesh?,JaningPower,9,2,2015-04-21 09:02:09,https://www.reddit.com/r/bangladesh/comments/33bap8/luxury_attractions_in_bangladesh/
Sunset at Hatirjheel | Flickr,pani-hoi-jol,9,1,2016-11-04 00:07:55,https://www.flickr.com/photos/tanjil/30437933490/
Coaching for olevels,Rxspberries_,9,4,2024-11-17 16:34:02,https://www.reddit.com/r/bangladesh/comments/1gtauuf/coaching_for_olevels/
PRIVATE UNIS,Soul_Sniper_26,9,7,2025-11-01 23:31:12,https://www.reddit.com/r/bangladesh/comments/1oltqi9/private_unis/
Tips for future foreign visitors to Bangladesh - my experience,marble_god,9,12,2023-09-19 08:32:10,https://www.reddit.com/r/bangladesh/comments/16meyvc/tips_for_future_foreign_visitors_to_bangladesh_my/
Which countries should a tech graduate from bangladesh target? Study or Work,Superb_Safe_5950,9,23,2024-01-13 17:52:43,https://www.reddit.com/r/bangladesh/comments/195md5t/which_countries_should_a_tech_graduate_from/
Where can I find old board textbooks from 1995-2010?,Rar34943,9,5,2022-06-15 14:53:27,https://www.reddit.com/r/bangladesh/comments/vcq2n2/where_can_i_find_old_board_textbooks_from_19952010/
Spineless justice system of bangladesh,Due_Butterfly_2114,9,2,2025-10-04 00:54:17,https://www.reddit.com/r/bangladesh/comments/1nx7svp/spineless_justice_system_of_bangladesh/
Am i being too paranoid? Or it is what it is?(Khilgaon fire incident),Eastern_Honeydew_474,9,2,2025-02-22 00:01:01,https://www.reddit.com/r/bangladesh/comments/1iux85w/am_i_being_too_paranoid_or_it_is_what_it/
Where do I find good a good nanny?,ovi2wise,9,19,2025-06-15 17:31:08,https://www.reddit.com/r/bangladesh/comments/1lby68y/where_do_i_find_good_a_good_nanny/
Made a simple news aggregator for staying updated about Bangladesh 🇧🇩,namkhalinai,9,6,2025-10-18 07:15:30,https://bangladesh-news.pages.dev/
App that offers cheap meals in BD,Whole-Tie4978,9,8,2025-10-12 19:47:20,https://www.reddit.com/r/bangladesh/comments/1o4pijc/app_that_offers_cheap_meals_in_bd/
DMC student poses as 21 yr old girl to market his shady Discord group,Better-Cake8790,9,3,2023-12-26 19:02:26,https://www.reddit.com/r/bangladesh/comments/18r7ojm/dmc_student_poses_as_21_yr_old_girl_to_market_his/
Have any of you radically changed your political views since childhood?,bgd_guy,9,31,2020-09-11 13:00:38,https://www.reddit.com/r/bangladesh/comments/iqlnz9/have_any_of_you_radically_changed_your_political/
Ahsan Manzil Dhaka 1975,erepresent,9,0,2022-10-06 23:07:24,https://www.reddit.com/r/bangladesh/comments/xxah7l/ahsan_manzil_dhaka_1975/
"Today at Bashundhara R/A. Another road accident, Another life gone.",hellcat_010,9,3,2019-03-19 14:34:18,https://i.redd.it/pp4fisale1n21.jpg
Need advice,Gold-Tomato-3484,9,7,2025-09-20 02:20:29,https://www.reddit.com/r/bangladesh/comments/1nlecc7/need_advice/
"A mask stall (New Market Area, Dhaka /Thursday 1/04/2021)",syntax_error_1025,9,0,2021-04-06 22:15:51,https://i.redd.it/kdoqqacpvkr61.jpg
Your Top 5 Trusted Phone Shops in Dhaka,Electrical_Example28,8,4,2025-11-18 07:05:16,https://www.reddit.com/r/bangladesh/comments/1ozy9e3/your_top_5_trusted_phone_shops_in_dhaka/
Dhaka Birdwatching ঢাকায় বার্ডওয়াচিং,Macula-Densa,8,3,2025-09-17 06:28:36,https://www.reddit.com/r/bangladesh/comments/1niymh0/dhaka_birdwatching_ঢকয_বরডওযচ/
"After last night, students and traders clash again in Dhaka New Market area",Loose-Ad3281,8,10,2022-04-19 19:22:11,https://www.thedailystar.net/news/bangladesh/news/after-last-night-students-and-traders-clash-again-dhaka-new-market-area-3007726
The Last Hours of Dictator Hasina: A Tale of Desperation,Hsanity,8,1,2024-08-06 13:59:01,https://www.reddit.com/r/bangladesh/comments/1elc1ef/the_last_hours_of_dictator_hasina_a_tale_of/
Wanting to study in Biotech or Biochem.,Consistent_Bell_7124,8,2,2025-10-31 21:03:29,https://www.reddit.com/r/bangladesh/comments/1okwzs7/wanting_to_study_in_biotech_or_biochem/
"Should I buy ""used"" phones from Jamuna Future Park?",Asmkhalid101,8,10,2023-09-03 15:35:13,https://www.reddit.com/r/bangladesh/comments/168sm4l/should_i_buy_used_phones_from_jamuna_future_park/
Live facebook feed - Clashes at bashundhara,Suvtropics,8,5,2018-08-06 15:18:32,https://www.facebook.com/100009795522427/videos/660872290915949/?hc_ref=ARTIUTIUbWGLQ_x2WHUVVaqnk5IeUna0XxEV2InUx1t1Q-yACCtZ_-tiDl6tn9k2L_U
What is wrong with the laptop market?,RED818,8,2,2020-09-03 01:33:32,https://www.reddit.com/r/bangladesh/comments/ildray/what_is_wrong_with_the_laptop_market/
Moghbazar explosion: Fire service DG primarily suspecting gas leakage,babushka,8,1,2021-06-28 02:16:24,https://www.thedailystar.net/bangladesh/news/6-dead-15-hurt-explosion-moghbazar-2119257
Audi launches Electric Vehicle charging station in Tejgaon,ktmxyt,8,4,2023-03-30 15:41:06,https://www.thedailystar.net/tech-startup/news/audi-launches-electric-vehicle-charging-station-tejgaon-3266861
[AskMeAnything] Hello CS undergrads and recent grads!,Consistent_Deer5403,8,27,2025-10-10 18:41:20,https://www.reddit.com/r/bangladesh/comments/1o2zt2c/askmeanything_hello_cs_undergrads_and_recent_grads/
Scammer maybe?,jeezy360not,8,3,2025-04-18 01:19:17,https://i.redd.it/xsbhuoer3gve1.png
Places to go for a nightout drive in dhaka,Showmik27,8,5,2025-10-10 05:15:19,https://www.reddit.com/r/bangladesh/comments/1o2kznd/places_to_go_for_a_nightout_drive_in_dhaka/
Help!,Shahriar-Sakib18,8,3,2025-02-10 23:02:29,https://www.reddit.com/r/bangladesh/comments/1imazd2/help/
What's ur opinion on DU criminology dept's professor?,No-Income8933,8,11,2025-03-09 17:46:06,https://www.reddit.com/r/bangladesh/comments/1j75y12/whats_ur_opinion_on_du_criminology_depts_professor/
"CSE Master admission tips and suggestions please / buet, du, ju",Sabhos29dm,8,1,2025-04-12 04:37:45,https://www.reddit.com/r/bangladesh/comments/1jx2nva/cse_master_admission_tips_and_suggestions_please/
Justice system: reformed or the same as before?,Zetafunction64,8,6,2025-05-28 10:39:46,https://www.reddit.com/r/bangladesh/comments/1kx8c5i/justice_system_reformed_or_the_same_as_before/
Why Shibir-backed candidates won the Ducsu polls,Alone-Attention-2139,8,1,2025-09-10 23:04:53,https://www.thedailystar.net/news/bangladesh/politics/student-union-election/news/why-shibir-backed-candidates-won-the-ducsu-polls-3982851
"No friends, loosing sanity",iam_tourist,8,5,2025-09-27 22:38:54,https://www.reddit.com/r/bangladesh/comments/1nrzsqv/no_friends_loosing_sanity/
"As Dhaka experiences an earthquake with a very close epicentre, here's what to do during any future earthquake or aftershock",tajul_islam,8,0,2025-11-21 15:14:26,https://www.dhakastream.net/explainer/drop-cover-and-hold-what-do-during-earthquake-187616
Seeking advice to get rid of excessive sweating,ais_21,8,14,2025-09-23 11:53:52,https://www.reddit.com/r/bangladesh/comments/1no9i0q/seeking_advice_to_get_rid_of_excessive_sweating/
Need suggestions for trusted shipping agents from China to Bangladesh,Drawing-Live,8,10,2025-09-22 16:40:41,https://www.reddit.com/r/bangladesh/comments/1nnj0yc/need_suggestions_for_trusted_shipping_agents_from/
"Dhaka today.... No, more like everyday.",biscute2077,8,0,2025-11-13 21:24:47,https://i.redd.it/biczw6icl11g1.jpeg
Authorities demolish Lalbagh Fort wall to build car park,ThatGuyBadIdeas,8,5,2015-06-28 17:47:18,http://www.dhakatribune.com/bangladesh/2015/jun/26/authorities-demolish-lalbagh-fort-wall-build-car-park?utm_content=buffer2bc2c&amp;utm_medium=social&amp;utm_source=facebook.com&amp;utm_campaign=buffer
"Bangla Outlook,Ali Riaz,Soros,Photo-Shahidu",Haunting_Piccolo_514,7,8,2025-02-10 16:16:08,https://www.reddit.com/r/bangladesh/comments/1im2wxx/bangla_outlookali_riazsorosphotoshahidu/
MSc in Management of Technology at Buet,Impossible_Vast_8814,7,9,2025-04-11 13:14:00,https://www.reddit.com/r/bangladesh/comments/1jwjywu/msc_in_management_of_technology_at_buet/
Fire at Dhaka airport's cargo section; Connecting the dots; Why does this whole thing feel so orchestrated?,Status_Revolution_25,7,3,2025-10-18 17:24:53,https://www.thedailystar.net/news/bangladesh/accidents-fires/news/fire-breaks-out-near-cargo-complex-dhaka-airport-4013021
Anyone know where can I find espresso 57 in cheap. In new market area. I am going to drink it with milk,KhondokarIbrahim,7,1,2025-06-17 21:18:14,https://i.redd.it/sntvox1d8i7f1.jpeg
Career Suggestion,No_Necessary_5021,7,2,2025-02-09 21:17:13,https://www.reddit.com/r/bangladesh/comments/1ilgwpg/career_suggestion/
Bashundhara’s Loan Rescheduling: Ahsan Mansur facilitating highway robbery in broad daylight?,Anxious_Flatworm7019,7,3,2025-03-07 21:41:06,https://www.tbsnews.net/economy/banking/bashundhara-can-avail-loan-rescheduling-down-payment-governor-1086416
Guys are there theory questions too in BUET and CUET admissions test? Or only mcq?,Ok-Company282,7,11,2025-06-19 23:40:43,https://www.reddit.com/r/bangladesh/comments/1lfgzqr/guys_are_there_theory_questions_too_in_buet_and/
First time travelling abroad and alone to find my ex in Dhaka,mizzorie,7,17,2025-06-19 21:37:20,https://www.reddit.com/r/bangladesh/comments/1lfdw51/first_time_travelling_abroad_and_alone_to_find_my/
Looking for Imported Cigarette shop in Dhaka,Big-Decision565,7,1,2025-04-07 20:36:02,https://www.reddit.com/r/bangladesh/comments/1jtmra2/looking_for_imported_cigarette_shop_in_dhaka/
Best place to get Braces(Teeth straightening) in Dhaka?,AlexGaming666,7,0,2022-07-30 20:03:20,https://www.reddit.com/r/bangladesh/comments/wby9bd/best_place_to_get_bracesteeth_straightening_in/
i got 1147 marks on ssc (science) id like some college suggestions,cheeryybombs,7,25,2025-07-23 21:56:52,https://www.reddit.com/r/bangladesh/comments/1m7d27l/i_got_1147_marks_on_ssc_science_id_like_some/
Any Duolingo users here in Dhaka?,Far-Following3742,7,11,2025-10-02 01:17:53,https://www.reddit.com/r/bangladesh/comments/1nvhnut/any_duolingo_users_here_in_dhaka/
Jatrabari murder case: CID files application to keep Tawhid Afridi in jail,Alone-Attention-2139,7,0,2025-08-30 15:56:28,https://www.tbsnews.net/bangladesh/crime/jatrabari-murder-case-cid-files-application-keep-tawhid-afridi-jail-1224106
Dhaka University’s latest priority: A hall for Pakistan’s visionary,uponpranbacha,7,2,2025-04-22 16:45:15,https://www.dhakatribune.com/bangladesh/dhaka/379335/rsc-demands-new-hall-named-after-allama-iqbal-in
Is it mandatory to answer from my compulsory subject at HSC (biology) in DU admission tests?,megaeonise,7,2,2025-05-16 22:41:40,https://www.reddit.com/r/bangladesh/comments/1ko5i44/is_it_mandatory_to_answer_from_my_compulsory/
"Shammo murder: Chhatra Dal locks DU academic, administrative buildings demanding whole-day mourning",Alone-Attention-2139,7,0,2025-05-15 21:17:11,https://www.tbsnews.net/bangladesh/jcds-black-badge-programme-du-sparks-students-concern-over-outsider-entry-1142911
WANNA KNOW ABOUT JNU,Competitive-Rate-951,7,12,2025-11-16 21:10:31,https://www.reddit.com/r/bangladesh/comments/1oyo3s8/wanna_know_about_jnu/
Admission for EM people,Specialist-Shoe-5880,7,8,2025-05-30 09:45:43,https://i.redd.it/rhfvqacecu3f1.jpeg
"ফ্যাক্টরি পুড়ে, বিমানবন্দর পুড়ে, নির্বাচন দিয়ে বাঁচান: বিটিএমএ সভাপতি | BTMA | Dhaka | Somoy TV",maifee,7,1,2025-11-04 19:40:09,https://youtu.be/vIWal0m-Wx8?si=SA8-gcWLyQuiIXZK
"Anybody got the ""Dhaka Racing 2003"" game?",VapeyMoron,7,3,2025-11-03 23:28:32,https://www.reddit.com/r/bangladesh/comments/1oni0r8/anybody_got_the_dhaka_racing_2003_game/
Any querier service to send iPad outside Dhaka.,muaz_moss,7,3,2025-11-10 07:03:44,https://www.reddit.com/r/bangladesh/comments/1ot0cii/any_querier_service_to_send_ipad_outside_dhaka/
Animal rescue/shelter in Dhaka?,Tall_Monster,7,2,2025-11-09 21:13:06,https://www.reddit.com/r/bangladesh/comments/1oslsdl/animal_rescueshelter_in_dhaka/
Jamuna Future Park,russelljohn,7,2,2013-10-31 09:47:01,http://www.flickr.com/photos/russelljohn/10489248673/
Best university in Bangladesh for doing MPH degree? Preferably private.,jacktheriddler,7,6,2022-04-13 19:09:11,https://www.reddit.com/r/bangladesh/comments/u2pygk/best_university_in_bangladesh_for_doing_mph/
"First meet our demands, then reopen New Market, say Dhaka College students",Loose-Ad3281,7,7,2022-04-21 19:05:46,https://www.thedailystar.net/news/bangladesh/news/first-meet-our-demands-then-reopen-new-market-say-dhaka-college-students-3008661
Hatirjheel,creativeia2702,7,2,2019-01-12 01:06:16,https://i.redd.it/9c5lcbt8eu921.jpg
BSF Push In: How an Assamese woman ended up in a slum in Dhaka,yasserius,7,2,2025-09-26 13:02:58,https://www.youtube.com/watch?v=ZgEDl_lpr5I
Where to buy ladies western clothing in Dhaka? Wide pants and shirts.,ElNinoMaravilla,7,14,2025-09-23 20:22:47,https://www.reddit.com/r/bangladesh/comments/1noir8i/where_to_buy_ladies_western_clothing_in_dhaka/
Anyone using Finasteride or Minoxidil? Need advice and good doctor recommendations,pulokjk,7,9,2025-11-08 23:36:09,https://www.reddit.com/r/bangladesh/comments/1orvd4f/anyone_using_finasteride_or_minoxidil_need_advice/
Its abt outfit,rrrihaaa,7,4,2025-11-12 01:12:08,https://www.reddit.com/r/bangladesh/comments/1ouihfn/its_abt_outfit/
Ahsan Manzil,takubaba,7,0,2016-11-14 17:54:15,https://www.instagram.com/p/BMv3lp5gjXm/
Places to get the best Mishti around Dhaka?,clarkeanator,7,8,2025-11-15 12:53:03,https://www.reddit.com/r/bangladesh/comments/1oxkzei/places_to_get_the_best_mishti_around_dhaka/
এ কেমন 'দায়িত্বশীলতা'! | Jatrabari Incident | Dhaka News | Somoy News Analysis,Mister-Khalifa,7,8,2023-04-29 21:41:04,https://www.youtube.com/watch?v=k55xCEiI_yo
Best leather jacket in the Dhaka,Niloyrans,7,7,2021-12-08 07:22:29,https://www.reddit.com/r/bangladesh/comments/rbewdn/best_leather_jacket_in_the_dhaka/
"Dhaka &amp; Chittagong Airports are major hub for drugs,Gold trafficking in south east Asia! We are seeing tip of the iceberg in regards of seizing Drugs &amp; Gold!",Asleep-Jellyfish007,6,2,2025-08-26 21:14:34,https://i.redd.it/7vxycqg4rdlf1.jpeg
Can anyone recommend a place to repair headphone near or close to Dhanmondi?,DisSapo1ntment,6,1,2025-11-18 06:48:37,/r/Dhaka/comments/1ozxvf4/can_anyone_recommend_a_place_to_repair_headphone/
"Protibastob from Dhaka Comics - An anthology of comics from various underrated artists, I love these artists so much, they're deserve so much more recognition, and I love the way Bangla comics is going, maybe one day it will become a world famous genre like manga",yasserius,6,0,2025-11-18 12:54:50,https://v.redd.it/2rcejh3kqy1g1
Suggestions for a Puran Dhaka visit,Rabbul_K96,6,6,2021-11-21 23:07:10,https://www.reddit.com/r/bangladesh/comments/qyzc76/suggestions_for_a_puran_dhaka_visit/
Kitten Rescue Urgent!!!!,mahin1374,6,2,2025-09-18 12:12:03,https://www.reddit.com/gallery/1nk0lok
Need advice,Fragrant_Drop7397,6,3,2025-11-08 22:31:26,https://www.reddit.com/r/bangladesh/comments/1ortrhs/need_advice/
"If you had 6 months rent-free in a prime Gulshan/Banani duplex, how would you use it to build a business?",Anushirvan,6,7,2025-11-11 00:28:17,https://www.reddit.com/r/bangladesh/comments/1otloqw/if_you_had_6_months_rentfree_in_a_prime/
Lalbagh Fort,takubaba,6,0,2016-04-11 18:20:20,https://www.instagram.com/p/BDm3sAeOere/
Boishakh celebration: Women harassed near TSC | Dhaka Tribune,rmuktader,6,0,2015-04-16 07:47:15,http://www.dhakatribune.com/bangladesh/2015/apr/15/women-sexually-harassed-du-campus
Buying an apartment in dhaka,Superzues09,6,10,2025-10-22 13:02:05,https://www.reddit.com/r/bangladesh/comments/1od1bmc/buying_an_apartment_in_dhaka/
Looking Suggestion for extra large size men clothes in Dhaka.,ais_21,6,12,2025-10-22 09:05:36,https://www.reddit.com/r/bangladesh/comments/1ocx53y/looking_suggestion_for_extra_large_size_men/
Moghbazar-Mouchak Flyover opened to traffic,takubaba,6,7,2016-09-16 08:28:29,http://www.dhakatribune.com/bangladesh/2016/09/16/moghbazar-mouchak-flyover-opened-traffic/
Indian Transit Visa for Bangladeshi,lonelykidfrom2006,6,1,2025-10-25 13:50:48,https://www.reddit.com/r/bangladesh/comments/1oflrmh/indian_transit_visa_for_bangladeshi/
Vote for Bashundhara Kings team to be included in FIFA 24,0resutidder,6,0,2023-07-13 14:54:33,https://www.reddit.com/r/bangladesh/comments/14yffes/vote_for_bashundhara_kings_team_to_be_included_in/
How did the current regime manage to stay in power for so long?,susmithhh,6,4,2021-03-04 01:20:01,https://www.reddit.com/r/bangladesh/comments/lx1zy4/how_did_the_current_regime_manage_to_stay_in/
Sending a 20 kg parcel from Dhaka to Budapest — any affordable and reliable courier options?,PrimaryInspection969,6,1,2025-11-09 23:27:17,https://www.reddit.com/r/bangladesh/comments/1osp5us/sending_a_20_kg_parcel_from_dhaka_to_budapest_any/
Where can I find 99% Isopropyl alcohol in Dhaka?,Expert_Point_7816,6,4,2025-10-31 01:53:43,https://www.reddit.com/r/bangladesh/comments/1ok9ux0/where_can_i_find_99_isopropyl_alcohol_in_dhaka/
WHAT IS YOUR THOUGHT ABOUT FARMGATE METRO RAIL INCIDENT,Flat_South_8384,6,1,2025-10-27 11:25:20,https://www.reddit.com/r/bangladesh/comments/1oh6954/what_is_your_thought_about_farmgate_metro_rail/
Seeking tour guidance,Certain-Chemical470,6,3,2025-10-08 05:22:02,https://www.reddit.com/r/bangladesh/comments/1o0un7z/seeking_tour_guidance/
24 hours @ Shahbag (time lapse),rambobilai,6,0,2013-02-27 23:33:57,http://vimeo.com/60279807
বাংলাদেশের ফুটবল স্টেডিয়ামের চারদিকে এতো বিশাল খালি জায়গা থাকে কেন? যেখানে আধুনিক বিশ্বের কোনো স্টেডিয়ামে এমনটা দেখা যায় না।,Massivehit,6,12,2025-11-19 15:54:57,https://www.reddit.com/gallery/1p13ij3
Backpacking Bangladesh,BriefVeterinarian106,6,6,2025-09-08 13:56:13,https://www.reddit.com/r/bangladesh/comments/1nbhpmm/backpacking_bangladesh/
where to learn swimming from around old dhaka?,Remarkable_Nose_3728,6,1,2025-04-08 00:40:03,https://www.reddit.com/r/bangladesh/comments/1jtsqo9/where_to_learn_swimming_from_around_old_dhaka/
is Pure Math really as impossible a subject as people claim?,echothewoodnymph_,6,21,2025-05-10 06:36:58,https://www.reddit.com/r/bangladesh/comments/1kixrkq/is_pure_math_really_as_impossible_a_subject_as/
Need post-hsc admission guideline.,onedirectionadoptme,6,3,2025-07-14 23:52:21,https://www.reddit.com/r/bangladesh/comments/1lztccx/need_posthsc_admission_guideline/
HOW TO GET INDIAN MEDICAL VISA AT PRESENT [ Im frustrated😫 ],joysutradhar_,6,3,2025-09-28 11:52:33,https://www.reddit.com/r/bangladesh/comments/1nsgmxw/how_to_get_indian_medical_visa_at_present_im/
Is private universities in bd really worth it?,stinkycatto7,6,7,2025-04-04 22:53:58,https://www.reddit.com/r/bangladesh/comments/1jrgq1w/is_private_universities_in_bd_really_worth_it/
Question for IQ users,dest_v18,6,1,2025-07-10 17:37:55,https://www.reddit.com/r/bangladesh/comments/1lwahdi/question_for_iq_users/
A terrible experience at regional Passport office (Keraniganj),No-Movie-1089,6,15,2025-05-20 20:40:54,https://i.redd.it/hjxfx0a68y1f1.jpeg
Should I Leave NSU EEE For A Double Major In Economics and Anthropology?,Original_Bother_7440,6,1,2025-06-20 11:45:06,https://www.reddit.com/r/bangladesh/comments/1lfwb9m/should_i_leave_nsu_eee_for_a_double_major_in/
Is there any hope,One-Ferret-4203,6,4,2025-02-26 19:36:57,https://www.reddit.com/r/bangladesh/comments/1iynoe4/is_there_any_hope/
Help! 40-Day-Old Baby Choking Frequently &amp; Noisy Breathing – Need Urgent Advice in Dhaka,mutebeast2,6,2,2025-01-30 06:29:02,https://www.reddit.com/r/bangladesh/comments/1id9agp/help_40dayold_baby_choking_frequently_noisy/
Safe places for Bangladeshi girl expats to live in Dhaka for a month?,motiontosleep,6,14,2025-10-03 18:08:57,https://www.reddit.com/r/bangladesh/comments/1nwxc3i/safe_places_for_bangladeshi_girl_expats_to_live/
IUB students' underwater vehicle shows promise for industrial applications in maritime ecology and security,Careless_Success_282,6,0,2025-03-03 18:37:57,https://www.thedailystar.net/campus/noticeboard/news/iub-students-underwater-vehicle-shows-promise-industrial-applications-maritime-ecology-and-security-3809666
Enrolling large number of students without any proper admission test is extremely detrimental to the quality of education in private universities of Bangladesh,Background-Way-69,6,8,2024-02-20 20:21:27,https://www.reddit.com/r/bangladesh/comments/1aviry1/enrolling_large_number_of_students_without_any/
Looking for open minded affordable psychiatrists who specialize in adhd and autism in Dhaka.,Andromeda-K-,6,3,2025-10-18 23:15:29,https://www.reddit.com/r/bangladesh/comments/1oa1g4u/looking_for_open_minded_affordable_psychiatrists/
AAUB Admission,Kurou-Mamonogatari,6,2,2025-11-11 14:27:33,https://www.reddit.com/r/bangladesh/comments/1ou45r8/aaub_admission/
Need hospital suggestions for pregnant women ,Saitama2042,6,2,2024-05-28 19:50:47,https://www.reddit.com/r/bangladesh/comments/1d2jyoz/need_hospital_suggestions_for_pregnant_women/
NSU or AIUB for cse ?,lubdhak_31,6,13,2022-11-15 12:44:59,https://www.reddit.com/r/bangladesh/comments/yvpatd/nsu_or_aiub_for_cse/
Looking for a Job.,iamnoman18,5,0,2025-11-18 11:01:00,https://www.reddit.com/r/bangladesh/comments/1p036wb/looking_for_a_job/
"Looking to Donate Books in Dhaka , Any Suggestions?",panic_structure,5,1,2025-11-18 22:24:55,https://www.reddit.com/r/bangladesh/comments/1p0gdf8/looking_to_donate_books_in_dhaka_any_suggestions/
"Best Combat Gym In Khilgaon, Taltola Area",Azmain29,5,0,2023-11-12 18:13:53,https://www.reddit.com/r/bangladesh/comments/17tj0wh/best_combat_gym_in_khilgaon_taltola_area/
Best place to buy refurbished or used iphones?,IGPIGEON,5,5,2023-11-05 22:52:11,https://www.reddit.com/r/bangladesh/comments/17og37k/best_place_to_buy_refurbished_or_used_iphones/
Puran Dhaka from the Sky ! My first Time in the bustling historical part of Dhaka,FMItv,5,0,2019-04-21 20:07:08,https://youtu.be/a-ak2z1KwEA
(Just curious) Has any incident similar to what happened today in the US ever occurred in Bangladesh i.e. radical supporters trying to breach Sangsad Bhaban?,ParityBit0110011,5,12,2021-01-07 11:05:03,https://www.reddit.com/r/bangladesh/comments/ks67jo/just_curious_has_any_incident_similar_to_what/
Looking for someone to play badminton with in Uttara 🏸,BirdApprehensive9273,5,1,2025-10-25 03:53:52,https://www.reddit.com/r/bangladesh/comments/1ofaku6/looking_for_someone_to_play_badminton_with_in/
যেভাবে আদিরূপ পেল হাম্মামখানা | Lalbagh Fort Hammamkhana | The Cultural History of Lalbagh Fort,grbprogenitor,5,0,2023-12-03 15:52:33,https://www.youtube.com/watch?v=umXwRdFEJtY&amp;t=9s
আমি Windows &amp; Android user.,seowithriazul,5,2,2025-11-01 08:39:38,https://i.redd.it/r523t19t5kyf1.png
"Rajuk College, Dhaka admission exam 2025",Silly-Bed2231,5,3,2025-10-20 22:55:50,https://www.reddit.com/r/bangladesh/comments/1obnk32/rajuk_college_dhaka_admission_exam_2025/
Bangladesh travel for uk female and Nepali boy in January ?,Soft-Dance-8601,5,5,2025-11-05 03:55:50,https://www.reddit.com/r/bangladesh/comments/1ooklaw/bangladesh_travel_for_uk_female_and_nepali_boy_in/
Best thrifting place in Dhaka??,DebtLess2374,5,1,2025-10-30 16:45:34,https://www.reddit.com/r/bangladesh/comments/1ojwbts/best_thrifting_place_in_dhaka/
Travel during elections,EstablishmentBrief90,5,3,2025-09-24 22:29:20,https://www.reddit.com/r/bangladesh/comments/1npgu2y/travel_during_elections/
One of my relative's liver is failing and doctor has suggested liver transplantation. Any suggestions???,MushfiqurRF,5,3,2025-09-26 02:11:35,https://www.reddit.com/r/bangladesh/comments/1nqh8p7/one_of_my_relatives_liver_is_failing_and_doctor/
BNP candidates for JS polls: Who’s in the race for which seat in Dhaka?,PrintRealistic6750,5,2,2025-11-03 23:44:16,https://i.redd.it/vxqvezo3x2zf1.png
Need suggestions for Resort near Dhaka (for Honeymoon),Maybe_some,5,5,2025-11-09 10:55:24,https://www.reddit.com/r/bangladesh/comments/1osai6z/need_suggestions_for_resort_near_dhaka_for/
"What are some good places to buy denim jackets in Dhaka (preferably around Gulshan, Banani or Baridhara DOHS)?",pnerd314,5,2,2023-12-31 22:17:32,https://www.reddit.com/r/bangladesh/comments/18vb12e/what_are_some_good_places_to_buy_denim_jackets_in/
How do I reach Baridhara?,Budget-Fish3373,5,6,2023-12-14 13:31:06,https://www.reddit.com/r/bangladesh/comments/18i3au3/how_do_i_reach_baridhara/
Date,h1tler_feet,5,23,2022-02-24 00:35:11,https://www.reddit.com/r/bangladesh/comments/szofql/date/
Best place for cataract surgery in Dhaka?,Available-Ad-1014,5,1,2025-11-07 21:14:11,https://www.reddit.com/r/bangladesh/comments/1oqx0m5/best_place_for_cataract_surgery_in_dhaka/
Buffet suggestions in Dhaka,Few-Pumpkin3842,5,0,2025-11-10 21:26:24,https://www.reddit.com/r/bangladesh/comments/1otgoow/buffet_suggestions_in_dhaka/
Grameenphone or Robi? Which sim operator provides good internet service in Dhaka?,sGrnegan,5,14,2023-09-06 11:33:05,https://i.redd.it/6etnksvfnkmb1.jpg
Passport Correction and Renewal in BD,Sensitive_Win_9094,5,3,2025-11-18 13:01:38,https://www.reddit.com/r/bangladesh/comments/1p05anv/passport_correction_and_renewal_in_bd/
How Hard is the Grading Policy of North South University?,Ok_Guava8067,5,2,2025-01-30 17:31:35,https://www.reddit.com/r/bangladesh/comments/1idkylk/how_hard_is_the_grading_policy_of_north_south/
Whats the deal with Stalls in Rabindra Sharabar in Dhanmondi,Ajwad6969,5,0,2025-10-15 23:49:39,https://www.reddit.com/r/bangladesh/comments/1o7hz1r/whats_the_deal_with_stalls_in_rabindra_sharabar/
Is khilgaon safe right now?,_jimi_hendrix_,5,3,2024-08-08 14:12:07,https://www.reddit.com/r/bangladesh/comments/1en0f37/is_khilgaon_safe_right_now/
Are Private Uni students being targeted?,relapse_rif,5,8,2024-12-17 23:46:02,https://www.reddit.com/r/bangladesh/comments/1hgg8rr/are_private_uni_students_being_targeted/
Suggestions for dorji/tailor who handles men's clothing around Dhanmondi area.,houdini0724,5,2,2024-05-28 16:21:27,https://www.reddit.com/r/bangladesh/comments/1d2g4g7/suggestions_for_dorjitailor_who_handles_mens/
IBA DU,999baseballs,5,10,2025-11-15 20:29:02,https://www.reddit.com/r/bangladesh/comments/1oxt2z4/iba_du/
Solar-powered cold storage design by IUB students win gold in UK,Due-Stuff9151,5,2,2022-06-23 20:15:56,https://www.thedailystar.net/shout/achievement/news/solar-powered-cold-storage-design-iub-students-win-gold-uk-3054631?amp
who is up for hangouts in dhaka,No_idea_duh,5,24,2025-10-15 16:11:12,https://www.reddit.com/r/bangladesh/comments/1o7719m/who_is_up_for_hangouts_in_dhaka/
More flights diverted to Ctg as Dhaka airport shuts down after cargo zone fire,maifee,5,1,2025-10-18 17:47:22,https://www.tbsnews.net/bangladesh/four-flights-diverted-ctg-after-fire-dhaka-airport-cargo-zone-1263531?amp
Seeking doctor recommendation for PCOS,nasia_musarat,5,1,2025-10-18 16:04:37,https://www.reddit.com/r/bangladesh/comments/1o9rwcs/seeking_doctor_recommendation_for_pcos/
Anything more I should know about Ahsanullah University of Science and Technology?,cthulhouette,5,0,2022-02-16 10:37:40,https://www.reddit.com/r/bangladesh/comments/stn23z/anything_more_i_should_know_about_ahsanullah/
"Looking for a quiet place to study, preferably a café or library near Bashundhara R/A.",ais_21,5,2,2025-10-25 08:44:55,https://www.reddit.com/r/bangladesh/comments/1ofgl7l/looking_for_a_quiet_place_to_study_preferably_a/
Is it possible to do good in hsc after wasting too much time? Or is it just a dumb dream?,tdoteditz_exe,5,6,2025-03-21 22:34:00,https://www.reddit.com/r/bangladesh/comments/1jgl23f/is_it_possible_to_do_good_in_hsc_after_wasting/
I’m Feeling So Lost in My University Life — I Don’t Know What to Do Anymore.,elvinbarton,5,2,2025-03-20 12:46:43,https://www.reddit.com/r/bangladesh/comments/1jfiw8y/im_feeling_so_lost_in_my_university_life_i_dont/
Dhaka University Students Protest the Rise of Shahbagh: Condemn Police Attack by Shahbaghis and Demand Laki Akter’s Arrest,ultrahex007,5,3,2025-03-12 02:30:22,https://v.redd.it/fdkmwsnoe4oe1
Du subject choice list advice,tasdikagainghehehe,5,3,2025-03-08 14:22:16,https://www.reddit.com/r/bangladesh/comments/1j6cqja/du_subject_choice_list_advice/
Is it better to do EEE in BracU or AIUB?,onisadat_712005,5,4,2025-11-02 21:57:00,https://www.reddit.com/r/bangladesh/comments/1omkxqz/is_it_better_to_do_eee_in_bracu_or_aiub/
Suffering from destructions,lionel_messi77,5,16,2025-10-25 20:10:14,https://www.reddit.com/r/bangladesh/comments/1ofsi20/suffering_from_destructions/
"I am kind of in a rut, need experienced advice",Shimanta_1405,5,0,2025-03-04 18:21:59,https://www.reddit.com/r/bangladesh/comments/1j39jl9/i_am_kind_of_in_a_rut_need_experienced_advice/
What books should I study for BRACU engineering dpt?,Virtual-One-2358,5,3,2025-02-24 21:13:17,https://www.reddit.com/r/bangladesh/comments/1ix4awv/what_books_should_i_study_for_bracu_engineering/
HOW TO GET INDIAN MEDICAL VISA AT PRESENT,joysutradhar_,5,9,2025-10-01 11:14:41,https://www.reddit.com/r/bangladesh/comments/1nuznqu/how_to_get_indian_medical_visa_at_present/
Any Shared Office or Coworking Office Space near Khilgaon / Bashabo / Banasree Area?,BlackReaper619,5,2,2025-07-29 21:38:16,https://www.reddit.com/r/Dhaka/comments/1lmieln/looking_for_a_coworking_office_space_near/
Suggest a authentic Notary agency,dark_98_rider,5,0,2025-09-28 11:10:48,https://www.reddit.com/r/bangladesh/comments/1nsfydt/suggest_a_authentic_notary_agency/
Searching for place to learn &amp; practice table tennis in Dhaka,MunawarRafid,5,1,2025-04-30 17:06:15,https://www.reddit.com/r/bangladesh/comments/1kbdq4z/searching_for_place_to_learn_practice_table/
How different is Dhaka University now?,TemporaryPen2338,5,0,2025-04-06 12:29:18,https://www.reddit.com/r/bangladesh/comments/1jsnt76/how_different_is_dhaka_university_now/
Looking for a place to live,Wooden-Ferret-21,5,0,2025-11-22 10:13:55,https://www.reddit.com/r/bangladesh/comments/1p3juef/looking_for_a_place_to_live/
Seeking For Help,Nabanita94,5,3,2025-11-14 19:33:44,https://www.reddit.com/r/bangladesh/comments/1owwm44/seeking_for_help/
Does ssc gpa matters in university admission?,tdoteditz_exe,5,7,2025-07-11 19:30:47,https://www.reddit.com/r/bangladesh/comments/1lx6ywv/does_ssc_gpa_matters_in_university_admission/
Private UNI admission resources,kindred_eldtrich,5,6,2025-06-22 12:27:42,https://www.reddit.com/r/bangladesh/comments/1lhh8ij/private_uni_admission_resources/
Recommend a hotel to see crazy Dhaka's traffic from the windows,BlockchainHeadhunter,5,8,2025-05-05 17:07:11,https://www.reddit.com/r/bangladesh/comments/1kf8w4q/recommend_a_hotel_to_see_crazy_dhakas_traffic/
How to prepare for BRACU entrance exam,creep_pal,5,9,2025-08-16 17:26:59,https://www.reddit.com/r/bangladesh/comments/1mrsjch/how_to_prepare_for_bracu_entrance_exam/
Chinmoy arrest and how to entice a riot 101 : presented by Yunus shorkar ,SeniorObligation6330,5,16,2024-11-27 14:12:03,https://www.reddit.com/r/bangladesh/comments/1h0zifa/chinmoy_arrest_and_how_to_entice_a_riot_101/
Local ISP Speed &amp; Internet Package in Bashundhara Residential Area,TBM1000,5,0,2025-01-11 11:01:51,https://www.reddit.com/r/bangladesh/comments/1hyol6i/local_isp_speed_internet_package_in_bashundhara/
What to do?,Farhanhabib_87,5,6,2025-08-23 19:04:24,https://www.reddit.com/r/bangladesh/comments/1my0xhk/what_to_do/
Join as Co-founder,Natural_Hedgehog_287,5,15,2025-07-27 19:23:18,https://www.reddit.com/r/bangladesh/comments/1mam6rp/join_as_cofounder/
When went wrong with NCP politics?,saynotodumbfukery,5,17,2025-09-10 11:30:15,https://www.reddit.com/r/bangladesh/comments/1nd5uen/when_went_wrong_with_ncp_politics/
Can I study BSc in Computer Science in Australia with a 4-year Diploma in Engineering (Computer Science &amp; Technology)?,ArthurXP002,5,2,2025-09-11 02:13:35,https://www.reddit.com/r/bangladesh/comments/1ndp06h/can_i_study_bsc_in_computer_science_in_australia/
Gulshan Is Not Dhaka,Atel_mamu,5,0,2025-11-16 08:27:55,https://counterpointbd.com/Gulshan-Is-Not-Dhaka
Trying to collect foreign currency notes — where can I actually get my first ones in Dhaka?,Inevitable-Koala6828,5,1,2025-11-15 22:52:37,https://www.reddit.com/r/bangladesh/comments/1oxwmc6/trying_to_collect_foreign_currency_notes_where/
Which steak house is the best in Dhaka...,Cryptographer47051,5,2,2025-09-03 20:00:53,https://www.reddit.com/r/bangladesh/comments/1n7fmjx/which_steak_house_is_the_best_in_dhaka/
"Bangladesh, India to hold talks in Delhi on Ganges water-sharing treaty on Tuesday",Alone-Attention-2139,5,0,2025-09-07 19:30:07,https://www.tbsnews.net/bangladesh/bangladesh-india-hold-talks-delhi-ganges-water-sharing-treaty-1230596
I was a patient of three different mental health rehab facilities including Pabna mental hospital. AMA.,Old_Mechanic9,5,6,2025-11-20 05:49:02,https://www.reddit.com/r/bangladesh/comments/1p1nx7g/i_was_a_patient_of_three_different_mental_health/
Earthquake in Dhaka!!,Phinixprono1234,5,3,2025-11-21 10:45:11,https://www.reddit.com/r/bangladesh/comments/1p2plds/earthquake_in_dhaka/
Want to enjoy Dhaka,Mysterious_Natural55,4,4,2025-08-28 06:03:38,https://www.reddit.com/r/bangladesh/comments/1n1xfau/want_to_enjoy_dhaka/
In which floral shop can you get lilac and lavenders in dhaka?,True_Celebration_169,4,2,2023-11-29 17:16:14,https://www.reddit.com/r/bangladesh/comments/186n2z5/in_which_floral_shop_can_you_get_lilac_and/
Admission Question,Abir_Islam,4,1,2025-09-07 19:07:47,https://www.reddit.com/r/bangladesh/comments/1nasqmp/admission_question/
where to buy cheap xbox 360s in bangladesh,Agreeable-Cycle6438,4,2,2024-11-26 22:48:43,https://www.reddit.com/r/bangladesh/comments/1h0geyi/where_to_buy_cheap_xbox_360s_in_bangladesh/
A quick view in front of Ahsan Manzil at Dhaka in Bangladesh | ঐতিহ্যবাহী আহসান মঞ্জিল,armaneverafter,4,0,2020-05-15 02:02:30,https://www.youtube.com/watch?v=WmJJ_VTVy5A
Is the internet in Dhaka fast and stable for video calls?,78523985210,4,5,2025-10-18 13:46:52,https://www.reddit.com/r/bangladesh/comments/1o9pr6h/is_the_internet_in_dhaka_fast_and_stable_for/
Dhaka grants full tax break on Rooppur debt repayment to Russia’s Rosatom subsidiary,Necessary-Hunt6104,4,2,2025-10-19 15:51:10,https://i.redd.it/r2f2riw0j1wf1.png
Looking to Buy an iPad Pro M2 256GB - Where's the Best Place?,Delicious-Writer-210,4,6,2023-10-29 13:56:30,https://www.reddit.com/r/bangladesh/comments/17iy2l3/looking_to_buy_an_ipad_pro_m2_256gb_wheres_the/
How to get scholarship in NSU?,washin_machine_heart,4,1,2025-10-16 13:57:09,https://www.reddit.com/r/bangladesh/comments/1o807cu/how_to_get_scholarship_in_nsu/
How important is GPA 5 on HSC exam,diddozy,4,14,2025-05-14 16:36:57,https://www.reddit.com/r/bangladesh/comments/1kmbw5t/how_important_is_gpa_5_on_hsc_exam/
Need Suggestions for Men’s Salons in Dhaka,NoPerception9519,4,1,2025-10-24 16:07:01,https://www.reddit.com/r/bangladesh/comments/1oetrlw/need_suggestions_for_mens_salons_in_dhaka/
"Is it safe to go in a room date in hotels in Dhanmondi? Especially, Nandini?",Embarrassed_Bison_50,4,0,2025-10-25 12:21:57,https://www.reddit.com/r/bangladesh/comments/1ofkdgu/is_it_safe_to_go_in_a_room_date_in_hotels_in/
Seeking Suggestions for places to Settle-Down,eddieJK1630,4,4,2025-10-22 12:48:25,https://www.reddit.com/r/bangladesh/comments/1od13o9/seeking_suggestions_for_places_to_settledown/
Try plastickothay,Any-Interaction-3192,4,1,2025-10-23 02:49:18,https://www.reddit.com/r/bangladesh/comments/1odk3yw/try_plastickothay/
Luxurious Porsche abandoned at Hatirjheel,takubaba,4,1,2017-04-10 13:39:42,http://www.dhakatribune.com/bangladesh/2017/04/10/luxurious-porsche-abandoned-hatirjheel/
Need advice on future plans for studying Physics.,the_wave_equation,4,0,2025-11-02 21:08:34,https://www.reddit.com/r/bangladesh/comments/1omjooy/need_advice_on_future_plans_for_studying_physics/
।BBA,mud_98,4,4,2025-06-13 23:57:52,https://www.reddit.com/r/bangladesh/comments/1lamkvc/bba/
Any shakrain interesting story?? puran dhaka,Extra-Conclusion-140,4,1,2025-03-15 03:14:57,https://www.reddit.com/r/bangladesh/comments/1jbek34/any_shakrain_interesting_story_puran_dhaka/
Need ENT &amp; Eye Specialist Recommendations,abcrafsan,4,0,2025-04-21 19:47:04,https://www.reddit.com/r/bangladesh/comments/1k4dxkl/need_ent_eye_specialist_recommendations/
is Killing FAIR?,Basic-Put-1927,4,6,2025-10-31 05:18:35,https://www.reddit.com/r/bangladesh/comments/1okevyj/is_killing_fair/
Easy entry to Europe as a masters student.,canttellumyname,4,1,2025-11-06 00:32:58,https://www.reddit.com/r/bangladesh/comments/1opb16r/easy_entry_to_europe_as_a_masters_student/
I didn’t get into my dream university — and I’m still struggling to move on.,MalihaTanvi,4,8,2025-06-13 21:44:32,https://www.reddit.com/r/bangladesh/comments/1laj8pi/i_didnt_get_into_my_dream_university_and_im_still/
Perfume Decants are a scam,azim-_-,4,7,2025-11-06 00:18:20,https://www.reddit.com/r/bangladesh/comments/1opam78/perfume_decants_are_a_scam/
"NSU vs BRAC, Best one for Economics?",Worth-Gene,4,6,2025-08-01 08:16:07,https://www.reddit.com/r/bangladesh/comments/1mekhpn/nsu_vs_brac_best_one_for_economics/
Lovely people with tats! Show off!,Sea_Conversation123,4,27,2025-10-06 08:55:08,https://www.reddit.com/r/bangladesh/comments/1nz7tqd/lovely_people_with_tats_show_off/
Looking for a Bengali &amp; Turkish-speaking local guide in Dhaka 🇧🇩🇹🇷,Erenymk1017,4,2,2025-10-05 21:56:34,https://www.reddit.com/r/bangladesh/comments/1nyrxsi/looking_for_a_bengali_turkishspeaking_local_guide/
How does the stock market work in Bangladesh? (Beginner here),EngineWinter9286,4,0,2025-10-07 02:28:20,https://www.reddit.com/r/bangladesh/comments/1nzue31/how_does_the_stock_market_work_in_bangladesh/
সাভার গণহত্যা: হাসিনা পালানোর পরের ৬ ঘণ্টা | Savar Massacre | 5 August 2024 | Prothom Alo,Environmental-Ad-344,4,2,2025-01-30 01:42:36,https://youtu.be/ZLVOKZbMecU?si=-mufxMrrrUtQGdDa
Please suggest a good private hospital in Dhaka for treating Heart related illness,da-chooozen-one,4,2,2025-10-14 14:31:56,https://www.reddit.com/r/bangladesh/comments/1o69xr3/please_suggest_a_good_private_hospital_in_dhaka/
Need help regarding what Uni to study for,Sad-Double602,4,5,2025-01-25 11:51:24,https://www.reddit.com/r/bangladesh/comments/1i9gem0/need_help_regarding_what_uni_to_study_for/
Selling brain to cash,More_Cut7480,4,0,2025-04-21 21:33:42,https://www.reddit.com/r/bangladesh/comments/1k4ghoq/selling_brain_to_cash/
need some help finding beads,minty_pwanda,4,1,2025-05-16 21:17:24,https://www.reddit.com/gallery/1ko3fw5
Bus route Mohakhali to AIUB,DemiGhost0,4,3,2024-10-21 19:11:28,https://www.reddit.com/r/bangladesh/comments/1g8pc5z/bus_route_mohakhali_to_aiub/
Name Correction Affidavit Process for SSC and HSC Certificates - Need Some Guidance,Select-Day-873,4,0,2025-09-17 18:20:16,https://www.reddit.com/r/bangladesh/comments/1njbl2b/name_correction_affidavit_process_for_ssc_and_hsc/
Gift Suggestion,Midnight-Syntax_007,4,5,2025-09-13 21:02:44,https://www.reddit.com/r/bangladesh/comments/1nfzq23/gift_suggestion/
seeking advice about taking a decision in life,ArachnidMotor1538,4,5,2025-09-06 02:38:21,https://www.reddit.com/r/bangladesh/comments/1n9gcii/seeking_advice_about_taking_a_decision_in_life/
Are midtier universities worth it?,tasdikagainghehehe,4,4,2025-02-09 23:05:14,https://www.reddit.com/r/bangladesh/comments/1iljfai/are_midtier_universities_worth_it/
"Bangladesh's lone aviation univ prioritizes research, development",MQ-9Drone,4,0,2022-07-28 23:45:30,https://www.reddit.com/r/bangladesh/comments/wagadr/bangladeshs_lone_aviation_univ_prioritizes/
"Energy adviser blames section of politicians, businessmen for crisis in gas sector",Shot-Addendum-809,4,2,2025-10-11 16:30:35,https://www.thedailystar.net/news/bangladesh/news/energy-adviser-blames-section-politicians-businessmen-crisis-gas-sector-4007121
“Have 5 mins? Help a fellow student finish his thesis on AI in education 😅”,Cautious-Ad8495,4,0,2025-10-08 04:56:19,https://www.reddit.com/r/bangladesh/comments/1o0u1ki/have_5_mins_help_a_fellow_student_finish_his/
How much longer will the Jamuna Future Park main road constructions last?,SignificantYam5015,4,0,2025-02-05 16:34:41,https://www.reddit.com/r/bangladesh/comments/1ii76f5/how_much_longer_will_the_jamuna_future_park_main/
AirBnB or Hotels for Room Dates in Bashundhara,Head-Associate6431,4,12,2024-01-17 02:23:35,https://www.reddit.com/r/bangladesh/comments/198cuwd/airbnb_or_hotels_for_room_dates_in_bashundhara/
Engineering application help,MaxDialga,4,1,2024-11-20 17:38:39,https://www.reddit.com/r/bangladesh/comments/1gvnilb/engineering_application_help/
"International Club or any other ""club"" for that matter.",Slow-Significance113,4,1,2023-07-27 00:57:36,https://www.reddit.com/r/bangladesh/comments/15aeexw/international_club_or_any_other_club_for_that/
Best place to get highest quality BD cricket jerseys?,DeltaOmega88,4,4,2025-09-11 21:20:28,https://www.reddit.com/r/bangladesh/comments/1nebmks/best_place_to_get_highest_quality_bd_cricket/
Good knee specialist in Dhaka?,DeltaOmega88,4,5,2025-09-27 11:05:38,https://www.reddit.com/r/bangladesh/comments/1nrmpkq/good_knee_specialist_in_dhaka/
Reliable tech shops in Bashundhara City?,Zen_003,4,2,2024-04-13 13:27:44,https://www.reddit.com/r/bangladesh/comments/1c2w9rt/reliable_tech_shops_in_bashundhara_city/
Need A part time job near Mohakhali/Gulshan 1/Tejgaon,Intelligent-Chard93,4,5,2025-07-29 02:44:59,https://www.reddit.com/r/bangladesh/comments/1mbru9r/need_a_part_time_job_near_mohakhaligulshan/
Smoke still coming out of Bashundhara City shopping complex,thebadconsultant,4,2,2016-08-21 15:56:43,http://www.thedailystar.net/city/fire-breaks-out-bashundhara-city-1273249
Why Is Dhaka University Facing So Much Heat on Social Media Lately?,Arcane_Dra_co,4,16,2025-04-24 01:21:01,https://www.reddit.com/r/bangladesh/comments/1k67u4u/why_is_dhaka_university_facing_so_much_heat_on/
"Cycle Riding vlog in Hatirjheel, Dhaka, Bangladesh",InterestingBD,4,0,2021-03-16 14:30:58,https://www.youtube.com/watch?v=fR6XdoK4CwY
Will the roller coaster at Jamuna Future Park ever become functional again.,No_Alternative314,4,3,2021-09-27 16:32:25,https://www.reddit.com/r/bangladesh/comments/pwe9sh/will_the_roller_coaster_at_jamuna_future_park/
A DU professor filed a case against her being harassed online. And this is the response of tareq zias bodyguard,maybe_not_andy,4,1,2025-11-11 07:50:21,https://www.facebook.com/share/p/1ZiAD6gjgE/
About BracU EEE,onisadat_712005,4,1,2025-11-18 17:53:48,https://www.reddit.com/r/bangladesh/comments/1p09y7q/about_bracu_eee/
BRAC or NSU for CS/CSE?,WhateverArsehole,4,16,2025-04-07 21:36:49,https://www.reddit.com/r/bangladesh/comments/1jto80s/brac_or_nsu_for_cscse/
"বিশ্ববিদ্যালয়, বিষয় ও ক্যারিয়ার",Bongiomorpha_Perseus,4,2,2025-04-21 22:34:50,https://www.reddit.com/r/bangladesh/comments/1k4htrw/বশববদযলয_বষয_ও_কযরযর/
NSU Civil Engineering,laltomato05,3,10,2025-07-06 17:13:25,https://www.reddit.com/r/bangladesh/comments/1lsyqwt/nsu_civil_engineering/
I want to visit puran dhaka. Can someone suggest where to park my car?,zak_star,3,3,2023-04-03 01:11:46,https://www.reddit.com/r/bangladesh/comments/129uvip/i_want_to_visit_puran_dhaka_can_someone_suggest/
Some restaurants to visit during weekends,Brave-Guest-4254,3,4,2024-01-13 13:56:33,https://www.reddit.com/r/bangladesh/comments/195iyk8/some_restaurants_to_visit_during_weekends/
Delivery Service For My Home Bakery,DirectTone1689,3,5,2025-11-04 23:36:50,https://www.reddit.com/r/bangladesh/comments/1oodndz/delivery_service_for_my_home_bakery/
Anyone studying criminology at university of dhaka?,faceittiger1142,3,0,2025-11-07 02:39:13,https://www.reddit.com/r/bangladesh/comments/1oqa8mf/anyone_studying_criminology_at_university_of_dhaka/
Pari Bibi's mausoleum at Lalbagh fort. Dhaka (1967) #viral #OldDhaka #Ol...,Sea-Test1273,3,1,2025-11-09 08:42:45,https://youtube.com/watch?v=9gclvfKI7BA&amp;si=IOY6Qeijd40Hxto2
Khuni ekhono tar laash ke bhalobashe,KopaShamsur,3,10,2025-09-11 20:25:07,https://i.redd.it/xavb5mm1pjof1.png
Brewing up Addas at TSC,takubaba,3,0,2016-10-13 17:42:16,http://www.thedailystar.net/lifestyle/ls-pick/brewing-addas-tsc-1293523
BCB DHAKA DIVISION CRICKET LEAGUE TOURNAMENTS,dhonbolsen,3,0,2025-10-16 23:35:23,https://www.reddit.com/r/bangladesh/comments/1o8coph/bcb_dhaka_division_cricket_league_tournaments/
Trusted Gaming Laptop store in Dhaka,Expert-Access7844,3,5,2025-11-10 18:43:46,https://www.reddit.com/r/bangladesh/comments/1otcr6b/trusted_gaming_laptop_store_in_dhaka/
Want to find a news from 2005.,NoEscape3110,3,3,2025-01-26 09:59:43,https://www.reddit.com/r/bangladesh/comments/1ia5d4t/want_to_find_a_news_from_2005/
DOT INTERNET 525 tk package,Leather-Lawyer-5026,3,0,2025-11-14 14:35:37,https://www.reddit.com/r/bangladesh/comments/1owr65q/dot_internet_525_tk_package/
How to check if my unofficial phone is new or not?,PilotHere,3,2,2025-09-02 17:19:37,https://www.reddit.com/r/bangladesh/comments/1n6grjt/how_to_check_if_my_unofficial_phone_is_new_or_not/
Where I can find hot wheels in dhaka?,carefree_victory,3,0,2025-09-19 00:18:16,https://www.reddit.com/r/bangladesh/comments/1nkfz0x/where_i_can_find_hot_wheels_in_dhaka/
Where to buy airguns in Dhaka?,Initial-Read4305,3,0,2025-09-21 23:58:39,/r/Dhaka/comments/1nmys6n/where_to_buy_airguns_in_dhaka/
Bachelors And Dhaka!,SuspectSuspecious_,3,2,2025-09-27 05:48:42,https://www.reddit.com/r/bangladesh/comments/1nrgnyy/bachelors_and_dhaka/
Bd domestic flights,zsk471,3,1,2025-11-18 17:06:01,https://www.reddit.com/r/bangladesh/comments/1p09464/bd_domestic_flights/
Need suggestions regarding the public universities in Bangladesh? Are they worth it???,mahmid_,3,3,2025-11-22 17:19:40,https://www.reddit.com/r/bangladesh/comments/1p3qufp/need_suggestions_regarding_the_public/
Need a badminton friend,Ambitious-Cut2858,3,2,2025-11-22 18:34:44,https://www.reddit.com/r/bangladesh/comments/1p3s68p/need_a_badminton_friend/
Second Timer in admission test,Left-Guidance-3191,3,5,2025-10-04 23:48:01,https://www.reddit.com/r/bangladesh/comments/1ny0iuk/second_timer_in_admission_test/
Moving to Bangladesh for A Levels—Need Info on International Hope School &amp; Daffodil International School,IcyCauliflower2985,3,6,2025-04-24 19:38:37,https://www.reddit.com/r/bangladesh/comments/1k6sfut/moving_to_bangladesh_for_a_levelsneed_info_on/
Help Post,Abirhasan451,3,1,2025-06-22 01:34:45,https://www.reddit.com/r/bangladesh/comments/1lh4tzs/help_post/
Career guide,soul_ofdarkandlight,3,0,2025-06-24 01:40:42,https://www.reddit.com/r/bangladesh/comments/1liq95m/career_guide/
Any advice on getting a new passport quickly considering my restrictions?,Oryuuu,3,0,2025-10-31 22:45:39,https://www.reddit.com/r/bangladesh/comments/1okzoew/any_advice_on_getting_a_new_passport_quickly/
"wanna go to sylhet for tour with friends from dhaka, need suggestions and advices",Top-Pen-9698,3,3,2025-11-05 16:47:18,https://www.reddit.com/r/bangladesh/comments/1oozmtc/wanna_go_to_sylhet_for_tour_with_friends_from/
Any tips for applying to CERN Summer Student Program 2026?,Quick-Interest-6807,3,4,2025-09-23 21:40:15,https://www.reddit.com/r/bangladesh/comments/1noksgq/any_tips_for_applying_to_cern_summer_student/
Need recommendation of some trustworthy construction/ development companies in Dhaka?,jobie1267,3,1,2025-10-26 18:05:15,https://www.reddit.com/r/bangladesh/comments/1ogiy0u/need_recommendation_of_some_trustworthy/
Electronics recycling,Maleficent_Silver560,3,0,2025-10-20 19:26:55,https://www.reddit.com/r/bangladesh/comments/1obiyi9/electronics_recycling/
Dhaka University(ঢাকা বিশ্ববিদ্যালয়)  এর আশেপাশে কোথায় নীল রঙের ড্রাম  কিনতে পারবো?,tomir18protip,3,12,2025-07-20 20:19:14,https://i.redd.it/7lzf95dof1ef1.jpeg
How is IB curriculum for English Medium students?,Evening_Chair3570,3,6,2025-08-02 17:29:12,https://www.reddit.com/r/bangladesh/comments/1mfo91j/how_is_ib_curriculum_for_english_medium_students/
What are good backups while targeting for IBA admission,diddozy,3,3,2025-07-17 18:32:39,https://www.reddit.com/r/bangladesh/comments/1m26b34/what_are_good_backups_while_targeting_for_iba/
"Planning a Food Cart. Need Advice on Menu, Location, and Setup",Agile_Ad7635,3,1,2025-07-12 20:32:52,https://www.reddit.com/r/bangladesh/comments/1ly1vww/planning_a_food_cart_need_advice_on_menu_location/
What are some of the best places for Street Photography in Dhaka? (Excluding Sadarghat),new-grizzly,3,2,2025-09-29 18:43:07,https://www.reddit.com/r/bangladesh/comments/1ntgzr2/what_are_some_of_the_best_places_for_street/
EEE Job related Question.,Impressive_Cup_9271,3,3,2025-11-04 15:09:17,https://www.reddit.com/r/bangladesh/comments/1oo2qmn/eee_job_related_question/
Looking for a laptop repair shop in Multiplan Center (or near Dhanmondi),VForValhalla-,3,3,2025-10-16 14:39:48,https://www.reddit.com/r/bangladesh/comments/1o80ucp/looking_for_a_laptop_repair_shop_in_multiplan/
Budget gyms in Dhaka,zebrafiche,3,1,2024-04-04 18:50:36,https://www.reddit.com/r/bangladesh/comments/1bvmbmo/budget_gyms_in_dhaka/
Best place for hair transplant?,Odd-Machine189,3,1,2025-10-15 19:19:33,https://www.reddit.com/r/bangladesh/comments/1o7assq/best_place_for_hair_transplant/
Udvash engineering position in daily exam not satisfying,Reasonable-Eye6699,3,0,2025-09-13 01:38:35,https://www.reddit.com/r/bangladesh/comments/1nfcnm3/udvash_engineering_position_in_daily_exam_not/
Are the SAT and North South University Admission Exams the Same?,Previous_Visual_5757,3,4,2025-05-05 14:16:22,https://www.reddit.com/r/bangladesh/comments/1kf6dqx/are_the_sat_and_north_south_university_admission/
"Anyone worked at Truck Lagbe (Dhaka Head Office, Mohakhali)? Need honest feedback before my interview",Equal_Perspective230,3,2,2025-10-18 20:43:55,https://www.reddit.com/r/bangladesh/comments/1o9xo5r/anyone_worked_at_truck_lagbe_dhaka_head_office/
A good gift shop like Miniso but Cheaper,Calm_Finance_6996,3,2,2023-07-24 20:57:42,https://www.reddit.com/r/bangladesh/comments/158d1oi/a_good_gift_shop_like_miniso_but_cheaper/
Can I get into buet?,Many_Confusion_2513,3,0,2025-10-06 21:18:44,/r/Dhaka/comments/1nzlv7z/can_i_get_into_buet/
Anyone here who can help me visit a church in Dhaka?,Worldly_Yellow_6115,3,10,2025-10-25 00:27:48,https://www.reddit.com/r/bangladesh/comments/1of5gwj/anyone_here_who_can_help_me_visit_a_church_in/
"Looking for reasonable shopping Place near Mirpur 10,11,12",mikasa_tr,3,2,2021-11-03 15:25:48,https://www.reddit.com/r/bangladesh/comments/qlqqlz/looking_for_reasonable_shopping_place_near_mirpur/
Specialised fish market opened in Jatrabari,takubaba,3,0,2017-12-30 18:12:28,http://en.prothomalo.com/economy/news/168644/Specialised-fish-market-opened-in-Jatrabari
[Politics] Annisul Huq wanted to shift Karwan Bazaar to Jatrabari &amp; Gabtoli for months?,pani-hoi-jol,3,1,2016-05-02 11:55:02,https://www.reddit.com/r/bangladesh/comments/4hertn/politics_annisul_huq_wanted_to_shift_karwan/
Moghbazar Road,takubaba,3,0,2019-08-22 22:15:41,https://youtu.be/b8vYcgiJ1c8
"The Urban Study Group, made up of architects and local volunteers, are fighting to preserve the historic fabric of Puran Dhaka",rambobilai,3,1,2018-03-19 22:04:41,http://www.dhakatribune.com/magazine/2018/03/18/dhakas-heritage-heroes/
Need help regarding thesis survey,Haunting_Distance199,3,0,2025-05-26 13:51:58,https://www.reddit.com/r/bangladesh/comments/1kvos8k/need_help_regarding_thesis_survey/
"Anyone you did kidney surgery at Bangladesh Specialized Hospital, 21 Mirpur Rd. https://bdspecializedhospital.com/  ? is this good hospital for kidney tumor removal?",Suspicious-Ad-2444,3,1,2025-10-30 01:00:26,https://www.reddit.com/r/bangladesh/comments/1ojdbxm/anyone_you_did_kidney_surgery_at_bangladesh/
A walk from TSC to Boi Mela,banglaonline,3,0,2024-02-27 01:44:53,https://www.thedailystar.net/my-dhaka/news/walk-tsc-boi-mela-3549711
The Shallow Analysis for a Tragic Accident,yakinrubaiyat,3,1,2023-01-08 22:45:58,https://www.reddit.com/r/bangladesh/comments/106nq97/the_shallow_analysis_for_a_tragic_accident/
Easy entry to Europe as a masters student.,canttellumyname,3,2,2025-11-06 00:32:53,https://www.reddit.com/r/bangladesh/comments/1opb147/easy_entry_to_europe_as_a_masters_student/
Looking for information about old/public libraries in Dhaka for a Wikimedia GLAM project,Yahya_b,3,0,2025-11-06 02:41:55,https://www.reddit.com/r/bangladesh/comments/1opek7x/looking_for_information_about_oldpublic_libraries/
Where do i find a good orthodontist in bd?,ConsistentAct2561,3,3,2023-08-21 10:55:09,https://www.reddit.com/r/bangladesh/comments/15wxm0c/where_do_i_find_a_good_orthodontist_in_bd/
Aust theke graduation korar por graduate ra kemon salary te job start kore?,rihad_mahmud,3,1,2024-09-30 19:59:40,https://www.reddit.com/r/bangladesh/comments/1fsw84r/aust_theke_graduation_korar_por_graduate_ra_kemon/
Tried to plot Hatirjheel and surrounding areas [OC],redwanhossain6333,3,4,2024-10-17 02:57:22,https://i.redd.it/563o2xiem6vd1.png
"How can i apply for law in BRACU, after graduating from another university? ",invisiblereader4951,3,1,2024-10-12 16:57:30,https://www.reddit.com/r/bangladesh/comments/1g1xm2s/how_can_i_apply_for_law_in_bracu_after_graduating/
Trusted Smartphone Shop in Dhaka?,Left_Application293,3,2,2025-10-16 21:08:49,https://www.reddit.com/r/bangladesh/comments/1o88pef/trusted_smartphone_shop_in_dhaka/
"Got GPA 4.92 (Physics 180, Chemistry 185, Math 151, English A-) — Should I continue Engineering or move to University A Unit?",Fantastic-Permit-383,3,4,2025-10-17 16:18:08,https://www.reddit.com/r/bangladesh/comments/1o8xihy/got_gpa_492_physics_180_chemistry_185_math_151/
Subject Choice,Old_Basil_4445,3,1,2025-03-31 13:43:52,https://www.reddit.com/r/bangladesh/comments/1jnxvwz/subject_choice/
Brac or NSU for CS/CSE?,WhateverArsehole,3,4,2025-04-07 21:20:09,https://i.redd.it/asv1a3jzjfte1.jpeg
Regarding studying law,IcyAbbreviations2054,3,3,2025-11-20 22:58:00,https://www.reddit.com/r/bangladesh/comments/1p28f1c/regarding_studying_law/
First Bangladeshi student at NYU Tisch Film School makes short film on Shahbag and the liberation war.,rambobilai,3,0,2013-12-17 20:34:41,http://vimeo.com/78397166
DATA SCIENCE IN AIUB,wthhminx,3,1,2025-05-10 21:14:49,https://www.reddit.com/r/bangladesh/comments/1kjclg3/data_science_in_aiub/
How good is AIUB's CNCS (Computer Network And Cyber Security) program really?,Atom_X9,3,1,2025-05-06 03:32:50,https://www.reddit.com/r/bangladesh/comments/1kfnmp7/how_good_is_aiubs_cncs_computer_network_and_cyber/
"NSU vs EWU vs DIU --Which one is best for ""CSE""?",joysutradhar_,3,1,2024-12-23 11:08:06,https://www.reddit.com/r/bangladesh/comments/1hkgo23/nsu_vs_ewu_vs_diu_which_one_is_best_for_cse/
Is Ewu English department good?,Visible-Issue5345,3,2,2025-03-17 02:29:29,https://www.reddit.com/r/bangladesh/comments/1jcuxbv/is_ewu_english_department_good/
About my admission,onisadat_712005,3,6,2025-10-18 00:28:55,https://www.reddit.com/r/bangladesh/comments/1o996rf/about_my_admission/
Choosing University,Odd_Lobster_8804,3,2,2025-10-24 13:17:40,https://www.reddit.com/r/bangladesh/comments/1oer7c8/choosing_university/
Planning to Shift to A levels from NCTB(ssc25)- My goal is DU IBA / USA and backup is Brac/NSU. Seeking Advice from DU IBA’s NCTB to A levels Shift.,TahmeedSayaan,3,21,2025-03-15 08:15:38,https://www.reddit.com/r/bangladesh/comments/1jbkvqf/planning_to_shift_to_a_levels_from_nctbssc25_my/
Is Architecture a suitable career in Bangladesh?,ImpressiveWish1441,3,5,2025-03-22 07:16:23,https://www.reddit.com/r/bangladesh/comments/1jgwybv/is_architecture_a_suitable_career_in_bangladesh/
Can anyone tell me some places where I can get things in retail &amp; wholesale price?,Emad_341,3,4,2024-10-19 15:30:26,https://www.reddit.com/r/bangladesh/comments/1g75828/can_anyone_tell_me_some_places_where_i_can_get/
Credit Card Use for shopping ,GIS71,3,2,2024-10-23 13:21:26,https://www.reddit.com/r/bangladesh/comments/1ga4mmu/credit_card_use_for_shopping/
"Between typical private universities in dhaka and public universities in chittagong, which are the best?",tdoteditz_exe,3,3,2025-10-17 17:08:35,https://www.reddit.com/r/bangladesh/comments/1o8ydnb/between_typical_private_universities_in_dhaka_and/
Struggles as an English medium student,Recent_Carry810,3,0,2025-10-18 10:22:53,https://www.reddit.com/r/bangladesh/comments/1o9md9e/struggles_as_an_english_medium_student/
AIUB CSE or Public University's any subject,afsanabid_anik,3,6,2024-05-25 13:25:04,https://www.reddit.com/r/bangladesh/comments/1d06kpy/aiub_cse_or_public_universitys_any_subject/
what happened on july 19th,Single_Fig_5624,3,13,2024-11-08 02:03:05,https://www.reddit.com/r/bangladesh/comments/1glzmzj/what_happened_on_july_19th/
How's Uttara university,tasdikagainghehehe,3,2,2025-02-22 00:29:48,https://www.reddit.com/r/bangladesh/comments/1iuxxrr/hows_uttara_university/
Legitimacy and the true factors of going abroad for study purposes.,Embarrassed-Plant74,3,1,2025-02-25 11:23:34,https://www.reddit.com/r/bangladesh/comments/1ixnjlk/legitimacy_and_the_true_factors_of_going_abroad/
"Do NSU, AIUB, IUB, BGMEA, East West and other well known private universities in Bangladesh charge money from students for workshops and cultural programs? ",rdevasish,3,1,2025-01-10 20:54:40,https://www.reddit.com/r/bangladesh/comments/1hy65ah/do_nsu_aiub_iub_bgmea_east_west_and_other_well/
"Help Me Pick a 43"" TV Under 50K Taka (Dhaka Buyers — Need Your Real Advice!)",drkaly,3,6,2025-10-09 22:57:19,https://www.reddit.com/r/bangladesh/comments/1o2bdbz/help_me_pick_a_43_tv_under_50k_taka_dhaka_buyers/
Coaching for o'level  ,Rxspberries_,3,2,2024-11-17 16:26:36,https://www.reddit.com/r/bangladesh/comments/1gtar8h/coaching_for_olevel/
Help,mizzy_001,3,6,2025-11-11 16:45:58,https://www.reddit.com/r/bangladesh/comments/1ou6bxf/help/
Some questions regarding on Ahsanullah University,onisadat_712005,3,1,2025-09-03 18:17:05,https://www.reddit.com/r/bangladesh/comments/1n7d7ai/some_questions_regarding_on_ahsanullah_university/
Need help finding Platform/Elevator shoes,rejuk70kg,3,2,2025-09-14 11:05:09,https://www.reddit.com/r/bangladesh/comments/1ngihc3/need_help_finding_platformelevator_shoes/
E bike questions,Own-Cranberry-324,3,4,2025-09-17 23:06:45,https://www.reddit.com/r/bangladesh/comments/1njiy1b/e_bike_questions/
BracU Anthropology info needed,probablysleepingggg,3,0,2025-02-10 03:00:21,/r/BRACUniversity/comments/1ilomc2/bracu_anthropology_info_needed/
"Bangladesh's lone aviation univ prioritises research, development",MQ-9Drone,3,2,2022-04-28 05:45:21,https://www.reddit.com/r/bangladesh/comments/udhb33/bangladeshs_lone_aviation_univ_prioritises/
suggest gray/moody aesthetic restaurant in dhaka,No_idea_duh,3,0,2025-09-09 19:03:54,https://www.reddit.com/r/bangladesh/comments/1ncicqn/suggest_graymoody_aesthetic_restaurant_in_dhaka/
Best place to live in Bangladesh?,Scared_of_Jobs,3,7,2025-11-17 15:30:51,https://www.reddit.com/r/bangladesh/comments/1ozbxxm/best_place_to_live_in_bangladesh/
"Bangla gamers, any advice for a ps5 player?",ComfyNeo,3,5,2025-09-12 19:47:24,https://www.reddit.com/r/bangladesh/comments/1nf3prl/bangla_gamers_any_advice_for_a_ps5_player/
Advice please,aabrarwho,3,0,2025-09-04 13:13:04,https://www.reddit.com/r/bangladesh/comments/1n83f0w/advice_please/
Need advice on English spoken proficiency,Saitama2042,3,3,2025-09-05 00:15:35,https://www.reddit.com/r/bangladesh/comments/1n8hrua/need_advice_on_english_spoken_proficiency/
Therapists in Dhaka that offer services in English,bagpurchaser,3,1,2025-09-07 16:06:10,https://www.reddit.com/r/bangladesh/comments/1napfnc/therapists_in_dhaka_that_offer_services_in_english/
gift for cousins from australia (and restaurant recs),sleepislife25,3,1,2025-11-19 15:33:21,https://www.reddit.com/r/bangladesh/comments/1p135y7/gift_for_cousins_from_australia_and_restaurant/
Dhaka Awaits Opening Of Century-Old Diamond Vault | Asia One News,maifee,2,0,2025-09-06 11:51:52,https://youtu.be/pfcsNL7AKa4?si=BfXo_wQMhRLZdMeV
Why is Dhaka so trafficy?,Viv3lafranc3,2,1,2025-09-05 09:06:21,https://www.reddit.com/r/bangladesh/comments/1n8u8a4/why_is_dhaka_so_trafficy/
Visa on arrival questions,CompetitiveCat8220,2,2,2025-11-16 09:12:32,https://www.reddit.com/r/bangladesh/comments/1oyaxcr/visa_on_arrival_questions/
Dhaka Foreign customs held my product,Fun-Middle-1660,2,1,2025-09-11 08:35:48,https://www.reddit.com/r/bangladesh/comments/1ndxf9p/dhaka_foreign_customs_held_my_product/
Dhaka Elevated Expressway Friday Afternoon Drive,Strict-Relief515,2,1,2025-09-10 18:49:09,https://youtu.be/kWHDa0CbisM?si=r8Qyj8wTYGnjUm9C
Best psychologist in Dhaka under budget,Puzzleheaded-Hat6548,2,0,2025-09-10 15:37:08,/r/Dhaka/comments/1nd9lbs/best_psychologist_in_dhaka_under_budget/
Seeking,Budget-Row9313,2,2,2025-09-10 14:32:14,https://www.reddit.com/r/bangladesh/comments/1nd8nz9/seeking/
Dhaka na Kolkata,RazzmatazzStrict,2,0,2025-09-08 19:25:17,https://www.facebook.com/share/p/1Diw9p6XA6/
Best perfumes to wear in Dhaka,Rapid47,2,1,2025-08-31 16:13:30,/r/Dhaka/comments/1n4q320/best_perfumes_to_wear_in_dhaka/
Is it possible to go to Dhaka by boat from Chittagong?,siam19,2,2,2025-08-29 09:14:33,https://www.reddit.com/r/bangladesh/comments/1n2wive/is_it_possible_to_go_to_dhaka_by_boat_from/
Location tejgaon Dhaka Bangladesh,nazmul_hasan,2,1,2022-04-05 14:16:12,https://i.redd.it/c31dhrbs4or81.jpg
Help Needed: Retailer Not Returning IPS Battery Under Warranty,d33pblu7,2,1,2025-09-30 22:51:09,https://www.reddit.com/r/bangladesh/comments/1nuignz/help_needed_retailer_not_returning_ips_battery/
On arrival visa @Dhaka Airport,bangalimahbub,2,4,2025-09-17 02:32:52,https://www.reddit.com/r/bangladesh/comments/1nisxm2/on_arrival_visa_dhaka_airport/
New at Narayanganj City &amp; Help me Survive,No_Firefighter_4964,2,10,2025-09-15 14:13:20,https://www.reddit.com/r/bangladesh/comments/1nhg1mv/new_at_narayanganj_city_help_me_survive/
Can you suggest me the best ISP (Internet Service Provider) in Dhaka,Mindless_Rest_9284,2,2,2025-10-01 16:10:59,/r/Dhaka/comments/1nv450h/can_you_suggest_me_the_best_isp_internet_service/
"I'm looking for the absolute best ISP for online gaming in Shewrapara, Mirpur Dhaka. Don't suggest Dot , absolute Garbage.",GunsAndRozer,2,0,2025-10-06 13:29:39,https://www.reddit.com/r/bangladesh/comments/1nzclxm/im_looking_for_the_absolute_best_isp_for_online/
Looking for info about British Council Bangladesh IELTS courses and teacher training,imtiaz_12,2,3,2025-10-05 19:41:32,https://www.reddit.com/r/bangladesh/comments/1nyoj4b/looking_for_info_about_british_council_bangladesh/
Safe areas to rent for a few days in Dhaka,HappyBlackbirdLOL,2,1,2025-10-07 21:26:58,https://www.reddit.com/r/bangladesh/comments/1o0hx48/safe_areas_to_rent_for_a_few_days_in_dhaka/
Studying in Bangladesh,PartySchedule597,2,2,2025-04-08 20:30:32,https://www.reddit.com/r/bangladesh/comments/1jueymn/studying_in_bangladesh/
Which books do I need to study for BracU engineering dept,Calm-Dish6389,2,0,2025-02-24 20:49:46,https://www.reddit.com/r/bangladesh/comments/1ix3re7/which_books_do_i_need_to_study_for_bracu/
I Need some Food review in JFP/Bashundhara RA,uzumaki_uchiha14,2,0,2024-11-11 22:23:50,https://www.reddit.com/r/bangladesh/comments/1gow4n7/i_need_some_food_review_in_jfpbashundhara_ra/
Did anyone else get the 'B' unit admit card for DU admission,nutallergy8452,2,5,2025-01-14 18:27:10,https://www.reddit.com/r/bangladesh/comments/1i14xpd/did_anyone_else_get_the_b_unit_admit_card_for_du/
Question about EWU English Department,Adept-Asparagus-1021,2,1,2025-09-04 17:26:51,https://www.reddit.com/r/bangladesh/comments/1n87iv8/question_about_ewu_english_department/
Booze: DHK or COX,YourFavNemesis,2,1,2025-10-06 16:55:22,https://www.reddit.com/r/bangladesh/comments/1nzft5k/booze_dhk_or_cox/
"Shops like techmarvels,computer mania are they good?",averagedude_2023,2,0,2024-05-17 00:07:17,https://www.reddit.com/r/bangladesh/comments/1ctjevz/shops_like_techmarvelscomputer_mania_are_they_good/
Shahbag Movement - The Expatriate Perspective,rambobilai,2,0,2013-02-12 21:23:38,http://opinion.bdnews24.com/2013/02/12/shahbag-movement-the-expatriate-perspective/
Khaleda charged with Jatrabari arson attack,rmuktader,2,0,2015-05-06 22:30:56,http://www.thedailystar.net/hartal-violence/khaleda-charged-jatrabari-arson-attack-80807
Information regarding new market,ponyo_thalassophile,2,0,2024-10-13 09:01:03,https://www.reddit.com/r/bangladesh/comments/1g2geba/information_regarding_new_market/
Why did jatrabari see so many deaths in july?,Single_Fig_5624,2,5,2024-11-19 00:33:40,https://www.reddit.com/r/bangladesh/comments/1gubtsd/why_did_jatrabari_see_so_many_deaths_in_july/
Need advice ,october_83,2,2,2024-09-30 11:55:45,https://www.reddit.com/r/bangladesh/comments/1fsoo82/need_advice/
Studying bachelors in Germany,pritho108,2,1,2025-11-01 01:56:58,https://www.reddit.com/r/bangladesh/comments/1ol4lr7/studying_bachelors_in_germany/
Is economics better in UIU or IUB?,invisiblereader4951,2,4,2024-10-12 17:25:12,https://www.reddit.com/r/bangladesh/comments/1g1y0n9/is_economics_better_in_uiu_or_iub/
Best internet service provider in the Bashundhara area?,PhilosopherPutrid843,2,1,2024-04-04 14:59:36,https://www.reddit.com/r/bangladesh/comments/1bvifu2/best_internet_service_provider_in_the_bashundhara/
BracU/AIUB CSe or NSU CSE,_raihan_09,2,4,2025-03-05 00:00:53,https://www.reddit.com/r/bangladesh/comments/1j3h19y/bracuaiub_cse_or_nsu_cse/
How can I find a tuition?,According-Teach-9600,2,2,2025-03-09 05:01:38,https://www.reddit.com/r/bangladesh/comments/1j6th5s/how_can_i_find_a_tuition/
[OC ]Virtual World Trip: Bangladesh (Update),Papupapula,2,0,2025-03-08 14:59:29,https://www.reddit.com/r/bangladesh/comments/1j6d81e/oc_virtual_world_trip_bangladesh_update/
Should I try for NSU or take admission in KUET?,Puzzleheaded-Car9317,2,5,2025-03-15 15:42:36,https://www.reddit.com/r/bangladesh/comments/1jbrkki/should_i_try_for_nsu_or_take_admission_in_kuet/
Does Public vs Private Really Matter in Engineering Jobs? (Need Advice from Alumni),sonothamin112,2,4,2025-03-15 23:55:57,https://www.reddit.com/r/bangladesh/comments/1jc0xly/does_public_vs_private_really_matter_in/
HSC 2025 Dhaka Board Ranking,Consistent-Rule-3720,2,0,2025-10-17 17:33:00,https://www.reddit.com/r/bangladesh/comments/1o8ytxu/hsc_2025_dhaka_board_ranking/
Anyone ever received mail/letters from overseas thru post office?,lonelykidfrom2006,2,1,2025-10-16 21:01:32,https://www.reddit.com/r/bangladesh/comments/1o88ih6/anyone_ever_received_mailletters_from_overseas/
Does AIUB provide offer letter?,the_tempest_84,2,2,2024-05-14 14:02:37,https://www.reddit.com/r/bangladesh/comments/1crmsfa/does_aiub_provide_offer_letter/
"Which Uni will be better for Mechanical/civil Engineering, Aust or IUT?",Usual-Banana-4340,2,3,2024-06-22 14:03:19,https://www.reddit.com/r/bangladesh/comments/1dlqno8/which_uni_will_be_better_for_mechanicalcivil/
How do i prepare for EWU?,OddYogurtcloset7613,2,2,2024-05-15 15:41:30,https://www.reddit.com/r/bangladesh/comments/1csgsxk/how_do_i_prepare_for_ewu/
Can anyone explain me the process of BRAC University undergraduate admission?,SharifdotG,2,11,2021-11-25 13:57:02,https://www.reddit.com/r/bangladesh/comments/r1rgqf/can_anyone_explain_me_the_process_of_brac/
2017 Bashundhara Bangladesh Open preview interview - Sidduker Rahman,takubaba,2,0,2017-02-01 03:42:40,https://www.youtube.com/watch?v=CGTLdTeUMtQ
"Foods to taste in Puran Dhaka, need suggestions",warhammer327,2,2,2020-02-20 21:09:13,https://www.reddit.com/r/bangladesh/comments/f6udpk/foods_to_taste_in_puran_dhaka_need_suggestions/
Which universities offer open credit for CSE?,M_Levinson,2,9,2025-05-15 13:34:47,https://www.reddit.com/r/bangladesh/comments/1kn2dg3/which_universities_offer_open_credit_for_cse/
Confused Between Public and Private Universities.,Deep-Neighborhood356,2,10,2025-05-21 04:39:11,https://www.reddit.com/r/bangladesh/comments/1kridkv/confused_between_public_and_private_universities/
Looking for therapist near Dhanmondi,wanderluststuckhome,2,4,2025-10-23 19:39:28,https://www.reddit.com/r/bangladesh/comments/1oe3j8a/looking_for_therapist_near_dhanmondi/
Looking for Couple-Friendly Restaurants with Private Cabins in Dhaka (Farmgate/Khilgaon Area),No_Location_8232,2,2,2024-09-10 17:36:41,https://www.reddit.com/r/bangladesh/comments/1fdfo77/looking_for_couplefriendly_restaurants_with/
How can i find a budget friendly restriction less flat in Puran Dhaka,Evening_Day_4722,2,2,2024-09-21 17:56:57,https://www.reddit.com/r/bangladesh/comments/1fm1c3w/how_can_i_find_a_budget_friendly_restriction_less/
where can i repair my ps4 in Puran Dhaka?,MonkeyDJas,2,3,2024-09-24 12:51:09,https://www.reddit.com/r/bangladesh/comments/1fo6cs5/where_can_i_repair_my_ps4_in_puran_dhaka/
Studying abroad (Australia),North-Sweet-1717,2,2,2025-05-11 20:00:36,https://www.reddit.com/r/bangladesh/comments/1kk1orw/studying_abroad_australia/
CSE or BBA for moving abroad,GeneralSadaf,2,1,2025-05-13 03:08:24,https://www.reddit.com/r/bangladesh/comments/1kl42uo/cse_or_bba_for_moving_abroad/
CSE or MIS in NSU ?,Master-Side-6887,2,12,2023-03-18 19:44:34,https://www.reddit.com/r/bangladesh/comments/11uow79/cse_or_mis_in_nsu/
Will the contractor whose incompetence led to the fire of new market be charged?,MyNam3lsJ3ff,2,0,2023-04-15 23:16:17,https://www.reddit.com/r/bangladesh/comments/12nbkdx/will_the_contractor_whose_incompetence_led_to_the/
Looking for HSC 2027 Study Buddies for Engineering Prep,Proof_Willingness486,2,1,2025-09-12 18:33:15,https://www.reddit.com/r/bangladesh/comments/1nf1zhl/looking_for_hsc_2027_study_buddies_for/
A critical analysis of Jamaat's popularity...,Even-Broccoli7361,2,2,2025-09-18 22:20:40,https://www.reddit.com/r/bangladesh/comments/1nkcsqt/a_critical_analysis_of_jamaats_popularity/
DU Admission For English Medium Student,Own_Gold_6574,2,7,2025-09-21 20:06:13,https://www.reddit.com/r/bangladesh/comments/1nmsvlc/du_admission_for_english_medium_student/
What if I don't choose DU or BUET for CSE?,Abir_Islam,2,7,2025-09-20 15:42:16,https://www.reddit.com/r/bangladesh/comments/1nltwvk/what_if_i_dont_choose_du_or_buet_for_cse/
Need help for choose isp,LopsidedStar8719,2,9,2023-09-19 20:23:56,https://www.reddit.com/r/bangladesh/comments/16msdsc/need_help_for_choose_isp/
"Best ISP in Khilgaon, Taltola",Azmain29,2,2,2023-10-31 19:03:04,https://www.reddit.com/r/bangladesh/comments/17kkjko/best_isp_in_khilgaon_taltola/
best place to chill near Puran dhaka? ,Snuffy2022,2,1,2024-05-15 00:32:23,https://www.reddit.com/r/bangladesh/comments/1crzfw1/best_place_to_chill_near_puran_dhaka/
Unsure on where to head towards now.,yeeehow,2,11,2024-03-30 11:32:52,https://www.reddit.com/r/bangladesh/comments/1bra7z6/unsure_on_where_to_head_towards_now/
Aiub or Iub for CE,LegitimateAd9539,2,10,2023-11-23 22:57:39,https://www.reddit.com/r/bangladesh/comments/1825kz1/aiub_or_iub_for_ce/
"Best ISP for puran dhaka, gendaria and bikrampur",yourbasicchad,2,3,2024-07-26 07:14:35,https://www.reddit.com/r/bangladesh/comments/1ecbl33/best_isp_for_puran_dhaka_gendaria_and_bikrampur/
Help post,Artistic-Factor-8000,2,0,2025-10-16 17:10:23,https://www.reddit.com/r/bangladesh/comments/1o83a1m/help_post/
NSU Student Lifestyle,rayhan_stoic,2,4,2025-04-08 14:32:40,https://www.reddit.com/r/bangladesh/comments/1ju8phi/nsu_student_lifestyle/
Anyone knows about the M.Sc in Material Science program of BUET?,TheRedditsImam,2,1,2025-04-16 16:07:15,https://www.reddit.com/r/bangladesh/comments/1k0gsk1/anyone_knows_about_the_msc_in_material_science/
need help about what phone to buy and if i should buy from bangladesh,little_aesthetic52,2,0,2025-06-22 22:37:10,https://www.reddit.com/r/bangladesh/comments/1lhs857/need_help_about_what_phone_to_buy_and_if_i_should/
Wake up Bangladeshis,Hot-Point-4090,2,1,2025-11-18 13:39:20,https://www.reddit.com/r/bangladesh/comments/1p05vor/wake_up_bangladeshis/
VoA for Dhaka Inbound from Different Country,Infinitoid,2,1,2025-11-18 02:23:06,/r/visas/comments/1ozr4ex/voa_for_dhaka_inbound_from_different_country/
"Where to shop in Dhaka for skirts, tops &amp; three-pieces?",Winter-Fig-4104,2,1,2025-08-27 00:44:50,https://www.reddit.com/gallery/1n0u7fr
Need to rush the process of name changing in SSC &amp; HSC certificates !!!,Key_Astronaut_7893,2,1,2025-09-03 00:44:10,https://www.reddit.com/r/bangladesh/comments/1n6ruzr/need_to_rush_the_process_of_name_changing_in_ssc/
IELTS exam center,Ok_Masterpiece_2336,2,2,2025-09-20 00:09:54,https://www.reddit.com/r/bangladesh/comments/1nlaymx/ielts_exam_center/
Is my college worth it?,cocodew77,2,3,2025-09-20 12:18:11,https://www.reddit.com/r/bangladesh/comments/1nlqo6w/is_my_college_worth_it/
Travel video ideas?,clarkeanator,2,3,2025-09-22 03:34:27,https://www.reddit.com/r/bangladesh/comments/1nn4dmj/travel_video_ideas/
"Indian Visiting Dhaka, suggestions?",integer_tostring,2,12,2025-09-27 05:50:22,https://www.reddit.com/r/bangladesh/comments/1nrgp7p/indian_visiting_dhaka_suggestions/
Online Coaching Platform,FrenzyCEE,2,1,2025-09-05 14:18:59,https://www.reddit.com/r/bangladesh/comments/1n8zihx/online_coaching_platform/
Internet in Bashundhara,susamongusdrippycat,2,1,2025-01-19 21:58:31,https://www.reddit.com/r/bangladesh/comments/1i51mbr/internet_in_bashundhara/
Buying a 2nd hand flat in banani Dhaka.,Miserable-Bed3514,2,1,2025-11-14 03:11:50,https://www.reddit.com/r/bangladesh/comments/1owd538/buying_a_2nd_hand_flat_in_banani_dhaka/
Help needed!!,Next-Lime3036,2,0,2024-12-10 15:12:32,https://www.reddit.com/r/bangladesh/comments/1haxufq/help_needed/
Advice on purchasing domestic air ticket?,theuptownpunk,2,3,2025-09-08 14:42:17,https://www.reddit.com/r/bangladesh/comments/1nbiei2/advice_on_purchasing_domestic_air_ticket/
"Looking for sources of high quality chains, hoops &amp; metals for jewellery making",nanjeba_borno,2,0,2025-08-28 13:51:24,https://www.reddit.com/r/bangladesh/comments/1n264es/looking_for_sources_of_high_quality_chains_hoops/
What if Sam Hargrave's Extraction had a Bangladeshi cast,Puzzled-Horse279,2,0,2025-09-08 18:40:12,https://www.reddit.com/gallery/1nbmn0p
"Are there any good boxing gyms near Mohammadpur, Lalmatia, Dhanmondi or Badda?",DeFancyKebab,2,0,2020-09-19 19:43:08,https://www.reddit.com/r/bangladesh/comments/ivsrte/are_there_any_good_boxing_gyms_near_mohammadpur/
NSU cse vs AIUB cse!,Shaker_Afiq-111,2,4,2025-07-31 14:45:21,https://www.reddit.com/r/bangladesh/comments/1mdwbbi/nsu_cse_vs_aiub_cse/
How easy would it be to get into Physics major at BracU this Fall?,Shot_Bowl_2680,2,0,2025-07-29 11:09:41,https://www.reddit.com/r/bangladesh/comments/1mc2te9/how_easy_would_it_be_to_get_into_physics_major_at/
"NSU,IUB or BRAC to go for bba?",Sad-Double602,2,5,2025-07-29 00:33:16,https://www.reddit.com/r/bangladesh/comments/1mbobd7/nsuiub_or_brac_to_go_for_bba/
BRAC/NSU/AIUB for CSE?,MRC2RULES,2,7,2025-07-28 15:12:21,https://www.reddit.com/r/bangladesh/comments/1mbbchb/bracnsuaiub_for_cse/
Want a home rent in dhaka,Upset-Pay3295,2,2,2025-11-06 00:12:30,https://www.reddit.com/r/bangladesh/comments/1opag77/want_a_home_rent_in_dhaka/
Suggestions needed,FarhanAyan_,2,0,2025-10-29 23:38:51,https://www.reddit.com/r/bangladesh/comments/1ojb41k/suggestions_needed/
Suggestions needed,FarhanAyan_,2,0,2025-10-29 23:48:26,https://www.reddit.com/r/bangladesh/comments/1ojbdpz/suggestions_needed/
Question about Spring 2026 semester end date for B.Sc. Architecture at BRAC,milkshake-4242,2,0,2025-08-07 05:01:00,https://www.reddit.com/r/bangladesh/comments/1mjjlc4/question_about_spring_2026_semester_end_date_for/
Japan-based grocery stores,VTorch,2,0,2025-10-30 11:05:48,https://www.reddit.com/r/bangladesh/comments/1ojr2pp/japanbased_grocery_stores/
Study spot,hunahe,2,1,2025-04-06 11:00:33,https://www.reddit.com/r/bangladesh/comments/1jsmido/study_spot/
Passport,Iam_Touhid,2,0,2025-06-22 11:09:41,https://www.reddit.com/r/bangladesh/comments/1lhg01g/passport/
Find friends,Sa_Fi12,2,8,2025-07-20 00:27:51,https://www.reddit.com/r/bangladesh/comments/1m43b39/find_friends/
"Looking for Affordable &amp; Quality DTF Printing &amp; Heat Pressing Near Khilgaon, Motijheel, or Malibagh.",Ari_the_pixel_ninja,2,0,2025-07-24 18:13:30,https://www.reddit.com/r/bangladesh/comments/1m82qrm/looking_for_affordable_quality_dtf_printing_heat/
Upgrading my iPhone 12 Pro – advice on shops &amp; price in Dhaka,Intelligent-Delay-95,2,0,2025-08-31 11:37:33,https://www.reddit.com/r/bangladesh/comments/1n4mq68/upgrading_my_iphone_12_pro_advice_on_shops_price/
Are there any restaurants in Puran Dhaka that serve good bengali pork dishes?,DoodhBhaat,2,9,2025-09-01 20:54:59,https://www.reddit.com/r/bangladesh/comments/1n5qvgq/are_there_any_restaurants_in_puran_dhaka_that/
Are the SAT and North South University Admission Exams the Same?,Previous_Visual_5757,2,0,2025-05-04 02:52:03,https://www.reddit.com/r/bangladesh/comments/1ke2vep/are_the_sat_and_north_south_university_admission/
diabetes and exercise_ Morning Exercise_ Hatirjheel provati sangho Exerc...,MashiurRahamn,2,0,2016-05-29 11:36:52,https://www.youtube.com/watch?v=Wk5Y4t9F3KQ&amp;feature=share
Halloween events in dhaka,No_idea_duh,2,0,2025-10-27 04:55:49,/r/Dhaka/comments/1ogyiqp/halloween_events_in_dhaka/
"Does anyone know where can I apply for learning boxing/ Muay thai near Mirpur,Dhaka?",Baked_Pan798,2,1,2025-10-27 02:26:57,https://www.reddit.com/r/bangladesh/comments/1ogv09g/does_anyone_know_where_can_i_apply_for_learning/
Sunrise over Hatirjheel and a bit of Music,drabir,2,0,2020-12-01 11:32:09,https://youtu.be/k8hRRkNkyQ8
Credit transfer/Drop out,Independent_Nothing3,2,2,2025-09-29 00:05:19,https://www.reddit.com/r/bangladesh/comments/1nsv42w/credit_transferdrop_out/
Private university admission information help -,many_years_,2,2,2025-10-03 15:17:51,https://www.reddit.com/r/bangladesh/comments/1nwu8pb/private_university_admission_information_help/
Need participants for a study,notkafka311,2,0,2025-10-28 01:09:51,https://www.reddit.com/r/bangladesh/comments/1ohnh2j/need_participants_for_a_study/
Need a one-bedroom apartment near Bashundhara,Affectionate-Run-199,2,0,2025-01-27 19:47:21,https://www.reddit.com/r/bangladesh/comments/1ib9gai/need_a_onebedroom_apartment_near_bashundhara/
Where else to sell my smartphones?,Select-Day-873,2,0,2025-11-10 16:34:42,https://www.reddit.com/r/bangladesh/comments/1otafe9/where_else_to_sell_my_smartphones/
How to prepare for MSc in CSE admission test at Dhaka University?,Money_Consequence511,2,1,2025-07-27 02:31:29,https://www.reddit.com/r/bangladesh/comments/1ma3ihr/how_to_prepare_for_msc_in_cse_admission_test_at/
Help,Plus-Feedback-1096,2,2,2025-07-27 23:36:22,https://www.reddit.com/r/bangladesh/comments/1masdt3/help/
Admission Enquiry,Square_Warning4223,2,3,2025-07-28 14:45:58,https://www.reddit.com/r/bangladesh/comments/1mbaxyz/admission_enquiry/
Second Bachelor's,TangerineNeonLights_,2,0,2025-07-19 18:11:26,https://www.reddit.com/r/bangladesh/comments/1m3upmw/second_bachelors/
Best internet provider in Bashundhara?,JustaBSJfan,2,2,2023-11-26 23:43:02,https://www.reddit.com/r/bangladesh/comments/184g638/best_internet_provider_in_bashundhara/
Oversized T-shirts in Bashundhara City,ifad_,2,2,2023-12-16 00:44:00,https://www.reddit.com/r/bangladesh/comments/18j73i2/oversized_tshirts_in_bashundhara_city/
Trying to design a high-impact career: Econ/IR at DU + global credentials. Can this lead to executive roles in BD?,Agile_Ad7635,2,0,2025-07-05 19:59:36,https://www.reddit.com/r/bangladesh/comments/1lsaisg/trying_to_design_a_highimpact_career_econir_at_du/
Best private university for humanities students?,Worth-Gene,2,1,2025-06-25 16:46:29,https://www.reddit.com/r/bangladesh/comments/1lk2ekn/best_private_university_for_humanities_students/
DU A Unit GPA Requirement,kjamwokao,2,1,2025-06-27 14:56:08,https://www.reddit.com/r/bangladesh/comments/1llp2px/du_a_unit_gpa_requirement/
Need guidance: Bangla-medium CSE graduate planning to sit for O/A Levels as a private candidate to apply for DU (Economics/Applied Math),TheJackedN3rd,2,1,2025-07-01 17:53:20,https://www.reddit.com/r/bangladesh/comments/1loznmp/need_guidance_banglamedium_cse_graduate_planning/
Best private university for humanities students?,Worth-Gene,2,4,2025-06-24 21:23:57,https://www.reddit.com/r/bangladesh/comments/1lje0bm/best_private_university_for_humanities_students/
Anyone from DU IBA?,Driver_Kenobi2004,1,1,2025-02-22 01:34:12,https://www.reddit.com/r/bangladesh/comments/1iuziae/anyone_from_du_iba/
Shia in puran dhaka,Better_tqas,1,0,2025-10-10 04:56:21,https://www.reddit.com/r/bangladesh/comments/1o2kkc0/shia_in_puran_dhaka/
DU protests and demand resignation of the Home Advisor Jahangir,VapeyMoron,1,4,2025-02-24 03:38:19,https://i.redd.it/sb3kck98kyke1.jpeg
From where can I buy weight vest in Dhaka?,sGrnegan,1,1,2023-09-07 15:11:47,https://www.reddit.com/r/bangladesh/comments/16cb1bz/from_where_can_i_buy_weight_vest_in_dhaka/
Where can I purchase regular fit men's outfit in Dhaka city?,Mindless_Session_761,1,2,2024-09-07 20:54:06,https://www.reddit.com/r/bangladesh/comments/1fb8r9x/where_can_i_purchase_regular_fit_mens_outfit_in/
China sends machinery for domestic defence industry in Bangladesh,VapeyMoron,1,0,2025-03-12 16:25:43,https://www.reddit.com/r/bangladesh/comments/1j9gxdw/china_sends_machinery_for_domestic_defence/
College Suggestions [GPA-4.83],Sauce_Is_Life,1,0,2024-05-30 00:08:45,https://www.reddit.com/r/bangladesh/comments/1d3iq9t/college_suggestions_gpa483/
I wanna study bachelor in abroad help me 🙏🏻,ilovemybmwx5,1,7,2025-10-13 23:35:33,https://www.reddit.com/r/bangladesh/comments/1o5qey6/i_wanna_study_bachelor_in_abroad_help_me/
Going to the barber to get a haircut is a nightmare in this country,tazvedr45,1,13,2022-07-06 02:07:20,https://www.reddit.com/r/bangladesh/comments/vs6vk2/going_to_the_barber_to_get_a_haircut_is_a/
Where to buy authentic Anker products in Dhaka?,chonkerpotat,1,2,2022-08-03 02:12:36,https://www.reddit.com/r/bangladesh/comments/welsrd/where_to_buy_authentic_anker_products_in_dhaka/
Leaked phonecall between Tarique Rahman and DU pro-VC,Which_Parfait_2166,1,2,2025-01-29 14:46:14,https://youtu.be/uQr5ZdS_dMM?si=iik3SizjBPTmH9MT
Transfer credits from AIUB to BRACU? thoughts?,lubdhak_31,1,5,2024-08-28 17:30:11,https://www.reddit.com/r/bangladesh/comments/1f37sew/transfer_credits_from_aiub_to_bracu_thoughts/
Is There Any Photobooths For Couples in Dhaka??,DebtLess2374,1,0,2025-11-23 11:48:49,https://www.reddit.com/r/bangladesh/comments/1p4ezud/is_there_any_photobooths_for_couples_in_dhaka/
Where can I find a Nintendo 3DS near Dhaka?,Ok_Junket_5751,1,1,2025-11-22 00:13:57,https://www.reddit.com/r/bangladesh/comments/1p35y7d/where_can_i_find_a_nintendo_3ds_near_dhaka/
History of July Movement by Zulkarnain Saer,QuakeWok,1,1,2025-02-21 17:45:22,https://www.reddit.com/r/bangladesh/comments/1iuozxv/history_of_july_movement_by_zulkarnain_saer/
"Urgent Help: Best Path to Complete HSC in 1 Year as a Private Candidate in Dhaka (4-Year Gap, Night Job 9 PM-6 AM)",IK_Khan,1,0,2025-11-22 20:11:08,https://www.reddit.com/r/bangladesh/comments/1p3u66e/urgent_help_best_path_to_complete_hsc_in_1_year/
Ahsan Manzil,takubaba,1,1,2017-03-24 16:00:47,https://www.youtube.com/watch?v=fWYw6RsitEw
Is it viable to switch to Law for a Master’s after a CSE undergrad in Bangladesh?,elvinbarton,1,2,2025-08-26 23:54:23,https://www.reddit.com/r/bangladesh/comments/1n0svgj/is_it_viable_to_switch_to_law_for_a_masters_after/
ভূমধ্যসাগরের নিচে ঘুমিয়ে আছে বাংলাদেশ - The Route of No Return | Voice of Dhaka,Asleep-Jellyfish007,1,0,2025-10-10 18:24:20,https://youtu.be/8bAEafC0TLg?si=rer4-Fy4Ru43IP6O
Chittagong University W or L?,Soul_Sniper_26,1,17,2025-11-04 01:07:16,https://www.reddit.com/r/bangladesh/comments/1onksuc/chittagong_university_w_or_l/
HELP!!,Extension-Iron9782,1,8,2022-10-26 01:25:01,https://www.reddit.com/r/bangladesh/comments/yddbwg/help/
Anyone wish to meet me tomorrow?,tirednibba247,1,0,2023-04-22 03:15:10,https://www.reddit.com/r/bangladesh/comments/12uinh1/anyone_wish_to_meet_me_tomorrow/
Where Can I Attest Some documents in Dhaka?,RED818,1,5,2021-09-14 20:03:48,https://www.reddit.com/r/bangladesh/comments/po3f7l/where_can_i_attest_some_documents_in_dhaka/
"Sculpture at TSC, Dhaka University | Raju Memorial | I'm really proud of how really young people actively fought against the oppressive governments in the past, this sculpture captures that",yasserius,1,0,2021-12-30 19:33:10,https://i.redd.it/1smjo9wymo881.jpg
SELLING LAND IN PURAN DHAKA!!!!!!!,megatonowo,1,2,2025-08-24 12:14:24,https://www.reddit.com/r/bangladesh/comments/1myo1ki/selling_land_in_puran_dhaka/
Where can I play table tennis around Gulshan/Bashundhara,tarif88,1,0,2024-03-30 20:40:14,https://www.reddit.com/r/bangladesh/comments/1brjf25/where_can_i_play_table_tennis_around/
A leaked proof of BAL requesting Indian aid to kill from back in 2013.,ktmxyt,1,1,2024-11-23 02:29:13,https://www.reddit.com/gallery/1gxhj04
Guy who physically assaulted and called Mob on smoking girls got arrested,VapeyMoron,1,3,2025-03-10 15:15:20,https://i.redd.it/cqodtsgdxtne1.jpeg
Best brands or shops at Jamuna Future Park,Large-Problem7630,1,0,2023-08-10 10:00:56,https://www.reddit.com/r/bangladesh/comments/15n1fow/best_brands_or_shops_at_jamuna_future_park/
HSTU CSE or AUST CSE,Say__my__name__,1,9,2023-08-20 16:30:06,https://www.reddit.com/r/bangladesh/comments/15w7y2p/hstu_cse_or_aust_cse/
Mohakhali to Jagannath university and vice versa.,NAF1R,1,2,2023-11-06 23:49:10,https://www.reddit.com/r/bangladesh/comments/17p8h1u/mohakhali_to_jagannath_university_and_vice_versa/
Can I expect a better future by studying IPE at AUST?,GALEEB_101,1,2,2023-08-29 13:38:21,https://www.reddit.com/r/bangladesh/comments/164br4a/can_i_expect_a_better_future_by_studying_ipe_at/
can i take cse in IUB uni?,_rafflewaffle,1,6,2024-01-18 20:02:26,https://www.reddit.com/r/bangladesh/comments/199qtt2/can_i_take_cse_in_iub_uni/
NSU vs BRAC for CSE.,Interesting_Kale_700,1,8,2025-04-18 14:15:00,https://www.reddit.com/r/bangladesh/comments/1k1zsbv/nsu_vs_brac_for_cse/
Awami League supporter openly issuing rape threats to an NSU student,ultrahex007,1,2,2025-03-28 14:06:47,https://i.redd.it/apjw7fvj1ere1.jpeg
Du Eee and Robotics Review,Pretend_Ad26,1,2,2025-03-25 16:46:10,https://www.reddit.com/r/bangladesh/comments/1jjghcy/du_eee_and_robotics_review/
AIUB or BRAC for CSE,redditcarouselart,1,14,2023-04-01 17:25:12,https://www.reddit.com/r/bangladesh/comments/128jfa0/aiub_or_brac_for_cse/
"I'm not sure if it is only me, but the sky-summit level of MRT line 6 sort of made Dhaka look more modern.",Comfortable-Table-57,1,0,2025-08-28 03:33:46,https://www.reddit.com/r/bangladesh/comments/1n1tv72/im_not_sure_if_it_is_only_me_but_the_skysummit/
NIRAPAD Alliance Just Launched: A Major National Effort for Mental Health &amp; Cyber Safety 🇧🇩,LopsidedDistance6686,1,1,2025-11-21 08:40:09,https://www.reddit.com/r/bangladesh/comments/1p2mzk8/nirapad_alliance_just_launched_a_major_national/
Eight girls have embarked on the journey of employment and have been selling tickets of tourist buses run by HR Transport Agency at the Hatirjheel Project area.,takubaba,1,0,2016-11-09 17:12:53,http://www.thedailystar.net/star-weekend/wind-change-1301671
What are the best options for inter district travel?,Nayuist,1,5,2025-10-27 20:35:08,https://www.reddit.com/r/bangladesh/comments/1ohg25v/what_are_the_best_options_for_inter_district/
Bangladesh needs help,asmrabbi,1,1,2018-08-05 13:55:09,https://www.reddit.com/r/bangladesh/comments/94qbjc/bangladesh_needs_help/
Anyone here from jatrabari area,Single_Fig_5624,0,2,2024-10-31 01:28:03,https://www.reddit.com/r/bangladesh/comments/1gfv0h4/anyone_here_from_jatrabari_area/
Where can i buy red bull in dhaka?,nunubaka,0,1,2021-11-25 20:36:23,https://www.reddit.com/r/bangladesh/comments/r1xwmt/where_can_i_buy_red_bull_in_dhaka/
suggest some cafe/restaurants in khilgaon for private time,Mahmudul_Hasan27,0,0,2025-07-17 02:48:11,https://www.reddit.com/r/bangladesh/comments/1m1o44t/suggest_some_caferestaurants_in_khilgaon_for/
Looking for friends,Sa_Fi12,0,4,2025-07-19 02:17:47,https://www.reddit.com/r/bangladesh/comments/1m3ct4j/looking_for_friends/
IUT Civil Engineering or Brac CSE,nabilalam_10,0,3,2024-05-11 03:40:56,https://www.reddit.com/r/bangladesh/comments/1cp10hb/iut_civil_engineering_or_brac_cse/
Which MBA is better for the BD job market.,Otcoron,0,2,2024-05-22 12:56:47,https://www.reddit.com/r/bangladesh/comments/1cxu1tq/which_mba_is_better_for_the_bd_job_market/
Preparing for EWU,OddYogurtcloset7613,0,0,2024-06-26 19:19:45,https://www.reddit.com/r/bangladesh/comments/1doyg17/preparing_for_ewu/
Average Bhai from Buet,BlacksmithFun3821,0,0,2025-10-23 16:26:19,https://www.reddit.com/r/bangladesh/comments/1odzo1a/average_bhai_from_buet/
Did Chinmay Das  actually commit sedition???Does any one have a video or a close up shot of the flag hoisted at new market ctg? Fact check is needed on this. [OC],itsnightmare_here,0,3,2025-01-10 04:26:30,https://www.reddit.com/r/bangladesh/comments/1hxp3vg/did_chinmay_das_actually_commit_seditiondoes_any/
From where can I can get cargo pants? @Dhanmondi,Own_Antelope_7019,0,8,2025-05-20 05:15:44,https://www.reddit.com/r/bangladesh/comments/1kqq7w5/from_where_can_i_can_get_cargo_pants_dhanmondi/
Can I take my vape,NefariousnessThat317,0,13,2025-10-04 13:23:06,https://www.reddit.com/r/bangladesh/comments/1nxni87/can_i_take_my_vape/
This nation can not read.,Clouded_Aim,0,14,2024-10-20 22:56:50,https://www.reddit.com/r/bangladesh/comments/1g83ava/this_nation_can_not_read/
Did we actually hang the Rajakars responsible for '71,NeverG1veUp1000,0,20,2022-02-07 21:46:30,https://www.reddit.com/r/bangladesh/comments/smt932/did_we_actually_hang_the_rajakars_responsible_for/
I'm in 4rd yr in economics. What'll be my potential job field? In banks only? Does cgpa really matters for my sector? I'm currently in ewu cg 2.65,CharityHead9076,0,10,2023-08-20 13:59:22,https://www.reddit.com/r/bangladesh/comments/15w59on/im_in_4rd_yr_in_economics_whatll_be_my_potential/
Which University in Bangladesh offers the best CSE or EEE course ?,CaptainSmarty,0,3,2022-06-24 02:36:41,https://www.reddit.com/r/bangladesh/comments/vj6hyk/which_university_in_bangladesh_offers_the_best/
Private University For getting Engineering Degree,Southern-Explorer616,0,7,2024-04-25 21:04:08,https://www.reddit.com/r/bangladesh/comments/1ccu8sp/private_university_for_getting_engineering_degree/
NSU IUB admission requirements,-missdior,0,3,2023-10-14 03:18:16,https://www.reddit.com/r/bangladesh/comments/1778zw3/nsu_iub_admission_requirements/
how important are admission tests for private uni?,h1tler_feet,0,4,2022-05-26 19:08:54,https://www.reddit.com/r/bangladesh/comments/uy79ls/how_important_are_admission_tests_for_private_uni/
টক শোর নামে যা চলছে বাংলাদেশে | সস্তা জনপ্রিয়তা বনাম সম্মান | The Dark Side of Talk Shows | TSC,Dragonking_Earth,0,9,2025-06-08 12:13:12,https://youtu.be/4owYhU2_-48?si=6QdTV_tcHN9lb_7a
Need advice for transitioning to AI/ML field.,Horny_priest8366,0,2,2025-10-12 14:33:20,https://www.reddit.com/r/bangladesh/comments/1o4jtts/need_advice_for_transitioning_to_aiml_field/
Need help to forget female best friend,Hopeful-Author8162,0,19,2025-07-20 13:01:33,https://www.reddit.com/r/bangladesh/comments/1m4ihth/need_help_to_forget_female_best_friend/
"Mahfuz Alam — The Most Brilliant, Yet Most Unpopular Leader of the July Movement",Distinct-Hold7796,0,36,2025-05-17 15:51:56,https://www.reddit.com/r/bangladesh/comments/1kopana/mahfuz_alam_the_most_brilliant_yet_most_unpopular/
I am from DU. Ask me anything,Sexy_onion_17,0,8,2025-09-11 23:46:22,https://www.reddit.com/r/bangladesh/comments/1neffy0/i_am_from_du_ask_me_anything/
"🪔 Kali Puja Vibes — Looking for a Travel Partner (Dhaka, Oct 20)",dhumketu69,0,8,2025-10-20 05:51:26,https://www.reddit.com/r/bangladesh/comments/1ob4zeg/kali_puja_vibes_looking_for_a_travel_partner/
"Are there any boxing gyms, or mma gyms near Badda, Mohammadpur or Lalmatia that is willing to teach a 15 year old boy, 5'7.5 in height and 63 kg.",DeFancyKebab,0,0,2020-08-21 14:06:45,https://www.reddit.com/r/bangladesh/comments/idsq82/are_there_any_boxing_gyms_or_mma_gyms_near_badda/
[Football] Bangladesh Premier League champns: Bashundhara Kings,Square-Produce-3538,0,0,2023-05-27 20:40:37,https://twitter.com/theafcdotcom/status/1662438365633867778?t=fJPZbt_uheW64gXQ98mBRw&amp;s=19
Buet admission,ParsleyLow8147,0,7,2025-07-18 20:58:26,https://www.reddit.com/r/bangladesh/comments/1m34kwb/buet_admission/
Need help in transportation from Bashundhara block F to BracU,DaddyMaster010,0,3,2023-05-28 19:02:42,https://www.reddit.com/r/bangladesh/comments/13tzymx/need_help_in_transportation_from_bashundhara/
Shibir and DUCSU,Just_A_Chill_Guy2414,0,7,2025-09-11 10:57:59,https://www.reddit.com/r/bangladesh/comments/1ne01wo/shibir_and_ducsu/
Shibir Promotion on Mirza Galim,RazzmatazzStrict,0,12,2025-08-22 17:19:10,https://www.reddit.com/r/bangladesh/comments/1mx3q5r/shibir_promotion_on_mirza_galim/
After 5th August ,Realistic_Shake6823,0,11,2024-12-11 00:07:02,https://www.reddit.com/r/bangladesh/comments/1hb80ru/after_5th_august/
What if Dhaka was abandoned and nature took it back? 🌿 A mysterious AI short film I made,Competitive-Essay798,0,16,2025-09-03 18:18:57,https://youtu.be/N2-b-XXWxfA?si=0Nbyz6Ez2WWLG66g
Gift Suggestion,Midnight-Syntax_007,0,1,2025-09-13 01:29:48,https://www.reddit.com/r/bangladesh/comments/1nfcftx/gift_suggestion/
Dhaka-19 : Nafsin Mehanaz Azireen - Bihari?,badfaroosh,0,9,2025-11-22 19:17:25,https://www.reddit.com/r/bangladesh/comments/1p3t08g/dhaka19_nafsin_mehanaz_azireen_bihari/
