title,author,upvotes,comments,date,url
I GOT FIRED FROM MY JOB AT THE FIRST DAY,goinnbackto505,299,207,2025-11-15 21:49:52,https://www.reddit.com/r/Dhaka/comments/1oxv0iq/i_got_fired_from_my_job_at_the_first_day/
Bashundhara?,Kurou-Mamonogatari,251,21,2025-11-08 16:59:20,https://www.reddit.com/gallery/1ormmwb
Struggling Dad Begging for Help: Seeking Job Opportunities,sunny_sun92,215,68,2025-08-20 09:12:50,https://www.reddit.com/r/Dhaka/comments/1mv3m0b/struggling_dad_begging_for_help_seeking_job/
Desperate Dad in Dhaka Seeking Job and Urgent Help – Father of Two Little Girls Facing Eviction and Power Cutoff,sunny_sun92,205,71,2025-09-14 14:11:06,https://www.reddit.com/r/Dhaka/comments/1nglksi/desperate_dad_in_dhaka_seeking_job_and_urgent/
A shame for the nation and our people also the future,Longjumping-Boot-713,198,345,2025-09-10 07:30:49,https://www.reddit.com/r/Dhaka/comments/1nd18ip/a_shame_for_the_nation_and_our_people_also_the/
Surprised at how much Tejgaon has changed,Dhakaiya91,187,21,2025-08-16 23:21:07,https://www.reddit.com/gallery/1ms1l9h
Earthquake and Guilt Tripping,AdvantageNorth1032,187,134,2025-11-21 12:51:20,https://www.reddit.com/r/Dhaka/comments/1p2rt0x/earthquake_and_guilt_tripping/
Found these cracks in my wall after the recent earthquake. Should I be worried?,MasaniYasin,183,68,2025-11-22 13:31:22,https://www.reddit.com/gallery/1p3n9qh
Life Advice: Be a Nerd or an Extremely Hard Worker.,_War_Daddy,181,42,2025-10-26 16:14:56,https://www.reddit.com/r/Dhaka/comments/1ogh12r/life_advice_be_a_nerd_or_an_extremely_hard_worker/
"Almost fainted in the metro today, grateful for kind strangers",SentientSideChara,178,19,2025-07-19 19:49:22,https://www.reddit.com/r/Dhaka/comments/1m3wp3y/almost_fainted_in_the_metro_today_grateful_for/
Should I drop out of BUET?,ItchyTranslator2244,173,145,2025-09-18 07:13:32,https://www.reddit.com/r/Dhaka/comments/1njuynw/should_i_drop_out_of_buet/
Now that shibir has won..,Fantastic-Freedom754,160,505,2025-09-10 11:06:30,https://www.reddit.com/r/Dhaka/comments/1nd5g4k/now_that_shibir_has_won/
NCP is shit fake !,Hot_Key2000,153,101,2025-11-21 08:02:31,https://www.reddit.com/r/Dhaka/comments/1p2m6fc/ncp_is_shit_fake/
Estimated magnitude 5.2 earthquake,humble_akhBD,153,206,2025-11-21 10:42:37,https://www.reddit.com/r/Dhaka/comments/1p2pjnp/estimated_magnitude_52_earthquake/
Does this look like a Hindu goddess?,Infinite-Sector-8694,151,200,2025-11-19 15:22:51,https://www.reddit.com/gallery/1p1303f
Bangladeshi women should stop settling for less. We are enabling these losers,QuietSuccessfull,149,336,2025-11-18 20:37:15,https://www.reddit.com/r/Dhaka/comments/1p0dkr3/bangladeshi_women_should_stop_settling_for_less/
Wife is very mean and rude to other,Swimming_Crew_5054,125,86,2025-11-15 03:23:15,https://www.reddit.com/r/Dhaka/comments/1ox8zph/wife_is_very_mean_and_rude_to_other/
I Just hate how most Bangladeshi people just cannot think rationally,Crowned_XD,116,37,2025-11-19 19:18:07,https://www.reddit.com/r/Dhaka/comments/1p17g5l/i_just_hate_how_most_bangladeshi_people_just/
Basabo Buddho Mondir,CodeAndCorrelation,116,12,2025-11-14 10:55:35,https://www.reddit.com/gallery/1ownhuo
"Rant: Bashundhara R/A is an absolutely horrendous neighborhood. Why is it so ""hyped""?",throwlol134,111,71,2025-08-26 16:17:03,https://www.reddit.com/r/Dhaka/comments/1n0hyf3/rant_bashundhara_ra_is_an_absolutely_horrendous/
What's so surprising?,ironic_XD69,102,72,2025-09-10 14:08:45,https://www.reddit.com/r/Dhaka/comments/1nd8bey/whats_so_surprising/
Don't ignore.,mtinbd,99,52,2025-07-12 15:19:00,https://www.reddit.com/r/Dhaka/comments/1lxw7do/dont_ignore/
1000 taka is literally nothing,Mobile_Hearing5882,97,63,2025-03-05 19:02:23,https://www.reddit.com/r/Dhaka/comments/1j42jw5/1000_taka_is_literally_nothing/
My rideshare biker left me on the road but took the bike with him. I was still sitting… mentally.,Medium_Push8841,90,27,2025-11-22 16:54:03,https://www.reddit.com/r/Dhaka/comments/1p3qf4q/my_rideshare_biker_left_me_on_the_road_but_took/
App that shows live Bangladesh Railway train positions - Find My Train: Bangladesh,jgainbd,87,21,2025-11-15 20:13:56,https://www.reddit.com/gallery/1oxsqjf
ODC 101:,machinegunnedburger,85,40,2024-11-19 12:58:01,https://www.reddit.com/r/Dhaka/comments/1gurdsx/odc_101/
Some weird behaviour I have noticed as a bideshi whenever I am visiting Bangladesh.,Fast_Confection2192,80,25,2025-11-15 05:16:16,https://www.reddit.com/r/Dhaka/comments/1oxbt4d/some_weird_behaviour_i_have_noticed_as_a_bideshi/
"For those who thinks it's over, it's not ",BIBjaw,78,4,2024-07-29 02:21:21,https://www.reddit.com/gallery/1eegq3l
It’s now a plan by Yunus and his government that Jamaat will come into power in February,HelicopterLong2342,78,69,2025-09-29 07:35:47,https://www.reddit.com/r/Dhaka/comments/1nt5jzf/its_now_a_plan_by_yunus_and_his_government_that/
Ousted Bangladesh PM Sheikh Hasina sentenced to death for crimes against humanity,Power-Equality,78,41,2025-11-17 14:56:28,https://www.indiatoday.in/world/story/ousted-bangladesh-pm-sheikh-hasina-sentenced-to-death-by-dhaka-court-for-crimes-against-humanity-2821159-2025-11-17
অবশ্যই এরা ব্রেনওয়াশড সাইকোপ্যাথ,relapse_rif,77,28,2024-12-18 16:56:58,https://www.reddit.com/r/Dhaka/comments/1hgz5yf/অবশযই_এর_বরনওয়শড_সইকপযথ/
"Desh e thekeo dekhsi, desher baire thekeo dekhsi, I recommend never being born",heavygrin,74,17,2025-11-14 22:24:10,https://www.reddit.com/r/Dhaka/comments/1ox11pr/desh_e_thekeo_dekhsi_desher_baire_thekeo_dekhsi_i/
A Controversial Question to Girls here!,SpinachDesigner3346,74,52,2025-11-21 16:46:11,https://www.reddit.com/r/Dhaka/comments/1p2vhjq/a_controversial_question_to_girls_here/
Crazy earthquake in Dhaka,Unhappyflowerr,72,49,2025-11-21 10:46:19,https://www.reddit.com/r/Dhaka/comments/1p2pm5w/crazy_earthquake_in_dhaka/
I hope everybody's okay,Dry_Extension6091,71,36,2025-11-21 11:47:39,https://www.reddit.com/r/Dhaka/comments/1p2qpyc/i_hope_everybodys_okay/
"My grandfather (Nana) told my mom when she was a child that laughing too loudly would make her sinful and made her recite an Arabic verse whenever she laughed. Even normal laughter made her stop midway and quickly recite the verse, believing she had sinned.",the-machine-m4n,70,38,2025-11-15 14:40:15,https://www.reddit.com/r/Dhaka/comments/1oxmplw/my_grandfather_nana_told_my_mom_when_she_was_a/
So..I took some pictures,Gold_Pipe9289,69,14,2025-11-14 22:03:40,https://www.reddit.com/gallery/1ox0hhj
Mom ruining my brother's life,FrontBeautiful644,69,37,2025-10-11 20:30:59,https://www.reddit.com/r/Dhaka/comments/1o3x3ay/mom_ruining_my_brothers_life/
Why do top potential guys leave high-paying private jobs for govt jobs?,Complex-9723,66,53,2025-10-06 11:35:36,https://www.reddit.com/r/Dhaka/comments/1nzashf/why_do_top_potential_guys_leave_highpaying/
"In our country, can no person legally (on paper) write themselves as non-religious? And can't two non-religious people legally marry without any hassle? What does our law say?",the-machine-m4n,66,48,2025-11-14 13:02:45,https://www.reddit.com/r/Dhaka/comments/1owpqbq/in_our_country_can_no_person_legally_on_paper/
how are people affording to study outside,Temporary_Heart1018,65,87,2025-11-17 18:20:20,https://www.reddit.com/r/Dhaka/comments/1ozet9d/how_are_people_affording_to_study_outside/
Bangladesh is severely lacking in Public Libraries and overall access to books.,Honest_Ad_6090,63,40,2025-11-18 21:43:20,https://www.reddit.com/r/Dhaka/comments/1p0f95k/bangladesh_is_severely_lacking_in_public/
Earthquake Again?,Due_Fly_6934,63,71,2025-11-22 18:11:58,https://www.reddit.com/r/Dhaka/comments/1p3rr78/earthquake_again/
Is finding talented people in Bangladesh to do ANYTHING at an international level IMPOSSIBLE?,UncomfortablyBrown,62,65,2025-09-26 01:14:18,https://www.reddit.com/r/Dhaka/comments/1nqfrqr/is_finding_talented_people_in_bangladesh_to_do/
Is my cousin manipulative?,kindred_eldtrich,59,64,2025-11-02 14:08:22,https://www.reddit.com/r/Dhaka/comments/1ombssq/is_my_cousin_manipulative/
About the Recent NSU Incident,AncientBasiIisk,58,71,2025-10-06 04:03:53,https://www.reddit.com/r/Dhaka/comments/1nz1jwm/about_the_recent_nsu_incident/
Fb page posting pics of women without consent,jasontoddloverr,57,30,2025-11-19 18:36:52,https://www.reddit.com/r/Dhaka/comments/1p16k5e/fb_page_posting_pics_of_women_without_consent/
Do guys find girls with nose piercings attractive?,sabia__,56,133,2025-11-16 01:43:15,https://www.reddit.com/r/Dhaka/comments/1oy0x9b/do_guys_find_girls_with_nose_piercings_attractive/
Is arranged marriage still a thing in Bangladesh for male in their early 20s?,hackerbong,55,47,2025-11-18 06:56:01,https://www.reddit.com/r/Dhaka/comments/1ozy1x1/is_arranged_marriage_still_a_thing_in_bangladesh/
Do you believe in jinn? I want to hear your real experiences,Last-Engineering-649,50,130,2025-11-17 02:36:30,https://www.reddit.com/r/Dhaka/comments/1oywfll/do_you_believe_in_jinn_i_want_to_hear_your_real/
My view on Dhaka,Top_Ad1064,50,59,2025-11-14 16:34:39,https://www.reddit.com/r/Dhaka/comments/1owt2at/my_view_on_dhaka/
I was in three different rehab mental health facilities including Pabna mental hospital. AMA.,Old_Mechanic9,50,49,2025-11-20 05:46:13,https://www.reddit.com/r/Dhaka/comments/1p1nuy7/i_was_in_three_different_rehab_mental_health/
A surprise for Mom,bluemasterplayz,48,49,2025-10-11 16:25:15,https://www.reddit.com/r/Dhaka/comments/1o3s4nn/a_surprise_for_mom/
Moving in With my Wife,Frosty_Dingo5067,47,41,2025-10-04 18:50:37,https://www.reddit.com/r/Dhaka/comments/1nxt5bu/moving_in_with_my_wife/
Kittens Up for Adoption.,snakesyle16,46,12,2025-07-15 17:18:36,https://www.reddit.com/gallery/1m0f3b0
Politics and Public universities,serialgooner696,45,57,2025-09-15 14:31:52,https://www.reddit.com/r/Dhaka/comments/1nhgbfc/politics_and_public_universities/
BD job market update,BoysenberryAlarmed54,45,46,2025-10-24 02:58:39,https://www.reddit.com/r/Dhaka/comments/1oef0te/bd_job_market_update/
আজকের ভুমিকম্প আর আমি (জীবন থেকে নেয়া),BothPresentation539,45,32,2025-11-21 18:54:14,https://www.reddit.com/r/Dhaka/comments/1p2xur7/আজকর_ভমকমপ_আর_আম_জবন_থক_নয়/
Does feminism exist in Jamaat?,fatal-rose-3047,45,86,2025-11-20 18:45:13,https://www.reddit.com/r/Dhaka/comments/1p22866/does_feminism_exist_in_jamaat/
Dating spots,Maleficent-Map5805,44,86,2025-07-09 13:10:24,https://www.reddit.com/r/Dhaka/comments/1lvcchq/dating_spots/
Dhaka is a very nice city,lord_sammy,43,18,2025-07-25 19:01:29,https://www.reddit.com/r/Dhaka/comments/1m8yk1e/dhaka_is_a_very_nice_city/
টাকা বাদে জীবনে কোন একটা জিনিস আপনি সবচেয়ে বেশি চান?,Aaliynah550,43,133,2025-11-16 15:59:18,https://www.reddit.com/r/Dhaka/comments/1oyhx82/টক_বদ_জবন_কন_একট_জনস_আপন_সবচয়_বশ_চন/
Two Orphan Kittens are looking for a Loving Home.,snakesyle16,42,3,2025-07-16 19:48:43,https://www.reddit.com/gallery/1m1d2g0
Does anyone else think that people of this generation is intellectually poor?,Outrageous-Being7136,42,51,2025-11-16 01:06:59,https://www.reddit.com/r/Dhaka/comments/1oy00es/does_anyone_else_think_that_people_of_this/
I am getting really depressed because of this,Icey-cold,42,35,2025-11-18 02:05:00,https://www.reddit.com/r/Dhaka/comments/1ozqqjd/i_am_getting_really_depressed_because_of_this/
got into a harassment for no reason,Beneficial_Mouse_279,41,72,2025-11-20 02:24:23,https://www.reddit.com/r/Dhaka/comments/1p1iqxu/got_into_a_harassment_for_no_reason/
"To my liberal friends, shibir...",_average_man_,41,52,2025-09-12 04:22:37,https://www.reddit.com/r/Dhaka/comments/1nemfoe/to_my_liberal_friends_shibir/
how to be an independent woman in bangladesh,closetedluvergurl,41,28,2025-11-16 22:14:54,https://www.reddit.com/r/Dhaka/comments/1oyppkl/how_to_be_an_independent_woman_in_bangladesh/
Gym Flings!,Almostfamous_02,41,58,2025-11-16 21:10:37,https://www.reddit.com/r/Dhaka/comments/1oyo3vr/gym_flings/
Miss Universe Bangladesh 2025 Hype,FinalGeneration,39,73,2025-11-17 11:51:29,https://www.reddit.com/r/Dhaka/comments/1oz8hom/miss_universe_bangladesh_2025_hype/
Can you point me out some concrete problems with Shibir/Jamat?,ImTahrim,38,141,2025-09-16 12:37:42,https://www.reddit.com/r/Dhaka/comments/1nia4kp/can_you_point_me_out_some_concrete_problems_with/
Living and working in BD with a full-sleeve tattoo and broader sociopolitical implications (just my opinionated two cents really)...,Real-ErenYeager,37,40,2025-09-16 16:29:22,https://www.reddit.com/r/Dhaka/comments/1nidqy6/living_and_working_in_bd_with_a_fullsleeve_tattoo/
This is a Dhaka Nostalgia post,Mishti_dooi,36,30,2025-11-06 01:05:30,https://www.reddit.com/r/Dhaka/comments/1opbxno/this_is_a_dhaka_nostalgia_post/
So? Aren’t we expecting to get something that we ourselves didn’t earn?,AristotleNicomachus,36,10,2024-08-05 23:35:33,https://www.reddit.com/r/Dhaka/comments/1ektvyi/so_arent_we_expecting_to_get_something_that_we/
Where can I find this type of half-zip cable knit sweater in Bangladesh?,beingElias,34,27,2025-11-17 10:31:56,https://www.reddit.com/gallery/1oz71g6
Is it safe for a girl to watch a movie alone in Bashundhara Cineplex?,Pleasant_Ad1655,34,56,2025-10-11 15:29:33,https://www.reddit.com/r/Dhaka/comments/1o3r8ur/is_it_safe_for_a_girl_to_watch_a_movie_alone_in/
Need suggestions,Mkhasan280,33,35,2025-11-14 20:33:31,https://www.reddit.com/r/Dhaka/comments/1owy2t5/need_suggestions/
“৯০-এর দশকের ঢাকা—অতীতের শহরের এক মুহূর্ত 📸”,Embarrassed-Law6338,33,2,2025-11-18 13:27:31,https://www.reddit.com/gallery/1p05p8x
Earthquake!!!,Automatic355,32,20,2025-11-21 10:56:13,https://www.reddit.com/r/Dhaka/comments/1p2psio/earthquake/
Random question,Dizzy_Sky_3350,31,148,2025-11-16 00:23:46,https://www.reddit.com/r/Dhaka/comments/1oxyxac/random_question/
Help me!!!,No_Necessary_5021,31,26,2025-05-19 15:06:22,https://www.reddit.com/r/Dhaka/comments/1kq73rt/help_me/
SELF DEFENSE FOR WOMEN (boxing),hyacintff,31,51,2025-05-06 17:09:01,https://www.reddit.com/r/Dhaka/comments/1kg1r9k/self_defense_for_women_boxing/
Life of a loser,Mysterious-Fly-9194,30,51,2025-11-16 11:40:28,https://www.reddit.com/r/Dhaka/comments/1oydp50/life_of_a_loser/
I think there was a aftershock just now,No_0ne_1m,30,51,2025-11-22 18:09:42,https://www.reddit.com/r/Dhaka/comments/1p3rprh/i_think_there_was_a_aftershock_just_now/
i want to change my name. how much it would cost me in court?,StrangeFile8991,30,39,2025-11-15 09:50:17,https://www.reddit.com/r/Dhaka/comments/1oxhoih/i_want_to_change_my_name_how_much_it_would_cost/
Deshe kino ovab e nai,Mobile_Hearing5882,29,63,2025-03-22 05:34:30,https://www.reddit.com/r/Dhaka/comments/1jguuz2/deshe_kino_ovab_e_nai/
Alphabet Dating,SnooCalculations291,29,50,2024-11-17 11:05:09,https://www.reddit.com/r/Dhaka/comments/1gt698v/alphabet_dating/
A deathtrap.,hachiware333,29,14,2025-11-21 15:48:05,https://www.reddit.com/r/Dhaka/comments/1p2ujde/a_deathtrap/
How to overcome from academic regrets?,ivyIllusions238,29,54,2025-08-27 16:07:55,https://www.reddit.com/r/Dhaka/comments/1n1cz80/how_to_overcome_from_academic_regrets/
Is depression something to brag about???,LiteratureStrange450,28,33,2025-11-23 00:05:59,https://www.reddit.com/r/Dhaka/comments/1p3zvus/is_depression_something_to_brag_about/
I WANNA KNOW ABOUT JAGANNATH UNIVERSITY,Competitive-Rate-951,28,50,2025-11-16 20:59:00,https://www.reddit.com/r/Dhaka/comments/1oynthc/i_wanna_know_about_jagannath_university/
Give me your top ragebait,Ok_Temperature1414,28,76,2025-11-18 14:13:12,https://www.reddit.com/r/Dhaka/comments/1p06ejd/give_me_your_top_ragebait/
Is it worth spending 15 lacs at a top level private university if I get the chance to study at a mid level public?,roronoa_zoro_11111,28,38,2025-08-27 02:01:09,https://www.reddit.com/r/Dhaka/comments/1n0w77j/is_it_worth_spending_15_lacs_at_a_top_level/
The purity culture in this country frustrates me,Separate-Apartment-8,27,33,2025-11-23 10:34:26,https://www.reddit.com/r/Dhaka/comments/1p4dn0q/the_purity_culture_in_this_country_frustrates_me/
Pakistani Planning to do mbbs from Bangladesh,timespaceweb,27,39,2025-11-17 06:19:51,https://www.reddit.com/r/Dhaka/comments/1oz1rjv/pakistani_planning_to_do_mbbs_from_bangladesh/
Earthquake: A building just beside the one I stay in got damaged,atikshakur,26,12,2025-11-21 11:02:34,https://www.reddit.com/r/Dhaka/comments/1p2pwzk/earthquake_a_building_just_beside_the_one_i_stay/
Slamner flat theke biral baccha falaise,raiyan_khan01,26,19,2025-05-27 13:42:54,https://www.reddit.com/r/Dhaka/comments/1kwhgjf/slamner_flat_theke_biral_baccha_falaise/
We need to talk about the border killing issue happening at the Indian border.,kindred_eldtrich,26,11,2025-11-17 23:42:51,https://www.reddit.com/r/Dhaka/comments/1ozmtnu/we_need_to_talk_about_the_border_killing_issue/
Al Badr won Dhaka University,deltagt98,26,124,2025-09-10 13:19:30,https://www.reddit.com/r/Dhaka/comments/1nd7l80/al_badr_won_dhaka_university/
How bad was the Earthquake?,SpeeedFreee,25,53,2025-11-21 14:22:00,https://www.reddit.com/r/Dhaka/comments/1p2t7zj/how_bad_was_the_earthquake/
How much does a student from BUET earn per month from tuition and teaching stuff?,Reasonable-Eye6699,25,39,2025-10-03 21:11:18,https://www.reddit.com/r/Dhaka/comments/1nx1t8o/how_much_does_a_student_from_buet_earn_per_month/
Dhaka's traffic is getting worse and no one seems to care,StockholmSyndrome_69,25,15,2025-11-18 23:46:19,https://www.reddit.com/r/Dhaka/comments/1p0ila3/dhakas_traffic_is_getting_worse_and_no_one_seems/
Men beauty,Mobile_Hearing5882,25,103,2025-11-18 18:27:44,https://www.reddit.com/r/Dhaka/comments/1p0am65/men_beauty/
"I’m soft, I’m tired, I’m trying and that’s enough. My heart is loud, even if my presence isn’t.",h_sadia,24,12,2025-11-16 20:46:28,https://www.reddit.com/r/Dhaka/comments/1oynina/im_soft_im_tired_im_trying_and_thats_enough_my/
Earthquake again in Gazipur,No-unluck-13,24,24,2025-11-22 12:44:29,https://www.reddit.com/r/Dhaka/comments/1p3minj/earthquake_again_in_gazipur/
Need hotel recommendations in Banani - unmarried couple,ArthurMorgan_47,24,65,2025-11-18 13:59:43,https://www.reddit.com/r/Dhaka/comments/1p066sv/need_hotel_recommendations_in_banani_unmarried/
Are Private Uni students being targeted?,relapse_rif,24,20,2024-12-17 23:39:29,https://www.reddit.com/r/Dhaka/comments/1hgg3di/are_private_uni_students_being_targeted/
18f i got called in for an interview as a waitress,Amazing_Concept_2568,24,50,2025-11-21 21:07:13,https://www.reddit.com/r/Dhaka/comments/1p310pa/18f_i_got_called_in_for_an_interview_as_a_waitress/
এই টাইপ প্যান্ট কোথায় পাবো?,Puzzleheaded-Hat6548,24,34,2025-11-19 14:32:12,https://www.reddit.com/gallery/1p12614
Quiet Libraries in Dhaka for Long Study Hours (No Cafés Please),Azannn_,24,34,2025-06-17 00:58:38,https://www.reddit.com/r/Dhaka/comments/1ld1fv4/quiet_libraries_in_dhaka_for_long_study_hours_no/
There have any best place to makeout in Dhaka?,igotnosex,23,66,2025-04-23 03:58:46,https://www.reddit.com/r/Dhaka/comments/1k5itoa/there_have_any_best_place_to_makeout_in_dhaka/
F1,IllustriousArmy7201,23,33,2025-11-15 16:07:37,https://www.reddit.com/r/Dhaka/comments/1oxo2p6/f1/
Let's have a thread about your favourite pizza place in Dhaka! 😋🍕,hrafia,23,60,2025-06-13 03:48:47,https://www.reddit.com/r/Dhaka/comments/1l9yy6f/lets_have_a_thread_about_your_favourite_pizza/
Share your earthquake story.,Status_Revolution_25,23,51,2025-11-21 22:21:10,https://www.reddit.com/r/Dhaka/comments/1p32y7u/share_your_earthquake_story/
10 Haunted Places in Dhaka – Fact or Folklore?,Love-and-Dominance,22,20,2025-05-27 18:42:39,https://www.reddit.com/r/Dhaka/comments/1kwm9z0/10_haunted_places_in_dhaka_fact_or_folklore/
Fear mongering- How much of it is true?,rainy-icee,22,18,2025-11-23 00:41:36,https://www.reddit.com/r/Dhaka/comments/1p40rwl/fear_mongering_how_much_of_it_is_true/
Should I quit my college?,Technical-Rush-2991,22,50,2025-10-31 14:40:05,https://www.reddit.com/r/Dhaka/comments/1okp7tz/should_i_quit_my_college/
Try &amp; share feedback on our product,Any-Interaction-3192,22,14,2025-10-23 02:40:06,https://www.reddit.com/gallery/1odjv8e
মানুষ মূলত শিবির...,astra_t,22,13,2025-09-10 15:00:36,https://www.reddit.com/r/Dhaka/comments/1nd936d/মনষ_মলত_শবর/
Ongoing *negligble* street harassment,Mammoth_Practice_635,21,20,2025-04-18 02:13:26,https://www.reddit.com/r/Dhaka/comments/1k1mi20/ongoing_negligble_street_harassment/
Can I get into buet?,Many_Confusion_2513,21,44,2025-10-06 21:15:50,https://www.reddit.com/r/Dhaka/comments/1nzlv7z/can_i_get_into_buet/
Shower Gel,Sparrow_tora_999,20,25,2025-11-17 17:36:41,https://www.reddit.com/r/Dhaka/comments/1oze02g/shower_gel/
Are these recent tremors foreshocks or aftershocks?,ruhul0,20,24,2025-11-22 18:50:37,https://www.reddit.com/r/Dhaka/comments/1p3sgz0/are_these_recent_tremors_foreshocks_or_aftershocks/
Cloudflare Blocked?,aunnyglitch,20,28,2025-11-18 20:05:29,https://www.reddit.com/r/Dhaka/comments/1p0ct5i/cloudflare_blocked/
Twilight at 60kmph,Equivalent_Doubt_969,20,1,2025-11-17 14:39:55,https://www.reddit.com/gallery/1ozb6jr
Dhanmondi Lake this morning — who else loves morning walks here,Embarrassed-Law6338,20,3,2025-11-19 10:00:33,https://www.reddit.com/gallery/1p0xhe4
A Good Feeling,No-unluck-13,20,12,2025-09-22 02:50:51,https://www.reddit.com/r/Dhaka/comments/1nn3aj0/a_good_feeling/
why is it so difficult to get into iba even though the syllabus is relatively straightforward?,fortyskinshit,20,9,2025-10-14 04:25:52,https://www.reddit.com/r/Dhaka/comments/1o5yamx/why_is_it_so_difficult_to_get_into_iba_even/
"How much difference does studying in public universities make, compared to private?",NastyBlisters,20,46,2025-11-09 14:41:56,https://www.reddit.com/r/Dhaka/comments/1osed7h/how_much_difference_does_studying_in_public/
Orphaned Kittens in Search for a new home,snakesyle16,19,3,2025-07-17 17:02:43,https://www.reddit.com/gallery/1m24kud
how do i make money?,StrangeFile8991,19,38,2025-11-16 19:25:39,https://www.reddit.com/r/Dhaka/comments/1oyloc5/how_do_i_make_money/
All you can eat Buffet,whatevermeme,19,26,2025-11-18 16:44:34,https://www.reddit.com/r/Dhaka/comments/1p08r78/all_you_can_eat_buffet/
Quake round 2 &amp; 3,humble_akhBD,19,18,2025-11-22 18:10:38,https://www.reddit.com/r/Dhaka/comments/1p3rqdj/quake_round_2_3/
Now that BUET has 600 marks...,CarrotPlus631,19,15,2025-11-04 02:37:04,https://www.reddit.com/r/Dhaka/comments/1onn8gv/now_that_buet_has_600_marks/
Why did female students voted in a surprisingly huge amount for Shibir?,Ok-Grapefruit-6532,19,45,2025-09-11 22:46:20,https://www.reddit.com/r/Dhaka/comments/1nedual/why_did_female_students_voted_in_a_surprisingly/
I need a partime job or tution badly,Royal_Green_5962,19,8,2024-07-04 19:17:33,https://www.reddit.com/r/Dhaka/comments/1dv6pu1/i_need_a_partime_job_or_tution_badly/
Mon kharap,Outside_Raspberry587,18,116,2025-11-14 20:26:21,https://www.reddit.com/r/Dhaka/comments/1owxw93/mon_kharap/
Cost for BBA,HungryHall5,18,35,2025-08-11 14:00:09,https://www.reddit.com/r/Dhaka/comments/1mn70i5/cost_for_bba/
what would be your best advice to a 20 year CSE freshman?? ,Express_Initiative10,18,24,2024-07-13 17:56:01,https://www.reddit.com/r/Dhaka/comments/1e28o0q/what_would_be_your_best_advice_to_a_20_year_cse/
Is mbbs from Bangladesh worth it??,timespaceweb,18,40,2025-11-19 07:24:51,https://www.reddit.com/r/Dhaka/comments/1p0u6z3/is_mbbs_from_bangladesh_worth_it/
When is the next earthquake?,JsdJoys_729,18,42,2025-11-21 12:11:11,https://www.reddit.com/r/Dhaka/comments/1p2r4nq/when_is_the_next_earthquake/
What’s the one place in this city that feels a little less insufferable to you?,Numerous-Laugh1040,17,14,2025-09-03 16:09:01,https://www.reddit.com/r/Dhaka/comments/1n7at5u/whats_the_one_place_in_this_city_that_feels_a/
random November 3:24 PM thought,Extension_Force7563,17,44,2025-11-14 15:25:04,https://www.reddit.com/r/Dhaka/comments/1owrxp0/random_november_324_pm_thought/
3 earthquaks in one day,Watch-Recent,17,17,2025-11-22 19:38:40,https://www.reddit.com/r/Dhaka/comments/1p3tggv/3_earthquaks_in_one_day/
Any Bangladeshi living in oman here? Needed help,zebrina1,17,8,2025-11-16 02:10:43,https://www.reddit.com/r/Dhaka/comments/1oy1lpd/any_bangladeshi_living_in_oman_here_needed_help/
Need you at Westin today.,ridkc,17,4,2025-11-22 08:52:39,https://www.reddit.com/gallery/1p3i97q
"Here to vent and release all the stress, also need solid advice",SpendOk8872,16,77,2025-08-28 01:21:10,https://www.reddit.com/r/Dhaka/comments/1n1qfma/here_to_vent_and_release_all_the_stress_also_need/
Earthquake alerts on iPhone,Mehran_Uzumaki,16,20,2025-11-21 11:31:58,https://www.reddit.com/r/Dhaka/comments/1p2qg4s/earthquake_alerts_on_iphone/
I Feel Frustrated and Depressed about My Future,Best-Watercress4753,16,15,2025-10-02 00:31:18,https://www.reddit.com/r/Dhaka/comments/1nvgd5j/i_feel_frustrated_and_depressed_about_my_future/
Another small earthquake?,Massive-Bank3059,16,18,2025-11-22 18:10:00,https://www.reddit.com/r/Dhaka/comments/1p3rpyh/another_small_earthquake/
Today's earthquake,astra_t,15,24,2025-11-21 19:37:27,https://www.reddit.com/r/Dhaka/comments/1p2ytbp/todays_earthquake/
Student banking account with no interest and best facilities.,Solid_Forever3082,15,56,2025-03-23 18:22:07,https://www.reddit.com/r/Dhaka/comments/1jhy1iq/student_banking_account_with_no_interest_and_best/
How do you maintain mental health in a private university environment where people feel double-faced and toxic?,x0verdose,15,21,2025-11-21 10:29:17,https://www.reddit.com/r/Dhaka/comments/1p2parc/how_do_you_maintain_mental_health_in_a_private/
Feeling Burnt Out From All Sides,Altruistic-Drama447,15,8,2025-11-22 10:05:30,https://www.reddit.com/r/Dhaka/comments/1p3jojm/feeling_burnt_out_from_all_sides/
A question for girlies who are expert in churis,Entire-Budget-5126,15,8,2025-09-18 17:35:08,https://www.reddit.com/gallery/1nk5tdm
Learning video editing from scratch.,Ghost_FS9,15,9,2025-11-20 20:20:11,https://www.reddit.com/r/Dhaka/comments/1p24d5s/learning_video_editing_from_scratch/
Give me advice!!!!,WorthThick3934,15,39,2024-12-11 10:52:17,https://www.reddit.com/r/Dhaka/comments/1hblvhh/give_me_advice/
Asking for opinion,PracticalGur7035,15,23,2025-11-17 17:10:38,https://www.reddit.com/r/Dhaka/comments/1ozdjtq/asking_for_opinion/
Which is safer?,Worldly-Fill-5282,14,20,2025-11-21 12:01:41,https://www.reddit.com/r/Dhaka/comments/1p2qyvj/which_is_safer/
Engineering in Bangladesh,Zetafunction64,14,5,2025-08-24 19:26:29,https://www.reddit.com/r/Dhaka/comments/1myvjvb/engineering_in_bangladesh/
bashundhara RA,No-Back1343,14,13,2025-07-01 00:29:14,https://www.reddit.com/r/Dhaka/comments/1lof8ma/bashundhara_ra/
Bashundhara City's Chief Security Officer Major (Rtd) Rabiul,PsychologicalWest162,14,9,2024-10-12 23:38:48,https://www.reddit.com/r/Dhaka/comments/1g25f56/bashundhara_citys_chief_security_officer_major/
2026 Referendum (গণভোট),Ark_rivia,14,13,2025-11-15 15:59:06,https://www.reddit.com/r/Dhaka/comments/1oxnxkl/2026_referendum_গণভট/
Male waxing,BreakfastAutomatic52,14,26,2025-11-19 11:33:44,https://www.reddit.com/r/Dhaka/comments/1p0z8j7/male_waxing/
Need Relationship advice,TacoChair07,14,25,2025-11-19 15:44:32,https://www.reddit.com/r/Dhaka/comments/1p13cf3/need_relationship_advice/
Had a tough time on the metro today,Puzzleheaded-Hat6548,14,25,2025-08-07 15:51:42,https://www.reddit.com/r/Dhaka/comments/1mjvtzs/had_a_tough_time_on_the_metro_today/
Earthquake and the Media!,Mehran_Uzumaki,13,7,2025-11-23 09:38:26,https://www.reddit.com/r/Dhaka/comments/1p4ckim/earthquake_and_the_media/
Perfume suggestion under 2000 taka,_parrot_king0,13,12,2025-11-17 13:24:04,https://www.reddit.com/r/Dhaka/comments/1oza0t3/perfume_suggestion_under_2000_taka/
I GOT CSE IN EWU . BUT CONFUSED ABOUT GETTING ADMITTED,Fluid-Cockroach2767,13,44,2025-09-06 11:50:57,https://www.reddit.com/r/Dhaka/comments/1n9rsx6/i_got_cse_in_ewu_but_confused_about_getting/
Earthquake!,Bulky_Penalty1027,13,19,2025-11-22 20:23:21,https://www.reddit.com/r/Dhaka/comments/1p3uge4/earthquake/
Perfume Suggestion for Male,carelesssswhisperrrr,13,15,2025-07-06 00:38:28,https://www.reddit.com/r/Dhaka/comments/1lsgtbw/perfume_suggestion_for_male/
Latest update from Dhaka ,aaw4949,13,9,2024-07-20 15:22:05,https://www.reddit.com/r/Dhaka/comments/1e7ro67/latest_update_from_dhaka/
জার্নালিং,Aegon_TargaryanII,13,10,2025-11-18 13:45:20,https://www.reddit.com/r/Dhaka/comments/1p05yyg/জরনল/
Has anyone heard of this restaurant?,Striker_5924,13,8,2025-09-28 04:12:32,https://www.reddit.com/gallery/1ns7v4p
Curse!,GlitchShot-7,13,10,2025-11-21 05:59:28,https://www.reddit.com/r/Dhaka/comments/1p2jf99/curse/
Is Ali2BD reliable?,SalaryImpressive7469,13,18,2025-11-18 23:21:16,https://www.reddit.com/r/Dhaka/comments/1p0hwmn/is_ali2bd_reliable/
i need your suggestions!,totothecatto,13,22,2025-11-14 23:25:15,https://www.reddit.com/r/Dhaka/comments/1ox2pxn/i_need_your_suggestions/
Earthquake survival plan,Deshimockingbird,13,20,2025-10-20 07:16:12,https://www.reddit.com/r/Dhaka/comments/1ob6sxh/earthquake_survival_plan/
Jobless,Adventurous_Milk_425,13,10,2025-11-19 23:12:50,https://www.reddit.com/r/Dhaka/comments/1p1dhiw/jobless/
Ideas for future ,Fresh_Wolverine_4223,13,17,2024-08-29 23:48:39,https://www.reddit.com/r/Dhaka/comments/1f48qx3/ideas_for_future/
Dance Lovers of Dhaka - where do you practice?,Agile_Egg_9509,12,18,2025-07-12 20:58:34,https://www.reddit.com/r/Dhaka/comments/1ly2h82/dance_lovers_of_dhaka_where_do_you_practice/
Best psychiatrist for maladaptive daydreaming,SheRuminates,12,29,2025-11-21 17:08:01,https://www.reddit.com/r/Dhaka/comments/1p2vuge/best_psychiatrist_for_maladaptive_daydreaming/
Want to learn to cook,LessTell,12,21,2025-11-16 20:06:26,https://www.reddit.com/r/Dhaka/comments/1oyml7q/want_to_learn_to_cook/
I need suggestion about my future,Individual_Ikri7683,12,14,2025-08-03 21:01:25,https://www.reddit.com/r/Dhaka/comments/1mglfo8/i_need_suggestion_about_my_future/
Motivation ✴️✨,Jumpy-Selection-7728,12,36,2025-11-14 21:15:56,https://www.reddit.com/r/Dhaka/comments/1owz6v4/motivation/
Kinda unemployed,smolcatfis,12,13,2025-11-18 04:41:03,https://www.reddit.com/r/Dhaka/comments/1ozuul3/kinda_unemployed/
Today's earthquake,Empress-Of-Tabbies,12,10,2025-11-21 12:50:07,https://www.reddit.com/r/Dhaka/comments/1p2rsbd/todays_earthquake/
"Are private universities like BRAC and NSU actually raising their standards, or are students just less prepared now?",Bubbly_Yesterday_420,11,15,2025-10-20 23:35:02,https://www.reddit.com/r/Dhaka/comments/1oboels/are_private_universities_like_brac_and_nsu/
Want to earn as a student.,zahinian,11,3,2025-09-20 09:15:38,https://www.reddit.com/r/Dhaka/comments/1nlnf6t/want_to_earn_as_a_student/
"Planning a Food Cart. Need Advice on Menu, Location (TSC?), and Setup",Agile_Ad7635,11,16,2025-07-12 20:32:00,https://www.reddit.com/r/Dhaka/comments/1ly1v8h/planning_a_food_cart_need_advice_on_menu_location/
Need simple healthy meals I can cook alone.,Due_Calligrapher2742,11,10,2025-11-17 13:01:33,https://www.reddit.com/r/Dhaka/comments/1oz9nz6/need_simple_healthy_meals_i_can_cook_alone/
Asking for Marriage to Wali,GoingHypersonic,11,8,2025-11-17 00:38:58,https://www.reddit.com/r/Dhaka/comments/1oytezq/asking_for_marriage_to_wali/
Extreme demotivation,Every-Ad5012,11,36,2025-10-23 23:04:07,https://www.reddit.com/r/Dhaka/comments/1oe8v29/extreme_demotivation/
Earthquake-Aftershocks,rion__2036,11,13,2025-11-21 19:39:03,https://www.reddit.com/r/Dhaka/comments/1p2yume/earthquakeaftershocks/
Need psychiatrist,Ok-Youth4228,11,20,2025-11-14 17:13:40,https://www.reddit.com/r/Dhaka/comments/1owtqjw/need_psychiatrist/
Should I go for a second time?,Signal-Hearing-3557,11,5,2024-07-25 07:36:54,https://www.reddit.com/r/Dhaka/comments/1ebip4b/should_i_go_for_a_second_time/
Good Cook?,aunnyglitch,11,25,2025-11-20 22:44:58,https://www.reddit.com/r/Dhaka/comments/1p282wf/good_cook/
I’m tired of struggling… but I’m still trying. Need some honest advice.,nafisa_q,10,22,2025-11-17 17:41:33,https://www.reddit.com/r/Dhaka/comments/1oze31x/im_tired_of_struggling_but_im_still_trying_need/
Need a job,BadLuckUnlimited,10,18,2025-11-07 03:32:16,https://www.reddit.com/r/Dhaka/comments/1oqbmpt/need_a_job/
He didn’t leave on his own,WasteCrow8280,10,31,2025-11-22 16:29:51,https://www.reddit.com/r/Dhaka/comments/1p3q1eg/he_didnt_leave_on_his_own/
Life mistakes..,RadoanIslamEthan,10,7,2025-11-19 00:41:11,https://www.reddit.com/r/Dhaka/comments/1p0k375/life_mistakes/
Where can i find mikasa red scarf?,nil_nickel,10,9,2025-11-14 11:37:44,https://www.reddit.com/r/Dhaka/comments/1owoa4s/where_can_i_find_mikasa_red_scarf/
do ways of making money online really exist? i need serious help. (please no khalid farhan type of advice),unplugged_________,10,19,2025-11-18 14:43:46,https://www.reddit.com/r/Dhaka/comments/1p06v7o/do_ways_of_making_money_online_really_exist_i/
How do you grow from solo freelancer to an actual business in Bangladesh?,Rare_Environment5752,10,37,2025-11-20 18:36:44,https://www.reddit.com/r/Dhaka/comments/1p221v7/how_do_you_grow_from_solo_freelancer_to_an_actual/
Dhaka lifestyle অনুযায়ী স্টুডেন্টদের কোন স্কিল শিখলে side-income সবচেয়ে সহজে শুরু হয়?,Aaliynah550,10,13,2025-11-22 14:23:24,https://www.reddit.com/r/Dhaka/comments/1p3o35d/dhaka_lifestyle_অনযয়_সটডনটদর_কন_সকল_শখল/
Laptop recommendation to run Linux based OS,Minute-Flatworm1669,10,37,2025-11-14 11:52:55,https://www.reddit.com/r/Dhaka/comments/1owojsh/laptop_recommendation_to_run_linux_based_os/
hype of universities in dhaka or dhaka in general ,themanwhosoldthworld,10,12,2024-05-23 19:29:18,https://www.reddit.com/r/Dhaka/comments/1cyssvq/hype_of_universities_in_dhaka_or_dhaka_in_general/
Earthquake and fear mongering by News outlets,sadn_,10,5,2025-11-22 23:07:08,https://www.reddit.com/r/Dhaka/comments/1p3yen0/earthquake_and_fear_mongering_by_news_outlets/
Gift ideas,PotatoMoney6765,10,6,2025-11-19 23:20:35,https://www.reddit.com/r/Dhaka/comments/1p1dp3w/gift_ideas/
I (Male 18) am looking for bengali friends so I can keep learning the language,AverageUselessdude,9,8,2025-11-20 12:57:11,https://www.reddit.com/r/Dhaka/comments/1p1wj2t/i_male_18_am_looking_for_bengali_friends_so_i_can/
Bhawal resort / Any resort for couple,Glittering-Tear-8017,9,55,2025-11-17 22:12:58,https://www.reddit.com/r/Dhaka/comments/1ozkdv9/bhawal_resort_any_resort_for_couple/
How can I help my little brother improve his English pronunciation and spelling,ResponsibleFudge8955,9,15,2025-11-19 23:47:07,https://www.reddit.com/r/Dhaka/comments/1p1ef3l/how_can_i_help_my_little_brother_improve_his/
gift for cousins from australia (and restaurant recs),sleepislife25,9,31,2025-11-19 15:18:26,https://www.reddit.com/r/Dhaka/comments/1p12xgw/gift_for_cousins_from_australia_and_restaurant/
প্রথমবার থাইল্যান্ড,Single-Cat8043,9,10,2025-11-15 17:18:52,https://www.reddit.com/r/Dhaka/comments/1oxp8wi/পরথমবর_থইলযনড/
Can DU IBA be a better option than DU A unit?,Certain_Instance5192,9,58,2025-11-02 15:58:06,https://www.reddit.com/r/Dhaka/comments/1omdgcv/can_du_iba_be_a_better_option_than_du_a_unit/
"আছি, কিন্তু যেন নেই।",Mean-Spinach7355,9,14,2025-11-17 23:58:26,https://www.reddit.com/r/Dhaka/comments/1ozn8yg/আছ_কনত_যন_নই/
গীজার (geyser) কিনতে চাচ্ছি,Select-Day-873,9,23,2025-11-15 17:46:00,https://www.reddit.com/r/Dhaka/comments/1oxppdb/গজর_geyser_কনত_চচছ/
TRAVEL CLUBS,Mundane-Apartment-10,9,8,2025-11-19 17:46:38,https://www.reddit.com/r/Dhaka/comments/1p15jus/travel_clubs/
Do Bangladeshi University Students Get .edu e-mail addresses?,biggestloserinearth,9,32,2025-11-18 13:10:46,https://www.reddit.com/r/Dhaka/comments/1p05g0m/do_bangladeshi_university_students_get_edu_email/
Do I really need gpa 5 to get into private uni?,Suspicious-Tax-1432,9,23,2024-09-30 20:09:14,https://www.reddit.com/r/Dhaka/comments/1fswg4s/do_i_really_need_gpa_5_to_get_into_private_uni/
Book recommendation on music theory,Rough_Insurance6722,9,3,2025-11-19 20:32:49,https://www.reddit.com/r/Dhaka/comments/1p1984s/book_recommendation_on_music_theory/
advice about studying abroad for film/VFX after freelance career,NationalSelection773,9,2,2025-11-11 23:34:09,https://www.reddit.com/r/Dhaka/comments/1oufrio/advice_about_studying_abroad_for_filmvfx_after/
Higher Study in USA,Greedy_for_attention,9,21,2025-11-15 13:56:55,https://www.reddit.com/r/Dhaka/comments/1oxm0n1/higher_study_in_usa/
Loser!,ambivert_person,9,32,2025-11-21 14:07:24,https://www.reddit.com/r/Dhaka/comments/1p2szpg/loser/
Negative news,No_Tailor2427,9,16,2025-11-21 12:20:43,https://www.reddit.com/r/Dhaka/comments/1p2ralu/negative_news/
What is the minimum cgpa requirement to get shortlisted for a university lacturur position?,Anxious-Advantage374,9,30,2025-09-02 10:58:12,https://www.reddit.com/r/Dhaka/comments/1n6aogr/what_is_the_minimum_cgpa_requirement_to_get/
how are you guys dealing with the paranoia and anxiety about earthquakes,NextTopWhoever,8,26,2025-11-22 22:01:58,https://www.reddit.com/r/Dhaka/comments/1p3wrs8/how_are_you_guys_dealing_with_the_paranoia_and/
Chittagong Port Update,RazzmatazzStrict,8,15,2025-11-17 19:49:14,https://www.reddit.com/r/Dhaka/comments/1ozgr9l/chittagong_port_update/
How can i move forward respectfully when my family doesn't support my small online business idea?,n_artistic,8,9,2025-11-22 20:39:56,https://www.reddit.com/r/Dhaka/comments/1p3utwg/how_can_i_move_forward_respectfully_when_my/
Is investing in real estate in Dhaka worth it?,Odd-Departure-440,8,17,2025-08-03 02:57:00,https://www.reddit.com/r/Dhaka/comments/1mg135y/is_investing_in_real_estate_in_dhaka_worth_it/
Is iub a good uni? (Doing bba),8ushch,8,20,2025-08-03 23:10:58,https://www.reddit.com/r/Dhaka/comments/1mgom10/is_iub_a_good_uni_doing_bba/
Taking A levels as a private candidate,Upper-Berry213,8,20,2025-11-19 13:30:13,https://www.reddit.com/r/Dhaka/comments/1p117ox/taking_a_levels_as_a_private_candidate/
Is there a way to manage uni expenses on my own,PotatoMoney6765,8,15,2025-09-22 20:14:46,https://www.reddit.com/r/Dhaka/comments/1nnnn6r/is_there_a_way_to_manage_uni_expenses_on_my_own/
Where can i buy these sort of sneakers🙂,sad_sugar_7,8,17,2025-11-14 01:23:01,https://www.reddit.com/gallery/1owaayj
help me figure out,Frequent_Craft5676,8,38,2025-11-17 20:11:54,https://www.reddit.com/r/Dhaka/comments/1ozhaz8/help_me_figure_out/
Bachelors in South Korea,LilNoirito,8,14,2025-11-20 12:01:31,https://www.reddit.com/r/Dhaka/comments/1p1vlzw/bachelors_in_south_korea/
where to buy ps5 and how much?,StrangeFile8991,8,19,2025-11-20 01:24:02,https://www.reddit.com/r/Dhaka/comments/1p1h4jv/where_to_buy_ps5_and_how_much/
Study for Architecture,Ok_Veterinarian9266,8,3,2025-11-23 01:23:52,https://www.reddit.com/r/Dhaka/comments/1p41td4/study_for_architecture/
Goth fashion for men in Bangladesh?,notjustrafa,8,3,2025-11-20 01:27:55,https://www.reddit.com/r/Dhaka/comments/1p1h87c/goth_fashion_for_men_in_bangladesh/
regret of not studying in medical college ,kissedbyhoon,8,31,2024-11-17 20:31:24,https://www.reddit.com/r/Dhaka/comments/1gterpt/regret_of_not_studying_in_medical_college/
Hello,Both_Development4690,8,44,2025-11-22 01:45:00,https://www.reddit.com/r/Dhaka/comments/1p38b41/hello/
Recommend a watch for men,Ok_Temperature1414,8,26,2025-11-19 10:16:02,https://www.reddit.com/r/Dhaka/comments/1p0xsdf/recommend_a_watch_for_men/
"A Salafi Bangladeshi scholar is actively calling for jihad, destabilising three countries—Bangladesh, India, and Myanmar. As you can see in the video, the leadership of Jamaat-e-Islami and the BNP are enjoying this speech.",New_Edge360,8,2,2025-11-15 19:16:02,https://www.reddit.com/r/Dhaka/comments/1oxrgxo/a_salafi_bangladeshi_scholar_is_actively_calling/
Puran Dhaka,Alarmed-Sun4941,8,5,2025-08-30 21:44:01,https://www.reddit.com/r/Dhaka/comments/1n44uq4/puran_dhaka/
Need someone,Unusual-Bit-6296,8,39,2025-11-19 19:32:54,https://www.reddit.com/r/Dhaka/comments/1p17sc4/need_someone/
Is 256 GB enough or should I get 512 GB,No-Volume2455,8,56,2025-11-20 13:52:23,https://www.reddit.com/r/Dhaka/comments/1p1xe1n/is_256_gb_enough_or_should_i_get_512_gb/
MALAYSIAN UNI VS BRAC OR NSU,wavefun_333,8,17,2025-10-19 12:46:51,https://www.reddit.com/r/Dhaka/comments/1oaitgp/malaysian_uni_vs_brac_or_nsu/
"Can't decide, need help",broareyouokay,8,19,2025-05-05 10:07:31,https://www.reddit.com/r/Dhaka/comments/1kf2rdg/cant_decide_need_help/
Is there anyone who cracked buet depite being a below average student?,xenon_gx,8,24,2025-10-06 01:41:15,https://www.reddit.com/r/Dhaka/comments/1nyxwqq/is_there_anyone_who_cracked_buet_depite_being_a/
Counter Narrative (DUCSU),Worldly_Yellow_6115,8,29,2025-09-10 15:01:04,https://www.reddit.com/r/Dhaka/comments/1nd93ha/counter_narrative_ducsu/
Severe Earthquake in Narsingdi,ProfileOriginal3865,8,4,2025-11-21 11:54:05,https://www.reddit.com/r/Dhaka/comments/1p2qu2w/severe_earthquake_in_narsingdi/
Is there a way to manage uni expenses on my own,PotatoMoney6765,8,17,2025-09-20 03:01:31,https://www.reddit.com/r/Dhaka/comments/1nlfdbf/is_there_a_way_to_manage_uni_expenses_on_my_own/
How Shibir Won Ducsu?,Political_egg,8,18,2025-09-11 18:46:40,https://www.reddit.com/r/Dhaka/comments/1ne7w0q/how_shibir_won_ducsu/
Should I aim for Dhaka university ?,arafattrr,8,51,2025-10-22 13:14:31,https://www.reddit.com/r/Dhaka/comments/1od1iqz/should_i_aim_for_dhaka_university/
Advice,DriveHeavy5045,8,13,2025-11-19 15:55:58,https://www.reddit.com/r/Dhaka/comments/1p13j3q/advice/
চট্টগ্রাম লালদিয়া বন্দর বিদেশি কোম্পানির হাতে ব্যাপারে আপনার কি মনে হয়?,Cool_Reflection9165,8,33,2025-11-22 12:29:20,https://www.reddit.com/r/Dhaka/comments/1p3m9mo/চটটগরম_ললদয_বনদর_বদশ_কমপনর_হত_বযপর_আপনর_ক_মন_হয়/
Hi people....,No_Tailor2427,7,10,2025-11-22 19:48:43,https://www.reddit.com/r/Dhaka/comments/1p3to8v/hi_people/
"Toggi fun world, Bashundhara Shopping mall",Holiday_Fee6722,7,1,2025-11-20 12:23:47,https://www.reddit.com/r/Dhaka/comments/1p1vzlt/toggi_fun_world_bashundhara_shopping_mall/
I need suggestion from senior of mbbs student of any Divisional Medical,PaintingCreepy5444,7,3,2025-11-17 22:05:06,https://www.reddit.com/r/Dhaka/comments/1ozk6gv/i_need_suggestion_from_senior_of_mbbs_student_of/
Do you consider carrying phone as a student illegal?,SE9A,7,13,2025-11-20 13:02:09,https://www.reddit.com/r/Dhaka/comments/1p1wm26/do_you_consider_carrying_phone_as_a_student/
Mechanical Engineering Faltu,Kiriyogi_To_534,7,12,2025-06-09 05:18:20,https://www.reddit.com/r/Dhaka/comments/1l6pudy/mechanical_engineering_faltu/
Explosions by square hosptial 4:30 ish pm,noticeofseizure,7,3,2025-11-17 16:49:30,https://www.reddit.com/r/Dhaka/comments/1ozd6ph/explosions_by_square_hosptial_430_ish_pm/
NID Permanent Address Correction,CaffineIsGood,7,1,2025-11-17 01:45:26,https://www.reddit.com/r/Dhaka/comments/1oyv45k/nid_permanent_address_correction/
Is it over for me?,PollutionOwn2232,7,2,2025-10-20 00:21:39,https://www.reddit.com/r/Dhaka/comments/1oawxq9/is_it_over_for_me/
Anyone from brac university?,shady_girl66,7,19,2025-10-29 07:51:00,https://www.reddit.com/r/Dhaka/comments/1ois6oz/anyone_from_brac_university/
Stay in BD or move abroad?,GurWide6589,7,17,2025-10-17 13:33:34,https://www.reddit.com/r/Dhaka/comments/1o8uy1z/stay_in_bd_or_move_abroad/
AI-Safe Detective Comic Scene: Detective Arif Rahman in Old Dhaka,ResponsibleFudge8955,7,12,2025-10-02 22:38:34,https://www.reddit.com/r/Dhaka/comments/1nw8t9u/aisafe_detective_comic_scene_detective_arif/
Industrial and production Engineers how much you guys earning,rihad_mahmud,7,19,2025-03-12 22:17:57,https://www.reddit.com/r/Dhaka/comments/1j9ntwe/industrial_and_production_engineers_how_much_you/
Does university ranking matter when pursuing a master’s abroad?,Embarrassed-Break127,7,8,2025-10-19 10:27:31,https://www.reddit.com/r/Dhaka/comments/1oaghzv/does_university_ranking_matter_when_pursuing_a/
Effective support system,No-Scientist-8273,7,8,2025-11-17 03:13:18,https://www.reddit.com/r/Dhaka/comments/1oyxcne/effective_support_system/
Shadows of Shyamoli,Substantial_Raisin24,7,3,2025-05-19 08:03:23,https://www.reddit.com/r/Dhaka/comments/1kq0hi0/shadows_of_shyamoli/
Where i can sell my used clothes? (Male),Extension_Gene_5600,7,4,2025-11-22 10:09:34,https://www.reddit.com/r/Dhaka/comments/1p3jrdb/where_i_can_sell_my_used_clothes_male/
Need Suggestions for Budget-Friendly Book Sites,Jumpy-Selection-7728,7,3,2025-11-18 09:25:27,https://www.reddit.com/r/Dhaka/comments/1p01b6b/need_suggestions_for_budgetfriendly_book_sites/
Sitcom,rifwix,7,34,2025-11-19 23:18:32,https://www.reddit.com/r/Dhaka/comments/1p1dn6c/sitcom/
"Should I Do a Master’s/PhD Abroad? Average Student, No Passion, Married, and Scared to Go Alone",IDidTry-003,7,7,2025-11-15 09:58:30,https://www.reddit.com/r/Dhaka/comments/1oxhu52/should_i_do_a_mastersphd_abroad_average_student/
Should i go abroad for undergraduate or masters?,LEGEND_7777,7,20,2025-09-20 19:34:29,https://www.reddit.com/r/Dhaka/comments/1nlyc1l/should_i_go_abroad_for_undergraduate_or_masters/
Ages from 24-30 is one of the hardest stages of life,ILikeYourMomAndSis,7,6,2025-11-21 13:26:25,https://www.reddit.com/r/Dhaka/comments/1p2scr7/ages_from_2430_is_one_of_the_hardest_stages_of/
A level students,Hot-Effective5484,7,4,2025-11-18 05:14:35,https://www.reddit.com/r/Dhaka/comments/1ozvonm/a_level_students/
Help please,Abrar72,7,4,2025-11-22 11:58:08,https://www.reddit.com/r/Dhaka/comments/1p3lqih/help_please/
Dad's Birthday,unfrared,7,3,2025-11-19 00:02:43,https://www.reddit.com/r/Dhaka/comments/1p0j1hr/dads_birthday/
Financial suggestions ,Practical-Pay-489,7,12,2024-09-19 03:11:54,https://www.reddit.com/r/Dhaka/comments/1fk3spj/financial_suggestions/
Business talk,Easy-Face-3603,7,26,2024-09-18 22:29:39,https://www.reddit.com/r/Dhaka/comments/1fjx3op/business_talk/
is this good for a 11th grader?,Majestic_Search4740,7,6,2025-11-16 19:35:09,https://www.reddit.com/r/Dhaka/comments/1oylvo8/is_this_good_for_a_11th_grader/
CBT for intrusive thoughts,aurora_100,7,10,2025-11-16 12:49:45,https://www.reddit.com/r/Dhaka/comments/1oyevpf/cbt_for_intrusive_thoughts/
How to start?,Physical-Fact-7191,7,6,2025-11-16 20:09:16,https://www.reddit.com/r/Dhaka/comments/1oymnis/how_to_start/
Best flower shops,dengxiety,7,5,2025-11-18 13:25:41,https://www.reddit.com/r/Dhaka/comments/1p05o7x/best_flower_shops/
How to control myself,Traditional_Box474,7,8,2025-11-22 02:38:29,https://www.reddit.com/r/Dhaka/comments/1p39njo/how_to_control_myself/
"Face 5 shades darker than body, Help me fix this shi fr",Deep_Childhood_6729,7,23,2025-11-21 23:13:09,https://www.reddit.com/r/Dhaka/comments/1p34bnd/face_5_shades_darker_than_body_help_me_fix_this/
Weekend activities in city like Dhaka?,PatientHistorian7459,7,37,2025-11-15 18:39:33,https://www.reddit.com/r/Dhaka/comments/1oxqplg/weekend_activities_in_city_like_dhaka/
Why I've Changed!,tahmed7bd,7,19,2025-07-04 00:43:53,https://www.reddit.com/r/Dhaka/comments/1lqxfed/why_ive_changed/
Best Place to Buy Second-Hand Phones in Dhaka?,Rafi012,7,4,2025-07-24 13:06:05,https://www.reddit.com/r/Dhaka/comments/1m7xklp/best_place_to_buy_secondhand_phones_in_dhaka/
Should I take Business administration if I am weak in math?,Emad_341,7,2,2025-07-15 23:18:21,https://www.reddit.com/r/Dhaka/comments/1m0nr74/should_i_take_business_administration_if_i_am/
Stress relief,Jumpy-Selection-7728,7,35,2025-11-14 18:36:44,https://www.reddit.com/r/Dhaka/comments/1owvcnt/stress_relief/
Driving training and licences,CautiousAd6705,6,10,2025-11-14 19:32:54,https://www.reddit.com/r/Dhaka/comments/1owwldo/driving_training_and_licences/
thriller books,cat-woman2005,6,19,2025-11-19 23:51:43,https://www.reddit.com/r/Dhaka/comments/1p1ejjy/thriller_books/
Remote Video Editor Wanted,Arman_hossainalif,6,1,2025-11-15 20:59:54,https://www.reddit.com/r/Dhaka/comments/1oxtsr6/remote_video_editor_wanted/
Accidentally bought 4 tickets for wrong cinema,Global_Baseball3571,6,7,2025-07-13 15:38:19,https://www.reddit.com/r/Dhaka/comments/1lyotcw/accidentally_bought_4_tickets_for_wrong_cinema/
Best dermatologist in DHAKA for Fungal infection (Tinia Cruris),OpenBelt8195,6,25,2025-11-19 18:28:22,https://www.reddit.com/r/Dhaka/comments/1p16dp7/best_dermatologist_in_dhaka_for_fungal_infection/
"Does anyone remember about Vebco, Premium AC bus service",United-Life7473,6,0,2025-11-01 21:40:16,https://www.reddit.com/r/Dhaka/comments/1olqyk0/does_anyone_remember_about_vebco_premium_ac_bus/
Suggest an AdBlock for my Android.,realfahimislam,6,12,2025-11-22 11:41:16,https://www.reddit.com/r/Dhaka/comments/1p3lg0n/suggest_an_adblock_for_my_android/
Struggling as an Artist,peedeepeesucks,6,10,2025-11-16 02:56:11,https://www.reddit.com/r/Dhaka/comments/1oy2ogy/struggling_as_an_artist/
"Help me select college please (SSC 25, GPA 4.78)",It_Laggs,6,4,2025-07-26 20:34:16,https://www.reddit.com/r/Dhaka/comments/1m9uu1m/help_me_select_college_please_ssc_25_gpa_478/
"Hello, i want to learn how to swim, where can i learn how to swim in Bashundhara or Gulshan?",steezyguac,6,12,2025-11-03 14:21:16,https://www.reddit.com/r/Dhaka/comments/1on6b1u/hello_i_want_to_learn_how_to_swim_where_can_i/
"I am deeply pleased with today's anti-Awami League movement. At last, the July Movement has returned to those to whom it originally belonged. আমি খুবই খুশি হয়েছি আজকের আওয়ামী বিরোধী আন্দোলন দেখে। ফাইনালি এই জুলাই আন্দোলন টা যাদের ছিলো একচুয়েলি তাদের কাছেই ফেরত এসেছে।",New_Edge360,6,5,2025-05-10 15:45:44,https://www.reddit.com/r/Dhaka/comments/1kj6jai/i_am_deeply_pleased_with_todays_antiawami_league/
Which BUTEX Textile Engineering Department Should My Younger Brother Choose? Need Honest Advice,Redwanul-Haque2467,6,8,2025-11-16 23:00:13,https://www.reddit.com/gallery/1oyqux2
Medical emergency 🦺,Hot-Tangerine3979,6,6,2025-11-16 19:18:37,https://www.reddit.com/r/Dhaka/comments/1oyliym/medical_emergency/
Are smartphones from Bangladeshi brands worth buying?,ScarredFace45,6,6,2025-11-21 14:45:07,https://www.reddit.com/r/Dhaka/comments/1p2tklv/are_smartphones_from_bangladeshi_brands_worth/
Has an earthquake ever struck so close to Dhaka before?,game_preacher,6,2,2025-11-21 23:20:39,https://www.tbsnews.net/bangladesh/has-earthquake-ever-struck-so-close-dhaka-1291116
Can anyone tell me some places where I can get things in retail &amp; wholesale price?,Emad_341,6,0,2024-10-18 21:34:09,https://www.reddit.com/r/Dhaka/comments/1g6kwyp/can_anyone_tell_me_some_places_where_i_can_get/
Where can I find cakes that taste amazing and have creative designs?,callmeIFTY,6,10,2025-11-16 10:37:09,https://www.reddit.com/r/Dhaka/comments/1oycjw4/where_can_i_find_cakes_that_taste_amazing_and/
New year resolution suggestions,Famous_Meringue1818,6,10,2025-11-18 19:15:22,https://www.reddit.com/r/Dhaka/comments/1p0bmn7/new_year_resolution_suggestions/
Need help/advice,Gold-Tomato-3484,6,16,2025-09-20 00:02:16,https://www.reddit.com/r/Dhaka/comments/1nlarfa/need_helpadvice/
Best Law faculty after DU,IcyAbbreviations2054,6,14,2025-11-20 22:56:47,https://www.reddit.com/r/Dhaka/comments/1p28dwn/best_law_faculty_after_du/
বাংলাদেশে একজন ছাত্র বা বেকার ছেলের জন্য কতটা সহায়ক বা সহনীয়? বাংলাদেশের ভবিষ্যৎ কি অন্ধকার?,Bilag-1,6,3,2025-10-08 23:43:20,https://www.reddit.com/r/Dhaka/comments/1o1hdx1/বলদশ_একজন_ছতর_ব_বকর_ছলর_জনয_কতট_সহয়ক_ব_সহনয়_বলদশর/
Can you tell me about BRTA?,internet_godfather,6,4,2025-11-17 00:58:09,https://www.reddit.com/r/Dhaka/comments/1oytwq0/can_you_tell_me_about_brta/
Is there any place at mirpur other than cafes for hangout?,tasara-panda-09020,6,7,2025-11-17 19:01:39,https://www.reddit.com/r/Dhaka/comments/1ozfnwp/is_there_any_place_at_mirpur_other_than_cafes_for/
Let's talk and do something,Top-Slide-4095,6,34,2025-11-19 16:02:01,https://www.reddit.com/r/Dhaka/comments/1p13mr5/lets_talk_and_do_something/
Are these actually foreshocks or aftershocks??,Cold-Mess3019,6,7,2025-11-22 22:24:43,https://www.reddit.com/r/Dhaka/comments/1p3xc3q/are_these_actually_foreshocks_or_aftershocks/
Where to sell perfume?,ElectronicValue8056,6,11,2025-11-19 17:29:07,https://www.reddit.com/r/Dhaka/comments/1p157dt/where_to_sell_perfume/
Smartphone without AI features?,Outrageous-Being7136,6,5,2025-11-19 01:16:41,https://www.reddit.com/r/Dhaka/comments/1p0l1tb/smartphone_without_ai_features/
Du English vs Private BBA,NotaTokusatsuFanboy,6,19,2025-06-14 21:35:31,https://www.reddit.com/r/Dhaka/comments/1lbbiss/du_english_vs_private_bba/
How do you deal with Anxiety?,SquareProtonWave,6,10,2025-11-17 01:32:13,https://www.reddit.com/r/Dhaka/comments/1oyus03/how_do_you_deal_with_anxiety/
Advise on topics I can use for a composition on mysoginy,Agrahayan,6,6,2025-10-25 01:15:43,https://www.reddit.com/r/Dhaka/comments/1of6p8p/advise_on_topics_i_can_use_for_a_composition_on/
Confused!! HSC-26,Alternative_Lake9445,6,11,2025-11-21 10:25:03,https://www.reddit.com/r/Dhaka/comments/1p2p7xk/confused_hsc26/
Am I experiencing PTSD after the earthquake?,Infinite-Sector-8694,6,9,2025-11-22 22:52:24,https://www.reddit.com/r/Dhaka/comments/1p3y10c/am_i_experiencing_ptsd_after_the_earthquake/
Which college should I go,zalepen0,6,7,2025-09-19 02:17:16,https://www.reddit.com/r/Dhaka/comments/1nkj40l/which_college_should_i_go/
Ladies: hair parlor?,TurbulentCup5219,6,9,2025-11-17 16:06:46,https://www.reddit.com/gallery/1ozchvs
Money,Aggressive-Tooth-231,6,7,2025-11-21 01:21:58,https://www.reddit.com/r/Dhaka/comments/1p2ccrs/money/
Vitamin D,No_Tailor2427,6,33,2025-11-20 13:58:43,https://www.reddit.com/r/Dhaka/comments/1p1xhbk/vitamin_d/
Should I buy Iphone 13 rn?,dummybubble_,6,16,2025-11-21 00:22:16,https://www.reddit.com/r/Dhaka/comments/1p2anw1/should_i_buy_iphone_13_rn/
Ansys  help,Poseidon-005,6,0,2025-11-20 23:48:32,https://www.reddit.com/r/Dhaka/comments/1p29rog/ansys_help/
My Android Cellphone got stolen.,Iori3310,6,11,2025-11-17 08:23:11,https://www.reddit.com/r/Dhaka/comments/1oz4f9u/my_android_cellphone_got_stolen/
The call of universe,IllustriousArmy7201,6,9,2025-11-15 08:04:29,https://www.reddit.com/r/Dhaka/comments/1oxfi73/the_call_of_universe/
Hard time,Puzzleheaded_Mine992,6,6,2025-11-17 16:51:50,https://www.reddit.com/r/Dhaka/comments/1ozd82s/hard_time/
Lonely,Top-Slide-4095,5,27,2025-11-16 10:31:02,https://www.reddit.com/r/Dhaka/comments/1oycfx6/lonely/
PPT expert needed.,raj_monir15,5,8,2025-11-16 09:26:29,https://www.reddit.com/r/Dhaka/comments/1oyb77o/ppt_expert_needed/
anyone know anything about music production?,frustratedcigs,5,10,2025-11-20 01:18:42,https://www.reddit.com/r/Dhaka/comments/1p1gzb2/anyone_know_anything_about_music_production/
Starting Fresh in Bashundhara — Send Prayers (and Advice)🙃,NoAd9144,5,2,2025-07-27 14:49:31,https://www.reddit.com/r/Dhaka/comments/1mahh8x/starting_fresh_in_bashundhara_send_prayers_and/
Looking for a gym,Apprehensive-Comb365,5,9,2025-11-14 04:23:16,https://www.reddit.com/r/Dhaka/comments/1oweys9/looking_for_a_gym/
Is AIUB EEE worth it?,Timely-Ad-6573,5,6,2025-06-15 20:03:43,https://www.reddit.com/r/Dhaka/comments/1lc13az/is_aiub_eee_worth_it/
masters in US,renluvr,5,4,2025-11-19 23:45:25,https://www.reddit.com/r/Dhaka/comments/1p1edhs/masters_in_us/
Best Soup in town?,Almostfamous_02,5,9,2025-11-19 21:14:31,https://www.reddit.com/r/Dhaka/comments/1p1aa9c/best_soup_in_town/
Winter clothes,itzfaria,5,9,2025-11-16 03:30:21,https://www.reddit.com/r/Dhaka/comments/1oy3hi9/winter_clothes/
Denim jeans,CalligrapherWest4585,5,9,2025-11-19 09:20:42,https://www.reddit.com/r/Dhaka/comments/1p0wo6w/denim_jeans/
anxious about future,frustratedcigs,5,10,2025-11-19 12:49:23,https://www.reddit.com/r/Dhaka/comments/1p10k0k/anxious_about_future/
How to start prepping for iba du if you’re in college.u,Rushdia444,5,12,2025-10-13 13:10:06,https://www.reddit.com/r/Dhaka/comments/1o5cx2z/how_to_start_prepping_for_iba_du_if_youre_in/
Any tips to get 1digit rank in BUET,sappy12234456,5,23,2025-10-09 11:07:36,https://www.reddit.com/r/Dhaka/comments/1o1xelf/any_tips_to_get_1digit_rank_in_buet/
ADMISSION TEST,ComprehensiveBox996,5,21,2025-10-11 18:27:10,https://www.reddit.com/r/Dhaka/comments/1o3uci4/admission_test/
Physics or CS in DU?,QuantumVoid37,5,15,2025-10-14 23:53:10,https://www.reddit.com/r/Dhaka/comments/1o6mlno/physics_or_cs_in_du/
private university suggestions,Academic_Ad_9620,5,27,2025-10-07 09:48:29,https://www.reddit.com/r/Dhaka/comments/1o04f92/private_university_suggestions/
Anyone from NSU??,Sea-Hair3700,5,3,2025-10-16 02:46:48,https://www.reddit.com/r/Dhaka/comments/1o7mpn9/anyone_from_nsu/
Aiub eee,booboobana,5,8,2025-09-01 20:28:34,https://www.reddit.com/r/Dhaka/comments/1n5q73x/aiub_eee/
Which payment gateway do you prefer for ecommerce?,Drawing-Live,5,9,2025-11-14 11:40:04,https://www.reddit.com/r/Dhaka/comments/1owobmf/which_payment_gateway_do_you_prefer_for_ecommerce/
Online platforms where I can buy used smartphones,superkafooo,5,5,2025-11-19 08:57:06,https://www.reddit.com/r/Dhaka/comments/1p0w636/online_platforms_where_i_can_buy_used_smartphones/
do you guys know any wired earphones with good mic quality in dhaka,ghumkhor,5,12,2025-11-17 22:15:01,https://www.reddit.com/r/Dhaka/comments/1ozkfvg/do_you_guys_know_any_wired_earphones_with_good/
Getting flowers for my gf,Eastern-Look-8143,5,13,2025-11-17 20:12:46,https://www.reddit.com/r/Dhaka/comments/1ozhbom/getting_flowers_for_my_gf/
Which private university has the better English department?,yuriiixyz,5,8,2025-10-21 12:14:30,https://www.reddit.com/r/Dhaka/comments/1oc5cu6/which_private_university_has_the_better_english/
$5000 USD Cash for Student Visa (Initial Expense) - Best Rate at City Bank?,Worldly-Toe5476,5,3,2025-11-14 13:03:24,https://www.reddit.com/r/Dhaka/comments/1owpqpk/5000_usd_cash_for_student_visa_initial_expense/
Need suggestions for du b unit,Born-Lettuce572,5,5,2025-10-19 02:33:14,https://www.reddit.com/r/Dhaka/comments/1oa6jnb/need_suggestions_for_du_b_unit/
Which insurance plan would be best for me?,Environmental_Ad9456,5,6,2025-10-04 03:43:04,https://www.reddit.com/r/Dhaka/comments/1nxc3fb/which_insurance_plan_would_be_best_for_me/
Universities that accept 7 year study gap,QualityKoala871,5,1,2025-10-04 05:24:20,https://www.reddit.com/r/Dhaka/comments/1nxegya/universities_that_accept_7_year_study_gap/
ডিবেট শিখার কোনো অর্গানাইজেশন ঢাকায় আছে?,Total_Advertising975,5,11,2025-11-16 23:10:12,https://www.reddit.com/r/Dhaka/comments/1oyr4f9/ডবট_শখর_কন_অরগনইজশন_ঢকয_আছ/
How to get scholarship in NSU?,washin_machine_heart,5,2,2025-10-16 13:58:18,https://www.reddit.com/r/Dhaka/comments/1o807zp/how_to_get_scholarship_in_nsu/
Which coaching should I do for Dhaka University B unit and C unit ?,Mental-Joke5827,5,7,2025-09-03 13:01:32,https://www.reddit.com/r/Dhaka/comments/1n77xm7/which_coaching_should_i_do_for_dhaka_university_b/
CA ki khub hard?,light_yagami004,5,7,2025-11-15 23:17:25,https://www.reddit.com/r/Dhaka/comments/1oxx8xx/ca_ki_khub_hard/
Cool lit coffees,badfaroosh,5,0,2025-08-22 12:31:54,https://www.reddit.com/r/Dhaka/comments/1mwz2vl/cool_lit_coffees/
Place to stay for 2 months Bashundhara R/A,dark_98_rider,5,2,2025-11-14 12:59:33,https://www.reddit.com/r/Dhaka/comments/1owpoec/place_to_stay_for_2_months_bashundhara_ra/
A0 size printing place in or near Dhanmondi,Ashik80,5,9,2025-11-02 16:30:30,https://www.reddit.com/r/Dhaka/comments/1omdyph/a0_size_printing_place_in_or_near_dhanmondi/
Would you rather buy clothes from local market or look for brands?,wastedwashingmachine,5,20,2025-08-07 08:53:15,https://www.reddit.com/r/Dhaka/comments/1mjopv1/would_you_rather_buy_clothes_from_local_market_or/
EWU CSE,Raged_pumpkin__,5,10,2025-05-30 02:11:21,https://www.reddit.com/r/Dhaka/comments/1kykuxl/ewu_cse/
Productivity,SamiulArian69,5,7,2025-08-31 18:33:47,https://www.reddit.com/r/Dhaka/comments/1n4tj1j/productivity/
Explain this Bangladeshi Economy and Market related question to a less educated person.,Forgotten_Seriously,5,7,2025-11-19 22:22:43,https://www.reddit.com/r/Dhaka/comments/1p1c44c/explain_this_bangladeshi_economy_and_market/
Sheikh Hasina's Judgement,RazzmatazzStrict,5,90,2025-11-17 16:52:23,https://www.reddit.com/r/Dhaka/comments/1ozd8dx/sheikh_hasinas_judgement/
Where can I find this kind of pallet?,erikayui,5,3,2025-03-08 13:15:42,https://www.reddit.com/gallery/1j6btbg
indoor plants,Ruthmila,5,5,2025-11-15 16:13:48,https://www.reddit.com/r/Dhaka/comments/1oxo6bd/indoor_plants/
Does Public vs Private Really Matter in Engineering Jobs? (Need Advice from Alumni),sonothamin112,5,5,2025-03-15 23:40:48,https://www.reddit.com/r/Dhaka/comments/1jc0lgo/does_public_vs_private_really_matter_in/
Bangladeshi students in Canada.is it actually worth it? Need honest advice.,pikaa_pika,5,30,2025-11-20 20:11:04,https://www.reddit.com/r/Dhaka/comments/1p245f8/bangladeshi_students_in_canadais_it_actually/
Animals during earthquake,ReplacementEarly5784,5,3,2025-11-22 21:05:56,https://www.reddit.com/r/Dhaka/comments/1p3vfp5/animals_during_earthquake/
Bachelors in china,LilNoirito,5,8,2025-11-17 13:34:32,https://www.reddit.com/r/Dhaka/comments/1oza6no/bachelors_in_china/
Is IBA really safe from all the political Chaos at DU and other public unis,Efficient_Divide_448,5,6,2025-11-14 12:17:28,https://www.reddit.com/r/Dhaka/comments/1owoyy3/is_iba_really_safe_from_all_the_political_chaos/
Sending sensitive medicine like Insulin to Madaripur (Village),7uckingMadMan,5,2,2025-11-17 14:09:15,https://www.reddit.com/r/Dhaka/comments/1ozapsj/sending_sensitive_medicine_like_insulin_to/
Need suggestions for a good chair (around 15k BDT),Disastrous_Record554,5,8,2025-10-27 23:49:03,https://www.reddit.com/gallery/1ohlac3
Du admission guideline,Responsible_Way2518,5,2,2025-10-30 18:14:56,https://www.reddit.com/r/Dhaka/comments/1ojy1ax/du_admission_guideline/
Bangladesh Court Orders Death Penalty for Ex-PM Hasina Over Deadly 2024 Uprising,shadrack_CK,5,0,2025-11-18 01:56:01,https://dailyglitch.com/bangladesh-court-orders-death-penalty-for-ex-pm-hasina-over-deadly-2024-uprising/
Where can I buy an effective mosquito spray?,Pall_umbra,5,9,2025-11-22 00:03:40,https://www.reddit.com/r/Dhaka/comments/1p35ohj/where_can_i_buy_an_effective_mosquito_spray/
Anyone from iub,Obvious_Statement131,5,9,2025-01-05 00:16:20,https://www.reddit.com/r/Dhaka/comments/1htkijx/anyone_from_iub/
Bangladeshi students in Australia,Prudent_Resort_1038,5,24,2025-11-20 20:48:05,https://www.reddit.com/r/Dhaka/comments/1p251jm/bangladeshi_students_in_australia/
are actually reliable birth control pills available in this city?,Proof-Mousse6951,5,20,2025-11-18 22:21:13,https://www.reddit.com/r/Dhaka/comments/1p0g9ux/are_actually_reliable_birth_control_pills/
Trying to learn business but damn… it’s harder than I thought,MrMahin,5,3,2025-11-22 02:48:51,https://www.reddit.com/r/Dhaka/comments/1p39x4f/trying_to_learn_business_but_damn_its_harder_than/
English Medium Schools.,Grouchy-Put7676,5,4,2025-11-22 16:21:14,https://www.reddit.com/r/Dhaka/comments/1p3pwgk/english_medium_schools/
Please help!!,Budget_Ad_1684,5,3,2025-11-21 22:26:55,https://www.reddit.com/r/Dhaka/comments/1p333hj/please_help/
Coding Partner,ElegantSwimmer3726,5,26,2025-11-16 21:38:14,https://www.reddit.com/r/Dhaka/comments/1oyos5d/coding_partner/
MAT(25-26),Interesting-Bag-3210,5,9,2025-11-17 00:58:40,https://www.reddit.com/r/Dhaka/comments/1oytx70/mat2526/
Self enjoyment,ElegantSteak7738,5,79,2025-11-16 11:19:40,https://www.reddit.com/r/Dhaka/comments/1oydc0w/self_enjoyment/
Earthquake,Achilles2729,5,2,2025-11-21 12:14:57,https://www.reddit.com/r/Dhaka/comments/1p2r6zu/earthquake/
Where to buy shoes?,ChocolateAromatic648,4,15,2025-11-14 08:20:44,https://www.reddit.com/r/Dhaka/comments/1owkd85/where_to_buy_shoes/
BRAC University’s Architecture requirements feel kinda unusual,CapsLockChaos,4,18,2025-11-19 22:28:22,https://www.reddit.com/r/Dhaka/comments/1p1c9nn/brac_universitys_architecture_requirements_feel/
Gift Suggetion,Suvojit_Sarker,4,3,2025-11-19 22:43:39,https://www.reddit.com/r/Dhaka/comments/1p1cov0/gift_suggetion/
Career dilemma,Flimsy_Rope_781,4,8,2025-11-22 21:58:21,https://www.reddit.com/r/Dhaka/comments/1p3wofm/career_dilemma/
Information needed,Every_Push_5326,4,4,2025-11-05 01:20:13,https://www.reddit.com/r/Dhaka/comments/1oogiph/information_needed/
How far the perception for Mirpur has changed especially after metro as of 2025 ?,Own-Procedure-637,4,19,2025-09-24 23:18:02,https://www.reddit.com/r/Dhaka/comments/1npi4j8/how_far_the_perception_for_mirpur_has_changed/
Need advice,Budget_Ad_1684,4,7,2025-11-20 00:03:01,https://www.reddit.com/r/Dhaka/comments/1p1eurn/need_advice/
Confused on how to earn money as a young female,JealousCompote4509,4,44,2025-11-20 12:37:40,https://www.reddit.com/r/Dhaka/comments/1p1w7nz/confused_on_how_to_earn_money_as_a_young_female/
Business ideas 💡,No-Diver1470,4,3,2025-11-14 16:21:20,https://www.reddit.com/r/Dhaka/comments/1owsu43/business_ideas/
how to get thailand visa by december,mehehuuuuh,4,1,2025-11-15 17:19:51,https://www.reddit.com/r/Dhaka/comments/1oxp9hj/how_to_get_thailand_visa_by_december/
Best IEM in 1.5k BDT,Nunu_Chus,4,25,2025-11-14 20:03:28,https://www.reddit.com/r/Dhaka/comments/1owxbqg/best_iem_in_15k_bdt/
Gym equipment shop near Bashundhara.,Tomat0_Lover,4,2,2025-11-02 15:41:09,https://www.reddit.com/r/Dhaka/comments/1omd6zs/gym_equipment_shop_near_bashundhara/
Where can i learn tennis with a coach?,tahmed7bd,4,2,2025-07-07 23:49:18,https://www.reddit.com/r/Dhaka/comments/1lu0w84/where_can_i_learn_tennis_with_a_coach/
Seeking Advice: Can I Re-Apply to BRAC University in a Different Department After Academic Cancellation?,Apprehensive-Net3087,4,0,2025-09-05 02:17:57,https://www.reddit.com/r/Dhaka/comments/1n8kyzk/seeking_advice_can_i_reapply_to_brac_university/
Need help with a 'theory of sets' mathematical problem.,Nipu2,4,5,2025-11-18 00:01:31,https://www.reddit.com/r/Dhaka/comments/1oznc8j/need_help_with_a_theory_of_sets_mathematical/
"Where can I find good quality shoes, particularly block heels?",AnirbanPaca,4,6,2025-11-18 00:28:23,https://www.reddit.com/r/Dhaka/comments/1ozo3da/where_can_i_find_good_quality_shoes_particularly/
[HSC ’27] Should I Hire a Tutor or Join a Batch? Need an advice,EuphoricGeneral3848,4,6,2025-11-22 09:54:00,https://www.reddit.com/r/Dhaka/comments/1p3jgfm/hsc_27_should_i_hire_a_tutor_or_join_a_batch_need/
any thinkpad users?,Outrageous_Big4236,4,4,2025-11-22 11:36:40,https://www.reddit.com/r/Dhaka/comments/1p3ld62/any_thinkpad_users/
Need a Reliable Human to Make Your Life Easier? I’m Your Guy.,psycho_sif,4,18,2025-08-15 00:03:03,https://www.reddit.com/r/Dhaka/comments/1mq86ql/need_a_reliable_human_to_make_your_life_easier_im/
Have anyone face this issue with uber?,readit_bd,4,5,2025-11-19 17:38:29,https://www.reddit.com/r/Dhaka/comments/1p15dqp/have_anyone_face_this_issue_with_uber/
Admission phase.,Clear-External-3135,4,6,2025-09-15 03:23:37,https://www.reddit.com/r/Dhaka/comments/1nh3cjx/admission_phase/
How to crack DU Law in 30 days?,South_Pilot_1438,4,16,2025-11-05 19:20:05,https://www.reddit.com/r/Dhaka/comments/1op2nfg/how_to_crack_du_law_in_30_days/
EWU Data science program,OcelotAmbitious7292,4,6,2025-03-04 14:01:06,https://www.reddit.com/r/Dhaka/comments/1j35w7m/ewu_data_science_program/
No one cares about cats in BracU ?,Kim_KongNog,4,5,2025-11-02 19:26:46,https://www.reddit.com/r/Dhaka/comments/1omh8fu/no_one_cares_about_cats_in_bracu/
Is a foldable laptop table actually useful?,Suspicious_Cheek3878,4,5,2025-11-17 15:32:01,https://www.reddit.com/r/Dhaka/comments/1ozbylb/is_a_foldable_laptop_table_actually_useful/
Suggest me a good Eyewear Shop,chyon47,4,9,2025-10-02 16:22:13,https://www.reddit.com/r/Dhaka/comments/1nvzz6c/suggest_me_a_good_eyewear_shop/
BD bank AD or private bank MTO?,NoAd9144,4,3,2025-11-20 22:58:00,https://www.reddit.com/r/Dhaka/comments/1p28f1d/bd_bank_ad_or_private_bank_mto/
Shopping,PostHoliday9789,4,4,2025-11-19 01:00:26,https://www.reddit.com/r/Dhaka/comments/1p0klym/shopping/
Requesting traffic jam recommendation for passing hours of time in rickshaw within puran Dhaka.,Small-Recipe9485,4,10,2025-06-21 09:55:20,https://www.reddit.com/r/Dhaka/comments/1lgndq3/requesting_traffic_jam_recommendation_for_passing/
Study Spaces in Puran Dhaka,Al-Khataei,4,1,2025-06-19 22:36:22,https://www.reddit.com/r/Dhaka/comments/1lffcpp/study_spaces_in_puran_dhaka/
Coffee shop recommendations!,carelesssswhisperrrr,4,6,2025-05-04 13:17:15,https://www.reddit.com/r/Dhaka/comments/1kedzx4/coffee_shop_recommendations/
National bank,No_Tailor2427,4,1,2025-11-19 11:38:06,https://www.reddit.com/r/Dhaka/comments/1p0zban/national_bank/
Keychains,AffectionateTie8130,4,6,2025-11-18 21:35:47,https://www.reddit.com/gallery/1p0f2bu
Daraz refund on card,def-not-dev,4,1,2025-11-22 17:57:11,https://www.reddit.com/r/Dhaka/comments/1p3rhlf/daraz_refund_on_card/
How to make greek yogurt from Aarong tok doi? Please help,Resident_Ad9808,4,20,2025-11-18 19:33:56,https://www.reddit.com/r/Dhaka/comments/1p0c20r/how_to_make_greek_yogurt_from_aarong_tok_doi/
Share your call centre work experience,General_Pineapple_28,4,1,2025-11-22 01:26:44,https://www.reddit.com/r/Dhaka/comments/1p37ucl/share_your_call_centre_work_experience/
Perfumes,omerhabib44,4,16,2025-11-16 12:50:35,https://www.reddit.com/r/Dhaka/comments/1oyew7p/perfumes/
Government of the pressure group by the pressure group for the pressure group,RazzmatazzStrict,4,2,2025-11-18 16:45:54,https://www.reddit.com/r/Dhaka/comments/1p08rzs/government_of_the_pressure_group_by_the_pressure/
ACADEMIC HELP.,PRAISED-01,4,8,2025-09-18 11:02:50,https://www.reddit.com/r/Dhaka/comments/1njzg39/academic_help/
IBA exam date?,ahnaf1131,4,4,2025-09-19 01:39:41,https://www.reddit.com/r/Dhaka/comments/1nki45w/iba_exam_date/
"NSU vs EWU vs DIU --Which one is best for ""CSE""?",joysutradhar_,4,71,2024-12-23 11:07:19,https://www.reddit.com/r/Dhaka/comments/1hkgnlv/nsu_vs_ewu_vs_diu_which_one_is_best_for_cse/
should i change schools and take commerce?,vernoniestacos,4,3,2025-11-15 17:11:09,https://www.reddit.com/r/Dhaka/comments/1oxp48x/should_i_change_schools_and_take_commerce/
SOP/Motivation letter,MissionOlive257,4,3,2025-11-15 02:22:40,https://www.reddit.com/r/Dhaka/comments/1ox7ggg/sopmotivation_letter/
If you had to rank all the political parties how would you rank them?,hackerbong,4,47,2025-11-21 15:26:54,https://www.reddit.com/r/Dhaka/comments/1p2u7v0/if_you_had_to_rank_all_the_political_parties_how/
Thinking of Visiting Ispahani Eye Hospital — How’s the Queue &amp; Service?,Suspicious_Cheek3878,4,6,2025-11-20 20:11:52,https://www.reddit.com/r/Dhaka/comments/1p2463n/thinking_of_visiting_ispahani_eye_hospital_hows/
Enquire about DU B unit admission,Born-Lettuce572,4,9,2025-10-17 00:25:02,https://www.reddit.com/r/Dhaka/comments/1o8e1jm/enquire_about_du_b_unit_admission/
Bangladeshis living in Stockholm?,That_Mood_656,4,5,2025-11-21 04:26:45,https://www.reddit.com/r/Dhaka/comments/1p2h7qk/bangladeshis_living_in_stockholm/
Need suggestion with current financial situation.,Iori3310,4,15,2025-10-24 19:07:25,https://www.reddit.com/r/Dhaka/comments/1oex9px/need_suggestion_with_current_financial_situation/
Car Discussion subreddit!,notjustrafa,4,2,2025-11-21 05:05:00,https://www.reddit.com/r/Dhaka/comments/1p2i61y/car_discussion_subreddit/
how to remember biology,Embarrassed_Tip_41,4,6,2025-11-21 07:13:11,https://www.reddit.com/r/Dhaka/comments/1p2l45v/how_to_remember_biology/
University suggestion for Economics,Professional_Rock_22,4,2,2025-10-18 00:21:51,https://www.reddit.com/r/Dhaka/comments/1o99040/university_suggestion_for_economics/
Payoneer safe or nah?,PotatoMoney6765,4,2,2025-11-21 03:21:42,https://www.reddit.com/r/Dhaka/comments/1p2filn/payoneer_safe_or_nah/
what are some Food that you would want to be sold at cheap price?,QBeeTas,4,13,2025-04-26 17:08:53,https://www.reddit.com/r/Dhaka/comments/1k8ah4f/what_are_some_food_that_you_would_want_to_be_sold/
Can deliverymen see what you have ordered?,Legitimate_Sky5632,4,3,2025-11-17 01:54:54,https://www.reddit.com/r/Dhaka/comments/1oyvd1r/can_deliverymen_see_what_you_have_ordered/
Cost of living,Cobra6906,4,14,2025-09-30 04:46:16,https://www.reddit.com/r/Dhaka/comments/1ntwjob/cost_of_living/
Can i sit for the BUET exam?,ahnaf1131,4,12,2025-10-16 11:14:57,https://www.reddit.com/r/Dhaka/comments/1o7xol6/can_i_sit_for_the_buet_exam/
Custom Hoodie/ Jacket for my dept,walpurgis088,4,1,2025-11-21 02:09:20,https://www.reddit.com/r/Dhaka/comments/1p2dmlc/custom_hoodie_jacket_for_my_dept/
Moving to Bangladesh for A Levels—Need Info on International Hope School &amp; Daffodil International School,IcyCauliflower2985,4,2,2025-04-24 19:46:17,https://www.reddit.com/r/Dhaka/comments/1k6sm6f/moving_to_bangladesh_for_a_levelsneed_info_on/
How to deal with emotionally and physically abusive father during admission phase,strangerthings8989,4,5,2025-11-17 02:03:25,https://www.reddit.com/r/Dhaka/comments/1oyvl75/how_to_deal_with_emotionally_and_physically/
How else should I practice for buet?,CarrotPlus631,4,3,2025-10-18 11:14:57,https://www.reddit.com/r/Dhaka/comments/1o9n9pf/how_else_should_i_practice_for_buet/
CHAPPED LIP!!!!!,Both_Development4690,4,28,2025-11-14 00:33:07,https://www.reddit.com/r/Dhaka/comments/1ow8yxm/chapped_lip/
Help,Willing-Physics6397,4,2,2025-10-23 10:47:25,https://www.reddit.com/r/Dhaka/comments/1odub9v/help/
Dog walking jobs?,Lopsided-Vanilla9925,4,2,2025-11-15 13:58:58,https://www.reddit.com/r/Dhaka/comments/1oxm1sx/dog_walking_jobs/
Any animal rescuers/vets here??,Beautiful_Basil2954,4,4,2025-10-04 12:08:15,https://www.reddit.com/r/Dhaka/comments/1nxm9vs/any_animal_rescuersvets_here/
Du-b unit,No_Tart_2572,4,11,2025-10-26 19:30:58,https://www.reddit.com/r/Dhaka/comments/1ogkoix/dub_unit/
HELP,ahnaf1131,4,8,2025-10-31 00:44:03,https://www.reddit.com/r/Dhaka/comments/1ok81cs/help/
"Need help choosing a non-science subject in BRACU/EWU/NSU/AIUB (SSC 5.00, HSC 4.67)",yuriiixyz,4,12,2025-10-21 02:08:03,https://www.reddit.com/r/Dhaka/comments/1obs957/need_help_choosing_a_nonscience_subject_in/
Data Science Masters Suggestions,Due_Permission_7837,4,3,2025-10-21 11:07:44,https://www.reddit.com/r/Dhaka/comments/1oc48fq/data_science_masters_suggestions/
next earthquake?,Maximum-Evening3904,4,3,2025-11-21 15:46:27,https://www.reddit.com/r/Dhaka/comments/1p2uih3/next_earthquake/
Suggestion for Business,Yousuf_2752,4,1,2025-11-21 21:11:24,https://www.reddit.com/r/Dhaka/comments/1p314mh/suggestion_for_business/
Tution,QuietWeek3598,4,5,2025-08-31 18:52:18,https://www.reddit.com/r/Dhaka/comments/1n4twpx/tution/
Psychologist,Square-Box-1043,4,2,2025-11-20 07:16:53,https://www.reddit.com/r/Dhaka/comments/1p1pwtm/psychologist/
Secret garden as a wedding venue?,swan_lake81,4,0,2025-11-17 21:17:18,https://www.reddit.com/r/Dhaka/comments/1ozixtx/secret_garden_as_a_wedding_venue/
Need stores that can solder to fix my controller (Ps5 controller),ElectronicValue8056,4,3,2025-11-14 14:04:03,https://www.reddit.com/r/Dhaka/comments/1owqp0d/need_stores_that_can_solder_to_fix_my_controller/
Which university should i apply?,Coolcrisp_02,4,8,2025-08-26 02:38:16,https://www.reddit.com/r/Dhaka/comments/1n01y4w/which_university_should_i_apply/
BNP er good side ashole ki?,hackerbong,4,54,2025-11-19 06:55:58,https://www.reddit.com/r/Dhaka/comments/1p0tk41/bnp_er_good_side_ashole_ki/
Radiohead hoodie,Individual-Ad-9678,3,1,2025-11-19 07:53:30,https://www.reddit.com/r/Dhaka/comments/1p0uten/radiohead_hoodie/
A level CAIE,Hot-Effective5484,3,2,2025-11-19 07:29:04,https://www.reddit.com/r/Dhaka/comments/1p0ua66/a_level_caie/
Getting Euro payments as a Bangladeshi,Alfred_Pithu,3,4,2025-11-19 04:56:44,https://www.reddit.com/r/Dhaka/comments/1p0qsjo/getting_euro_payments_as_a_bangladeshi/
Suggest a good doctor for treating hairfall,UnicornFromAlaska,3,7,2025-11-19 01:01:40,https://www.reddit.com/r/Dhaka/comments/1p0knch/suggest_a_good_doctor_for_treating_hairfall/
Visiting Dhaka - looking for recommendations,RealZubidoo,3,2,2025-11-19 01:00:32,https://www.reddit.com/r/Dhaka/comments/1p0km23/visiting_dhaka_looking_for_recommendations/
thrifting in new market area,Main-Grab-2759,3,1,2025-08-09 12:17:08,https://www.reddit.com/r/Dhaka/comments/1mlidxp/thrifting_in_new_market_area/
EEE IN EWU,Consistent-World1157,3,3,2025-08-08 18:11:11,https://www.reddit.com/r/Dhaka/comments/1mkthty/eee_in_ewu/
"Anyone applied to US knows if we need 9,10,11,12th result",Ok_Design2355,3,2,2025-11-14 21:49:22,https://www.reddit.com/r/Dhaka/comments/1ox03f4/anyone_applied_to_us_knows_if_we_need_9101112th/
"BBA in Aust, a good choice?",mud_98,3,2,2025-06-13 23:51:39,https://www.reddit.com/r/Dhaka/comments/1lamfa4/bba_in_aust_a_good_choice/
Looking for terrible but expensive restaurants in Dhaka. For recommending to an old enemy.,AlternativeMetal2017,3,2,2025-11-17 22:41:35,https://www.reddit.com/r/Dhaka/comments/1ozl5vj/looking_for_terrible_but_expensive_restaurants_in/
Mechanical engineering,booboobana,3,6,2025-09-05 09:49:41,https://www.reddit.com/r/Dhaka/comments/1n8v2fa/mechanical_engineering/
Cost of psychiatrist/ counselor in Dhaka,Green_Elephant7510,3,13,2025-11-14 20:00:21,https://www.reddit.com/r/Dhaka/comments/1owx8qe/cost_of_psychiatrist_counselor_in_dhaka/
"Mood swings , Anger issues",Dismal-Ad-9648,3,5,2025-11-14 22:04:46,https://www.reddit.com/r/Dhaka/comments/1ox0iil/mood_swings_anger_issues/
How to learn computer repair in Bangladesh? Do I need to be a CSE student?,FarAmbassador6015,3,0,2025-11-23 11:13:19,https://www.reddit.com/r/Dhaka/comments/1p4ecsx/how_to_learn_computer_repair_in_bangladesh_do_i/
Syllabus Completion Problem,rion__2036,3,4,2025-11-19 15:55:44,https://www.reddit.com/r/Dhaka/comments/1p13izf/syllabus_completion_problem/
Need information about ordering something,Astral_Modulator709,3,13,2025-11-19 15:18:35,https://www.reddit.com/r/Dhaka/comments/1p12xjf/need_information_about_ordering_something/
need study partner,Diligent_Hunt7245,3,0,2025-11-19 12:41:47,https://www.reddit.com/r/Dhaka/comments/1p10fci/need_study_partner/
Beauty salon,msbunny45,3,1,2025-10-05 01:21:13,https://www.reddit.com/gallery/1ny2x3w
Wifi Company,inthelenseofsamaira,3,3,2025-10-04 00:23:24,https://www.reddit.com/r/Dhaka/comments/1nx6znz/wifi_company/
NSU scholarship preparation,Defiant_Flounder5696,3,5,2025-10-22 16:41:03,https://www.reddit.com/r/Dhaka/comments/1od4s3k/nsu_scholarship_preparation/
Anyone commuting from Dhanmondi to (AIUB / NSU / IUB)?,Rahi_55,3,1,2025-10-21 19:46:56,https://www.reddit.com/r/Dhaka/comments/1ocdf6t/anyone_commuting_from_dhanmondi_to_aiub_nsu_iub/
B category university for masters abroad,GeneralSadaf,3,2,2025-10-29 00:28:34,https://www.reddit.com/r/Dhaka/comments/1oihbpb/b_category_university_for_masters_abroad/
Trusted source to donate online?,SpecialistLow1164,3,7,2025-11-18 10:33:51,https://www.reddit.com/r/Dhaka/comments/1p02oe5/trusted_source_to_donate_online/
Had anyone buy smartphone from aliexpress if did let me know your opinion,Forward_Initial_5138,3,7,2025-11-18 10:08:19,https://www.reddit.com/r/Dhaka/comments/1p026ym/had_anyone_buy_smartphone_from_aliexpress_if_did/
WHICH PRIVATE UNIVERSITY IS THE BEST?,Tall-You732,3,17,2025-02-02 02:26:17,https://www.reddit.com/r/Dhaka/comments/1iffhrd/which_private_university_is_the_best/
Need Book/Self-Study Resources Suggestion- Please Help if you can.,__deepto,3,2,2025-11-21 21:20:53,https://www.reddit.com/r/Dhaka/comments/1p31dhd/need_bookselfstudy_resources_suggestion_please/
A stray but friendly cat issue,Mkhasan280,3,13,2025-11-21 19:29:35,https://www.reddit.com/r/Dhaka/comments/1p2ymqt/a_stray_but_friendly_cat_issue/
Admission for NSU/IUB BBA after Alvls,VariousWitness2018,3,2,2025-01-27 21:09:49,https://www.reddit.com/r/Dhaka/comments/1ibb94k/admission_for_nsuiub_bba_after_alvls/
DU Math or Ahsanullah EEE?,echothewoodnymph_,3,39,2025-04-03 11:09:25,https://www.reddit.com/r/Dhaka/comments/1jq9zfl/du_math_or_ahsanullah_eee/
Need help and advice for DU A unit admission.,filthy-otaku,3,5,2025-10-19 02:04:56,https://www.reddit.com/r/Dhaka/comments/1oa5to8/need_help_and_advice_for_du_a_unit_admission/
BUET A LEVEL THRESHOLD,Lopsided-Vanilla9925,3,4,2025-10-18 02:31:22,https://www.reddit.com/r/Dhaka/comments/1o9ccm3/buet_a_level_threshold/
Is EEE worth it in IUB?,Anxsuii,3,8,2025-10-18 01:20:07,https://www.reddit.com/r/Dhaka/comments/1o9aj3w/is_eee_worth_it_in_iub/
Best orthodontist in Dhaka ( for braces),chocolate_icecreamm,3,4,2025-11-21 10:05:49,https://www.reddit.com/r/Dhaka/comments/1p2oui6/best_orthodontist_in_dhaka_for_braces/
BUET admission test viva,Windy-Orbits,3,12,2025-10-25 19:14:08,https://www.reddit.com/r/Dhaka/comments/1ofr91v/buet_admission_test_viva/
Laptop Issue,Longjumping-Fly-480,3,2,2025-11-16 22:28:19,https://www.reddit.com/r/Dhaka/comments/1oyq1t1/laptop_issue/
Casio buying,Mahmud_Emon,3,3,2025-11-16 21:07:55,https://www.reddit.com/r/Dhaka/comments/1oyo1ij/casio_buying/
"HSC ’26 Dhaka here — Confused about my future, need advice",Disastrous_Lunch_773,3,0,2025-10-20 00:24:54,https://www.reddit.com/r/Dhaka/comments/1oax0rm/hsc_26_dhaka_here_confused_about_my_future_need/
Wanting to study in Biotech or Biochem.,Consistent_Bell_7124,3,1,2025-11-02 13:36:27,https://www.reddit.com/r/Dhaka/comments/1ombbkz/wanting_to_study_in_biotech_or_biochem/
Need advice for DU admission (B Unit),Strange-Tooth-3788,3,3,2025-11-01 14:02:31,https://www.reddit.com/r/Dhaka/comments/1oli9qt/need_advice_for_du_admission_b_unit/
BracU Admission Related,GrandSpray5334,3,2,2025-10-31 01:33:46,https://www.reddit.com/r/Dhaka/comments/1ok9cns/bracu_admission_related/
Any bengali people living in rome rn,Beginning-Bar-1138,3,3,2025-11-21 03:02:59,https://www.reddit.com/r/Dhaka/comments/1p2f0yc/any_bengali_people_living_in_rome_rn/
How is she even in jail? Is push in her fault?,Old_Mechanic9,3,5,2025-11-21 02:55:00,https://youtu.be/8Dv4wzguSog
Eco vs BBA at NSU — need opinions,PretendImportance458,3,5,2025-10-15 21:49:08,https://www.reddit.com/r/Dhaka/comments/1o7epss/eco_vs_bba_at_nsu_need_opinions/
Bangladesh vs India Football Match,OdysseusWit,3,2,2025-11-17 05:55:37,https://www.reddit.com/r/Dhaka/comments/1oz18ey/bangladesh_vs_india_football_match/
Help,Glittering-Mix5021,3,3,2025-10-04 10:03:14,https://www.reddit.com/r/Dhaka/comments/1nxk2yb/help/
Please recommend: Things to do/see Dhaka University.,SeaOfCloudss,3,7,2025-09-28 21:04:56,https://www.reddit.com/r/Dhaka/comments/1nsqmgi/please_recommend_things_to_dosee_dhaka_university/
Help needed for my NSU exam,Perfect-Product-7277,3,3,2025-09-27 01:24:45,https://www.reddit.com/r/Dhaka/comments/1nragog/help_needed_for_my_nsu_exam/
Research Paper Survey Questionnaire,FarhanIslam,3,0,2025-11-20 20:18:40,https://www.reddit.com/r/Dhaka/comments/1p24bvd/research_paper_survey_questionnaire/
iFarmer. Is it good or scam?,zke14,3,5,2025-11-20 20:14:26,https://www.reddit.com/r/Dhaka/comments/1p24897/ifarmer_is_it_good_or_scam/
Swimming Clubs in Dhaka for learning,ComfortableBright638,3,0,2025-09-18 00:52:47,https://www.reddit.com/r/Dhaka/comments/1njluec/swimming_clubs_in_dhaka_for_learning/
People in Bashundhara R/A,After_Foundation_997,3,5,2025-09-12 01:41:51,https://www.reddit.com/r/Dhaka/comments/1neige0/people_in_bashundhara_ra/
Looking for a aesthetic cafe near jfp or around bashundhara,Flat-Summer-4438,3,1,2025-09-06 22:48:24,https://www.reddit.com/r/Dhaka/comments/1na4ejb/looking_for_a_aesthetic_cafe_near_jfp_or_around/
why bangladesh still dont have one nfc card for all transport,RudeUse100,3,3,2025-11-19 21:10:39,https://www.reddit.com/r/Dhaka/comments/1p1a6tu/why_bangladesh_still_dont_have_one_nfc_card_for/
How to start learning Video editing and Digital Marketing from scratch?,Safe-Cabinet-469,3,5,2025-11-04 20:49:18,https://www.reddit.com/r/Dhaka/comments/1oo941k/how_to_start_learning_video_editing_and_digital/
I'm kind of derailed right now and how can I get back on track?,sabab_1639,3,6,2025-11-04 19:03:56,https://www.reddit.com/r/Dhaka/comments/1oo6ilu/im_kind_of_derailed_right_now_and_how_can_i_get/
Baggy Jeans and Drop shoulder tees,GoodConsequence1176,3,6,2025-03-10 19:39:27,https://www.reddit.com/r/Dhaka/comments/1j7ytpo/baggy_jeans_and_drop_shoulder_tees/
Need suggestions,godsuya132,3,9,2025-02-16 17:54:15,https://www.reddit.com/r/Dhaka/comments/1iqqo58/need_suggestions/
Tuition,Technical-Force-7969,3,3,2025-02-16 00:19:52,https://www.reddit.com/r/Dhaka/comments/1iq7kr2/tuition/
EWU/DIU/AIUB,SadCod2291,3,17,2025-04-19 20:08:21,https://www.reddit.com/r/Dhaka/comments/1k2x2uw/ewudiuaiub/
EWU. Yeah or nah?,Affectionate_Part657,3,31,2025-04-19 10:03:17,https://www.reddit.com/r/Dhaka/comments/1k2nq6d/ewu_yeah_or_nah/
Need help choosing between Aiub and Ewu,V_der,3,9,2025-04-14 19:05:11,https://www.reddit.com/r/Dhaka/comments/1jyydpy/need_help_choosing_between_aiub_and_ewu/
Hangout place suggetion!,Equal-Love-4701,3,1,2025-11-17 13:23:15,https://www.reddit.com/r/Dhaka/comments/1oza0cn/hangout_place_suggetion/
do universities here accept just 2 a level subjects?,Slight-Flight-9364,3,7,2025-11-14 23:21:02,https://www.reddit.com/r/Dhaka/comments/1ox2lxe/do_universities_here_accept_just_2_a_level/
Lil help needed with a university survey for an assignment,Impossible-Fail336,3,0,2025-11-14 22:55:19,https://www.reddit.com/r/Dhaka/comments/1ox1wid/lil_help_needed_with_a_university_survey_for_an/
Music,Ok_Entrepreneur_2812,3,5,2025-11-20 19:59:04,https://www.reddit.com/r/Dhaka/comments/1p23un7/music/
Cheese suggestion for pizza,Professional-Tiger57,3,2,2025-11-20 18:32:28,https://www.reddit.com/r/Dhaka/comments/1p21yqu/cheese_suggestion_for_pizza/
Recommendations for good hair cut &amp; hair color places in Bogra?,Zed18_,3,2,2025-11-20 15:54:44,https://www.reddit.com/r/Dhaka/comments/1p1z8kt/recommendations_for_good_hair_cut_hair_color/
"[Offering Physics, Chemistry &amp; Math Coaching | Khilgaon Area | Need Some Guidance 🙌]",shourid44,3,0,2025-10-30 19:31:16,https://www.reddit.com/r/Dhaka/comments/1ojzs9l/offering_physics_chemistry_math_coaching_khilgaon/
"Looking for a quiet place to study, preferably a café or library near Bashundhara R/A.",ais_21,3,1,2025-10-25 08:43:17,https://www.reddit.com/r/Dhaka/comments/1ofgk33/looking_for_a_quiet_place_to_study_preferably_a/
Is it safe to travel alone to Keraniganj near Ati Bazar in the evening to meet my girlfriend,ResponsibleFudge8955,3,5,2025-10-25 02:57:25,https://www.reddit.com/r/Dhaka/comments/1of98i1/is_it_safe_to_travel_alone_to_keraniganj_near_ati/
MacBook Pro M1 kernel panic  need trusted MAC  repair/service in Dhaka that won’t rob me blind,Few-Writing-3970,3,1,2025-10-25 00:35:32,https://www.reddit.com/r/Dhaka/comments/1of5o6e/macbook_pro_m1_kernel_panic_need_trusted_mac/
Food places in Bashundhara RA,Sam_Rohan,3,4,2025-10-21 04:39:33,https://www.reddit.com/r/Dhaka/comments/1obw5qg/food_places_in_bashundhara_ra/
Visiting Bangladesh after 10 years best food,Noobiepoobie853,3,12,2025-11-17 10:41:56,https://www.reddit.com/r/Dhaka/comments/1oz78bp/visiting_bangladesh_after_10_years_best_food/
Power of Attorney,d33pblu7,3,1,2025-11-21 12:18:45,https://www.reddit.com/r/Dhaka/comments/1p2r9d6/power_of_attorney/
#Savemymaster'sdegree!!,No-Lynx-6045,3,2,2025-09-25 23:50:28,https://www.reddit.com/r/Dhaka/comments/1nqdkhh/savemymastersdegree/
Earbuds Suggestion,rakibul_hasan_nishat,3,0,2025-11-20 23:20:25,https://www.reddit.com/r/Dhaka/comments/1p2918o/earbuds_suggestion/
How to get free classes of udvash? ?,Existing-Being-2789,3,8,2025-11-20 22:58:19,https://www.reddit.com/r/Dhaka/comments/1p28fbm/how_to_get_free_classes_of_udvash/
Dhaka-Chittagong highway speedcam?,Reedditcdi,3,3,2025-11-18 19:07:11,https://www.reddit.com/r/Dhaka/comments/1p0bg39/dhakachittagong_highway_speedcam/
Bank loan,Previous-Chocolate99,3,8,2025-11-18 16:40:47,https://www.reddit.com/r/Dhaka/comments/1p08ozz/bank_loan/
Dinner Set &amp; Womens Jewellery,Careful_Storm_3665,3,6,2025-11-18 16:36:12,https://www.reddit.com/r/Dhaka/comments/1p08mag/dinner_set_womens_jewellery/
Software engineering,PotatoMoney6765,3,10,2025-11-18 15:08:37,https://www.reddit.com/r/Dhaka/comments/1p07957/software_engineering/
CU vs RU,Abdullah715279,3,17,2025-11-18 12:13:43,https://www.reddit.com/r/Dhaka/comments/1p04hsq/cu_vs_ru/
Study MBA!,Extension_Gene_5600,3,5,2025-11-18 10:48:55,https://www.reddit.com/r/Dhaka/comments/1p02yqc/study_mba/
Looking for internship to add to my CV,Illustrious_Snow_314,3,5,2025-11-08 15:28:06,https://www.reddit.com/r/Dhaka/comments/1orl63a/looking_for_internship_to_add_to_my_cv/
Are there Boxing gyms around old dhaka?,OkStretch332,3,0,2025-09-21 02:57:53,https://www.reddit.com/r/Dhaka/comments/1nm9e0e/are_there_boxing_gyms_around_old_dhaka/
What is the best future possible for a mid level student from a middle class family?,Crowned_XD,3,4,2025-09-19 03:38:16,https://www.reddit.com/r/Dhaka/comments/1nkl6x9/what_is_the_best_future_possible_for_a_mid_level/
explanation,Solid-Secretary-44,3,7,2025-09-12 05:26:28,https://www.reddit.com/r/Dhaka/comments/1nenuzr/explanation/
English Lit Program at NSU,brownniteowl_31,3,6,2025-09-12 01:32:14,https://www.reddit.com/r/Dhaka/comments/1nei7jk/english_lit_program_at_nsu/
Whats the difference between NDC students and normal college students?,Defiant_Shirt_6441,3,10,2025-09-08 00:10:17,https://www.reddit.com/r/Dhaka/comments/1nb0ccn/whats_the_difference_between_ndc_students_and/
Suggest me some books for private university admission,hasinishraque,3,1,2025-09-13 19:24:33,https://www.reddit.com/r/Dhaka/comments/1nfxfk8/suggest_me_some_books_for_private_university/
Which is better university?,Both_Huckleberry4020,3,11,2025-04-08 21:35:26,https://www.reddit.com/r/Dhaka/comments/1juginx/which_is_better_university/
Where can I find baggy fits in Dhaka at a reasonable price?,FunnySuspect2348,3,9,2025-04-08 14:34:16,https://www.reddit.com/r/Dhaka/comments/1ju8q6f/where_can_i_find_baggy_fits_in_dhaka_at_a/
Need advice on what to do..for life..career..etc😭,One-Breakfast-3410,3,8,2025-11-18 09:55:43,https://www.reddit.com/r/Dhaka/comments/1p01xpd/need_advice_on_what_to_dofor_lifecareeretc/
Good camera repair shop in Dhaka + cost?,Additional-Skirt-937,3,0,2025-11-18 07:13:38,https://www.reddit.com/r/Dhaka/comments/1ozyg4t/good_camera_repair_shop_in_dhaka_cost/
Dhaka English Medium Schools: Playgroup Admission Info,Complete_Risk_6877,3,0,2025-11-19 23:12:59,https://www.reddit.com/r/Dhaka/comments/1p1dho6/dhaka_english_medium_schools_playgroup_admission/
Advice,WasteCrow8280,3,12,2025-11-19 22:52:26,https://www.reddit.com/r/Dhaka/comments/1p1cxe8/advice/
Car for commercial use,Working-Piece-9165,3,3,2025-11-15 10:13:03,https://www.reddit.com/r/Dhaka/comments/1oxi4cu/car_for_commercial_use/
If anyone know about quantitative content analysis please share your knowledge with me,miku_miuuu,3,1,2025-11-15 06:11:36,https://www.reddit.com/r/Dhaka/comments/1oxd201/if_anyone_know_about_quantitative_content/
Kind of stuck in my own thoughts,BitSignificant6707,3,4,2025-11-15 02:25:36,https://www.reddit.com/r/Dhaka/comments/1ox7j85/kind_of_stuck_in_my_own_thoughts/
How can I archive all comments from a Facebook post?,No-Volume2455,3,2,2025-11-15 02:05:36,https://www.reddit.com/r/Dhaka/comments/1ox705l/how_can_i_archive_all_comments_from_a_facebook/
Rental problems in dhaka,Routine_Product_19,3,0,2025-11-15 00:50:24,https://www.reddit.com/r/Dhaka/comments/1ox512j/rental_problems_in_dhaka/
Who will win?,ughnaf,3,1,2025-11-15 00:08:18,https://www.reddit.com/r/Dhaka/comments/1ox3vpr/who_will_win/
jacket,Poseidon-005,3,4,2025-11-14 23:52:38,https://www.reddit.com/r/Dhaka/comments/1ox3gi3/jacket/
Best neckband in 2k BDT,akira_hoque-1123,3,1,2025-11-14 23:32:33,https://www.reddit.com/r/Dhaka/comments/1ox2x1l/best_neckband_in_2k_bdt/
Afraid to attend job interview,Great-Object1436,3,7,2025-11-18 04:07:46,https://www.reddit.com/r/Dhaka/comments/1oztzwc/afraid_to_attend_job_interview/
Hair salon/parlor suggestions,MacaroonNo3569,3,3,2025-11-18 01:58:54,https://www.reddit.com/r/Dhaka/comments/1ozqk4s/hair_salonparlor_suggestions/
how to gain experience early,SwordfishHealthy3565,3,2,2025-11-18 00:44:33,https://www.reddit.com/r/Dhaka/comments/1ozojs8/how_to_gain_experience_early/
To the US and Europe Based BD community,Left-Homework-6650,3,4,2025-11-19 00:06:45,https://www.reddit.com/r/Dhaka/comments/1p0j5gl/to_the_us_and_europe_based_bd_community/
Looking for gymwear ,Agitated_Assistant_,3,14,2024-07-11 03:30:21,https://www.reddit.com/r/Dhaka/comments/1e07jgx/looking_for_gymwear/
Tax law firm in Dhaka,Agile-Lifeguard-2063,3,5,2025-11-16 18:32:44,https://www.reddit.com/r/Dhaka/comments/1oykl8u/tax_law_firm_in_dhaka/
"Where do I buy authentic shampoos, deodorants and lotions?",External_Pen4135,3,2,2025-11-16 16:14:34,https://www.reddit.com/r/Dhaka/comments/1oyi6fe/where_do_i_buy_authentic_shampoos_deodorants_and/
Guitar,garlicbread0_0,3,16,2025-11-16 13:58:06,https://www.reddit.com/r/Dhaka/comments/1oyfzk7/guitar/
When will HSC happen?,Mean_Common_5269,3,8,2025-11-16 12:31:54,https://www.reddit.com/r/Dhaka/comments/1oyel54/when_will_hsc_happen/
Looking for a Part Time/ Full time job.,iamnoman18,3,1,2025-11-18 11:00:12,https://www.reddit.com/r/Dhaka/comments/1p0369o/looking_for_a_part_time_full_time_job/
Source of Entertainment,carelesssswhisperrrr,3,6,2025-05-07 12:19:49,https://www.reddit.com/r/Dhaka/comments/1kgqi8c/source_of_entertainment/
Any boxing gyms near khilgaon?,Mr-Terror99,3,4,2025-04-28 23:19:17,https://www.reddit.com/r/Dhaka/comments/1ka124s/any_boxing_gyms_near_khilgaon/
Gym,Mindless-Panic-4290,3,2,2025-05-31 20:34:08,https://www.reddit.com/r/Dhaka/comments/1kzyiss/gym/
Perfumes suggestion,According_Row5640,3,19,2025-11-22 01:23:55,https://www.reddit.com/r/Dhaka/comments/1p37rte/perfumes_suggestion/
Moving to Dhaka,Spirited-Gas2859,3,2,2025-11-21 22:00:54,https://www.reddit.com/r/Dhaka/comments/1p32eur/moving_to_dhaka/
"Best local spots to visit, chill and EAT!",EliteApricot,3,2,2024-06-29 04:37:16,https://www.reddit.com/r/Dhaka/comments/1dqwb6g/best_local_spots_to_visit_chill_and_eat/
Suggest stores to buy unofficial iphone,amnesia_luck,3,10,2025-11-18 22:47:02,https://www.reddit.com/r/Dhaka/comments/1p0gyrn/suggest_stores_to_buy_unofficial_iphone/
Asking for suggestion for male skincare product,_t_gallant_,3,5,2025-11-18 19:30:59,https://www.reddit.com/r/Dhaka/comments/1p0bzka/asking_for_suggestion_for_male_skincare_product/
অনেক বাংলাদেশি অভিবাসীর সবচেয়ে বড় বাধা প্রায়ই তাদের নিজের কমিউনিটিই হয়। একটি সাম্প্রতিক ঘটনা দেখিয়েছে—কীভাবে একজন লোক ব্যক্তিগত বিরোধের কারণে নতুনদের সাহায্য করার জন্য তৈরি একটি সাপোর্ট গ্রুপকে নিজের ইচ্ছামতো গেটকিপিং করছিল। বিষয়টি জানার পরও সিনিয়র সদস্যরা গুরুত্ব দিয়ে দেখেননি,jbttss,3,6,2025-11-16 10:32:02,https://www.reddit.com/r/Dhaka/comments/1oycgiz/অনক_বলদশ_অভবসর_সবচয_বড_বধ_পরযই_তদর_নজর_কমউনটই_হয/
Best online perfume store,Josephpainster,3,8,2025-11-22 17:31:21,https://www.reddit.com/r/Dhaka/comments/1p3r1da/best_online_perfume_store/
How many marks do you need in NSU admission test for LLB?,Sufficient-Skin-1695,3,2,2025-09-06 16:03:56,https://www.reddit.com/r/Dhaka/comments/1n9vsom/how_many_marks_do_you_need_in_nsu_admission_test/
Online Coaching Platform,FrenzyCEE,3,2,2025-09-05 07:28:02,https://www.reddit.com/r/Dhaka/comments/1n8s74w/online_coaching_platform/
Anyone doing MSc in CSE at BRAC or EWU university?,Bonito_Flakez,3,5,2025-10-21 20:53:08,https://www.reddit.com/r/Dhaka/comments/1ocf3h4/anyone_doing_msc_in_cse_at_brac_or_ewu_university/
MTO,Candid-Ad-1951,3,4,2025-11-17 17:04:15,https://www.reddit.com/r/Dhaka/comments/1ozdfwx/mto/
Place recommendation in bashundhara for some private time,Anonymous33698,3,3,2025-07-02 23:59:52,https://www.reddit.com/r/Dhaka/comments/1lq2pw2/place_recommendation_in_bashundhara_for_some/
College Suggestions [GPA-4.83],Sauce_Is_Life,3,4,2024-05-30 00:10:12,https://www.reddit.com/r/Dhaka/comments/1d3irlz/college_suggestions_gpa483/
Anyone to hangout or coffee adda,dark_couple_bd,3,1,2025-08-30 10:58:01,https://www.reddit.com/r/Dhaka/comments/1n3t138/anyone_to_hangout_or_coffee_adda/
Looking for a good dermatologist around Shantinagar/Malibagh,machinegunnedburger,3,5,2025-08-15 22:15:36,https://www.reddit.com/r/Dhaka/comments/1mr2fm6/looking_for_a_good_dermatologist_around/
college suggestions,cheeryybombs,3,2,2025-07-23 22:02:10,https://www.reddit.com/r/Dhaka/comments/1m7d7ic/college_suggestions/
Suggest me a trusted service center for desktop motherboard in Multiplan/IDB,gigamind_sajid,3,1,2025-11-15 19:22:52,https://www.reddit.com/r/Dhaka/comments/1oxrm1f/suggest_me_a_trusted_service_center_for_desktop/
Proud Son of Rajakar,RazzmatazzStrict,3,0,2025-11-20 03:48:21,https://youtu.be/RRODkIEAGMw?si=KTlKEnIbaZJJm-U8
Cool date/hangout spots in Dhaka,ei_white,3,3,2025-11-20 02:46:45,https://www.reddit.com/r/Dhaka/comments/1p1jc16/cool_datehangout_spots_in_dhaka/
Looking for a spot,BreakfastAutomatic52,3,9,2025-11-20 00:49:09,https://www.reddit.com/r/Dhaka/comments/1p1g61s/looking_for_a_spot/
Best AFFORDABLE gym in Bashundhara?,m0sala,3,8,2025-11-12 14:53:50,https://www.reddit.com/r/Dhaka/comments/1ov06gi/best_affordable_gym_in_bashundhara/
Stolen Iphone,Prettybatw,3,1,2025-10-31 01:38:14,https://www.reddit.com/r/Dhaka/comments/1ok9grn/stolen_iphone/
Is worth paying more for NSU/BracU/AIUB CSE?,tasin71,3,8,2025-05-15 03:29:54,https://www.reddit.com/r/Dhaka/comments/1kmr4ic/is_worth_paying_more_for_nsubracuaiub_cse/
NSU cse vs AIUB cse,Shaker_Afiq-111,3,4,2025-07-31 14:25:13,https://www.reddit.com/r/Dhaka/comments/1mdw05a/nsu_cse_vs_aiub_cse/
"NSU,IUB or BRAC to go for bba?",Sad-Double602,3,9,2025-07-29 00:32:53,https://www.reddit.com/r/Dhaka/comments/1mboazi/nsuiub_or_brac_to_go_for_bba/
JOB Suggestion.,No_Necessary_5021,3,13,2025-09-11 15:31:24,https://www.reddit.com/r/Dhaka/comments/1ne4ajo/job_suggestion/
Swimming Lessons in Mirpur,Existential_Dread_GG,3,4,2025-11-14 20:26:55,https://www.reddit.com/r/Dhaka/comments/1owxwrd/swimming_lessons_in_mirpur/
Volunteering,Trick_Copy_5402,3,10,2025-11-15 18:18:17,https://www.reddit.com/r/Dhaka/comments/1oxqavo/volunteering/
Can I use a phone-taken photo (edited for formality) for university applications?,Extension_Force7563,3,5,2025-11-15 18:03:12,https://www.reddit.com/r/Dhaka/comments/1oxq0jd/can_i_use_a_phonetaken_photo_edited_for_formality/
Does Milestone College charge extra fees for taking a TC?,Minimum-Afternoon323,3,1,2025-11-15 17:38:32,https://www.reddit.com/r/Dhaka/comments/1oxpku0/does_milestone_college_charge_extra_fees_for/
when being deulu is the only solution,Odd_Science208,3,1,2025-11-15 17:33:40,https://www.reddit.com/r/Dhaka/comments/1oxphu4/when_being_deulu_is_the_only_solution/
"The protesters are throwing rocks, that’s why the coordinator’s forces are ordering to shoot the protesters and dump their bodies. This is exactly how they carried out the Gopalganj massacre.",New_Edge360,3,0,2025-07-19 12:30:26,https://www.reddit.com/r/Dhaka/comments/1m3pazw/the_protesters_are_throwing_rocks_thats_why_the/
Need information on dumbbells,Anxious-Plankton-570,3,8,2025-07-16 17:43:13,https://www.reddit.com/r/Dhaka/comments/1m1adht/need_information_on_dumbbells/
Where can I find water flosser shop?,Wild-Advantage4953,3,0,2025-07-29 19:26:46,https://www.reddit.com/r/Dhaka/comments/1mcbevg/where_can_i_find_water_flosser_shop/
How to buy the ticket online for Ahsan Manzil Museum? Visa card payment function is not enabled,Buscando2016,3,0,2022-05-01 00:57:00,https://www.reddit.com/r/Dhaka/comments/ufhk62/how_to_buy_the_ticket_online_for_ahsan_manzil/
"Lalbagh Fort, An Awesome Historical Place To Visit In Dhaka! » AUHStyle",Baib06,3,1,2018-12-31 19:44:29,https://www.auhbd.com/lalbagh-fort-an-awesome-historical-place-to-visit-in-dhaka/
Engineering,booboobana,3,3,2025-09-06 22:35:30,https://www.reddit.com/r/Dhaka/comments/1na433m/engineering/
Advice for an Psychology Aspirant SSC-25 Graduate?,Personal-Calendar974,3,1,2025-08-27 04:49:29,https://www.reddit.com/r/Dhaka/comments/1n10gf3/advice_for_an_psychology_aspirant_ssc25_graduate/
Is it viable to switch to Law for a Master’s after a CSE undergrad in Bangladesh?,elvinbarton,3,0,2025-08-26 23:49:37,https://www.reddit.com/r/Dhaka/comments/1n0sqvs/is_it_viable_to_switch_to_law_for_a_masters_after/
Excel Training Centers in Dhanmondi/New Market with Microsoft Certification,hard2resist,3,1,2025-11-18 10:55:59,https://www.reddit.com/r/Dhaka/comments/1p033g4/excel_training_centers_in_dhanmondinew_market/
Airport railway station to dhaka?,Fine-Cycle1103,3,2,2025-06-30 09:35:25,https://www.reddit.com/r/Dhaka/comments/1lnxku4/airport_railway_station_to_dhaka/
Daraz er 11.11 campaign e keu ki kisu kinsen?,Select-Day-873,3,1,2025-11-14 02:21:28,https://www.reddit.com/r/Dhaka/comments/1owbud5/daraz_er_1111_campaign_e_keu_ki_kisu_kinsen/
Suggestions for Air Purifier for bedroom,Ok_Shelter8239,3,2,2025-11-14 01:11:49,https://www.reddit.com/r/Dhaka/comments/1owa0fq/suggestions_for_air_purifier_for_bedroom/
Is there any way to study cse in Bangladesh without passing h.math,Nate_Higger-san,3,21,2025-11-20 11:13:59,https://www.reddit.com/r/Dhaka/comments/1p1urow/is_there_any_way_to_study_cse_in_bangladesh/
Where to find a civil/structural engineer?,ChocolateAromatic648,3,1,2025-11-22 21:27:53,https://www.reddit.com/r/Dhaka/comments/1p3vydc/where_to_find_a_civilstructural_engineer/
New Facist is loading,RazzmatazzStrict,3,1,2025-11-23 02:21:14,https://www.facebook.com/share/v/1BQGPaU5QA/
Since winter is almost here dark brown people of bd drop your hardest fits,iSellFemboys69420,3,10,2025-11-23 02:58:03,https://www.reddit.com/r/Dhaka/comments/1p440bt/since_winter_is_almost_here_dark_brown_people_of/
Trusted sites to order stuff from usa?,skeletal_sniper,3,4,2025-11-23 02:59:24,https://www.reddit.com/r/Dhaka/comments/1p441fd/trusted_sites_to_order_stuff_from_usa/
How do you usually get a bank internship in Bangladesh?,Interesting_Help_18,2,0,2025-11-14 00:15:39,https://www.reddit.com/r/Dhaka/comments/1ow8hl0/how_do_you_usually_get_a_bank_internship_in/
"Urgent Help: Best Path to Complete HSC in 1 Year as a Private Candidate in Dhaka (4-Year Gap, Night Job 9 PM-6 AM)",IK_Khan,2,0,2025-11-22 20:05:38,https://www.reddit.com/r/Dhaka/comments/1p3u1or/urgent_help_best_path_to_complete_hsc_in_1_year/
Need advice on how to be financially self-reliant,Exotic-Chair-6960,2,0,2025-11-22 21:16:36,https://www.reddit.com/r/Dhaka/comments/1p3vol3/need_advice_on_how_to_be_financially_selfreliant/
Need Advice...HSC-26,Alternative_Lake9445,2,4,2025-11-22 21:22:54,https://www.reddit.com/r/Dhaka/comments/1p3vu0h/need_advicehsc26/
road bikes koi thik kore?,DrySuspect5165,2,0,2025-11-22 21:46:14,https://www.reddit.com/r/Dhaka/comments/1p3we1q/road_bikes_koi_thik_kore/
SSC 26 need help,DrySuspect5165,2,1,2025-11-22 22:02:06,https://www.reddit.com/r/Dhaka/comments/1p3wrx2/ssc_26_need_help/
Wanna sell my Intel Arc A750 8GB,Illustrious_Coat_462,2,9,2025-11-20 07:42:22,https://www.reddit.com/r/Dhaka/comments/1p1qglo/wanna_sell_my_intel_arc_a750_8gb/
how does game rental pages work?,1kyst,2,1,2025-11-14 21:28:00,https://www.reddit.com/r/Dhaka/comments/1owzie5/how_does_game_rental_pages_work/
Can someone attend HSC for a fourth time?,Frequent-Tie-6681,2,4,2025-11-14 12:23:33,https://www.reddit.com/r/Dhaka/comments/1owp2ob/can_someone_attend_hsc_for_a_fourth_time/
Shirts,Kim_KongNog,2,4,2025-09-27 16:44:22,https://www.reddit.com/r/Dhaka/comments/1nrs39v/shirts/
Shirt suggestions,EnvironmentalFill939,2,7,2025-09-29 23:17:55,https://www.reddit.com/r/Dhaka/comments/1nto0cp/shirt_suggestions/
need help regarding metro rail,SwordfishHealthy3565,2,7,2025-10-01 22:22:43,https://www.reddit.com/r/Dhaka/comments/1nvcsnx/need_help_regarding_metro_rail/
Aust cse/EEE vs Sust Chemistry,LowSpecialist2814,2,8,2025-10-04 21:25:37,https://www.reddit.com/r/Dhaka/comments/1nxwwpv/aust_cseeee_vs_sust_chemistry/
CSE vs Computer Network and Cyber Security,TrBaap,2,3,2025-08-03 21:13:58,https://www.reddit.com/r/Dhaka/comments/1mglqs3/cse_vs_computer_network_and_cyber_security/
UIU or IUB for CSE? Admission test dates clash,Vforvegeto,2,6,2025-08-20 21:09:52,https://www.reddit.com/r/Dhaka/comments/1mvhgq7/uiu_or_iub_for_cse_admission_test_dates_clash/
Dhaka new market,KhondokarIbrahim,2,5,2025-08-29 13:24:33,https://www.reddit.com/r/Dhaka/comments/1n30u82/dhaka_new_market/
Suggestions on getting tuition,Rahi_55,2,0,2025-09-05 19:40:39,https://www.reddit.com/r/Dhaka/comments/1n95kzk/suggestions_on_getting_tuition/
medical aspirant next year,closetedluvergurl,2,1,2025-11-17 21:18:34,https://www.reddit.com/r/Dhaka/comments/1oziz2n/medical_aspirant_next_year/
Pantheon?,aunnyglitch,2,6,2025-11-17 22:17:29,https://www.reddit.com/r/Dhaka/comments/1ozkiaf/pantheon/
Looking for job,Sufficient_Profile86,2,1,2025-06-18 10:54:32,https://www.reddit.com/r/Dhaka/comments/1le8koj/looking_for_job/
Career advice,Both_Reindeer7707,2,6,2025-10-23 13:45:39,https://www.reddit.com/r/Dhaka/comments/1odx630/career_advice/
French Cuff Shirts,BookshopRunner,2,4,2025-10-26 11:09:48,https://www.reddit.com/r/Dhaka/comments/1ogc8sz/french_cuff_shirts/
Gym equipments store,Advanced_Budget7301,2,5,2025-11-10 20:32:38,https://www.reddit.com/r/Dhaka/comments/1otfb5p/gym_equipments_store/
Textile Engineering,Funny-Ad-2513,2,5,2025-11-15 12:53:33,https://www.reddit.com/r/Dhaka/comments/1oxkzov/textile_engineering/
Calling all the EM students who studies at BUET/ gave admission exams,Tall_Committee_2243,2,2,2025-08-29 12:19:15,https://www.reddit.com/r/Dhaka/comments/1n2zt1x/calling_all_the_em_students_who_studies_at_buet/
Winter drippy jackets and where to get them?,Agile-Ad-920,2,8,2025-09-20 00:01:42,https://www.reddit.com/gallery/1nlaqus
EWU,RazzmatazzStrict,2,1,2025-07-20 20:35:09,https://www.reddit.com/r/Dhaka/comments/1m4qfxy/ewu/
BRAC/NSU/AIUB for CSE?,MRC2RULES,2,10,2025-07-28 15:12:57,https://www.reddit.com/r/Dhaka/comments/1mbbcsi/bracnsuaiub_for_cse/
Nsu cse vs Aust eee vs Brac cse,cosmic_wizard_x,2,8,2025-05-12 20:19:13,https://www.reddit.com/r/Dhaka/comments/1kktorb/nsu_cse_vs_aust_eee_vs_brac_cse/
Anyone from MS Maths at AUST?,Remarkable-Pair-6779,2,0,2025-05-13 18:14:01,https://www.reddit.com/r/Dhaka/comments/1klkd6h/anyone_from_ms_maths_at_aust/
Which private uni do you think I should choose based on their environment? AIUB or IUB,InfamousBandicoot594,2,1,2025-05-15 16:05:55,https://www.reddit.com/r/Dhaka/comments/1kn4i21/which_private_uni_do_you_think_i_should_choose/
Midnight at Hatirjheel,Substantial_Raisin24,2,5,2025-05-17 05:26:53,https://www.reddit.com/r/Dhaka/comments/1koey97/midnight_at_hatirjheel/
SAT for AIUB,ExaminationOver3154,2,1,2025-05-18 22:49:13,https://www.reddit.com/r/Dhaka/comments/1kpogb3/sat_for_aiub/
Need a part time jobs / tuitions,SufficientGood1450,2,6,2025-05-30 00:29:12,https://www.reddit.com/r/Dhaka/comments/1kyia3h/need_a_part_time_jobs_tuitions/
Looking for a place to live,Wooden-Ferret-21,2,0,2025-11-22 10:06:17,https://www.reddit.com/r/Dhaka/comments/1p3jp3e/looking_for_a_place_to_live/
Best Tour Place Suggestions for Couples in December,Captain_Sparrow07,2,7,2025-11-22 11:09:34,https://www.reddit.com/r/Dhaka/comments/1p3kvs2/best_tour_place_suggestions_for_couples_in/
Information on liver disease specialists,notkafka311,2,2,2025-11-22 12:44:39,https://www.reddit.com/r/Dhaka/comments/1p3miqp/information_on_liver_disease_specialists/
What's the best minoxidil brand ?,NoPapercrowns,2,15,2025-11-22 14:06:00,https://www.reddit.com/r/Dhaka/comments/1p3ntgf/whats_the_best_minoxidil_brand/
where can i find niqab with burkha/abaya the cheapest in dhaka?,Particular_Weird_616,2,8,2025-11-22 15:21:33,https://www.reddit.com/r/Dhaka/comments/1p3oywx/where_can_i_find_niqab_with_burkhaabaya_the/
thrift cloths in bd - original or copy?,no_jhamela,2,1,2025-10-22 16:20:33,https://www.reddit.com/r/Dhaka/comments/1od4fo9/thrift_cloths_in_bd_original_or_copy/
CS from Bracu vs CS from IUB which one is better?,Affectionate_Long774,2,3,2025-08-30 18:45:38,https://www.reddit.com/r/Dhaka/comments/1n40qkd/cs_from_bracu_vs_cs_from_iub_which_one_is_better/
Help a brother out…,Zestyclose_Relief_61,2,10,2025-08-31 00:34:35,https://www.reddit.com/r/Dhaka/comments/1n49045/help_a_brother_out/
Bracu to gulistan,troubled_dad,2,5,2025-08-31 17:05:30,https://www.reddit.com/r/Dhaka/comments/1n4rw8j/bracu_to_gulistan/
ssc result 4.22 হয়ে buet এ কি admission exam দিতে পারবো?,robertlussy,2,3,2025-09-05 23:39:54,https://www.reddit.com/r/Dhaka/comments/1n9bs09/ssc_result_422_হয়_buet_এ_ক_admission_exam_দত_পরব/
MSC in Data science after BBA,Responsible-Gear-208,2,3,2025-09-07 16:00:39,https://www.reddit.com/r/Dhaka/comments/1napcek/msc_in_data_science_after_bba/
“HSC ’27 Science – Can I rely on free YouTube playlists for both HSC &amp; admission prep?”,_K1b1ra_,2,6,2025-09-07 16:56:26,https://www.reddit.com/r/Dhaka/comments/1naq83d/hsc_27_science_can_i_rely_on_free_youtube/
Need One plus 15,MentionAdmirable1902,2,1,2025-11-18 04:37:24,https://www.reddit.com/r/Dhaka/comments/1ozurbe/need_one_plus_15/
Can anyone recommend a place to repair headphone near or close to Dhanmondi?,DisSapo1ntment,2,2,2025-11-18 06:47:48,https://www.reddit.com/r/Dhaka/comments/1ozxvf4/can_anyone_recommend_a_place_to_repair_headphone/
Is it worth switching universities just for an easier CGPA?,One-Shame3030,2,6,2025-04-13 11:58:16,https://www.reddit.com/r/Dhaka/comments/1jy0xgh/is_it_worth_switching_universities_just_for_an/
How is ULAB??,peekaboo4three,2,1,2025-09-13 23:56:45,https://www.reddit.com/r/Dhaka/comments/1ng44q4/how_is_ulab/
About freetime,Sungodnika04,2,1,2025-09-14 00:19:32,https://www.reddit.com/r/Dhaka/comments/1ng4q6r/about_freetime/
"Anyone got ""Focus"" sheets for sale?",kachakathal2219,2,2,2025-09-14 23:02:51,https://www.reddit.com/r/Dhaka/comments/1ngwn3w/anyone_got_focus_sheets_for_sale/
NSU admission prep,dumb__head33,2,3,2025-09-09 08:05:54,https://www.reddit.com/r/Dhaka/comments/1nc6rfb/nsu_admission_prep/
How do I apply for NSU scholarship after first semester (no admission scholarship)?,Emotional_Yak7423,2,2,2025-09-09 19:54:35,https://www.reddit.com/r/Dhaka/comments/1ncjklf/how_do_i_apply_for_nsu_scholarship_after_first/
Freedom of speech and whatever the hell goes on in front of DU,ConstructionGlad4331,2,3,2025-09-11 09:16:56,https://www.reddit.com/r/Dhaka/comments/1ndy84w/freedom_of_speech_and_whatever_the_hell_goes_on/
What should I do? HSC -2025,OkCounter2793,2,4,2025-09-19 18:27:08,https://www.reddit.com/r/Dhaka/comments/1nl26fs/what_should_i_do_hsc_2025/
University options,Anxsuii,2,11,2025-09-20 13:43:25,https://www.reddit.com/r/Dhaka/comments/1nls1zc/university_options/
মেট্রো,Master-Asparagus7789,2,4,2025-11-17 11:04:35,https://www.reddit.com/r/Dhaka/comments/1oz7nq5/মটর/
Just to know how you guys figure it out.,Abir_Islam,2,18,2025-11-17 15:24:19,https://www.reddit.com/r/Dhaka/comments/1ozbufx/just_to_know_how_you_guys_figure_it_out/
Testaurants like Izakaya,999baseballs,2,9,2025-11-17 15:59:21,https://www.reddit.com/r/Dhaka/comments/1ozcdik/testaurants_like_izakaya/
Failed HSC Twice Can I Still Get Into a Private University in Bangladesh,ResponsibleFudge8955,2,9,2025-11-17 16:46:56,https://www.reddit.com/r/Dhaka/comments/1ozd58u/failed_hsc_twice_can_i_still_get_into_a_private/
Seeking Advice on Private University Admission Test,Low_Ground_5077,2,2,2025-09-17 10:42:38,https://www.reddit.com/r/Dhaka/comments/1nj3u1w/seeking_advice_on_private_university_admission/
Looking for budget-friendly and good quality Panjabi shops near Dhaka University,GandalfTheGray73,2,1,2025-09-17 22:18:01,https://www.reddit.com/r/Dhaka/comments/1njhm54/looking_for_budgetfriendly_and_good_quality/
Suggest Some Low Budget Private University For BBA in Dhaka.,Carl_Johnson_7,2,19,2025-04-17 18:03:50,https://www.reddit.com/r/Dhaka/comments/1k1b2tj/suggest_some_low_budget_private_university_for/
IUB CSE VS EWU CSE,Putrid_Cover3905,2,3,2025-04-20 16:13:40,https://www.reddit.com/r/Dhaka/comments/1k3jf4n/iub_cse_vs_ewu_cse/
"What's the ""New Market"" for technology?",xTurbo21,2,3,2025-05-03 10:14:41,https://www.reddit.com/r/Dhaka/comments/1kdkcm3/whats_the_new_market_for_technology/
Bracu or aust,Ragee4567,2,8,2025-03-15 06:07:24,https://www.reddit.com/r/Dhaka/comments/1jbicqk/bracu_or_aust/
"NSU, BRAC Admission tests",Tozo40k,2,10,2025-03-21 16:07:49,https://www.reddit.com/r/Dhaka/comments/1jgddt7/nsu_brac_admission_tests/
Running location,No-Product7005,2,0,2025-10-08 10:12:07,https://www.reddit.com/r/Dhaka/comments/1o10oum/running_location/
Private public bias in marriage,Great-Object1436,2,9,2025-09-26 05:40:30,https://www.reddit.com/r/Dhaka/comments/1nqm9bj/private_public_bias_in_marriage/
"As a 17 year old, what should I really do?",Agrahayan,2,1,2025-10-01 19:29:55,https://www.reddit.com/r/Dhaka/comments/1nv88x2/as_a_17_year_old_what_should_i_really_do/
Private university admission information help -,many_years_,2,2,2025-10-03 15:13:24,https://www.reddit.com/r/Dhaka/comments/1nwu660/private_university_admission_information_help/
Vacancy post for a marketing agency,Bored_Panda36,2,1,2025-11-21 08:57:07,https://www.reddit.com/r/Dhaka/comments/1p2ncgu/vacancy_post_for_a_marketing_agency/
Viva,Glittering-Mix5021,2,4,2025-10-18 16:17:51,https://www.reddit.com/r/Dhaka/comments/1o9s443/viva/
Need help with buet admission,Mima_rin_,2,4,2025-10-19 01:43:42,https://www.reddit.com/r/Dhaka/comments/1oa5a8a/need_help_with_buet_admission/
Should I go for CSE in 2025?,Farhanhabib_87,2,15,2025-10-10 20:11:54,https://www.reddit.com/r/Dhaka/comments/1o320fv/should_i_go_for_cse_in_2025/
Contemplating whether I should really prepare for the iba examination.,Rushdia444,2,3,2025-10-14 19:17:32,https://www.reddit.com/r/Dhaka/comments/1o6f9gm/contemplating_whether_i_should_really_prepare_for/
IS IT WORTH STUDYING IM GERMANY FOR ENGINEERING AS AN ENGLISH MEDIUM STUDENT,Soul_Sniper_26,2,2,2025-10-20 20:49:27,https://www.reddit.com/r/Dhaka/comments/1obkviv/is_it_worth_studying_im_germany_for_engineering/
Calling all University of Dhaka students &amp; alumni! Join r/UniversityOfDhaka_DU,CodeAndCorrelation,2,0,2025-10-25 13:10:48,https://www.reddit.com/r/Dhaka/comments/1ofl5sj/calling_all_university_of_dhaka_students_alumni/
Private university suggestion for Economics,Professional_Rock_22,2,0,2025-10-17 23:57:27,https://www.reddit.com/r/Dhaka/comments/1o98cy6/private_university_suggestion_for_economics/
how to prepare for architecture in the upcoming spring test of aust,SandOverall2451,2,7,2025-03-25 08:03:38,https://www.reddit.com/r/Dhaka/comments/1jj8n8k/how_to_prepare_for_architecture_in_the_upcoming/
Online ticket,Jazzlike-Ad-2261,2,2,2025-11-21 16:53:26,https://www.reddit.com/r/Dhaka/comments/1p2vlpy/online_ticket/
Credit/ Debit cards,PsychologicalFun1314,2,15,2025-11-21 21:53:28,https://www.reddit.com/r/Dhaka/comments/1p327qn/credit_debit_cards/
Buet admission,Worldly_Put4468,2,7,2025-10-26 16:12:11,https://www.reddit.com/r/Dhaka/comments/1oggzhn/buet_admission/
Buet 25-26,Manfigure,2,2,2025-10-27 14:13:07,https://www.reddit.com/r/Dhaka/comments/1oh8r4g/buet_2526/
Is it hard to balance work and NSU study?,fsornab,2,3,2025-10-28 19:51:06,https://www.reddit.com/r/Dhaka/comments/1oi9xcm/is_it_hard_to_balance_work_and_nsu_study/
Hostel suggestion,nafi_thebest,2,3,2025-10-30 22:06:44,https://www.reddit.com/r/Dhaka/comments/1ok3svc/hostel_suggestion/
Need help guys!,Overall-Poetry-9021,2,6,2025-11-02 10:33:18,https://www.reddit.com/r/Dhaka/comments/1om8cbb/need_help_guys/
Suggestion on buying mechanical Keebs.,Flat_Age_5777,2,5,2025-11-16 21:47:25,https://www.reddit.com/r/Dhaka/comments/1oyp0bx/suggestion_on_buying_mechanical_keebs/
Farmgate to BAF Shaheen Kurmitola,Twha_Khan,2,6,2025-11-16 22:56:58,https://www.reddit.com/r/Dhaka/comments/1oyqrzp/farmgate_to_baf_shaheen_kurmitola/
When do medical colleges open for the next batch in bangladesh 2026,No-Yogurtcloset9949,2,6,2025-11-16 23:45:36,https://www.reddit.com/r/Dhaka/comments/1oys0wx/when_do_medical_colleges_open_for_the_next_batch/
"Bengali in rome,italy",Beginning-Bar-1138,2,0,2025-11-17 00:38:59,https://www.reddit.com/r/Dhaka/comments/1oytf00/bengali_in_romeitaly/
Need ENT &amp; Eye Specialist Recommendations,abcrafsan,2,1,2025-04-21 20:19:13,https://www.reddit.com/r/Dhaka/comments/1k4eo7a/need_ent_eye_specialist_recommendations/
In need of a job,KeyAdvice5346,2,1,2025-04-25 23:41:17,https://www.reddit.com/r/Dhaka/comments/1k7r04f/in_need_of_a_job/
Need admission guideline,brush_of_art,2,3,2025-11-03 01:10:24,https://www.reddit.com/r/Dhaka/comments/1ompxm6/need_admission_guideline/
Admission Phase...,GurWide6589,2,0,2025-11-03 08:49:47,https://www.reddit.com/r/Dhaka/comments/1on0m4o/admission_phase/
Class times of Bsc courses in NSU &amp; BRACU,hasinishraque,2,2,2025-11-03 10:29:13,https://www.reddit.com/r/Dhaka/comments/1on2k55/class_times_of_bsc_courses_in_nsu_bracu/
NSU previous year's admission questions?,Kurou-Mamonogatari,2,0,2025-11-08 00:35:12,https://www.reddit.com/r/Dhaka/comments/1or2daq/nsu_previous_years_admission_questions/
C-B unit Bangla,t1tu_ez4ence,2,1,2025-11-18 12:37:42,https://www.reddit.com/r/Dhaka/comments/1p04w9n/cb_unit_bangla/
I'm curious,Deep_While_3960,2,2,2025-11-18 13:48:18,https://www.reddit.com/r/Dhaka/comments/1p060m9/im_curious/
BD domestic flights,zsk471,2,3,2025-11-18 17:07:13,https://www.reddit.com/r/Dhaka/comments/1p094ve/bd_domestic_flights/
Panicking ,shanewaz10,2,2,2024-10-27 11:11:43,https://www.reddit.com/r/Dhaka/comments/1gd3qos/panicking/
Looking for some quick gigs to earn money,PsychologicalAge8927,2,9,2025-11-20 22:25:42,https://www.reddit.com/r/Dhaka/comments/1p27k9n/looking_for_some_quick_gigs_to_earn_money/
"জয় বাংলা, ফা-সি এবার সামলা। নৌকার বিটে নতুন গান | Joy Bangla Song Reverse",melodeathGR,2,0,2025-11-20 22:25:43,https://youtu.be/hoZid0SPNk0?si=W6C1uNV9JF3VY5OF
where can i find it?,Delicious_Plane_4809,2,3,2025-11-21 00:15:38,https://www.reddit.com/r/Dhaka/comments/1p2ahmu/where_can_i_find_it/
MBA Options (Is Jagannath the right choice for me?),Mysterious_Many007,2,13,2025-11-17 10:09:46,https://www.reddit.com/r/Dhaka/comments/1oz6lxa/mba_options_is_jagannath_the_right_choice_for_me/
Daily bus journey in Dhaka... &amp; Road rage experiences,Additional-Leg280,2,12,2025-04-19 21:44:07,https://www.reddit.com/r/Dhaka/comments/1k2z73o/daily_bus_journey_in_dhaka_road_rage_experiences/
I need suggestions on male skincare products?,kindred_eldtrich,2,28,2025-11-16 14:15:41,https://www.reddit.com/r/Dhaka/comments/1oyg9mi/i_need_suggestions_on_male_skincare_products/
Gym location,redwizzardalastor,2,1,2025-11-16 16:24:59,https://www.reddit.com/r/Dhaka/comments/1oyichb/gym_location/
Earbuds Battery Replacement ( Soundpeats Capsule 3 pro),Advanced_Budget7301,2,4,2025-11-16 17:58:39,https://www.reddit.com/r/Dhaka/comments/1oyjy0k/earbuds_battery_replacement_soundpeats_capsule_3/
Furniture in Bashundhara RA,carelesssswhisperrrr,2,1,2025-04-27 19:49:38,https://www.reddit.com/r/Dhaka/comments/1k94eaq/furniture_in_bashundhara_ra/
Which one is better?,Existing_Piglet705,2,15,2024-12-20 03:08:28,https://www.reddit.com/r/Dhaka/comments/1hi35th/which_one_is_better/
Best Private University For BBA,WittyThinker,2,10,2024-12-21 20:00:19,https://www.reddit.com/r/Dhaka/comments/1hjae6i/best_private_university_for_bba/
Anyone knows where can I unlock a Country Locked Android phone?,Nomad_772,2,1,2025-01-22 00:52:26,https://www.reddit.com/r/Dhaka/comments/1i6q18t/anyone_knows_where_can_i_unlock_a_country_locked/
Need Private University Teacher's Salary information,Mysterious_Natural55,2,2,2024-09-19 06:29:08,https://www.reddit.com/r/Dhaka/comments/1fk81oh/need_private_university_teachers_salary/
Iub CSE or Ewu CSE ,shahrear2345,2,2,2024-09-21 11:47:10,https://www.reddit.com/r/Dhaka/comments/1flw6jf/iub_cse_or_ewu_cse/
Apartment for bachelor/student,CharlieSwarper192,2,4,2025-05-26 02:20:56,https://www.reddit.com/r/Dhaka/comments/1kvc2by/apartment_for_bachelorstudent/
Doctor suggestion,ExtremeAd4217,2,0,2025-05-29 18:01:20,https://www.reddit.com/r/Dhaka/comments/1ky900o/doctor_suggestion/
Breakfast recommendation at Dhanmondi,shams_nobee,2,5,2025-06-15 23:02:06,https://www.reddit.com/r/Dhaka/comments/1lc58tv/breakfast_recommendation_at_dhanmondi/
"PLS HELP URGENT,i am confused abt which phone to buy",little_aesthetic52,2,11,2025-06-23 00:01:24,https://www.reddit.com/r/Dhaka/comments/1lhu9fb/pls_help_urgenti_am_confused_abt_which_phone_to/
Places to go for a date,Warm_Cash_3402,2,6,2025-05-01 04:42:28,https://www.reddit.com/r/Dhaka/comments/1kbtlxw/places_to_go_for_a_date/
Puran Dhaka,ahonaf45,2,5,2025-05-06 02:12:40,https://www.reddit.com/r/Dhaka/comments/1kfln0g/puran_dhaka/
Second hand iphone,Silly-Golf-6427,2,19,2025-05-06 18:15:44,https://www.reddit.com/r/Dhaka/comments/1kg2yz9/second_hand_iphone/
Robi wifi vs Gp wifi,Sufficient-Duty6248,2,1,2025-05-15 02:08:15,https://www.reddit.com/r/Dhaka/comments/1kmp46b/robi_wifi_vs_gp_wifi/
Dark circles,Ashamed_Elephant8047,2,8,2025-11-22 16:05:51,https://www.reddit.com/r/Dhaka/comments/1p3pnns/dark_circles/
Need information regarding this,Foreign_Hat_3852,2,1,2025-11-22 16:45:57,https://www.reddit.com/r/Dhaka/comments/1p3qah0/need_information_regarding_this/
Suggestions for Gym (Gents Only),GhostSunless,2,3,2025-11-22 17:05:25,https://www.reddit.com/r/Dhaka/comments/1p3qlzw/suggestions_for_gym_gents_only/
Politics of BNP after August 5,RazzmatazzStrict,2,2,2025-11-22 17:57:07,https://www.reddit.com/r/Dhaka/comments/1p3rhk0/politics_of_bnp_after_august_5/
Earthquake Alert App,Mahfuz-shihab,2,20,2025-11-22 18:39:47,https://www.reddit.com/r/Dhaka/comments/1p3s9le/earthquake_alert_app/
Gym inside bashundhara R/A,International-Bid218,2,2,2025-05-23 14:40:54,https://www.reddit.com/r/Dhaka/comments/1ktelmb/gym_inside_bashundhara_ra/
A little support!,jasontoddloverr,2,3,2025-11-18 20:05:16,https://www.reddit.com/r/Dhaka/comments/1p0csyk/a_little_support/
Is there anything I can bring from Germany and sell at a profit in Bangladesh?,United-Road-7338,2,5,2025-11-18 21:07:32,https://www.reddit.com/r/Dhaka/comments/1p0ec4j/is_there_anything_i_can_bring_from_germany_and/
Places to visit in Puran Dhaka,CommunicationIll6793,2,2,2024-05-23 17:04:17,https://www.reddit.com/r/Dhaka/comments/1cyq3sf/places_to_visit_in_puran_dhaka/
Trying to collect foreign currency notes — where can I actually get my first ones in Dhaka?,Inevitable-Koala6828,2,3,2025-11-15 22:58:02,https://www.reddit.com/r/Dhaka/comments/1oxwr57/trying_to_collect_foreign_currency_notes_where/
Quiet places near Dhaka,NefariousnessOk7185,2,15,2025-11-16 00:48:15,https://www.reddit.com/r/Dhaka/comments/1oxzj8s/quiet_places_near_dhaka/
Where to invest 15k bdt as a student,dest_v18,2,6,2025-11-16 01:55:49,https://www.reddit.com/r/Dhaka/comments/1oy18ai/where_to_invest_15k_bdt_as_a_student/
Seeking Investment to Scale My Small E-commerce Brand (Bangladesh) — Need Guidance &amp; Partners,ledlips6214,2,1,2025-11-16 02:53:14,https://www.reddit.com/r/Dhaka/comments/1oy2lzd/seeking_investment_to_scale_my_small_ecommerce/
Anybody have a good ayer mach or corsula recipe?,Maximum-Evening3904,2,1,2025-11-16 07:31:30,https://www.reddit.com/r/Dhaka/comments/1oy8vzc/anybody_have_a_good_ayer_mach_or_corsula_recipe/
Which one is better,PRICEFORAND,2,9,2025-06-25 17:42:16,https://www.reddit.com/r/Dhaka/comments/1lk3exb/which_one_is_better/
Opening a new coaching center,Opening-Ad4437,2,3,2025-06-29 21:54:32,https://www.reddit.com/r/Dhaka/comments/1lni1os/opening_a_new_coaching_center/
I saw a 47-page report from the Crisis Research Center about the torture on police officers. I couldn’t finish it the first day I tried—my head started spinning. পুলিশের উপর নির্যাতন নিয়ে ক্রাইসিস রিসার্চ সেন্টারের একটি ৪৭ পৃষ্ঠার রিপোর্ট দেখেছি। আমি প্রথমদিন দেখতে গিয়ে পুরোটা শেষ করতে পারিনি। মাথা,New_Edge360,2,29,2025-07-02 10:31:58,https://www.reddit.com/r/Dhaka/comments/1lpmt0f/i_saw_a_47page_report_from_the_crisis_research/
AUST Question Bank,laalchaadudhchaa,2,1,2024-06-27 20:22:56,https://www.reddit.com/r/Dhaka/comments/1dpsi2s/aust_question_bank/
Suggest me a shop to sell my phone ASAP,Realistic-Age9085,2,8,2024-07-07 16:31:48,https://www.reddit.com/r/Dhaka/comments/1dxdii2/suggest_me_a_shop_to_sell_my_phone_asap/
IPE or CSE for graduation,Worldly_Yellow_6115,2,7,2024-07-07 16:54:45,https://www.reddit.com/r/Dhaka/comments/1dxduha/ipe_or_cse_for_graduation/
Best online physics course for HSC students in Bangladesh?,No_Arrival_9355,2,6,2025-11-19 18:14:45,https://www.reddit.com/r/Dhaka/comments/1p163x9/best_online_physics_course_for_hsc_students_in/
Where in Dhaka can I get these Chunky Penny Loafers and Men's long wallet in best price?,Mikoyane,2,6,2025-11-19 19:09:52,https://www.reddit.com/r/Dhaka/comments/1p179h3/where_in_dhaka_can_i_get_these_chunky_penny/
"Favourite Restaurants in Dhanmondi, Panthapath, Elephant Road.",999baseballs,2,9,2025-11-19 20:41:37,https://www.reddit.com/r/Dhaka/comments/1p19g1z/favourite_restaurants_in_dhanmondi_panthapath/
Ahsan Manzil Dhaka 1975,erepresent,2,4,2022-10-05 21:36:00,https://www.reddit.com/r/Dhaka/comments/xwdu93/ahsan_manzil_dhaka_1975/
I need free counseling as soon as possible,0killmeNOT,2,0,2024-05-21 19:54:43,https://www.reddit.com/r/Dhaka/comments/1cx8h6d/i_need_free_counseling_as_soon_as_possible/
"Post SSC student, need advice.",ComfortableRoll9178,2,20,2025-08-04 20:04:35,https://www.reddit.com/r/Dhaka/comments/1mhed00/post_ssc_student_need_advice/
Gym Buddy,Popular-Star-7675,2,1,2025-07-13 04:55:40,https://www.reddit.com/r/Dhaka/comments/1lydidt/gym_buddy/
Need suggestion for a clinic or hospital,zuras76,2,0,2025-07-13 10:03:22,https://www.reddit.com/r/Dhaka/comments/1lyjiph/need_suggestion_for_a_clinic_or_hospital/
Best internet provider near Moghbazar / Malibagh?,hrafia,2,3,2025-07-14 13:08:57,https://www.reddit.com/r/Dhaka/comments/1lzfsz5/best_internet_provider_near_moghbazar_malibagh/
Financial Suggestions,RespectFull4922,2,7,2025-11-15 20:34:10,https://www.reddit.com/r/Dhaka/comments/1oxt769/financial_suggestions/
Opinions on Rajshahi Uiversity?,noorbeer,2,1,2025-11-15 21:13:34,https://www.reddit.com/r/Dhaka/comments/1oxu4h0/opinions_on_rajshahi_uiversity/
Web series,Responsible_Ad8408,2,6,2025-11-15 21:38:17,https://www.reddit.com/r/Dhaka/comments/1oxuqal/web_series/
Where to buy Dumbbells?,machinegunnedburger,2,5,2025-07-19 17:57:42,https://www.reddit.com/r/Dhaka/comments/1m3ug9o/where_to_buy_dumbbells/
Any students here doing part-time work near Bashundhara? Need guidance!!!,Fit_Alternative_2774,2,8,2025-07-28 05:48:26,https://www.reddit.com/r/Dhaka/comments/1mb1a05/any_students_here_doing_parttime_work_near/
Is their any place in Dhaka where I can go for a run? I live in Puran Dhaka and every street is filled with shit and litter,Ok_Taro_6601,2,3,2025-07-29 06:29:53,https://www.reddit.com/r/Dhaka/comments/1mbx86k/is_their_any_place_in_dhaka_where_i_can_go_for_a/
FAMOUS FOOD IN PURAN DHAKA,OrphicStone,2,4,2025-09-26 22:15:47,https://www.reddit.com/r/Dhaka/comments/1nr5lwy/famous_food_in_puran_dhaka/
Please Help,Forward_Leather_5733,2,2,2025-08-09 00:33:12,https://www.reddit.com/r/Dhaka/comments/1ml35z2/please_help/
Trsuted Shop for buying phone 📱,moreintoFling,2,16,2025-08-10 19:11:54,https://www.reddit.com/r/Dhaka/comments/1mmi7z5/trsuted_shop_for_buying_phone/
Ideology,IllustriousArmy7201,2,15,2025-11-15 14:58:58,https://www.reddit.com/r/Dhaka/comments/1oxmzxc/ideology/
What country &amp; Master’s course to apply for?,GrandGuava,2,0,2025-11-22 00:51:03,https://www.reddit.com/r/Dhaka/comments/1p36wss/what_country_masters_course_to_apply_for/
Earthquake Expert,RazzmatazzStrict,2,0,2025-11-22 02:05:17,https://www.facebook.com/share/v/19uc2xzhUg/
Looking for gym suggestions,Girthious_MAXIMUS_IV,2,1,2025-11-22 08:46:29,https://www.reddit.com/r/Dhaka/comments/1p3i4oa/looking_for_gym_suggestions/
iPhone 12 Pro upgrade – price idea &amp; shop recommendations,Intelligent-Delay-95,2,0,2025-08-31 11:35:16,https://www.reddit.com/r/Dhaka/comments/1n4motj/iphone_12_pro_upgrade_price_idea_shop/
Looking for a room to rent,AbyssRanger007,2,4,2025-09-01 22:21:27,https://www.reddit.com/r/Dhaka/comments/1n5t6bm/looking_for_a_room_to_rent/
Jatrabari to Gulshan/Banani by bus,FamousLunch2776,2,3,2025-09-10 10:12:12,https://www.reddit.com/r/Dhaka/comments/1nd4hom/jatrabari_to_gulshanbanani_by_bus/
Flat rent near khilgaon or basabo,ethanography,2,2,2025-09-12 00:49:33,https://www.reddit.com/r/Dhaka/comments/1neh3it/flat_rent_near_khilgaon_or_basabo/
Guitar Repair places,pea_tea2106,2,5,2025-09-23 13:53:52,https://www.reddit.com/r/Dhaka/comments/1nobcu4/guitar_repair_places/
Studio Apartment in Dhanmondi or Bashundhara.,glooshieslooshie69,2,9,2025-09-23 14:56:07,https://www.reddit.com/r/Dhaka/comments/1noc9tt/studio_apartment_in_dhanmondi_or_bashundhara/
Need some comfy office/ gaming chair recommendation,Fun_Blackberry_864,2,1,2025-09-27 16:51:19,https://www.reddit.com/r/Dhaka/comments/1nrs7jt/need_some_comfy_office_gaming_chair_recommendation/
Can you suggest me the best ISP (Internet Service Provider) in Dhaka,Mindless_Rest_9284,2,9,2025-10-01 16:03:35,https://www.reddit.com/r/Dhaka/comments/1nv450h/can_you_suggest_me_the_best_isp_internet_service/
To buy 3+ bedroom apartment in Bashundhara R/A,dark_98_rider,2,0,2025-10-06 04:30:28,https://www.reddit.com/r/Dhaka/comments/1nz268v/to_buy_3_bedroom_apartment_in_bashundhara_ra/
Looking for a good coaching centre in Khilgaon (Class 11–12 Commerce),Flashy-Carpet5995,2,1,2025-10-12 22:11:00,https://www.reddit.com/r/Dhaka/comments/1o4t3fu/looking_for_a_good_coaching_centre_in_khilgaon/
any pet food shop owners / pages want to import authentic Royal Canin Wetfood?,Plastic_Comedian_615,2,0,2025-11-15 10:56:26,https://www.reddit.com/r/Dhaka/comments/1oxixfg/any_pet_food_shop_owners_pages_want_to_import/
Need help from BBA students,Outside_Raspberry587,2,1,2025-11-19 13:48:30,https://www.reddit.com/r/Dhaka/comments/1p11hww/need_help_from_bba_students/
Entrepreneurship &amp; Sales  Book Suggestions !,anderslio9,2,9,2025-11-19 14:53:02,https://www.reddit.com/r/Dhaka/comments/1p12hro/entrepreneurship_sales_book_suggestions/
Need suggestions,diviaterun,2,8,2025-11-19 16:50:52,https://www.reddit.com/r/Dhaka/comments/1p14gek/need_suggestions/
where to fix roadbikes?,DrySuspect5165,2,1,2025-11-19 00:58:35,https://www.reddit.com/r/Dhaka/comments/1p0kk8m/where_to_fix_roadbikes/
IGCSE/IELTS students in bangladesh,Natural-Resist7920,2,2,2025-10-25 11:32:04,https://www.reddit.com/r/Dhaka/comments/1ofjk98/igcseielts_students_in_bangladesh/
Internet connection,Physical_Biscotti257,2,4,2025-10-25 18:54:31,https://www.reddit.com/r/Dhaka/comments/1ofqtj4/internet_connection/
Suggest me Gelato Places,Known_Ad_7748,2,3,2025-11-20 16:33:34,https://www.reddit.com/r/Dhaka/comments/1p1zuts/suggest_me_gelato_places/
Anybody interested to watch Demon Slayer or Chainsaw Man??,Apprehensive-Comb365,2,5,2025-11-13 23:34:38,https://www.reddit.com/r/Dhaka/comments/1ow7d9w/anybody_interested_to_watch_demon_slayer_or/
Some advice for 1st year uni student for life and upcoming future,nirobaction,2,4,2025-11-15 02:30:32,https://www.reddit.com/r/Dhaka/comments/1ox7nrl/some_advice_for_1st_year_uni_student_for_life_and/
Anyone studied in Mahanagar ideal school back in kindergarten?,chronicallyeepyetc,2,0,2025-11-02 09:14:06,https://www.reddit.com/r/Dhaka/comments/1om6xbb/anyone_studied_in_mahanagar_ideal_school_back_in/
Co-working space near Bashundhara RA?,EasternDog5265,2,0,2025-11-02 13:16:07,https://www.reddit.com/r/Dhaka/comments/1omb0md/coworking_space_near_bashundhara_ra/
Phone got stolen,ActOk8589,2,5,2025-11-03 06:33:08,https://www.reddit.com/r/Dhaka/comments/1omxq35/phone_got_stolen/
Car rental in Dhaka,FifqoJeGay,2,1,2025-11-04 14:07:15,https://www.reddit.com/r/Dhaka/comments/1oo1tcy/car_rental_in_dhaka/
Which hotel should i stay at in Bashundhara?,sanelde_senior,2,19,2025-11-06 04:43:13,https://www.reddit.com/r/Dhaka/comments/1ophsgg/which_hotel_should_i_stay_at_in_bashundhara/
Studio Apartment for Rent in Banani or Bashundhara,AbbreviationsKey8859,2,2,2025-11-07 23:17:01,https://www.reddit.com/r/Dhaka/comments/1or0a67/studio_apartment_for_rent_in_banani_or_bashundhara/
Fingerprint issue at NID office. Any help from people who faced this before?,Sanim-99,2,1,2025-11-20 01:22:41,https://www.reddit.com/r/Dhaka/comments/1p1h39k/fingerprint_issue_at_nid_office_any_help_from/
Hotel Review,Technical-Midnight73,2,1,2025-11-20 06:10:43,https://www.reddit.com/r/Dhaka/comments/1p1ofi9/hotel_review/
Early morning GOOD breakfast spot at JamunaxBashundhara gate.,NeighborhoodCute6742,2,5,2025-11-16 01:18:08,https://www.reddit.com/r/Dhaka/comments/1oy0ae7/early_morning_good_breakfast_spot_at/
Why do female first-class government officers wear suits over their sarees and prefer being addressed as “Sir” instead of “Madam”?,the-machine-m4n,2,7,2025-11-19 21:16:02,https://www.reddit.com/r/Dhaka/comments/1p1abp6/why_do_female_firstclass_government_officers_wear/
Tech Guy Seeks Roommate/Benefactor - Skills for Rent!,hossainbillal,2,0,2025-11-20 12:27:52,https://www.reddit.com/r/Dhaka/comments/1p1w1xd/tech_guy_seeks_roommatebenefactor_skills_for_rent/
Is there any place in Bangladesh where we can do hiking?,kindred_eldtrich,2,5,2025-11-19 23:25:14,https://www.reddit.com/r/Dhaka/comments/1p1dtqo/is_there_any_place_in_bangladesh_where_we_can_do/
CA as a non commerce background student,NumerousCow4,2,0,2025-11-23 11:15:39,https://www.reddit.com/r/Dhaka/comments/1p4eedh/ca_as_a_non_commerce_background_student/
Metro rail,PenKindly2513,2,0,2025-11-23 11:46:04,https://www.reddit.com/r/Dhaka/comments/1p4ey2f/metro_rail/
Hair Fall Product - minoxidil review,Kim_KongNog,2,5,2025-11-13 23:46:55,https://www.reddit.com/r/Dhaka/comments/1ow7pa1/hair_fall_product_minoxidil_review/
Evening Master’s courses at KU,Puzzleheaded_Mine992,1,0,2025-11-22 23:18:04,https://www.reddit.com/r/Dhaka/comments/1p3yogn/evening_masters_courses_at_ku/
Phone Stolen at Airport Railway Station,Clear-Stop-1087,1,0,2025-11-22 23:12:20,https://www.reddit.com/r/Dhaka/comments/1p3yjfj/phone_stolen_at_airport_railway_station/
Home workout/ GYM,Apprehensive-Comb365,1,5,2025-11-14 13:18:55,https://www.reddit.com/r/Dhaka/comments/1owpzhq/home_workout_gym/
ISP Around Hatirpool,Dismal-Ad-9648,1,0,2025-11-14 22:02:06,https://www.reddit.com/r/Dhaka/comments/1ox0fwj/isp_around_hatirpool/
Attempting to Resell My Ticket,meetnyself,1,0,2025-11-19 05:20:07,https://www.reddit.com/r/Dhaka/comments/1p0rd9n/attempting_to_resell_my_ticket/
any pharmacy owners here?,Plastic_Comedian_615,1,9,2025-11-19 11:06:36,https://www.reddit.com/r/Dhaka/comments/1p0yr0n/any_pharmacy_owners_here/
What can I do?,gunpowder2025,1,0,2025-11-23 03:48:37,https://www.reddit.com/r/Dhaka/comments/1p457dd/what_can_i_do/
Let's talk about new year resolutions,theboyisdivine,1,9,2025-11-19 21:06:28,https://www.reddit.com/r/Dhaka/comments/1p1a2wd/lets_talk_about_new_year_resolutions/
Any BUTEXIAN ?,Funny-Ad-2513,1,5,2025-11-19 16:14:49,https://www.reddit.com/r/Dhaka/comments/1p13upx/any_butexian/
Is this flight connection too risky? Need advice.,meetnyself,1,4,2025-11-18 19:57:03,https://www.reddit.com/r/Dhaka/comments/1p0clkw/is_this_flight_connection_too_risky_need_advice/
Streaming App,Ark_rivia,1,3,2025-11-18 19:21:27,https://www.reddit.com/r/Dhaka/comments/1p0brn1/streaming_app/
Anyone out there who knows or you know someone who is fluent in Korean or Japanese Language?,Beeemh,1,0,2025-01-26 06:35:22,https://www.reddit.com/r/Dhaka/comments/1ia1jkz/anyone_out_there_who_knows_or_you_know_someone/
Ahsan Manzil ticket,tallgyal,1,4,2024-12-19 00:55:56,https://www.reddit.com/r/Dhaka/comments/1hh8r76/ahsan_manzil_ticket/
Can I use rickshaw to go to Bijoy Sarani Station (on MRT Line-6) from Dhaka Residential Model College?,tasara-panda-09020,1,7,2025-10-12 01:23:30,https://www.reddit.com/r/Dhaka/comments/1o44ce0/can_i_use_rickshaw_to_go_to_bijoy_sarani_station/
Have you used the ALLJOBS service by Teletalk? This is such a buggy website / app. I can't login to my account for the past 1 hour,the-machine-m4n,1,0,2025-11-19 17:37:08,https://www.reddit.com/r/Dhaka/comments/1p15cpi/have_you_used_the_alljobs_service_by_teletalk/
Couple restaurant in Sylhet,silverstone14,1,8,2025-11-21 21:32:21,https://www.reddit.com/r/Dhaka/comments/1p31nwk/couple_restaurant_in_sylhet/
Advice on buying first laptop,Inevitable_Line_2857,1,12,2025-02-08 10:24:52,https://www.reddit.com/r/Dhaka/comments/1ikexnf/advice_on_buying_first_laptop/
Books,grey_maverick,1,1,2025-11-18 11:50:05,https://www.reddit.com/r/Dhaka/comments/1p042ym/books/
Career Suggestion,No_Necessary_5021,1,5,2025-02-09 21:18:38,https://www.reddit.com/r/Dhaka/comments/1ilgxvi/career_suggestion/
Looking for a tutor,Low-Example1,1,1,2025-11-21 20:41:23,https://www.reddit.com/r/Dhaka/comments/1p30cw3/looking_for_a_tutor/
IUB BBA,Longjumping_Prize790,1,6,2024-11-22 03:24:23,https://www.reddit.com/r/Dhaka/comments/1gwqr2l/iub_bba/
How much marks and where my placement should be if I want to get IR (international relation) in BUP FSSS?,Levi_BD,1,0,2025-11-18 20:49:31,https://www.reddit.com/r/Dhaka/comments/1p0dvjl/how_much_marks_and_where_my_placement_should_be/
How do i pass HSC ICT?,nimbus2346,1,42,2025-11-18 22:55:55,https://www.reddit.com/r/Dhaka/comments/1p0h7aq/how_do_i_pass_hsc_ict/
Clothingbusiness,Practical-Pay-489,1,5,2024-10-06 01:35:53,https://www.reddit.com/r/Dhaka/comments/1fwyek7/clothingbusiness/
Any Aiubian Here??,Silly-Tea-1230,1,1,2024-10-20 03:09:45,https://www.reddit.com/r/Dhaka/comments/1g7is6i/any_aiubian_here/
Not having friends ,Mobile_Hearing5882,1,3,2024-12-28 22:35:24,https://www.reddit.com/r/Dhaka/comments/1ho9buk/not_having_friends/
Can anyone confirm whether Bashundhara City Shopping Complex is open today?,pulokjk,1,1,2024-12-16 13:36:55,https://www.reddit.com/r/Dhaka/comments/1hfe0lr/can_anyone_confirm_whether_bashundhara_city/
"Do NSU, AIUB, IUB, BGMEA, East West and other well known private universities in Bangladesh charge money from students for workshops and cultural programs? ",rdevasish,1,3,2025-01-10 20:53:08,https://www.reddit.com/r/Dhaka/comments/1hy644o/do_nsu_aiub_iub_bgmea_east_west_and_other_well/
Is New Market good for men’s clothing?,Arman666,1,8,2025-01-11 20:45:47,https://www.reddit.com/r/Dhaka/comments/1hyxd17/is_new_market_good_for_mens_clothing/
Aiub ,Professional_Fan4661,1,0,2024-08-20 16:12:16,https://www.reddit.com/r/Dhaka/comments/1ewrup8/aiub/
Looking for oversized shirts,yourboimti,1,0,2024-09-06 00:47:50,https://www.reddit.com/r/Dhaka/comments/1f9u3w3/looking_for_oversized_shirts/
Where to buy clothes for men around Dhaka at best price? ,mushfiqurmasum,1,1,2024-10-28 02:52:56,https://www.reddit.com/r/Dhaka/comments/1gdkzfz/where_to_buy_clothes_for_men_around_dhaka_at_best/
Aust admission date fall + spring 2025,Fairuza_12,1,2,2025-05-12 21:15:48,https://www.reddit.com/r/Dhaka/comments/1kkv2wd/aust_admission_date_fall_spring_2025/
Want to study abroad but have little to no idea about where to start. I need some serious advice!,maxxsens,1,12,2025-05-09 12:08:28,https://www.reddit.com/r/Dhaka/comments/1kibjuq/want_to_study_abroad_but_have_little_to_no_idea/
AIUB cse vs NSU cse,Shaker_Afiq-111,1,1,2025-07-31 14:37:24,https://www.reddit.com/r/Dhaka/comments/1mdw6xf/aiub_cse_vs_nsu_cse/
Yall know where I can find kirby merch,Gold_was_here,1,0,2025-07-14 11:35:02,https://www.reddit.com/r/Dhaka/comments/1lzeaos/yall_know_where_i_can_find_kirby_merch/
Hasina's verdict,AggressiveRange6553,1,1,2025-11-18 00:25:59,https://www.reddit.com/r/Dhaka/comments/1ozo0ye/hasinas_verdict/
Coaching for LLB students?,7uckingMadMan,1,1,2025-06-03 19:24:01,https://www.reddit.com/r/Dhaka/comments/1l2bszo/coaching_for_llb_students/
MBA,Character_Camera5220,1,1,2025-05-21 23:02:18,https://www.reddit.com/r/Dhaka/comments/1ks326r/mba/
IUB admission,Embarrassed-Mark8142,1,2,2025-04-16 18:55:22,https://www.reddit.com/r/Dhaka/comments/1k0jq2o/iub_admission/
BD Private Uni Queries,Ok_Distribution_5195,1,2,2025-04-05 20:24:23,https://www.reddit.com/r/Dhaka/comments/1js4l85/bd_private_uni_queries/
Please recommend me a shop/page that can bring thr Fisher Price DJ Table for Kids at lowest price from USA!,AnirbanPaca,1,3,2025-11-18 02:50:10,https://www.reddit.com/r/Dhaka/comments/1ozry23/please_recommend_me_a_shoppage_that_can_bring_thr/
What kinds of places are closed on 1st May?,naPHYSICbal,1,0,2025-04-28 19:54:16,https://www.reddit.com/r/Dhaka/comments/1k9w42t/what_kinds_of_places_are_closed_on_1st_may/
I am 20M. I need friends xD,001pulsar,1,2,2025-05-06 20:45:34,https://www.reddit.com/r/Dhaka/comments/1kg6aiy/i_am_20m_i_need_friends_xd/
Is Aust good for IPE and ME,Tetronomical,1,2,2025-02-12 20:43:25,https://www.reddit.com/r/Dhaka/comments/1insdt9/is_aust_good_for_ipe_and_me/
Seeking help,liza_031,1,5,2025-03-23 09:32:46,https://www.reddit.com/r/Dhaka/comments/1jhqbwc/seeking_help/
A-team er Khela ke ke dekhsen?,VariousSherbert2563,1,9,2025-11-21 19:36:11,https://www.reddit.com/r/Dhaka/comments/1p2ysc5/ateam_er_khela_ke_ke_dekhsen/
Any IBA aspirants here?,AffogatoCafe,1,2,2025-10-01 19:19:10,https://www.reddit.com/r/Dhaka/comments/1nv7zje/any_iba_aspirants_here/
Which private uni will be best for (EEE) for bachelors?,Windy-Orbits,1,13,2025-10-02 20:33:57,https://www.reddit.com/r/Dhaka/comments/1nw5guz/which_private_uni_will_be_best_for_eee_for/
Opportunities to go abroad for higher studies after dropping out,Difficult-Draft9441,1,2,2025-09-10 13:48:51,https://www.reddit.com/r/Dhaka/comments/1nd80vh/opportunities_to_go_abroad_for_higher_studies/
It's not politics but please answer my question if you know.,Windy-Orbits,1,0,2025-09-11 01:00:55,https://www.northsouth.edu/newassets/images/FAO/uat-253.pdf
seeking remote jobs,Terrible_Mud_7057,1,1,2025-09-15 10:11:17,https://www.reddit.com/r/Dhaka/comments/1nhc2ui/seeking_remote_jobs/
Why ppl r so obsessed with DUCSU,Vivid-Attitude1799,1,7,2025-09-13 20:00:15,https://www.reddit.com/r/Dhaka/comments/1nfy83y/why_ppl_r_so_obsessed_with_ducsu/
Advice on which online courses to take for private university admission,noorbeer,1,2,2025-09-16 16:55:01,https://www.reddit.com/r/Dhaka/comments/1nie6uk/advice_on_which_online_courses_to_take_for/
IUB admission test,hasinishraque,1,0,2025-09-11 20:00:33,https://www.reddit.com/r/Dhaka/comments/1ne9lap/iub_admission_test/
how safe are the Travela private rooms nowadays?,sahab_436,1,2,2025-11-22 11:00:52,https://www.reddit.com/r/Dhaka/comments/1p3kpx5/how_safe_are_the_travela_private_rooms_nowadays/
studying cse independently in bd without uni,wujair,1,15,2025-08-27 16:33:17,https://www.reddit.com/r/Dhaka/comments/1n1df7q/studying_cse_independently_in_bd_without_uni/
Civil engineering,booboobana,1,9,2025-10-18 11:08:20,https://www.reddit.com/r/Dhaka/comments/1o9n5mo/civil_engineering/
Any good place for food in Jamuna future park?,Jashore2005,1,1,2025-10-13 00:33:07,https://www.reddit.com/r/Dhaka/comments/1o4wtea/any_good_place_for_food_in_jamuna_future_park/
NSU TESOL vs Brac TESOL (Masters),holatics,1,0,2025-09-03 22:49:29,https://www.reddit.com/r/Dhaka/comments/1n7k4c5/nsu_tesol_vs_brac_tesol_masters/
help related studies for hsc 2027,dhoopneel,1,2,2025-09-07 23:42:10,https://www.reddit.com/r/Dhaka/comments/1nazlp8/help_related_studies_for_hsc_2027/
Ratrace and Admission,Crowned_XD,1,1,2025-09-12 23:44:14,https://www.reddit.com/r/Dhaka/comments/1nf9r4q/ratrace_and_admission/
Which the best mid ranger private uni? Not so expensive uni,oxmaroon03,1,1,2025-05-21 03:21:28,https://www.reddit.com/r/Dhaka/comments/1krgl3s/which_the_best_mid_ranger_private_uni_not_so/
Help me choose uni,ZealousidealUnion951,1,11,2025-08-19 18:23:18,https://www.reddit.com/r/Dhaka/comments/1mugwcc/help_me_choose_uni/
অনলাইন কোচিং,Street_Event_2631,1,5,2025-11-17 21:45:12,https://www.reddit.com/r/Dhaka/comments/1ozjnlt/অনলইন_কচ/
Can someone provide Deshbd dc server invite,yahoo_olivia,1,2,2025-11-17 18:32:28,https://www.reddit.com/r/Dhaka/comments/1ozf1v0/can_someone_provide_deshbd_dc_server_invite/
Anyone from AUST here? Need advice for Spring admission test!,Frequent-Sun9971,1,1,2025-09-04 14:02:57,https://www.reddit.com/r/Dhaka/comments/1n8466q/anyone_from_aust_here_need_advice_for_spring/
Offline shopping places in Dhaka ( except new market lmao),Fun_Blackberry_864,1,3,2025-08-12 14:38:52,https://www.reddit.com/r/Dhaka/comments/1mo39sk/offline_shopping_places_in_dhaka_except_new/
Which uni should I choose,Beneficial_Memory_66,1,6,2025-06-25 18:21:39,https://www.reddit.com/r/Dhaka/comments/1lk46vn/which_uni_should_i_choose/
IS AIUB BSC. COMPUTER NETWORKING AND CYBERSECURITY WORTH IT?,MarketingOk6578,1,2,2025-06-16 20:11:27,https://www.reddit.com/r/Dhaka/comments/1lctu6t/is_aiub_bsc_computer_networking_and_cybersecurity/
Looking for Treadmill-Only Access Gyms in Dhaka,Comfortable-Tax-2732,1,0,2025-06-15 21:27:59,https://www.reddit.com/r/Dhaka/comments/1lc2zvf/looking_for_treadmillonly_access_gyms_in_dhaka/
Need advice about a private uni,sahednoor,1,12,2025-09-03 15:54:31,https://www.reddit.com/r/Dhaka/comments/1n7akme/need_advice_about_a_private_uni/
Need guideline for BBA studies,scarlettespeaking,1,0,2025-09-12 15:32:12,https://www.reddit.com/r/Dhaka/comments/1neynsr/need_guideline_for_bba_studies/
Feeling stuck with my Amazon affiliate site – looking for advice,Vforvegeto,1,3,2025-09-17 19:11:54,https://www.reddit.com/r/Dhaka/comments/1njcs1w/feeling_stuck_with_my_amazon_affiliate_site/
"Where can I thrift Halter tops, Tube tops, Tank tops??",MysteriousHat4371,1,4,2025-09-23 17:27:08,https://www.reddit.com/r/Dhaka/comments/1noerx4/where_can_i_thrift_halter_tops_tube_tops_tank_tops/
From badda to new market,i_am_broke_haha,1,2,2025-09-30 23:12:00,https://www.reddit.com/r/Dhaka/comments/1nuj0k9/from_badda_to_new_market/
best university to study data science in bangladesh,Icy_Lime_5784,1,6,2025-10-02 02:12:53,https://www.reddit.com/r/Dhaka/comments/1nvj4l5/best_university_to_study_data_science_in/
BRAC vs AIUB for EEE,Rahi_55,1,13,2025-08-07 04:13:28,https://www.reddit.com/r/Dhaka/comments/1mjife8/brac_vs_aiub_for_eee/
BBA or CA/ACCA,CharmingDistrict4834,1,3,2025-08-10 02:34:29,https://www.reddit.com/r/Dhaka/comments/1mlzjj9/bba_or_caacca/
Looking for online part-time jobs,daisukekanbe321,1,0,2025-09-29 21:08:31,https://www.reddit.com/r/Dhaka/comments/1ntkjpv/looking_for_online_parttime_jobs/
Need a living place for 3-4 people for 4 days.,Mr_Sophistication__,1,4,2025-10-05 19:58:59,https://www.reddit.com/r/Dhaka/comments/1nyoy2p/need_a_living_place_for_34_people_for_4_days/
Looking for tuitions,Academic_Cod_7039,1,0,2025-09-15 16:09:12,https://www.reddit.com/r/Dhaka/comments/1nhhu69/looking_for_tuitions/
English Lit at NSU?,brownniteowl_31,1,0,2025-09-21 10:45:28,https://www.reddit.com/r/Dhaka/comments/1nmixgy/english_lit_at_nsu/
About admission,Baby_No_PP,1,1,2025-09-01 22:53:31,https://www.reddit.com/r/Dhaka/comments/1n5u14n/about_admission/
"Information regarding delivery man person (flexible- part time, Bashundhara RA)",QBeeTas,1,1,2025-06-21 17:02:55,https://www.facebook.com/share/1FscJAdTe2/?mibextid=wwXIfr
Best route for fantasy kingdom,Neat-Slide379,1,5,2025-06-16 22:32:27,https://www.reddit.com/r/Dhaka/comments/1lcxi7l/best_route_for_fantasy_kingdom/
Best internet service providerin Mirpur 6?,Silly_Paramedic_8101,1,2,2025-06-14 11:54:00,https://www.reddit.com/r/Dhaka/comments/1lb1fi5/best_internet_service_providerin_mirpur_6/
Where can I find reliable LPG distributors for machinery use?,Anushirvan,1,0,2025-05-26 01:36:58,https://www.reddit.com/r/Dhaka/comments/1kvb1rh/where_can_i_find_reliable_lpg_distributors_for/
way to bashundhara r/a,slushw,1,16,2025-06-11 06:59:57,https://www.reddit.com/r/Dhaka/comments/1l8folb/way_to_bashundhara_ra/
Need to socialize,Flimsy-Celebration35,1,2,2025-05-31 11:53:55,https://www.reddit.com/r/Dhaka/comments/1kzpvku/need_to_socialize/
Suggestion for Bokhari Restaurant,SaltAd7389,1,1,2025-05-20 09:00:38,https://www.reddit.com/r/Dhaka/comments/1kquoow/suggestion_for_bokhari_restaurant/
Anyone in Baridhara DOHS/Gulshan/Banani/Bashundhara up for cycling during evenings/weekends?,NumerousCow4,1,0,2025-04-22 14:37:26,https://www.reddit.com/r/Dhaka/comments/1k51f5z/anyone_in_baridhara_dohsgulshanbananibashundhara/
Gift delivery,Intelligent_Door_478,1,0,2025-05-15 14:28:29,https://www.reddit.com/r/Dhaka/comments/1kn344q/gift_delivery/
BD🇧🇩 vs India🇮🇳 Match Ticket for Sale!,Opposite_Extension13,1,1,2025-11-16 13:01:03,https://www.reddit.com/r/Dhaka/comments/1oyf2h3/bd_vs_india_match_ticket_for_sale/
NSU RETAKE,Spiritual_Scene634,1,4,2025-11-16 13:11:04,https://www.reddit.com/r/Dhaka/comments/1oyf8j3/nsu_retake/
I NEED HELP!!!,Hail_Hifler_911,1,3,2025-11-06 21:09:17,https://www.reddit.com/r/Dhaka/comments/1oq1eps/i_need_help/
Moving to Bangladesh for A Levels—Need Info on International Hope School &amp; Daffodil International School,IcyCauliflower2985,1,5,2025-04-24 19:34:25,https://www.reddit.com/r/Dhaka/comments/1k6sci5/moving_to_bangladesh_for_a_levelsneed_info_on/
Need help recovering stolen Phone,Ridwan_Rabby,1,2,2025-04-20 21:53:59,https://www.reddit.com/r/Dhaka/comments/1k3pmwc/need_help_recovering_stolen_phone/
Music Band suggestions??,IMSALTY-Real,1,10,2025-11-17 02:50:02,https://www.reddit.com/r/Dhaka/comments/1oywrwt/music_band_suggestions/
"Are advanced book [,Hc verma, Chaya prakashani etc ] &amp; advanced concepts needed for securing ranked among the Top 50 in BUET Admission Test?",Vegetable-Music3598,1,16,2025-10-31 02:39:57,https://www.reddit.com/r/Dhaka/comments/1okb1t4/are_advanced_book_hc_verma_chaya_prakashani_etc/
Need some admission advice,FAB__XD,1,13,2025-10-22 11:24:50,https://www.reddit.com/r/Dhaka/comments/1oczr1h/need_some_admission_advice/
Textile in Aust and BBA in NSU,rihad_mahmud,1,2,2025-10-16 23:40:05,https://www.reddit.com/r/Dhaka/comments/1o8ct9r/textile_in_aust_and_bba_in_nsu/
I need help making a tier list of bba programmes,Leading-Sandwich-534,1,0,2025-11-07 15:22:53,https://www.reddit.com/r/Dhaka/comments/1oqpusd/i_need_help_making_a_tier_list_of_bba_programmes/
Teachers for hsc and admission,Numerous-Ordinary-43,1,2,2025-10-19 15:26:07,https://www.reddit.com/r/Dhaka/comments/1oala6o/teachers_for_hsc_and_admission/
mba/masters,Expensive_Swim8379,1,5,2025-10-09 01:27:29,https://www.reddit.com/r/Dhaka/comments/1o1kd3x/mbamasters/
Uttara to Keraniganj shortest route,zohaer,1,1,2025-10-09 11:06:43,https://www.reddit.com/r/Dhaka/comments/1o1xe1y/uttara_to_keraniganj_shortest_route/
Pre owned Microsoft surface laptop 4 any good?,Ok-Town-1261,1,0,2025-10-09 12:38:20,https://www.reddit.com/r/Dhaka/comments/1o1yv6p/pre_owned_microsoft_surface_laptop_4_any_good/
Need advice for transitioning to AI/ML field.,Horny_priest8366,1,0,2025-10-12 14:36:55,https://www.reddit.com/r/Dhaka/comments/1o4jvu8/need_advice_for_transitioning_to_aiml_field/
Suggest please.....,Ibn-Abdullah,1,2,2025-10-15 07:49:10,https://www.reddit.com/r/Dhaka/comments/1o6ycme/suggest_please/
Any senior who can help me out?,Prior_Ad1406,1,3,2025-10-06 15:07:45,https://www.reddit.com/r/Dhaka/comments/1nze2z2/any_senior_who_can_help_me_out/
Value for money pod,Intelligent_Ease4494,1,3,2025-11-21 01:42:56,https://www.reddit.com/r/Dhaka/comments/1p2cx1g/value_for_money_pod/
Does anyone know any Chinese Importer?,SalaryImpressive7469,1,5,2025-11-20 13:21:12,https://www.reddit.com/r/Dhaka/comments/1p1wx3h/does_anyone_know_any_chinese_importer/
What should I do about my stammering?(Totlami),kindred_eldtrich,1,2,2025-11-06 18:40:03,https://www.reddit.com/r/Dhaka/comments/1opxtnm/what_should_i_do_about_my_stammeringtotlami/
career,Less_Proposal4848,1,2,2025-11-19 23:09:17,https://www.reddit.com/r/Dhaka/comments/1p1de3a/career/
The lawyer appointed for Sheikh Hasina in the kangaroo court.,New_Edge360,1,0,2025-11-19 22:13:51,https://www.reddit.com/r/Dhaka/comments/1p1bvd4/the_lawyer_appointed_for_sheikh_hasina_in_the/
Where can I download my SSC &amp; HSC marksheets online?,Acceptable-One-7793,1,7,2025-11-19 21:46:36,https://www.reddit.com/r/Dhaka/comments/1p1b53j/where_can_i_download_my_ssc_hsc_marksheets_online/
Please Help Me Regarding Sunglasses!!,SpinachDesigner3346,1,4,2025-11-19 16:37:38,https://www.reddit.com/gallery/1p148t7
Which will be the All-rounder?,Environmental_Cry214,1,19,2025-11-20 02:49:47,https://www.reddit.com/gallery/1p1jetk
"Arrival of New Shahriar, Govt should award him Independence Award.",RazzmatazzStrict,1,0,2025-11-20 01:51:38,https://www.facebook.com/reel/2004135310151121
Posture problem - Any good treatment in Dhaka?,LessTell,1,0,2025-11-22 23:04:25,https://www.reddit.com/r/Dhaka/comments/1p3yc84/posture_problem_any_good_treatment_in_dhaka/
How to import watch?,SMBSAlif,1,3,2025-11-14 00:47:46,https://www.reddit.com/r/Dhaka/comments/1ow9d9o/how_to_import_watch/
Best pizza place near bashundhara,Active-Importance937,1,3,2025-11-09 20:10:31,https://www.reddit.com/r/Dhaka/comments/1oskbzq/best_pizza_place_near_bashundhara/
Need a Maths (hsc) tutor in Bashundhara R/A,No-Sundae7503,1,1,2025-10-16 23:03:44,https://www.reddit.com/r/Dhaka/comments/1o8btgz/need_a_maths_hsc_tutor_in_bashundhara_ra/
দ্বিধার অবসান চাই,Mkhasan280,1,1,2025-11-15 09:34:01,https://www.reddit.com/r/Dhaka/comments/1oxhcx4/দবধর_অবসন_চই/
Help Regarding Research Paper Writing &amp; Publication,Least-Champion-9012,1,2,2025-10-15 14:10:51,https://www.reddit.com/r/Dhaka/comments/1o7560d/help_regarding_research_paper_writing_publication/
Studio Apartments for rent in Banani or Bashundhara,AbbreviationsKey8859,1,0,2025-11-07 23:47:02,https://www.reddit.com/r/Dhaka/comments/1or1327/studio_apartments_for_rent_in_banani_or/
Looking for honest ISP reviews in Tejgaon East Nakhalpara – worth switching from Carnival?,Proud-Thanks-9208,1,0,2025-09-13 11:56:15,https://www.reddit.com/r/Dhaka/comments/1nfpr9o/looking_for_honest_isp_reviews_in_tejgaon_east/
"Mazeda or Circle, best isp in khilgaon area",Soft_Bodybuilder1709,1,2,2025-10-01 12:48:42,https://www.reddit.com/r/Dhaka/comments/1nv16vg/mazeda_or_circle_best_isp_in_khilgaon_area/
Jumuah times around Dhaka,62139,1,11,2025-10-10 15:52:09,https://www.reddit.com/r/Dhaka/comments/1o2wls2/jumuah_times_around_dhaka/
pop culture,IllustriousArmy7201,1,0,2025-11-15 11:22:55,https://www.reddit.com/r/Dhaka/comments/1oxjexr/pop_culture/
How do i start?,itsokaybutyes,1,14,2025-11-15 12:58:50,https://www.reddit.com/r/Dhaka/comments/1oxl2t0/how_do_i_start/
Driving training school,Toru_wata_nabe,1,1,2025-10-06 00:30:08,https://www.reddit.com/r/Dhaka/comments/1nyw0nf/driving_training_school/
Best Isp in puran dhaka?,mujahidul_islam,1,2,2025-10-22 01:54:12,https://www.reddit.com/r/Dhaka/comments/1ocn5c8/best_isp_in_puran_dhaka/
CSL Training Feedback,anonymous4008,1,0,2025-10-22 11:45:40,https://www.reddit.com/r/Dhaka/comments/1od03at/csl_training_feedback/
Help post,Artistic-Factor-8000,1,0,2025-10-16 17:09:03,https://www.reddit.com/r/Dhaka/comments/1o8396p/help_post/
Where can I fix my Iphone 13 pro max green display issue?,monkthatwiz,1,6,2025-10-24 12:11:14,https://www.reddit.com/r/Dhaka/comments/1oeq6x2/where_can_i_fix_my_iphone_13_pro_max_green/
Ostad's c#. Net core course review,lonely-Catto,1,2,2025-11-20 13:33:48,https://www.reddit.com/r/Dhaka/comments/1p1x400/ostads_c_net_core_course_review/
Best Places for a quiet solo stay in this winter?,InevitableHot1851,1,6,2025-11-20 19:18:14,https://www.reddit.com/r/Dhaka/comments/1p22xnk/best_places_for_a_quiet_solo_stay_in_this_winter/
Need Suggestion to find e book reader,Glittering-Tear-8017,1,2,2025-06-19 22:57:03,https://www.reddit.com/r/Dhaka/comments/1lffve7/need_suggestion_to_find_e_book_reader/
Need a Place for 30 people,Any_Number_9932,1,4,2025-04-28 21:59:46,https://www.reddit.com/r/Dhaka/comments/1k9z3tc/need_a_place_for_30_people/
Jobs around Bashundhara,Perfect-Potato7640,1,2,2025-05-04 04:14:09,https://www.reddit.com/r/Dhaka/comments/1ke4mke/jobs_around_bashundhara/
Suggest phone,zalepen0,1,4,2025-05-09 18:30:44,https://www.reddit.com/r/Dhaka/comments/1kihatk/suggest_phone/
Traffic at Shahbag Now,Competitive-Sun-6084,1,6,2025-05-10 14:39:34,https://www.reddit.com/r/Dhaka/comments/1kj5mw3/traffic_at_shahbag_now/
Swimming,KeyAdvice5346,1,5,2025-07-15 18:06:16,https://www.reddit.com/r/Dhaka/comments/1m0g0kr/swimming/
Hiji biji,RoyalIce8426,1,9,2025-07-08 19:52:42,https://www.reddit.com/r/Dhaka/comments/1lup4vt/hiji_biji/
Where can I find good quality ergonomic/gaming chair in cheap price?,Mikoyane,1,2,2025-07-05 20:49:48,https://www.reddit.com/r/Dhaka/comments/1lsblvq/where_can_i_find_good_quality_ergonomicgaming/
Looking for a RESTRICTED FEMALE MASTER BEDROOM in Bashundhara RA from September (with a PET),Specific_Anteater193,1,1,2025-07-03 15:49:41,https://www.reddit.com/r/Dhaka/comments/1lqljb0/looking_for_a_restricted_female_master_bedroom_in/
Gold's gym,Ok-Return-5394,1,2,2025-07-03 11:55:25,https://www.reddit.com/r/Dhaka/comments/1lqi0fo/golds_gym/
A level Cambridge teacher suggestion in Dhanmondi area,kacchiBiriyaniRocks,1,5,2025-07-01 14:10:13,https://www.reddit.com/r/Dhaka/comments/1low2vi/a_level_cambridge_teacher_suggestion_in_dhanmondi/
Is there any local bus route using T.T.Para Underpass?,Treasure_Crusho,1,1,2025-11-16 08:28:46,https://www.reddit.com/r/Dhaka/comments/1oya1vj/is_there_any_local_bus_route_using_ttpara/
Any good lighter er dokan?,ivodidalha,1,3,2025-11-15 19:53:07,https://www.reddit.com/r/Dhaka/comments/1oxs9ba/any_good_lighter_er_dokan/
"Is Bangladesh entering a new era or just changing masks? A reflection on recent political shifts. --- 📌 Main Body (মূল লেখা): In the past year, Bangladesh has witnessed significant political turbulence—protests, public outrage, and finally, a historic shift in power. Sheikh Hasina’s long-standi",Longjumping_Ship_253,1,0,2025-07-14 09:28:49,https://www.reddit.com/r/Dhaka/comments/1lzc13n/is_bangladesh_entering_a_new_era_or_just_changing/
Ielts,Realistic_Put_1452,1,4,2025-07-19 13:28:56,https://www.reddit.com/r/Dhaka/comments/1m3q82m/ielts/
Need Help With Choosing College!,notnonchalantbutyeah,1,9,2025-07-16 11:58:10,https://www.reddit.com/r/Dhaka/comments/1m14v0f/need_help_with_choosing_college/
Justice system: reformed or the same as before?,Zetafunction64,1,2,2025-05-28 10:39:46,https://www.reddit.com/r/Dhaka/comments/1kx8c5l/justice_system_reformed_or_the_same_as_before/
How do I get my HSC certificates and transcript?,pandemonium10,1,2,2025-11-22 16:00:34,https://www.reddit.com/r/Dhaka/comments/1p3pkh4/how_do_i_get_my_hsc_certificates_and_transcript/
Sayedabad Bus Terminal,Advanced_Budget7301,1,6,2025-11-22 18:21:42,https://www.reddit.com/r/Dhaka/comments/1p3rxlb/sayedabad_bus_terminal/
Question for IQ users,dest_v18,1,3,2025-07-10 15:21:46,https://www.reddit.com/r/Dhaka/comments/1lw88xl/question_for_iq_users/
Bashundhara Residential Area- Fuchka - AC,Unhappy-Pop-6002,1,2,2025-07-10 11:17:46,https://www.reddit.com/r/Dhaka/comments/1lw4jy4/bashundhara_residential_area_fuchka_ac/
Restaurants/Buffets,Rare-Painting2799,1,1,2025-07-17 01:48:33,https://www.reddit.com/r/Dhaka/comments/1m1ml40/restaurantsbuffets/
Looking to teach for Nsu Admission Test.,GrapeJUICE101,1,0,2025-09-10 23:18:23,https://www.reddit.com/r/Dhaka/comments/1ndkd85/looking_to_teach_for_nsu_admission_test/
"Looking for SSD Suggestions Under 5,000 Taka (Bangladesh) - M.2 2280 PCle 3/4 x4 NVMe, 512GB",Traditional-Pop2769,1,0,2025-11-19 13:36:53,https://www.reddit.com/r/Dhaka/comments/1p11bkr/looking_for_ssd_suggestions_under_5000_taka/
💇🏿‍♂️Where can i do Dread locks and how much it costs,MajesticAside4012,1,5,2025-11-15 13:06:02,https://www.reddit.com/r/Dhaka/comments/1oxl79t/where_can_i_do_dread_locks_and_how_much_it_costs/
"How to know whether unofficial android phone is new or unused, and suggest some best reliable shops from where I can buy my new android phone",tarkesman,1,0,2025-08-16 20:30:04,https://www.reddit.com/r/Dhaka/comments/1mrwv5s/how_to_know_whether_unofficial_android_phone_is/
Any buses running from Dhanmondi to Rampura or Gulshan?,MisterPotato437,1,3,2025-08-16 17:42:22,https://www.reddit.com/r/Dhaka/comments/1mrsum8/any_buses_running_from_dhanmondi_to_rampura_or/
Best Budget-Friendly Gym in Bashundhara R/A ?,EngineWinter9286,1,2,2025-08-15 14:16:06,https://www.reddit.com/r/Dhaka/comments/1mqriy5/best_budgetfriendly_gym_in_bashundhara_ra/
Looking for libaray for study near Govt . science college tejgaon,Glum-Leg-4174,1,0,2025-08-06 17:21:12,https://www.reddit.com/r/Dhaka/comments/1mj1xn8/looking_for_libaray_for_study_near_govt_science/
Looking for study cafés in khilgaon,odhorah,1,0,2025-08-23 18:54:52,https://www.reddit.com/r/Dhaka/comments/1my0pss/looking_for_study_cafés_in_khilgaon/
"Looking for Affordable &amp; Quality DTF Printing &amp; Heat Pressing Near Khilgaon, Motijheel, or Malibagh.",Ari_the_pixel_ninja,1,0,2025-07-24 18:11:00,https://www.reddit.com/r/Dhaka/comments/1m82ov2/looking_for_affordable_quality_dtf_printing_heat/
Best places to fix headphone,Proper-Sheep,1,5,2025-07-25 17:51:43,https://www.reddit.com/r/Dhaka/comments/1m8x2ww/best_places_to_fix_headphone/
Parks for afternoon chilling in Bashundhara R/A,Nix_Gamesss,1,0,2025-07-27 21:58:19,https://www.reddit.com/r/Dhaka/comments/1mapvny/parks_for_afternoon_chilling_in_bashundhara_ra/
Suggest some hotels in puran Dhaka,zhmldhk,1,5,2025-08-04 19:26:34,https://www.reddit.com/r/Dhaka/comments/1mhdeim/suggest_some_hotels_in_puran_dhaka/
"Tough decisions to make, need guidance.",ComfortableRoll9178,1,3,2025-08-04 20:02:18,https://www.reddit.com/r/Dhaka/comments/1mheavw/tough_decisions_to_make_need_guidance/
Both hidden gems and famous sites to see in puran Dhaka(Food places also),ifnasss,1,0,2025-07-10 16:31:22,https://www.reddit.com/r/Dhaka/comments/1lw9bzw/both_hidden_gems_and_famous_sites_to_see_in_puran/
Safe couple cabin restaurant suggestions needed,Broad_Huckleberry509,1,0,2025-07-10 18:41:06,https://www.reddit.com/r/Dhaka/comments/1lwbps1/safe_couple_cabin_restaurant_suggestions_needed/
Some thought on textile engineering,nirobaction,1,0,2025-11-20 20:13:50,https://www.reddit.com/r/Dhaka/comments/1p247qf/some_thought_on_textile_engineering/
Hotels in Moghbazar around 600-700 BDT ?,cum_sprayer_007,1,3,2025-10-15 01:59:45,https://www.reddit.com/r/Dhaka/comments/1o6q0da/hotels_in_moghbazar_around_600700_bdt/
Looking for private spots for couples in Dhaka,Wooden_Ad2367,1,0,2025-09-29 14:19:59,https://www.reddit.com/r/Dhaka/comments/1ntchcw/looking_for_private_spots_for_couples_in_dhaka/
Where in Dhaka can i get these type of jackect/shacket? Exacyly emon design i lagbe solid color er moddhe kono likha likhi / company er logo cholbe na,Sparrow_tora_999,1,5,2025-11-20 19:47:14,https://www.reddit.com/gallery/1p23kyr
Which ISP customer service and line is better in Bashundhara?,Throat_Secret,1,0,2025-09-30 22:27:58,https://www.reddit.com/r/Dhaka/comments/1nuhueq/which_isp_customer_service_and_line_is_better_in/
Earthquake,wastedwashingmachine,0,19,2025-11-21 13:17:42,https://www.reddit.com/r/Dhaka/comments/1p2s80u/earthquake/
Shibir is attracting me like a magnet,UpperMeal3875,0,36,2025-09-11 17:16:04,https://www.reddit.com/r/Dhaka/comments/1ne61l8/shibir_is_attracting_me_like_a_magnet/
Udvash engineering position in daily exam not satisfying,Reasonable-Eye6699,0,7,2025-09-13 01:14:55,https://www.reddit.com/r/Dhaka/comments/1nfc26y/udvash_engineering_position_in_daily_exam_not/
"Choosing the Right University and Subject - AIUB, NSU, or IUB?",kyanosaurous,0,15,2025-03-17 11:05:22,https://www.reddit.com/r/Dhaka/comments/1jd552t/choosing_the_right_university_and_subject_aiub/
আমি একজন admission candidate 😢,Fun-Associate1876,0,7,2025-05-26 08:00:24,https://www.reddit.com/r/Dhaka/comments/1kviy08/আম_একজন_admission_candidate/
Hostel / Hotel Recommendation Near AUST for a 1-2 Day Stay.,Delicious-Sir2255,0,1,2025-02-10 13:31:33,https://www.reddit.com/r/Dhaka/comments/1im0q9f/hostel_hotel_recommendation_near_aust_for_a_12/
Buet eligibility,AwarenessFragrant218,0,9,2025-09-02 15:59:42,https://www.reddit.com/r/Dhaka/comments/1n6fdjf/buet_eligibility/
NIKE shoes in Jamuna?,AJ_3428,0,11,2025-09-22 18:08:05,https://www.reddit.com/r/Dhaka/comments/1nnkocb/nike_shoes_in_jamuna/
Studying in Dhaka,PartySchedule597,0,21,2025-04-08 20:55:04,https://www.reddit.com/r/Dhaka/comments/1jufj87/studying_in_dhaka/
Any AUSTian available here?,Poindexter_oo7,0,16,2025-06-18 08:44:32,https://www.reddit.com/r/Dhaka/comments/1le67je/any_austian_available_here/
Awami League 🥱,rohanur69,0,8,2025-11-17 23:27:27,https://www.reddit.com/r/Dhaka/comments/1ozmejl/awami_league/
Hasina's death sentence,Ok_Big530,0,6,2025-11-18 19:13:19,https://www.reddit.com/r/Dhaka/comments/1p0bl1r/hasinas_death_sentence/
who are some cool leading actresses in Bangladesh right now?,CampaignNo3050,0,1,2025-11-22 08:51:20,https://www.reddit.com/r/Dhaka/comments/1p3i8a7/who_are_some_cool_leading_actresses_in_bangladesh/
Need Someone,cxcuser,0,14,2025-11-19 20:16:26,https://www.reddit.com/r/Dhaka/comments/1p18tu4/need_someone/
"Suggest me some 11.11 headphone,keyboard and mouse deals",deletedusssr,0,3,2025-11-14 00:32:26,https://www.reddit.com/r/Dhaka/comments/1ow8y86/suggest_me_some_1111_headphonekeyboard_and_mouse/
Is vaping really that bad?,dii_hann,0,20,2025-11-14 21:33:34,https://www.reddit.com/r/Dhaka/comments/1owznvj/is_vaping_really_that_bad/
Where can I sell old cloths?,LightCyndr14,0,6,2025-11-14 12:49:37,https://www.reddit.com/r/Dhaka/comments/1owpign/where_can_i_sell_old_cloths/
🎯 Join Our Freelance Transcription Team at Quantigo AI!,Academic_Flamingo250,0,3,2025-11-19 12:30:47,https://www.reddit.com/r/Dhaka/comments/1p108gn/join_our_freelance_transcription_team_at_quantigo/
Confused with life ;/,Hot_Skirt1586,0,4,2024-06-26 21:45:34,https://www.reddit.com/r/Dhaka/comments/1dp1szw/confused_with_life/
Date In Dhaka....❤️?,VoidPlaystation,0,27,2024-12-13 15:01:53,https://www.reddit.com/r/Dhaka/comments/1hd8asb/date_in_dhaka/
20(F),cat-woman2005,0,11,2025-11-18 21:33:59,https://www.reddit.com/r/Dhaka/comments/1p0f0ou/20f/
ভারত না জানিয়ে বাঁধ খুললে সম্পর্ক সেখান থেকেই নির্ধারিত হবে' | Sarjis in TSC | jamuna TV,Blackdavil163609,0,9,2024-08-27 20:07:18,https://youtu.be/UUqIJDnt3Uc?si=HGWOz26v6M8iJyt8
Quiet places in jamuna?,Capital_Use8229,0,5,2025-04-17 20:44:42,https://www.reddit.com/r/Dhaka/comments/1k1ek3e/quiet_places_in_jamuna/
Ahsan Manzil,Shibluarif,0,1,2025-06-11 10:35:16,https://www.reddit.com/r/Dhaka/comments/1l8jryi/ahsan_manzil/
where should i go if i want to buy a laptop.,Nyonom777,0,8,2024-08-31 19:58:44,https://www.reddit.com/r/Dhaka/comments/1f5nwq2/where_should_i_go_if_i_want_to_buy_a_laptop/
Can I make 20k+ per month as an undergraduate student at a private university?,SaltyInvestigator980,0,6,2024-12-12 13:26:23,https://www.reddit.com/r/Dhaka/comments/1hcfuc9/can_i_make_20k_per_month_as_an_undergraduate/
"Do you think students of 7 Colleges(Dhaka college, Titumir etc.) under Dhaka University are lower in qualities?",GhostOfSpartaaaaaaa,0,3,2024-11-18 19:27:28,https://www.reddit.com/r/Dhaka/comments/1gu4nyp/do_you_think_students_of_7_collegesdhaka_college/
Need advise,Shorkarjak,0,6,2025-11-15 21:31:01,https://www.reddit.com/r/Dhaka/comments/1oxujr9/need_advise/
suggest some cafe/restaurants in khilgaon for private time,Mahmudul_Hasan27,0,7,2025-07-17 02:46:14,https://www.reddit.com/r/Dhaka/comments/1m1o2cr/suggest_some_caferestaurants_in_khilgaon_for/
"News from the 'Shaheed Gazette' of the July – The Sacrifice of the ""Martyrs"" – Part 1,",New_Edge360,0,1,2025-07-01 13:00:38,https://www.reddit.com/r/Dhaka/comments/1lov1wr/news_from_the_shaheed_gazette_of_the_july_the/
Places to car date,want_gf_head,0,14,2025-05-03 03:36:30,https://www.reddit.com/r/Dhaka/comments/1kdck1y/places_to_car_date/
Attempting,WasteCrow8280,0,23,2025-11-16 19:35:17,https://www.reddit.com/r/Dhaka/comments/1oylvrv/attempting/
Du IBA,999baseballs,0,7,2025-11-15 20:33:28,https://www.reddit.com/r/Dhaka/comments/1oxt6lz/du_iba/
unethical private uni admission,taeejo,0,4,2025-10-09 22:22:36,https://www.reddit.com/r/Dhaka/comments/1o2agh2/unethical_private_uni_admission/
How to get scholarship?!!,HungryHall5,0,7,2025-10-17 12:19:46,https://www.reddit.com/r/Dhaka/comments/1o8tsnp/how_to_get_scholarship/
Suggestion for higher education,abid0506,0,3,2025-11-16 11:18:11,https://www.reddit.com/r/Dhaka/comments/1oydb2y/suggestion_for_higher_education/
Any places in Bashundha R/A for roomdate?,peraltahere,0,16,2025-04-26 04:43:10,https://www.reddit.com/r/Dhaka/comments/1k7y29u/any_places_in_bashundha_ra_for_roomdate/
Reddit users from Dhaka's Savar area what do you think about it?,BugPsychological8349,0,0,2025-11-07 01:24:39,https://www.reddit.com/r/Dhaka/comments/1oq89yw/reddit_users_from_dhakas_savar_area_what_do_you/
Help!,Global-Scientist2235,0,9,2025-11-21 01:18:05,https://www.reddit.com/r/Dhaka/comments/1p2c8zk/help/
Whoop User anyone?,Chance-Antelope8806,0,5,2025-11-21 00:24:07,https://www.reddit.com/r/Dhaka/comments/1p2app1/whoop_user_anyone/
For hire! Work from home!,systematicallydead,0,7,2025-11-20 22:02:03,https://www.reddit.com/r/Dhaka/comments/1p26x75/for_hire_work_from_home/
আমি বই পড়তে খুব ভালোবাসি। কিন্তু আমার ইংলিশ স্কুল লাইফ তেমন স্ট্রং ছিল না—তাই কিছু ইংলিশ বই বুঝতে সমস্যা হয়।,zawad_zarirrr,0,27,2025-11-16 17:41:18,https://www.reddit.com/r/Dhaka/comments/1oyjmxp/আম_বই_পডত_খব_ভলবস_কনত_আমর_ইলশ_সকল_লইফ_তমন_সটর_ছল/
I have 2 lakhs to invest | need suggestions to generate 30k–50k/month within 2–3 months (Bangladesh),Aggravating-Jury9096,0,29,2025-11-15 15:57:33,https://www.reddit.com/r/Dhaka/comments/1oxnwpg/i_have_2_lakhs_to_invest_need_suggestions_to/
Dark Restaurants in Dhaka,Banger_4542,0,10,2025-10-04 22:52:45,https://www.reddit.com/r/Dhaka/comments/1nxz3zm/dark_restaurants_in_dhaka/
Help on booking a hotel near Basundhara.,Content_Confidence62,0,7,2025-10-06 19:32:24,https://www.reddit.com/r/Dhaka/comments/1nzj62o/help_on_booking_a_hotel_near_basundhara/
VPS / RDP under 15$/year,Tricky-Design-8982,0,4,2025-11-15 11:31:07,https://www.reddit.com/r/Dhaka/comments/1oxjk7e/vps_rdp_under_15year/
Will GTX 750ti 2gb be a good deal at 4000 taka?,Sanwarhosen,0,18,2025-11-15 13:18:54,https://www.reddit.com/r/Dhaka/comments/1oxleqz/will_gtx_750ti_2gb_be_a_good_deal_at_4000_taka/
MY GF IS VISITING ME,Serious_Tension_3500,0,20,2025-09-04 01:16:12,https://www.reddit.com/r/Dhaka/comments/1n7o39j/my_gf_is_visiting_me/
Trimmer suggetion,Suvojit_Sarker,0,11,2025-11-15 14:30:21,https://www.reddit.com/r/Dhaka/comments/1oxmk1e/trimmer_suggetion/
A hypothetical situation,Lopsided-Sun-904,0,17,2025-11-15 13:27:39,https://www.reddit.com/r/Dhaka/comments/1oxljvw/a_hypothetical_situation/
How to get meds without prescription?,Fabulous-Fly8174,0,12,2025-08-30 11:27:33,https://www.reddit.com/r/Dhaka/comments/1n3tjkk/how_to_get_meds_without_prescription/
The truth about Delwar Hossain Sayeedi,_syhumm_,0,12,2025-11-15 18:41:02,https://www.reddit.com/r/Dhaka/comments/1oxqqmz/the_truth_about_delwar_hossain_sayeedi/
SELLING FLAT!!!!!!!!!,megatonowo,0,13,2025-08-24 12:16:48,https://www.reddit.com/r/Dhaka/comments/1myo32c/selling_flat/
Couple friendly location,No_Inspector6625,0,11,2025-10-27 21:35:52,https://www.reddit.com/r/Dhaka/comments/1ohhoib/couple_friendly_location/
"Dear Shahbagis, you can seek justice and still achieve a death sentence.",ahmad_musaffa,0,49,2025-11-17 15:40:02,https://www.reddit.com/r/Dhaka/comments/1ozc2vw/dear_shahbagis_you_can_seek_justice_and_still/
creatine suggestions,ziszaman,0,13,2025-11-20 13:10:41,https://www.reddit.com/r/Dhaka/comments/1p1wr0z/creatine_suggestions/
Is it possible to be a visionary politician in Bangladesh?,kindred_eldtrich,0,15,2025-11-14 22:32:40,https://www.reddit.com/r/Dhaka/comments/1ox1a87/is_it_possible_to_be_a_visionary_politician_in/
A question (especially to hsc 25) regarding practicals,Mean_Common_5269,0,7,2025-11-22 21:13:54,https://www.reddit.com/r/Dhaka/comments/1p3vmcd/a_question_especially_to_hsc_25_regarding/
"Best places for making out in Merul Badda zone, near BRAC University",_not__your__type_,0,17,2025-11-23 09:06:45,https://www.reddit.com/r/Dhaka/comments/1p4by5o/best_places_for_making_out_in_merul_badda_zone/
