title,author,upvotes,comments,subreddit,date,url
Is There Any Photobooths For Couples in Dhaka??,DebtLess2374,1,0,bangladesh,2025-11-23 11:48:49,https://www.reddit.com/r/bangladesh/comments/1p4ezud/is_there_any_photobooths_for_couples_in_dhaka/
Metro rail,PenKindly2513,2,0,dhaka,2025-11-23 11:46:04,https://www.reddit.com/r/Dhaka/comments/1p4ey2f/metro_rail/
CA as a non commerce background student,NumerousCow4,2,0,dhaka,2025-11-23 11:15:39,https://www.reddit.com/r/Dhaka/comments/1p4eedh/ca_as_a_non_commerce_background_student/
How to learn computer repair in Bangladesh? Do I need to be a CSE student?,FarAmbassador6015,3,0,dhaka,2025-11-23 11:13:19,https://www.reddit.com/r/Dhaka/comments/1p4ecsx/how_to_learn_computer_repair_in_bangladesh_do_i/
The purity culture in this country frustrates me,Separate-Apartment-8,27,33,dhaka,2025-11-23 10:34:26,https://www.reddit.com/r/Dhaka/comments/1p4dn0q/the_purity_culture_in_this_country_frustrates_me/
Bangladesh’s winter air pollution isn’t just “ours” it’s blowing in from India.,Stunning-Walk7366,17,5,bangladesh,2025-11-23 10:26:44,https://www.reddit.com/r/bangladesh/comments/1p4dhth/bangladeshs_winter_air_pollution_isnt_just_ours/
Earthquake and the Media!,Mehran_Uzumaki,13,7,dhaka,2025-11-23 09:38:26,https://www.reddit.com/r/Dhaka/comments/1p4ckim/earthquake_and_the_media/
"Best places for making out in Merul Badda zone, near BRAC University",_not__your__type_,0,17,dhaka,2025-11-23 09:06:45,https://www.reddit.com/r/Dhaka/comments/1p4by5o/best_places_for_making_out_in_merul_badda_zone/
What can I do?,gunpowder2025,1,0,dhaka,2025-11-23 03:48:37,https://www.reddit.com/r/Dhaka/comments/1p457dd/what_can_i_do/
Trusted sites to order stuff from usa?,skeletal_sniper,3,4,dhaka,2025-11-23 02:59:24,https://www.reddit.com/r/Dhaka/comments/1p441fd/trusted_sites_to_order_stuff_from_usa/
Since winter is almost here dark brown people of bd drop your hardest fits,iSellFemboys69420,3,10,dhaka,2025-11-23 02:58:03,https://www.reddit.com/r/Dhaka/comments/1p440bt/since_winter_is_almost_here_dark_brown_people_of/
New Facist is loading,RazzmatazzStrict,3,1,dhaka,2025-11-23 02:21:14,https://www.facebook.com/share/v/1BQGPaU5QA/
Study for Architecture,Ok_Veterinarian9266,8,3,dhaka,2025-11-23 01:23:52,https://www.reddit.com/r/Dhaka/comments/1p41td4/study_for_architecture/
Fear mongering- How much of it is true?,rainy-icee,22,18,dhaka,2025-11-23 00:41:36,https://www.reddit.com/r/Dhaka/comments/1p40rwl/fear_mongering_how_much_of_it_is_true/
Is depression something to brag about???,LiteratureStrange450,28,33,dhaka,2025-11-23 00:05:59,https://www.reddit.com/r/Dhaka/comments/1p3zvus/is_depression_something_to_brag_about/
Evening Master’s courses at KU,Puzzleheaded_Mine992,1,0,dhaka,2025-11-22 23:18:04,https://www.reddit.com/r/Dhaka/comments/1p3yogn/evening_masters_courses_at_ku/
Phone Stolen at Airport Railway Station,Clear-Stop-1087,1,0,dhaka,2025-11-22 23:12:20,https://www.reddit.com/r/Dhaka/comments/1p3yjfj/phone_stolen_at_airport_railway_station/
Earthquake and fear mongering by News outlets,sadn_,10,5,dhaka,2025-11-22 23:07:08,https://www.reddit.com/r/Dhaka/comments/1p3yen0/earthquake_and_fear_mongering_by_news_outlets/
Posture problem - Any good treatment in Dhaka?,LessTell,1,0,dhaka,2025-11-22 23:04:25,https://www.reddit.com/r/Dhaka/comments/1p3yc84/posture_problem_any_good_treatment_in_dhaka/
Am I experiencing PTSD after the earthquake?,Infinite-Sector-8694,6,9,dhaka,2025-11-22 22:52:24,https://www.reddit.com/r/Dhaka/comments/1p3y10c/am_i_experiencing_ptsd_after_the_earthquake/
Are these actually foreshocks or aftershocks??,Cold-Mess3019,6,7,dhaka,2025-11-22 22:24:43,https://www.reddit.com/r/Dhaka/comments/1p3xc3q/are_these_actually_foreshocks_or_aftershocks/
SSC 26 need help,DrySuspect5165,2,1,dhaka,2025-11-22 22:02:06,https://www.reddit.com/r/Dhaka/comments/1p3wrx2/ssc_26_need_help/
how are you guys dealing with the paranoia and anxiety about earthquakes,NextTopWhoever,8,26,dhaka,2025-11-22 22:01:58,https://www.reddit.com/r/Dhaka/comments/1p3wrs8/how_are_you_guys_dealing_with_the_paranoia_and/
Career dilemma,Flimsy_Rope_781,4,8,dhaka,2025-11-22 21:58:21,https://www.reddit.com/r/Dhaka/comments/1p3wofm/career_dilemma/
road bikes koi thik kore?,DrySuspect5165,2,0,dhaka,2025-11-22 21:46:14,https://www.reddit.com/r/Dhaka/comments/1p3we1q/road_bikes_koi_thik_kore/
Where to find a civil/structural engineer?,ChocolateAromatic648,3,1,dhaka,2025-11-22 21:27:53,https://www.reddit.com/r/Dhaka/comments/1p3vydc/where_to_find_a_civilstructural_engineer/
Need Advice...HSC-26,Alternative_Lake9445,2,4,dhaka,2025-11-22 21:22:54,https://www.reddit.com/r/Dhaka/comments/1p3vu0h/need_advicehsc26/
Need advice on how to be financially self-reliant,Exotic-Chair-6960,2,0,dhaka,2025-11-22 21:16:36,https://www.reddit.com/r/Dhaka/comments/1p3vol3/need_advice_on_how_to_be_financially_selfreliant/
A question (especially to hsc 25) regarding practicals,Mean_Common_5269,0,7,dhaka,2025-11-22 21:13:54,https://www.reddit.com/r/Dhaka/comments/1p3vmcd/a_question_especially_to_hsc_25_regarding/
Animals during earthquake,ReplacementEarly5784,5,3,dhaka,2025-11-22 21:05:56,https://www.reddit.com/r/Dhaka/comments/1p3vfp5/animals_during_earthquake/
How can i move forward respectfully when my family doesn't support my small online business idea?,n_artistic,8,9,dhaka,2025-11-22 20:39:56,https://www.reddit.com/r/Dhaka/comments/1p3utwg/how_can_i_move_forward_respectfully_when_my/
Earthquake!,Bulky_Penalty1027,13,19,dhaka,2025-11-22 20:23:21,https://www.reddit.com/r/Dhaka/comments/1p3uge4/earthquake/
"Urgent Help: Best Path to Complete HSC in 1 Year as a Private Candidate in Dhaka (4-Year Gap, Night Job 9 PM-6 AM)",IK_Khan,1,0,bangladesh,2025-11-22 20:11:08,https://www.reddit.com/r/bangladesh/comments/1p3u66e/urgent_help_best_path_to_complete_hsc_in_1_year/
"Urgent Help: Best Path to Complete HSC in 1 Year as a Private Candidate in Dhaka (4-Year Gap, Night Job 9 PM-6 AM)",IK_Khan,2,0,dhaka,2025-11-22 20:05:38,https://www.reddit.com/r/Dhaka/comments/1p3u1or/urgent_help_best_path_to_complete_hsc_in_1_year/
Hi people....,No_Tailor2427,7,10,dhaka,2025-11-22 19:48:43,https://www.reddit.com/r/Dhaka/comments/1p3to8v/hi_people/
3 earthquaks in one day,Watch-Recent,17,17,dhaka,2025-11-22 19:38:40,https://www.reddit.com/r/Dhaka/comments/1p3tggv/3_earthquaks_in_one_day/
Dhaka-19 : Nafsin Mehanaz Azireen - Bihari?,badfaroosh,0,9,bangladesh,2025-11-22 19:17:25,https://www.reddit.com/r/bangladesh/comments/1p3t08g/dhaka19_nafsin_mehanaz_azireen_bihari/
Another earthquake hits Bangladesh. 3 times under 32 hours,Plastic_Repeat_995,31,13,bangladesh,2025-11-22 18:55:47,https://www.reddit.com/r/bangladesh/comments/1p3skiu/another_earthquake_hits_bangladesh_3_times_under/
Are these recent tremors foreshocks or aftershocks?,ruhul0,20,24,dhaka,2025-11-22 18:50:37,https://www.reddit.com/r/Dhaka/comments/1p3sgz0/are_these_recent_tremors_foreshocks_or_aftershocks/
Earthquake Alert App,Mahfuz-shihab,2,20,dhaka,2025-11-22 18:39:47,https://www.reddit.com/r/Dhaka/comments/1p3s9le/earthquake_alert_app/
Need a badminton friend,Ambitious-Cut2858,3,2,bangladesh,2025-11-22 18:34:44,https://www.reddit.com/r/bangladesh/comments/1p3s68p/need_a_badminton_friend/
Sayedabad Bus Terminal,Advanced_Budget7301,1,6,dhaka,2025-11-22 18:21:42,https://www.reddit.com/r/Dhaka/comments/1p3rxlb/sayedabad_bus_terminal/
Earthquake Again?,Due_Fly_6934,63,71,dhaka,2025-11-22 18:11:58,https://www.reddit.com/r/Dhaka/comments/1p3rr78/earthquake_again/
Quake round 2 &amp; 3,humble_akhBD,19,18,dhaka,2025-11-22 18:10:38,https://www.reddit.com/r/Dhaka/comments/1p3rqdj/quake_round_2_3/
Another small earthquake?,Massive-Bank3059,16,18,dhaka,2025-11-22 18:10:00,https://www.reddit.com/r/Dhaka/comments/1p3rpyh/another_small_earthquake/
I think there was a aftershock just now,No_0ne_1m,30,51,dhaka,2025-11-22 18:09:42,https://www.reddit.com/r/Dhaka/comments/1p3rprh/i_think_there_was_a_aftershock_just_now/
Daraz refund on card,def-not-dev,4,1,dhaka,2025-11-22 17:57:11,https://www.reddit.com/r/Dhaka/comments/1p3rhlf/daraz_refund_on_card/
Politics of BNP after August 5,RazzmatazzStrict,2,2,dhaka,2025-11-22 17:57:07,https://www.reddit.com/r/Dhaka/comments/1p3rhk0/politics_of_bnp_after_august_5/
Best online perfume store,Josephpainster,3,8,dhaka,2025-11-22 17:31:21,https://www.reddit.com/r/Dhaka/comments/1p3r1da/best_online_perfume_store/
Need suggestions regarding the public universities in Bangladesh? Are they worth it???,mahmid_,3,3,bangladesh,2025-11-22 17:19:40,https://www.reddit.com/r/bangladesh/comments/1p3qufp/need_suggestions_regarding_the_public/
Suggestions for Gym (Gents Only),GhostSunless,2,3,dhaka,2025-11-22 17:05:25,https://www.reddit.com/r/Dhaka/comments/1p3qlzw/suggestions_for_gym_gents_only/
My rideshare biker left me on the road but took the bike with him. I was still sitting… mentally.,Medium_Push8841,90,27,dhaka,2025-11-22 16:54:03,https://www.reddit.com/r/Dhaka/comments/1p3qf4q/my_rideshare_biker_left_me_on_the_road_but_took/
Need information regarding this,Foreign_Hat_3852,2,1,dhaka,2025-11-22 16:45:57,https://www.reddit.com/r/Dhaka/comments/1p3qah0/need_information_regarding_this/
He didn’t leave on his own,WasteCrow8280,10,31,dhaka,2025-11-22 16:29:51,https://www.reddit.com/r/Dhaka/comments/1p3q1eg/he_didnt_leave_on_his_own/
English Medium Schools.,Grouchy-Put7676,5,4,dhaka,2025-11-22 16:21:14,https://www.reddit.com/r/Dhaka/comments/1p3pwgk/english_medium_schools/
Dark circles,Ashamed_Elephant8047,2,8,dhaka,2025-11-22 16:05:51,https://www.reddit.com/r/Dhaka/comments/1p3pnns/dark_circles/
How do I get my HSC certificates and transcript?,pandemonium10,1,2,dhaka,2025-11-22 16:00:34,https://www.reddit.com/r/Dhaka/comments/1p3pkh4/how_do_i_get_my_hsc_certificates_and_transcript/
where can i find niqab with burkha/abaya the cheapest in dhaka?,Particular_Weird_616,2,8,dhaka,2025-11-22 15:21:33,https://www.reddit.com/r/Dhaka/comments/1p3oywx/where_can_i_find_niqab_with_burkhaabaya_the/
Dhaka lifestyle অনুযায়ী স্টুডেন্টদের কোন স্কিল শিখলে side-income সবচেয়ে সহজে শুরু হয়?,Aaliynah550,10,13,dhaka,2025-11-22 14:23:24,https://www.reddit.com/r/Dhaka/comments/1p3o35d/dhaka_lifestyle_অনযয়_সটডনটদর_কন_সকল_শখল/
What's the best minoxidil brand ?,NoPapercrowns,2,15,dhaka,2025-11-22 14:06:00,https://www.reddit.com/r/Dhaka/comments/1p3ntgf/whats_the_best_minoxidil_brand/
Found these cracks in my wall after the recent earthquake. Should I be worried?,MasaniYasin,183,68,dhaka,2025-11-22 13:31:22,https://www.reddit.com/gallery/1p3n9qh
Another earthquake hits Dhaka,Plastic_Repeat_995,21,12,bangladesh,2025-11-22 13:12:57,https://www.reddit.com/r/bangladesh/comments/1p3mzd0/another_earthquake_hits_dhaka/
Cracks found at multiple Dhaka metro stations after quake despite DMTCL safety assurances,PrintRealistic6750,31,11,bangladesh,2025-11-22 13:02:49,https://i.redd.it/5wzjojxxbr2g1.png
Information on liver disease specialists,notkafka311,2,2,dhaka,2025-11-22 12:44:39,https://www.reddit.com/r/Dhaka/comments/1p3miqp/information_on_liver_disease_specialists/
Earthquake again in Gazipur,No-unluck-13,24,24,dhaka,2025-11-22 12:44:29,https://www.reddit.com/r/Dhaka/comments/1p3minj/earthquake_again_in_gazipur/
চট্টগ্রাম লালদিয়া বন্দর বিদেশি কোম্পানির হাতে ব্যাপারে আপনার কি মনে হয়?,Cool_Reflection9165,8,33,dhaka,2025-11-22 12:29:20,https://www.reddit.com/r/Dhaka/comments/1p3m9mo/চটটগরম_ললদয_বনদর_বদশ_কমপনর_হত_বযপর_আপনর_ক_মন_হয়/
Help please,Abrar72,7,4,dhaka,2025-11-22 11:58:08,https://www.reddit.com/r/Dhaka/comments/1p3lqih/help_please/
Suggest an AdBlock for my Android.,realfahimislam,6,12,dhaka,2025-11-22 11:41:16,https://www.reddit.com/r/Dhaka/comments/1p3lg0n/suggest_an_adblock_for_my_android/
any thinkpad users?,Outrageous_Big4236,4,4,dhaka,2025-11-22 11:36:40,https://www.reddit.com/r/Dhaka/comments/1p3ld62/any_thinkpad_users/
Best Tour Place Suggestions for Couples in December,Captain_Sparrow07,2,7,dhaka,2025-11-22 11:09:34,https://www.reddit.com/r/Dhaka/comments/1p3kvs2/best_tour_place_suggestions_for_couples_in/
how safe are the Travela private rooms nowadays?,sahab_436,1,2,dhaka,2025-11-22 11:00:52,https://www.reddit.com/r/Dhaka/comments/1p3kpx5/how_safe_are_the_travela_private_rooms_nowadays/
Looking for a place to live,Wooden-Ferret-21,5,0,bangladesh,2025-11-22 10:13:55,https://www.reddit.com/r/bangladesh/comments/1p3juef/looking_for_a_place_to_live/
Where i can sell my used clothes? (Male),Extension_Gene_5600,7,4,dhaka,2025-11-22 10:09:34,https://www.reddit.com/r/Dhaka/comments/1p3jrdb/where_i_can_sell_my_used_clothes_male/
Looking for a place to live,Wooden-Ferret-21,2,0,dhaka,2025-11-22 10:06:17,https://www.reddit.com/r/Dhaka/comments/1p3jp3e/looking_for_a_place_to_live/
Feeling Burnt Out From All Sides,Altruistic-Drama447,15,8,dhaka,2025-11-22 10:05:30,https://www.reddit.com/r/Dhaka/comments/1p3jojm/feeling_burnt_out_from_all_sides/
[HSC ’27] Should I Hire a Tutor or Join a Batch? Need an advice,EuphoricGeneral3848,4,6,dhaka,2025-11-22 09:54:00,https://www.reddit.com/r/Dhaka/comments/1p3jgfm/hsc_27_should_i_hire_a_tutor_or_join_a_batch_need/
Need you at Westin today.,ridkc,17,4,dhaka,2025-11-22 08:52:39,https://www.reddit.com/gallery/1p3i97q
who are some cool leading actresses in Bangladesh right now?,CampaignNo3050,0,1,dhaka,2025-11-22 08:51:20,https://www.reddit.com/r/Dhaka/comments/1p3i8a7/who_are_some_cool_leading_actresses_in_bangladesh/
Looking for gym suggestions,Girthious_MAXIMUS_IV,2,1,dhaka,2025-11-22 08:46:29,https://www.reddit.com/r/Dhaka/comments/1p3i4oa/looking_for_gym_suggestions/
Trying to learn business but damn… it’s harder than I thought,MrMahin,5,3,dhaka,2025-11-22 02:48:51,https://www.reddit.com/r/Dhaka/comments/1p39x4f/trying_to_learn_business_but_damn_its_harder_than/
How to control myself,Traditional_Box474,7,8,dhaka,2025-11-22 02:38:29,https://www.reddit.com/r/Dhaka/comments/1p39njo/how_to_control_myself/
Earthquake Expert,RazzmatazzStrict,2,0,dhaka,2025-11-22 02:05:17,https://www.facebook.com/share/v/19uc2xzhUg/
Hello,Both_Development4690,8,44,dhaka,2025-11-22 01:45:00,https://www.reddit.com/r/Dhaka/comments/1p38b41/hello/
Share your call centre work experience,General_Pineapple_28,4,1,dhaka,2025-11-22 01:26:44,https://www.reddit.com/r/Dhaka/comments/1p37ucl/share_your_call_centre_work_experience/
Perfumes suggestion,According_Row5640,3,19,dhaka,2025-11-22 01:23:55,https://www.reddit.com/r/Dhaka/comments/1p37rte/perfumes_suggestion/
What country &amp; Master’s course to apply for?,GrandGuava,2,0,dhaka,2025-11-22 00:51:03,https://www.reddit.com/r/Dhaka/comments/1p36wss/what_country_masters_course_to_apply_for/
Where can I find a Nintendo 3DS near Dhaka?,Ok_Junket_5751,1,1,bangladesh,2025-11-22 00:13:57,https://www.reddit.com/r/bangladesh/comments/1p35y7d/where_can_i_find_a_nintendo_3ds_near_dhaka/
Where can I buy an effective mosquito spray?,Pall_umbra,5,9,dhaka,2025-11-22 00:03:40,https://www.reddit.com/r/Dhaka/comments/1p35ohj/where_can_i_buy_an_effective_mosquito_spray/
Has an earthquake ever struck so close to Dhaka before?,game_preacher,6,2,dhaka,2025-11-21 23:20:39,https://www.tbsnews.net/bangladesh/has-earthquake-ever-struck-so-close-dhaka-1291116
"Face 5 shades darker than body, Help me fix this shi fr",Deep_Childhood_6729,7,23,dhaka,2025-11-21 23:13:09,https://www.reddit.com/r/Dhaka/comments/1p34bnd/face_5_shades_darker_than_body_help_me_fix_this/
Please help!!,Budget_Ad_1684,5,3,dhaka,2025-11-21 22:26:55,https://www.reddit.com/r/Dhaka/comments/1p333hj/please_help/
Share your earthquake story.,Status_Revolution_25,23,51,dhaka,2025-11-21 22:21:10,https://www.reddit.com/r/Dhaka/comments/1p32y7u/share_your_earthquake_story/
Moving to Dhaka,Spirited-Gas2859,3,2,dhaka,2025-11-21 22:00:54,https://www.reddit.com/r/Dhaka/comments/1p32eur/moving_to_dhaka/
Credit/ Debit cards,PsychologicalFun1314,2,15,dhaka,2025-11-21 21:53:28,https://www.reddit.com/r/Dhaka/comments/1p327qn/credit_debit_cards/
Couple restaurant in Sylhet,silverstone14,1,8,dhaka,2025-11-21 21:32:21,https://www.reddit.com/r/Dhaka/comments/1p31nwk/couple_restaurant_in_sylhet/
Need Book/Self-Study Resources Suggestion- Please Help if you can.,__deepto,3,2,dhaka,2025-11-21 21:20:53,https://www.reddit.com/r/Dhaka/comments/1p31dhd/need_bookselfstudy_resources_suggestion_please/
Suggestion for Business,Yousuf_2752,4,1,dhaka,2025-11-21 21:11:24,https://www.reddit.com/r/Dhaka/comments/1p314mh/suggestion_for_business/
18f i got called in for an interview as a waitress,Amazing_Concept_2568,24,50,dhaka,2025-11-21 21:07:13,https://www.reddit.com/r/Dhaka/comments/1p310pa/18f_i_got_called_in_for_an_interview_as_a_waitress/
Looking for a tutor,Low-Example1,1,1,dhaka,2025-11-21 20:41:23,https://www.reddit.com/r/Dhaka/comments/1p30cw3/looking_for_a_tutor/
Earthquake-Aftershocks,rion__2036,11,13,dhaka,2025-11-21 19:39:03,https://www.reddit.com/r/Dhaka/comments/1p2yume/earthquakeaftershocks/
Today's earthquake,astra_t,15,24,dhaka,2025-11-21 19:37:27,https://www.reddit.com/r/Dhaka/comments/1p2ytbp/todays_earthquake/
A-team er Khela ke ke dekhsen?,VariousSherbert2563,1,9,dhaka,2025-11-21 19:36:11,https://www.reddit.com/r/Dhaka/comments/1p2ysc5/ateam_er_khela_ke_ke_dekhsen/
A stray but friendly cat issue,Mkhasan280,3,13,dhaka,2025-11-21 19:29:35,https://www.reddit.com/r/Dhaka/comments/1p2ymqt/a_stray_but_friendly_cat_issue/
আজকের ভুমিকম্প আর আমি (জীবন থেকে নেয়া),BothPresentation539,45,32,dhaka,2025-11-21 18:54:14,https://www.reddit.com/r/Dhaka/comments/1p2xur7/আজকর_ভমকমপ_আর_আম_জবন_থক_নয়/
Best psychiatrist for maladaptive daydreaming,SheRuminates,12,29,dhaka,2025-11-21 17:08:01,https://www.reddit.com/r/Dhaka/comments/1p2vuge/best_psychiatrist_for_maladaptive_daydreaming/
Online ticket,Jazzlike-Ad-2261,2,2,dhaka,2025-11-21 16:53:26,https://www.reddit.com/r/Dhaka/comments/1p2vlpy/online_ticket/
A Controversial Question to Girls here!,SpinachDesigner3346,74,52,dhaka,2025-11-21 16:46:11,https://www.reddit.com/r/Dhaka/comments/1p2vhjq/a_controversial_question_to_girls_here/
A deathtrap.,hachiware333,29,14,dhaka,2025-11-21 15:48:05,https://www.reddit.com/r/Dhaka/comments/1p2ujde/a_deathtrap/
next earthquake?,Maximum-Evening3904,4,3,dhaka,2025-11-21 15:46:27,https://www.reddit.com/r/Dhaka/comments/1p2uih3/next_earthquake/
If you had to rank all the political parties how would you rank them?,hackerbong,4,47,dhaka,2025-11-21 15:26:54,https://www.reddit.com/r/Dhaka/comments/1p2u7v0/if_you_had_to_rank_all_the_political_parties_how/
"As Dhaka experiences an earthquake with a very close epicentre, here's what to do during any future earthquake or aftershock",tajul_islam,8,0,bangladesh,2025-11-21 15:14:26,https://www.dhakastream.net/explainer/drop-cover-and-hold-what-do-during-earthquake-187616
Are smartphones from Bangladeshi brands worth buying?,ScarredFace45,6,6,dhaka,2025-11-21 14:45:07,https://www.reddit.com/r/Dhaka/comments/1p2tklv/are_smartphones_from_bangladeshi_brands_worth/
How bad was the Earthquake?,SpeeedFreee,25,53,dhaka,2025-11-21 14:22:00,https://www.reddit.com/r/Dhaka/comments/1p2t7zj/how_bad_was_the_earthquake/
Loser!,ambivert_person,9,32,dhaka,2025-11-21 14:07:24,https://www.reddit.com/r/Dhaka/comments/1p2szpg/loser/
Ages from 24-30 is one of the hardest stages of life,ILikeYourMomAndSis,7,6,dhaka,2025-11-21 13:26:25,https://www.reddit.com/r/Dhaka/comments/1p2scr7/ages_from_2430_is_one_of_the_hardest_stages_of/
Earthquake,wastedwashingmachine,0,19,dhaka,2025-11-21 13:17:42,https://www.reddit.com/r/Dhaka/comments/1p2s80u/earthquake/
Earthquake and Guilt Tripping,AdvantageNorth1032,187,134,dhaka,2025-11-21 12:51:20,https://www.reddit.com/r/Dhaka/comments/1p2rt0x/earthquake_and_guilt_tripping/
Today's earthquake,Empress-Of-Tabbies,12,10,dhaka,2025-11-21 12:50:07,https://www.reddit.com/r/Dhaka/comments/1p2rsbd/todays_earthquake/
Negative news,No_Tailor2427,9,16,dhaka,2025-11-21 12:20:43,https://www.reddit.com/r/Dhaka/comments/1p2ralu/negative_news/
3 pedestrians crushed to death as building railing collapses in Old Dhaka during morning quake,Necessary-Hunt6104,21,2,bangladesh,2025-11-21 12:19:09,https://i.redd.it/0cpl9d2azj2g1.jpeg
Power of Attorney,d33pblu7,3,1,dhaka,2025-11-21 12:18:45,https://www.reddit.com/r/Dhaka/comments/1p2r9d6/power_of_attorney/
Earthquake,Achilles2729,5,2,dhaka,2025-11-21 12:14:57,https://www.reddit.com/r/Dhaka/comments/1p2r6zu/earthquake/
When is the next earthquake?,JsdJoys_729,18,42,dhaka,2025-11-21 12:11:11,https://www.reddit.com/r/Dhaka/comments/1p2r4nq/when_is_the_next_earthquake/
Which is safer?,Worldly-Fill-5282,14,20,dhaka,2025-11-21 12:01:41,https://www.reddit.com/r/Dhaka/comments/1p2qyvj/which_is_safer/
Severe Earthquake in Narsingdi,ProfileOriginal3865,8,4,dhaka,2025-11-21 11:54:05,https://www.reddit.com/r/Dhaka/comments/1p2qu2w/severe_earthquake_in_narsingdi/
I hope everybody's okay,Dry_Extension6091,71,36,dhaka,2025-11-21 11:47:39,https://www.reddit.com/r/Dhaka/comments/1p2qpyc/i_hope_everybodys_okay/
Earthquake alerts on iPhone,Mehran_Uzumaki,16,20,dhaka,2025-11-21 11:31:58,https://www.reddit.com/r/Dhaka/comments/1p2qg4s/earthquake_alerts_on_iphone/
Earthquake: A building just beside the one I stay in got damaged,atikshakur,26,12,dhaka,2025-11-21 11:02:34,https://www.reddit.com/r/Dhaka/comments/1p2pwzk/earthquake_a_building_just_beside_the_one_i_stay/
Earthquake!!!,Automatic355,32,20,dhaka,2025-11-21 10:56:13,https://www.reddit.com/r/Dhaka/comments/1p2psio/earthquake/
Crazy earthquake in Dhaka,Unhappyflowerr,72,49,dhaka,2025-11-21 10:46:19,https://www.reddit.com/r/Dhaka/comments/1p2pm5w/crazy_earthquake_in_dhaka/
Earthquake in Dhaka!!,Phinixprono1234,5,3,bangladesh,2025-11-21 10:45:11,https://www.reddit.com/r/bangladesh/comments/1p2plds/earthquake_in_dhaka/
Estimated magnitude 5.2 earthquake,humble_akhBD,153,206,dhaka,2025-11-21 10:42:37,https://www.reddit.com/r/Dhaka/comments/1p2pjnp/estimated_magnitude_52_earthquake/
How do you maintain mental health in a private university environment where people feel double-faced and toxic?,x0verdose,15,21,dhaka,2025-11-21 10:29:17,https://www.reddit.com/r/Dhaka/comments/1p2parc/how_do_you_maintain_mental_health_in_a_private/
Confused!! HSC-26,Alternative_Lake9445,6,11,dhaka,2025-11-21 10:25:03,https://www.reddit.com/r/Dhaka/comments/1p2p7xk/confused_hsc26/
Best orthodontist in Dhaka ( for braces),chocolate_icecreamm,3,4,dhaka,2025-11-21 10:05:49,https://www.reddit.com/r/Dhaka/comments/1p2oui6/best_orthodontist_in_dhaka_for_braces/
Vacancy post for a marketing agency,Bored_Panda36,2,1,dhaka,2025-11-21 08:57:07,https://www.reddit.com/r/Dhaka/comments/1p2ncgu/vacancy_post_for_a_marketing_agency/
NIRAPAD Alliance Just Launched: A Major National Effort for Mental Health &amp; Cyber Safety 🇧🇩,LopsidedDistance6686,1,1,bangladesh,2025-11-21 08:40:09,https://www.reddit.com/r/bangladesh/comments/1p2mzk8/nirapad_alliance_just_launched_a_major_national/
NCP is shit fake !,Hot_Key2000,153,101,dhaka,2025-11-21 08:02:31,https://www.reddit.com/r/Dhaka/comments/1p2m6fc/ncp_is_shit_fake/
how to remember biology,Embarrassed_Tip_41,4,6,dhaka,2025-11-21 07:13:11,https://www.reddit.com/r/Dhaka/comments/1p2l45v/how_to_remember_biology/
Curse!,GlitchShot-7,13,10,dhaka,2025-11-21 05:59:28,https://www.reddit.com/r/Dhaka/comments/1p2jf99/curse/
Car Discussion subreddit!,notjustrafa,4,2,dhaka,2025-11-21 05:05:00,https://www.reddit.com/r/Dhaka/comments/1p2i61y/car_discussion_subreddit/
Bangladeshis living in Stockholm?,That_Mood_656,4,5,dhaka,2025-11-21 04:26:45,https://www.reddit.com/r/Dhaka/comments/1p2h7qk/bangladeshis_living_in_stockholm/
Payoneer safe or nah?,PotatoMoney6765,4,2,dhaka,2025-11-21 03:21:42,https://www.reddit.com/r/Dhaka/comments/1p2filn/payoneer_safe_or_nah/
Any bengali people living in rome rn,Beginning-Bar-1138,3,3,dhaka,2025-11-21 03:02:59,https://www.reddit.com/r/Dhaka/comments/1p2f0yc/any_bengali_people_living_in_rome_rn/
How is she even in jail? Is push in her fault?,Old_Mechanic9,3,5,dhaka,2025-11-21 02:55:00,https://youtu.be/8Dv4wzguSog
Custom Hoodie/ Jacket for my dept,walpurgis088,4,1,dhaka,2025-11-21 02:09:20,https://www.reddit.com/r/Dhaka/comments/1p2dmlc/custom_hoodie_jacket_for_my_dept/
Value for money pod,Intelligent_Ease4494,1,3,dhaka,2025-11-21 01:42:56,https://www.reddit.com/r/Dhaka/comments/1p2cx1g/value_for_money_pod/
Money,Aggressive-Tooth-231,6,7,dhaka,2025-11-21 01:21:58,https://www.reddit.com/r/Dhaka/comments/1p2ccrs/money/
Help!,Global-Scientist2235,0,9,dhaka,2025-11-21 01:18:05,https://www.reddit.com/r/Dhaka/comments/1p2c8zk/help/
Whoop User anyone?,Chance-Antelope8806,0,5,dhaka,2025-11-21 00:24:07,https://www.reddit.com/r/Dhaka/comments/1p2app1/whoop_user_anyone/
Should I buy Iphone 13 rn?,dummybubble_,6,16,dhaka,2025-11-21 00:22:16,https://www.reddit.com/r/Dhaka/comments/1p2anw1/should_i_buy_iphone_13_rn/
where can i find it?,Delicious_Plane_4809,2,3,dhaka,2025-11-21 00:15:38,https://www.reddit.com/r/Dhaka/comments/1p2ahmu/where_can_i_find_it/
Ansys  help,Poseidon-005,6,0,dhaka,2025-11-20 23:48:32,https://www.reddit.com/r/Dhaka/comments/1p29rog/ansys_help/
Earbuds Suggestion,rakibul_hasan_nishat,3,0,dhaka,2025-11-20 23:20:25,https://www.reddit.com/r/Dhaka/comments/1p2918o/earbuds_suggestion/
How to get free classes of udvash? ?,Existing-Being-2789,3,8,dhaka,2025-11-20 22:58:19,https://www.reddit.com/r/Dhaka/comments/1p28fbm/how_to_get_free_classes_of_udvash/
Regarding studying law,IcyAbbreviations2054,3,3,bangladesh,2025-11-20 22:58:00,https://www.reddit.com/r/bangladesh/comments/1p28f1c/regarding_studying_law/
BD bank AD or private bank MTO?,NoAd9144,4,3,dhaka,2025-11-20 22:58:00,https://www.reddit.com/r/Dhaka/comments/1p28f1d/bd_bank_ad_or_private_bank_mto/
Best Law faculty after DU,IcyAbbreviations2054,6,14,dhaka,2025-11-20 22:56:47,https://www.reddit.com/r/Dhaka/comments/1p28dwn/best_law_faculty_after_du/
Good Cook?,aunnyglitch,11,25,dhaka,2025-11-20 22:44:58,https://www.reddit.com/r/Dhaka/comments/1p282wf/good_cook/
"জয় বাংলা, ফা-সি এবার সামলা। নৌকার বিটে নতুন গান | Joy Bangla Song Reverse",melodeathGR,2,0,dhaka,2025-11-20 22:25:43,https://youtu.be/hoZid0SPNk0?si=W6C1uNV9JF3VY5OF
Looking for some quick gigs to earn money,PsychologicalAge8927,2,9,dhaka,2025-11-20 22:25:42,https://www.reddit.com/r/Dhaka/comments/1p27k9n/looking_for_some_quick_gigs_to_earn_money/
For hire! Work from home!,systematicallydead,0,7,dhaka,2025-11-20 22:02:03,https://www.reddit.com/r/Dhaka/comments/1p26x75/for_hire_work_from_home/
Bangladeshi students in Australia,Prudent_Resort_1038,5,24,dhaka,2025-11-20 20:48:05,https://www.reddit.com/r/Dhaka/comments/1p251jm/bangladeshi_students_in_australia/
July Uprising's iconic 'saluting rickshaw-puller' Sujon collects NCP nomination form from Dhaka-8,Necessary-Hunt6104,62,58,bangladesh,2025-11-20 20:24:11,https://i.redd.it/2pc0cviw8f2g1.jpeg
Learning video editing from scratch.,Ghost_FS9,15,9,dhaka,2025-11-20 20:20:11,https://www.reddit.com/r/Dhaka/comments/1p24d5s/learning_video_editing_from_scratch/
Research Paper Survey Questionnaire,FarhanIslam,3,0,dhaka,2025-11-20 20:18:40,https://www.reddit.com/r/Dhaka/comments/1p24bvd/research_paper_survey_questionnaire/
iFarmer. Is it good or scam?,zke14,3,5,dhaka,2025-11-20 20:14:26,https://www.reddit.com/r/Dhaka/comments/1p24897/ifarmer_is_it_good_or_scam/
Some thought on textile engineering,nirobaction,1,0,dhaka,2025-11-20 20:13:50,https://www.reddit.com/r/Dhaka/comments/1p247qf/some_thought_on_textile_engineering/
Thinking of Visiting Ispahani Eye Hospital — How’s the Queue &amp; Service?,Suspicious_Cheek3878,4,6,dhaka,2025-11-20 20:11:52,https://www.reddit.com/r/Dhaka/comments/1p2463n/thinking_of_visiting_ispahani_eye_hospital_hows/
Bangladeshi students in Canada.is it actually worth it? Need honest advice.,pikaa_pika,5,30,dhaka,2025-11-20 20:11:04,https://www.reddit.com/r/Dhaka/comments/1p245f8/bangladeshi_students_in_canadais_it_actually/
Music,Ok_Entrepreneur_2812,3,5,dhaka,2025-11-20 19:59:04,https://www.reddit.com/r/Dhaka/comments/1p23un7/music/
Where in Dhaka can i get these type of jackect/shacket? Exacyly emon design i lagbe solid color er moddhe kono likha likhi / company er logo cholbe na,Sparrow_tora_999,1,5,dhaka,2025-11-20 19:47:14,https://www.reddit.com/gallery/1p23kyr
Best Places for a quiet solo stay in this winter?,InevitableHot1851,1,6,dhaka,2025-11-20 19:18:14,https://www.reddit.com/r/Dhaka/comments/1p22xnk/best_places_for_a_quiet_solo_stay_in_this_winter/
Does feminism exist in Jamaat?,fatal-rose-3047,45,86,dhaka,2025-11-20 18:45:13,https://www.reddit.com/r/Dhaka/comments/1p22866/does_feminism_exist_in_jamaat/
How do you grow from solo freelancer to an actual business in Bangladesh?,Rare_Environment5752,10,37,dhaka,2025-11-20 18:36:44,https://www.reddit.com/r/Dhaka/comments/1p221v7/how_do_you_grow_from_solo_freelancer_to_an_actual/
Cheese suggestion for pizza,Professional-Tiger57,3,2,dhaka,2025-11-20 18:32:28,https://www.reddit.com/r/Dhaka/comments/1p21yqu/cheese_suggestion_for_pizza/
Is getting a good partner really this hard in today’s era?,themrnotfound,10,21,bangladesh,2025-11-20 17:08:17,https://www.reddit.com/r/bangladesh/comments/1p20f94/is_getting_a_good_partner_really_this_hard_in/
Suggest me Gelato Places,Known_Ad_7748,2,3,dhaka,2025-11-20 16:33:34,https://www.reddit.com/r/Dhaka/comments/1p1zuts/suggest_me_gelato_places/
Recommendations for good hair cut &amp; hair color places in Bogra?,Zed18_,3,2,dhaka,2025-11-20 15:54:44,https://www.reddit.com/r/Dhaka/comments/1p1z8kt/recommendations_for_good_hair_cut_hair_color/
Vitamin D,No_Tailor2427,6,33,dhaka,2025-11-20 13:58:43,https://www.reddit.com/r/Dhaka/comments/1p1xhbk/vitamin_d/
Is 256 GB enough or should I get 512 GB,No-Volume2455,8,56,dhaka,2025-11-20 13:52:23,https://www.reddit.com/r/Dhaka/comments/1p1xe1n/is_256_gb_enough_or_should_i_get_512_gb/
Ostad's c#. Net core course review,lonely-Catto,1,2,dhaka,2025-11-20 13:33:48,https://www.reddit.com/r/Dhaka/comments/1p1x400/ostads_c_net_core_course_review/
Does anyone know any Chinese Importer?,SalaryImpressive7469,1,5,dhaka,2025-11-20 13:21:12,https://www.reddit.com/r/Dhaka/comments/1p1wx3h/does_anyone_know_any_chinese_importer/
creatine suggestions,ziszaman,0,13,dhaka,2025-11-20 13:10:41,https://www.reddit.com/r/Dhaka/comments/1p1wr0z/creatine_suggestions/
Do you consider carrying phone as a student illegal?,SE9A,7,13,dhaka,2025-11-20 13:02:09,https://www.reddit.com/r/Dhaka/comments/1p1wm26/do_you_consider_carrying_phone_as_a_student/
I (Male 18) am looking for bengali friends so I can keep learning the language,AverageUselessdude,9,8,dhaka,2025-11-20 12:57:11,https://www.reddit.com/r/Dhaka/comments/1p1wj2t/i_male_18_am_looking_for_bengali_friends_so_i_can/
Confused on how to earn money as a young female,JealousCompote4509,4,44,dhaka,2025-11-20 12:37:40,https://www.reddit.com/r/Dhaka/comments/1p1w7nz/confused_on_how_to_earn_money_as_a_young_female/
Tech Guy Seeks Roommate/Benefactor - Skills for Rent!,hossainbillal,2,0,dhaka,2025-11-20 12:27:52,https://www.reddit.com/r/Dhaka/comments/1p1w1xd/tech_guy_seeks_roommatebenefactor_skills_for_rent/
"Toggi fun world, Bashundhara Shopping mall",Holiday_Fee6722,7,1,dhaka,2025-11-20 12:23:47,https://www.reddit.com/r/Dhaka/comments/1p1vzlt/toggi_fun_world_bashundhara_shopping_mall/
Bachelors in South Korea,LilNoirito,8,14,dhaka,2025-11-20 12:01:31,https://www.reddit.com/r/Dhaka/comments/1p1vlzw/bachelors_in_south_korea/
Is there any way to study cse in Bangladesh without passing h.math,Nate_Higger-san,3,21,dhaka,2025-11-20 11:13:59,https://www.reddit.com/r/Dhaka/comments/1p1urow/is_there_any_way_to_study_cse_in_bangladesh/
Wanna sell my Intel Arc A750 8GB,Illustrious_Coat_462,2,9,dhaka,2025-11-20 07:42:22,https://www.reddit.com/r/Dhaka/comments/1p1qglo/wanna_sell_my_intel_arc_a750_8gb/
Psychologist,Square-Box-1043,4,2,dhaka,2025-11-20 07:16:53,https://www.reddit.com/r/Dhaka/comments/1p1pwtm/psychologist/
Hotel Review,Technical-Midnight73,2,1,dhaka,2025-11-20 06:10:43,https://www.reddit.com/r/Dhaka/comments/1p1ofi9/hotel_review/
I was a patient of three different mental health rehab facilities including Pabna mental hospital. AMA.,Old_Mechanic9,5,6,bangladesh,2025-11-20 05:49:02,https://www.reddit.com/r/bangladesh/comments/1p1nx7g/i_was_a_patient_of_three_different_mental_health/
I was in three different rehab mental health facilities including Pabna mental hospital. AMA.,Old_Mechanic9,50,49,dhaka,2025-11-20 05:46:13,https://www.reddit.com/r/Dhaka/comments/1p1nuy7/i_was_in_three_different_rehab_mental_health/
Proud Son of Rajakar,RazzmatazzStrict,3,0,dhaka,2025-11-20 03:48:21,https://youtu.be/RRODkIEAGMw?si=KTlKEnIbaZJJm-U8
Which will be the All-rounder?,Environmental_Cry214,1,19,dhaka,2025-11-20 02:49:47,https://www.reddit.com/gallery/1p1jetk
Cool date/hangout spots in Dhaka,ei_white,3,3,dhaka,2025-11-20 02:46:45,https://www.reddit.com/r/Dhaka/comments/1p1jc16/cool_datehangout_spots_in_dhaka/
got into a harassment for no reason,Beneficial_Mouse_279,41,72,dhaka,2025-11-20 02:24:23,https://www.reddit.com/r/Dhaka/comments/1p1iqxu/got_into_a_harassment_for_no_reason/
"Arrival of New Shahriar, Govt should award him Independence Award.",RazzmatazzStrict,1,0,dhaka,2025-11-20 01:51:38,https://www.facebook.com/reel/2004135310151121
Goth fashion for men in Bangladesh?,notjustrafa,8,3,dhaka,2025-11-20 01:27:55,https://www.reddit.com/r/Dhaka/comments/1p1h87c/goth_fashion_for_men_in_bangladesh/
where to buy ps5 and how much?,StrangeFile8991,8,19,dhaka,2025-11-20 01:24:02,https://www.reddit.com/r/Dhaka/comments/1p1h4jv/where_to_buy_ps5_and_how_much/
Fingerprint issue at NID office. Any help from people who faced this before?,Sanim-99,2,1,dhaka,2025-11-20 01:22:41,https://www.reddit.com/r/Dhaka/comments/1p1h39k/fingerprint_issue_at_nid_office_any_help_from/
anyone know anything about music production?,frustratedcigs,5,10,dhaka,2025-11-20 01:18:42,https://www.reddit.com/r/Dhaka/comments/1p1gzb2/anyone_know_anything_about_music_production/
Looking for a spot,BreakfastAutomatic52,3,9,dhaka,2025-11-20 00:49:09,https://www.reddit.com/r/Dhaka/comments/1p1g61s/looking_for_a_spot/
Need advice,Budget_Ad_1684,4,7,dhaka,2025-11-20 00:03:01,https://www.reddit.com/r/Dhaka/comments/1p1eurn/need_advice/
thriller books,cat-woman2005,6,19,dhaka,2025-11-19 23:51:43,https://www.reddit.com/r/Dhaka/comments/1p1ejjy/thriller_books/
How can I help my little brother improve his English pronunciation and spelling,ResponsibleFudge8955,9,15,dhaka,2025-11-19 23:47:07,https://www.reddit.com/r/Dhaka/comments/1p1ef3l/how_can_i_help_my_little_brother_improve_his/
masters in US,renluvr,5,4,dhaka,2025-11-19 23:45:25,https://www.reddit.com/r/Dhaka/comments/1p1edhs/masters_in_us/
Is there any place in Bangladesh where we can do hiking?,kindred_eldtrich,2,5,dhaka,2025-11-19 23:25:14,https://www.reddit.com/r/Dhaka/comments/1p1dtqo/is_there_any_place_in_bangladesh_where_we_can_do/
Gift ideas,PotatoMoney6765,10,6,dhaka,2025-11-19 23:20:35,https://www.reddit.com/r/Dhaka/comments/1p1dp3w/gift_ideas/
Sitcom,rifwix,7,34,dhaka,2025-11-19 23:18:32,https://www.reddit.com/r/Dhaka/comments/1p1dn6c/sitcom/
Dhaka English Medium Schools: Playgroup Admission Info,Complete_Risk_6877,3,0,dhaka,2025-11-19 23:12:59,https://www.reddit.com/r/Dhaka/comments/1p1dho6/dhaka_english_medium_schools_playgroup_admission/
Jobless,Adventurous_Milk_425,13,10,dhaka,2025-11-19 23:12:50,https://www.reddit.com/r/Dhaka/comments/1p1dhiw/jobless/
career,Less_Proposal4848,1,2,dhaka,2025-11-19 23:09:17,https://www.reddit.com/r/Dhaka/comments/1p1de3a/career/
Advice,WasteCrow8280,3,12,dhaka,2025-11-19 22:52:26,https://www.reddit.com/r/Dhaka/comments/1p1cxe8/advice/
Gift Suggetion,Suvojit_Sarker,4,3,dhaka,2025-11-19 22:43:39,https://www.reddit.com/r/Dhaka/comments/1p1cov0/gift_suggetion/
BRAC University’s Architecture requirements feel kinda unusual,CapsLockChaos,4,18,dhaka,2025-11-19 22:28:22,https://www.reddit.com/r/Dhaka/comments/1p1c9nn/brac_universitys_architecture_requirements_feel/
Explain this Bangladeshi Economy and Market related question to a less educated person.,Forgotten_Seriously,5,7,dhaka,2025-11-19 22:22:43,https://www.reddit.com/r/Dhaka/comments/1p1c44c/explain_this_bangladeshi_economy_and_market/
The lawyer appointed for Sheikh Hasina in the kangaroo court.,New_Edge360,1,0,dhaka,2025-11-19 22:13:51,https://www.reddit.com/r/Dhaka/comments/1p1bvd4/the_lawyer_appointed_for_sheikh_hasina_in_the/
Where can I download my SSC &amp; HSC marksheets online?,Acceptable-One-7793,1,7,dhaka,2025-11-19 21:46:36,https://www.reddit.com/r/Dhaka/comments/1p1b53j/where_can_i_download_my_ssc_hsc_marksheets_online/
Why do female first-class government officers wear suits over their sarees and prefer being addressed as “Sir” instead of “Madam”?,the-machine-m4n,2,7,dhaka,2025-11-19 21:16:02,https://www.reddit.com/r/Dhaka/comments/1p1abp6/why_do_female_firstclass_government_officers_wear/
Best Soup in town?,Almostfamous_02,5,9,dhaka,2025-11-19 21:14:31,https://www.reddit.com/r/Dhaka/comments/1p1aa9c/best_soup_in_town/
why bangladesh still dont have one nfc card for all transport,RudeUse100,3,3,dhaka,2025-11-19 21:10:39,https://www.reddit.com/r/Dhaka/comments/1p1a6tu/why_bangladesh_still_dont_have_one_nfc_card_for/
Let's talk about new year resolutions,theboyisdivine,1,9,dhaka,2025-11-19 21:06:28,https://www.reddit.com/r/Dhaka/comments/1p1a2wd/lets_talk_about_new_year_resolutions/
"Favourite Restaurants in Dhanmondi, Panthapath, Elephant Road.",999baseballs,2,9,dhaka,2025-11-19 20:41:37,https://www.reddit.com/r/Dhaka/comments/1p19g1z/favourite_restaurants_in_dhanmondi_panthapath/
Book recommendation on music theory,Rough_Insurance6722,9,3,dhaka,2025-11-19 20:32:49,https://www.reddit.com/r/Dhaka/comments/1p1984s/book_recommendation_on_music_theory/
Need Someone,cxcuser,0,14,dhaka,2025-11-19 20:16:26,https://www.reddit.com/r/Dhaka/comments/1p18tu4/need_someone/
Most Bangladeshi Uncles/Aunties can't think rationally,Crowned_XD,37,6,bangladesh,2025-11-19 19:38:48,https://www.reddit.com/r/bangladesh/comments/1p17xd5/most_bangladeshi_unclesaunties_cant_think/
Need someone,Unusual-Bit-6296,8,39,dhaka,2025-11-19 19:32:54,https://www.reddit.com/r/Dhaka/comments/1p17sc4/need_someone/
I Just hate how most Bangladeshi people just cannot think rationally,Crowned_XD,116,37,dhaka,2025-11-19 19:18:07,https://www.reddit.com/r/Dhaka/comments/1p17g5l/i_just_hate_how_most_bangladeshi_people_just/
Where in Dhaka can I get these Chunky Penny Loafers and Men's long wallet in best price?,Mikoyane,2,6,dhaka,2025-11-19 19:09:52,https://www.reddit.com/r/Dhaka/comments/1p179h3/where_in_dhaka_can_i_get_these_chunky_penny/
Fb page posting pics of women without consent,jasontoddloverr,57,30,dhaka,2025-11-19 18:36:52,https://www.reddit.com/r/Dhaka/comments/1p16k5e/fb_page_posting_pics_of_women_without_consent/
Best dermatologist in DHAKA for Fungal infection (Tinia Cruris),OpenBelt8195,6,25,dhaka,2025-11-19 18:28:22,https://www.reddit.com/r/Dhaka/comments/1p16dp7/best_dermatologist_in_dhaka_for_fungal_infection/
Best online physics course for HSC students in Bangladesh?,No_Arrival_9355,2,6,dhaka,2025-11-19 18:14:45,https://www.reddit.com/r/Dhaka/comments/1p163x9/best_online_physics_course_for_hsc_students_in/
TRAVEL CLUBS,Mundane-Apartment-10,9,8,dhaka,2025-11-19 17:46:38,https://www.reddit.com/r/Dhaka/comments/1p15jus/travel_clubs/
Have anyone face this issue with uber?,readit_bd,4,5,dhaka,2025-11-19 17:38:29,https://www.reddit.com/r/Dhaka/comments/1p15dqp/have_anyone_face_this_issue_with_uber/
Have you used the ALLJOBS service by Teletalk? This is such a buggy website / app. I can't login to my account for the past 1 hour,the-machine-m4n,1,0,dhaka,2025-11-19 17:37:08,https://www.reddit.com/r/Dhaka/comments/1p15cpi/have_you_used_the_alljobs_service_by_teletalk/
Where to sell perfume?,ElectronicValue8056,6,11,dhaka,2025-11-19 17:29:07,https://www.reddit.com/r/Dhaka/comments/1p157dt/where_to_sell_perfume/
Need suggestions,diviaterun,2,8,dhaka,2025-11-19 16:50:52,https://www.reddit.com/r/Dhaka/comments/1p14gek/need_suggestions/
Please Help Me Regarding Sunglasses!!,SpinachDesigner3346,1,4,dhaka,2025-11-19 16:37:38,https://www.reddit.com/gallery/1p148t7
Any BUTEXIAN ?,Funny-Ad-2513,1,5,dhaka,2025-11-19 16:14:49,https://www.reddit.com/r/Dhaka/comments/1p13upx/any_butexian/
Let's talk and do something,Top-Slide-4095,6,34,dhaka,2025-11-19 16:02:01,https://www.reddit.com/r/Dhaka/comments/1p13mr5/lets_talk_and_do_something/
Advice,DriveHeavy5045,8,13,dhaka,2025-11-19 15:55:58,https://www.reddit.com/r/Dhaka/comments/1p13j3q/advice/
Syllabus Completion Problem,rion__2036,3,4,dhaka,2025-11-19 15:55:44,https://www.reddit.com/r/Dhaka/comments/1p13izf/syllabus_completion_problem/
বাংলাদেশের ফুটবল স্টেডিয়ামের চারদিকে এতো বিশাল খালি জায়গা থাকে কেন? যেখানে আধুনিক বিশ্বের কোনো স্টেডিয়ামে এমনটা দেখা যায় না।,Massivehit,6,12,bangladesh,2025-11-19 15:54:57,https://www.reddit.com/gallery/1p13ij3
Need Relationship advice,TacoChair07,14,25,dhaka,2025-11-19 15:44:32,https://www.reddit.com/r/Dhaka/comments/1p13cf3/need_relationship_advice/
gift for cousins from australia (and restaurant recs),sleepislife25,3,1,bangladesh,2025-11-19 15:33:21,https://www.reddit.com/r/bangladesh/comments/1p135y7/gift_for_cousins_from_australia_and_restaurant/
Does this look like a Hindu goddess?,Infinite-Sector-8694,151,200,dhaka,2025-11-19 15:22:51,https://www.reddit.com/gallery/1p1303f
Need information about ordering something,Astral_Modulator709,3,13,dhaka,2025-11-19 15:18:35,https://www.reddit.com/r/Dhaka/comments/1p12xjf/need_information_about_ordering_something/
gift for cousins from australia (and restaurant recs),sleepislife25,9,31,dhaka,2025-11-19 15:18:26,https://www.reddit.com/r/Dhaka/comments/1p12xgw/gift_for_cousins_from_australia_and_restaurant/
Entrepreneurship &amp; Sales  Book Suggestions !,anderslio9,2,9,dhaka,2025-11-19 14:53:02,https://www.reddit.com/r/Dhaka/comments/1p12hro/entrepreneurship_sales_book_suggestions/
এই টাইপ প্যান্ট কোথায় পাবো?,Puzzleheaded-Hat6548,24,34,dhaka,2025-11-19 14:32:12,https://www.reddit.com/gallery/1p12614
Need help from BBA students,Outside_Raspberry587,2,1,dhaka,2025-11-19 13:48:30,https://www.reddit.com/r/Dhaka/comments/1p11hww/need_help_from_bba_students/
"Looking for SSD Suggestions Under 5,000 Taka (Bangladesh) - M.2 2280 PCle 3/4 x4 NVMe, 512GB",Traditional-Pop2769,1,0,dhaka,2025-11-19 13:36:53,https://www.reddit.com/r/Dhaka/comments/1p11bkr/looking_for_ssd_suggestions_under_5000_taka/
Taking A levels as a private candidate,Upper-Berry213,8,20,dhaka,2025-11-19 13:30:13,https://www.reddit.com/r/Dhaka/comments/1p117ox/taking_a_levels_as_a_private_candidate/
anxious about future,frustratedcigs,5,10,dhaka,2025-11-19 12:49:23,https://www.reddit.com/r/Dhaka/comments/1p10k0k/anxious_about_future/
need study partner,Diligent_Hunt7245,3,0,dhaka,2025-11-19 12:41:47,https://www.reddit.com/r/Dhaka/comments/1p10fci/need_study_partner/
🎯 Join Our Freelance Transcription Team at Quantigo AI!,Academic_Flamingo250,0,3,dhaka,2025-11-19 12:30:47,https://www.reddit.com/r/Dhaka/comments/1p108gn/join_our_freelance_transcription_team_at_quantigo/
National bank,No_Tailor2427,4,1,dhaka,2025-11-19 11:38:06,https://www.reddit.com/r/Dhaka/comments/1p0zban/national_bank/
Male waxing,BreakfastAutomatic52,14,26,dhaka,2025-11-19 11:33:44,https://www.reddit.com/r/Dhaka/comments/1p0z8j7/male_waxing/
any pharmacy owners here?,Plastic_Comedian_615,1,9,dhaka,2025-11-19 11:06:36,https://www.reddit.com/r/Dhaka/comments/1p0yr0n/any_pharmacy_owners_here/
Recommend a watch for men,Ok_Temperature1414,8,26,dhaka,2025-11-19 10:16:02,https://www.reddit.com/r/Dhaka/comments/1p0xsdf/recommend_a_watch_for_men/
Dhanmondi Lake this morning — who else loves morning walks here,Embarrassed-Law6338,20,3,dhaka,2025-11-19 10:00:33,https://www.reddit.com/gallery/1p0xhe4
Denim jeans,CalligrapherWest4585,5,9,dhaka,2025-11-19 09:20:42,https://www.reddit.com/r/Dhaka/comments/1p0wo6w/denim_jeans/
Online platforms where I can buy used smartphones,superkafooo,5,5,dhaka,2025-11-19 08:57:06,https://www.reddit.com/r/Dhaka/comments/1p0w636/online_platforms_where_i_can_buy_used_smartphones/
Radiohead hoodie,Individual-Ad-9678,3,1,dhaka,2025-11-19 07:53:30,https://www.reddit.com/r/Dhaka/comments/1p0uten/radiohead_hoodie/
A level CAIE,Hot-Effective5484,3,2,dhaka,2025-11-19 07:29:04,https://www.reddit.com/r/Dhaka/comments/1p0ua66/a_level_caie/
Is mbbs from Bangladesh worth it??,timespaceweb,18,40,dhaka,2025-11-19 07:24:51,https://www.reddit.com/r/Dhaka/comments/1p0u6z3/is_mbbs_from_bangladesh_worth_it/
BNP er good side ashole ki?,hackerbong,4,54,dhaka,2025-11-19 06:55:58,https://www.reddit.com/r/Dhaka/comments/1p0tk41/bnp_er_good_side_ashole_ki/
Attempting to Resell My Ticket,meetnyself,1,0,dhaka,2025-11-19 05:20:07,https://www.reddit.com/r/Dhaka/comments/1p0rd9n/attempting_to_resell_my_ticket/
Getting Euro payments as a Bangladeshi,Alfred_Pithu,3,4,dhaka,2025-11-19 04:56:44,https://www.reddit.com/r/Dhaka/comments/1p0qsjo/getting_euro_payments_as_a_bangladeshi/
Smartphone without AI features?,Outrageous-Being7136,6,5,dhaka,2025-11-19 01:16:41,https://www.reddit.com/r/Dhaka/comments/1p0l1tb/smartphone_without_ai_features/
Suggest a good doctor for treating hairfall,UnicornFromAlaska,3,7,dhaka,2025-11-19 01:01:40,https://www.reddit.com/r/Dhaka/comments/1p0knch/suggest_a_good_doctor_for_treating_hairfall/
Visiting Dhaka - looking for recommendations,RealZubidoo,3,2,dhaka,2025-11-19 01:00:32,https://www.reddit.com/r/Dhaka/comments/1p0km23/visiting_dhaka_looking_for_recommendations/
Shopping,PostHoliday9789,4,4,dhaka,2025-11-19 01:00:26,https://www.reddit.com/r/Dhaka/comments/1p0klym/shopping/
where to fix roadbikes?,DrySuspect5165,2,1,dhaka,2025-11-19 00:58:35,https://www.reddit.com/r/Dhaka/comments/1p0kk8m/where_to_fix_roadbikes/
Life mistakes..,RadoanIslamEthan,10,7,dhaka,2025-11-19 00:41:11,https://www.reddit.com/r/Dhaka/comments/1p0k375/life_mistakes/
To the US and Europe Based BD community,Left-Homework-6650,3,4,dhaka,2025-11-19 00:06:45,https://www.reddit.com/r/Dhaka/comments/1p0j5gl/to_the_us_and_europe_based_bd_community/
Dad's Birthday,unfrared,7,3,dhaka,2025-11-19 00:02:43,https://www.reddit.com/r/Dhaka/comments/1p0j1hr/dads_birthday/
Dhaka's traffic is getting worse and no one seems to care,StockholmSyndrome_69,25,15,dhaka,2025-11-18 23:46:19,https://www.reddit.com/r/Dhaka/comments/1p0ila3/dhakas_traffic_is_getting_worse_and_no_one_seems/
Is Ali2BD reliable?,SalaryImpressive7469,13,18,dhaka,2025-11-18 23:21:16,https://www.reddit.com/r/Dhaka/comments/1p0hwmn/is_ali2bd_reliable/
How do i pass HSC ICT?,nimbus2346,1,42,dhaka,2025-11-18 22:55:55,https://www.reddit.com/r/Dhaka/comments/1p0h7aq/how_do_i_pass_hsc_ict/
HISTORIC VICTORY FOR THE COUNTRY!!!,Plastic_Repeat_995,66,9,bangladesh,2025-11-18 22:50:10,https://www.reddit.com/r/bangladesh/comments/1p0h1s7/historic_victory_for_the_country/
Bangladesh wins,HinduShibir,218,12,bangladesh,2025-11-18 22:49:47,https://i.redd.it/taw42xk2p12g1.jpeg
Suggest stores to buy unofficial iphone,amnesia_luck,3,10,dhaka,2025-11-18 22:47:02,https://www.reddit.com/r/Dhaka/comments/1p0gyrn/suggest_stores_to_buy_unofficial_iphone/
"Looking to Donate Books in Dhaka , Any Suggestions?",panic_structure,5,1,bangladesh,2025-11-18 22:24:55,https://www.reddit.com/r/bangladesh/comments/1p0gdf8/looking_to_donate_books_in_dhaka_any_suggestions/
are actually reliable birth control pills available in this city?,Proof-Mousse6951,5,20,dhaka,2025-11-18 22:21:13,https://www.reddit.com/r/Dhaka/comments/1p0g9ux/are_actually_reliable_birth_control_pills/
Bangladesh is severely lacking in Public Libraries and overall access to books.,Honest_Ad_6090,63,40,dhaka,2025-11-18 21:43:20,https://www.reddit.com/r/Dhaka/comments/1p0f95k/bangladesh_is_severely_lacking_in_public/
Keychains,AffectionateTie8130,4,6,dhaka,2025-11-18 21:35:47,https://www.reddit.com/gallery/1p0f2bu
20(F),cat-woman2005,0,11,dhaka,2025-11-18 21:33:59,https://www.reddit.com/r/Dhaka/comments/1p0f0ou/20f/
Is there anything I can bring from Germany and sell at a profit in Bangladesh?,United-Road-7338,2,5,dhaka,2025-11-18 21:07:32,https://www.reddit.com/r/Dhaka/comments/1p0ec4j/is_there_anything_i_can_bring_from_germany_and/
How much marks and where my placement should be if I want to get IR (international relation) in BUP FSSS?,Levi_BD,1,0,dhaka,2025-11-18 20:49:31,https://www.reddit.com/r/Dhaka/comments/1p0dvjl/how_much_marks_and_where_my_placement_should_be/
Bangladeshi women should stop settling for less. We are enabling these losers,QuietSuccessfull,149,336,dhaka,2025-11-18 20:37:15,https://www.reddit.com/r/Dhaka/comments/1p0dkr3/bangladeshi_women_should_stop_settling_for_less/
Cloudflare Blocked?,aunnyglitch,20,28,dhaka,2025-11-18 20:05:29,https://www.reddit.com/r/Dhaka/comments/1p0ct5i/cloudflare_blocked/
A little support!,jasontoddloverr,2,3,dhaka,2025-11-18 20:05:16,https://www.reddit.com/r/Dhaka/comments/1p0csyk/a_little_support/
Is this flight connection too risky? Need advice.,meetnyself,1,4,dhaka,2025-11-18 19:57:03,https://www.reddit.com/r/Dhaka/comments/1p0clkw/is_this_flight_connection_too_risky_need_advice/
How to make greek yogurt from Aarong tok doi? Please help,Resident_Ad9808,4,20,dhaka,2025-11-18 19:33:56,https://www.reddit.com/r/Dhaka/comments/1p0c20r/how_to_make_greek_yogurt_from_aarong_tok_doi/
Asking for suggestion for male skincare product,_t_gallant_,3,5,dhaka,2025-11-18 19:30:59,https://www.reddit.com/r/Dhaka/comments/1p0bzka/asking_for_suggestion_for_male_skincare_product/
Streaming App,Ark_rivia,1,3,dhaka,2025-11-18 19:21:27,https://www.reddit.com/r/Dhaka/comments/1p0brn1/streaming_app/
New year resolution suggestions,Famous_Meringue1818,6,10,dhaka,2025-11-18 19:15:22,https://www.reddit.com/r/Dhaka/comments/1p0bmn7/new_year_resolution_suggestions/
Hasina's death sentence,Ok_Big530,0,6,dhaka,2025-11-18 19:13:19,https://www.reddit.com/r/Dhaka/comments/1p0bl1r/hasinas_death_sentence/
Dhaka-Chittagong highway speedcam?,Reedditcdi,3,3,dhaka,2025-11-18 19:07:11,https://www.reddit.com/r/Dhaka/comments/1p0bg39/dhakachittagong_highway_speedcam/
Men beauty,Mobile_Hearing5882,25,103,dhaka,2025-11-18 18:27:44,https://www.reddit.com/r/Dhaka/comments/1p0am65/men_beauty/
About BracU EEE,onisadat_712005,4,1,bangladesh,2025-11-18 17:53:48,https://www.reddit.com/r/bangladesh/comments/1p09y7q/about_bracu_eee/
BD domestic flights,zsk471,2,3,dhaka,2025-11-18 17:07:13,https://www.reddit.com/r/Dhaka/comments/1p094ve/bd_domestic_flights/
Bd domestic flights,zsk471,3,1,bangladesh,2025-11-18 17:06:01,https://www.reddit.com/r/bangladesh/comments/1p09464/bd_domestic_flights/
Government of the pressure group by the pressure group for the pressure group,RazzmatazzStrict,4,2,dhaka,2025-11-18 16:45:54,https://www.reddit.com/r/Dhaka/comments/1p08rzs/government_of_the_pressure_group_by_the_pressure/
All you can eat Buffet,whatevermeme,19,26,dhaka,2025-11-18 16:44:34,https://www.reddit.com/r/Dhaka/comments/1p08r78/all_you_can_eat_buffet/
Bank loan,Previous-Chocolate99,3,8,dhaka,2025-11-18 16:40:47,https://www.reddit.com/r/Dhaka/comments/1p08ozz/bank_loan/
Dinner Set &amp; Womens Jewellery,Careful_Storm_3665,3,6,dhaka,2025-11-18 16:36:12,https://www.reddit.com/r/Dhaka/comments/1p08mag/dinner_set_womens_jewellery/
Software engineering,PotatoMoney6765,3,10,dhaka,2025-11-18 15:08:37,https://www.reddit.com/r/Dhaka/comments/1p07957/software_engineering/
do ways of making money online really exist? i need serious help. (please no khalid farhan type of advice),unplugged_________,10,19,dhaka,2025-11-18 14:43:46,https://www.reddit.com/r/Dhaka/comments/1p06v7o/do_ways_of_making_money_online_really_exist_i/
Give me your top ragebait,Ok_Temperature1414,28,76,dhaka,2025-11-18 14:13:12,https://www.reddit.com/r/Dhaka/comments/1p06ejd/give_me_your_top_ragebait/
Need hotel recommendations in Banani - unmarried couple,ArthurMorgan_47,24,65,dhaka,2025-11-18 13:59:43,https://www.reddit.com/r/Dhaka/comments/1p066sv/need_hotel_recommendations_in_banani_unmarried/
I'm curious,Deep_While_3960,2,2,dhaka,2025-11-18 13:48:18,https://www.reddit.com/r/Dhaka/comments/1p060m9/im_curious/
জার্নালিং,Aegon_TargaryanII,13,10,dhaka,2025-11-18 13:45:20,https://www.reddit.com/r/Dhaka/comments/1p05yyg/জরনল/
Wake up Bangladeshis,Hot-Point-4090,2,1,bangladesh,2025-11-18 13:39:20,https://www.reddit.com/r/bangladesh/comments/1p05vor/wake_up_bangladeshis/
“৯০-এর দশকের ঢাকা—অতীতের শহরের এক মুহূর্ত 📸”,Embarrassed-Law6338,33,2,dhaka,2025-11-18 13:27:31,https://www.reddit.com/gallery/1p05p8x
Best flower shops,dengxiety,7,5,dhaka,2025-11-18 13:25:41,https://www.reddit.com/r/Dhaka/comments/1p05o7x/best_flower_shops/
Do Bangladeshi University Students Get .edu e-mail addresses?,biggestloserinearth,9,32,dhaka,2025-11-18 13:10:46,https://www.reddit.com/r/Dhaka/comments/1p05g0m/do_bangladeshi_university_students_get_edu_email/
Passport Correction and Renewal in BD,Sensitive_Win_9094,5,3,bangladesh,2025-11-18 13:01:38,https://www.reddit.com/r/bangladesh/comments/1p05anv/passport_correction_and_renewal_in_bd/
"Protibastob from Dhaka Comics - An anthology of comics from various underrated artists, I love these artists so much, they're deserve so much more recognition, and I love the way Bangla comics is going, maybe one day it will become a world famous genre like manga",yasserius,6,0,bangladesh,2025-11-18 12:54:50,https://v.redd.it/2rcejh3kqy1g1
C-B unit Bangla,t1tu_ez4ence,2,1,dhaka,2025-11-18 12:37:42,https://www.reddit.com/r/Dhaka/comments/1p04w9n/cb_unit_bangla/
CU vs RU,Abdullah715279,3,17,dhaka,2025-11-18 12:13:43,https://www.reddit.com/r/Dhaka/comments/1p04hsq/cu_vs_ru/
Books,grey_maverick,1,1,dhaka,2025-11-18 11:50:05,https://www.reddit.com/r/Dhaka/comments/1p042ym/books/
Looking for a Job.,iamnoman18,5,0,bangladesh,2025-11-18 11:01:00,https://www.reddit.com/r/bangladesh/comments/1p036wb/looking_for_a_job/
Looking for a Part Time/ Full time job.,iamnoman18,3,1,dhaka,2025-11-18 11:00:12,https://www.reddit.com/r/Dhaka/comments/1p0369o/looking_for_a_part_time_full_time_job/
Excel Training Centers in Dhanmondi/New Market with Microsoft Certification,hard2resist,3,1,dhaka,2025-11-18 10:55:59,https://www.reddit.com/r/Dhaka/comments/1p033g4/excel_training_centers_in_dhanmondinew_market/
Study MBA!,Extension_Gene_5600,3,5,dhaka,2025-11-18 10:48:55,https://www.reddit.com/r/Dhaka/comments/1p02yqc/study_mba/
Trusted source to donate online?,SpecialistLow1164,3,7,dhaka,2025-11-18 10:33:51,https://www.reddit.com/r/Dhaka/comments/1p02oe5/trusted_source_to_donate_online/
Had anyone buy smartphone from aliexpress if did let me know your opinion,Forward_Initial_5138,3,7,dhaka,2025-11-18 10:08:19,https://www.reddit.com/r/Dhaka/comments/1p026ym/had_anyone_buy_smartphone_from_aliexpress_if_did/
Need advice on what to do..for life..career..etc😭,One-Breakfast-3410,3,8,dhaka,2025-11-18 09:55:43,https://www.reddit.com/r/Dhaka/comments/1p01xpd/need_advice_on_what_to_dofor_lifecareeretc/
Need Suggestions for Budget-Friendly Book Sites,Jumpy-Selection-7728,7,3,dhaka,2025-11-18 09:25:27,https://www.reddit.com/r/Dhaka/comments/1p01b6b/need_suggestions_for_budgetfriendly_book_sites/
Good camera repair shop in Dhaka + cost?,Additional-Skirt-937,3,0,dhaka,2025-11-18 07:13:38,https://www.reddit.com/r/Dhaka/comments/1ozyg4t/good_camera_repair_shop_in_dhaka_cost/
Your Top 5 Trusted Phone Shops in Dhaka,Electrical_Example28,8,4,bangladesh,2025-11-18 07:05:16,https://www.reddit.com/r/bangladesh/comments/1ozy9e3/your_top_5_trusted_phone_shops_in_dhaka/
Is arranged marriage still a thing in Bangladesh for male in their early 20s?,hackerbong,55,47,dhaka,2025-11-18 06:56:01,https://www.reddit.com/r/Dhaka/comments/1ozy1x1/is_arranged_marriage_still_a_thing_in_bangladesh/
Can anyone recommend a place to repair headphone near or close to Dhanmondi?,DisSapo1ntment,6,1,bangladesh,2025-11-18 06:48:37,/r/Dhaka/comments/1ozxvf4/can_anyone_recommend_a_place_to_repair_headphone/
Can anyone recommend a place to repair headphone near or close to Dhanmondi?,DisSapo1ntment,2,2,dhaka,2025-11-18 06:47:48,https://www.reddit.com/r/Dhaka/comments/1ozxvf4/can_anyone_recommend_a_place_to_repair_headphone/
A level students,Hot-Effective5484,7,4,dhaka,2025-11-18 05:14:35,https://www.reddit.com/r/Dhaka/comments/1ozvonm/a_level_students/
Kinda unemployed,smolcatfis,12,13,dhaka,2025-11-18 04:41:03,https://www.reddit.com/r/Dhaka/comments/1ozuul3/kinda_unemployed/
Need One plus 15,MentionAdmirable1902,2,1,dhaka,2025-11-18 04:37:24,https://www.reddit.com/r/Dhaka/comments/1ozurbe/need_one_plus_15/
Afraid to attend job interview,Great-Object1436,3,7,dhaka,2025-11-18 04:07:46,https://www.reddit.com/r/Dhaka/comments/1oztzwc/afraid_to_attend_job_interview/
Please recommend me a shop/page that can bring thr Fisher Price DJ Table for Kids at lowest price from USA!,AnirbanPaca,1,3,dhaka,2025-11-18 02:50:10,https://www.reddit.com/r/Dhaka/comments/1ozry23/please_recommend_me_a_shoppage_that_can_bring_thr/
VoA for Dhaka Inbound from Different Country,Infinitoid,2,1,bangladesh,2025-11-18 02:23:06,/r/visas/comments/1ozr4ex/voa_for_dhaka_inbound_from_different_country/
I am getting really depressed because of this,Icey-cold,42,35,dhaka,2025-11-18 02:05:00,https://www.reddit.com/r/Dhaka/comments/1ozqqjd/i_am_getting_really_depressed_because_of_this/
Hair salon/parlor suggestions,MacaroonNo3569,3,3,dhaka,2025-11-18 01:58:54,https://www.reddit.com/r/Dhaka/comments/1ozqk4s/hair_salonparlor_suggestions/
Bangladesh Court Orders Death Penalty for Ex-PM Hasina Over Deadly 2024 Uprising,shadrack_CK,5,0,dhaka,2025-11-18 01:56:01,https://dailyglitch.com/bangladesh-court-orders-death-penalty-for-ex-pm-hasina-over-deadly-2024-uprising/
how to gain experience early,SwordfishHealthy3565,3,2,dhaka,2025-11-18 00:44:33,https://www.reddit.com/r/Dhaka/comments/1ozojs8/how_to_gain_experience_early/
"Where can I find good quality shoes, particularly block heels?",AnirbanPaca,4,6,dhaka,2025-11-18 00:28:23,https://www.reddit.com/r/Dhaka/comments/1ozo3da/where_can_i_find_good_quality_shoes_particularly/
Hasina's verdict,AggressiveRange6553,1,1,dhaka,2025-11-18 00:25:59,https://www.reddit.com/r/Dhaka/comments/1ozo0ye/hasinas_verdict/
Need help with a 'theory of sets' mathematical problem.,Nipu2,4,5,dhaka,2025-11-18 00:01:31,https://www.reddit.com/r/Dhaka/comments/1oznc8j/need_help_with_a_theory_of_sets_mathematical/
"আছি, কিন্তু যেন নেই।",Mean-Spinach7355,9,14,dhaka,2025-11-17 23:58:26,https://www.reddit.com/r/Dhaka/comments/1ozn8yg/আছ_কনত_যন_নই/
We need to talk about the border killing issue happening at the Indian border.,kindred_eldtrich,26,11,dhaka,2025-11-17 23:42:51,https://www.reddit.com/r/Dhaka/comments/1ozmtnu/we_need_to_talk_about_the_border_killing_issue/
Awami League 🥱,rohanur69,0,8,dhaka,2025-11-17 23:27:27,https://www.reddit.com/r/Dhaka/comments/1ozmejl/awami_league/
Looking for terrible but expensive restaurants in Dhaka. For recommending to an old enemy.,AlternativeMetal2017,3,2,dhaka,2025-11-17 22:41:35,https://www.reddit.com/r/Dhaka/comments/1ozl5vj/looking_for_terrible_but_expensive_restaurants_in/
Pantheon?,aunnyglitch,2,6,dhaka,2025-11-17 22:17:29,https://www.reddit.com/r/Dhaka/comments/1ozkiaf/pantheon/
do you guys know any wired earphones with good mic quality in dhaka,ghumkhor,5,12,dhaka,2025-11-17 22:15:01,https://www.reddit.com/r/Dhaka/comments/1ozkfvg/do_you_guys_know_any_wired_earphones_with_good/
Bhawal resort / Any resort for couple,Glittering-Tear-8017,9,55,dhaka,2025-11-17 22:12:58,https://www.reddit.com/r/Dhaka/comments/1ozkdv9/bhawal_resort_any_resort_for_couple/
I need suggestion from senior of mbbs student of any Divisional Medical,PaintingCreepy5444,7,3,dhaka,2025-11-17 22:05:06,https://www.reddit.com/r/Dhaka/comments/1ozk6gv/i_need_suggestion_from_senior_of_mbbs_student_of/
অনলাইন কোচিং,Street_Event_2631,1,5,dhaka,2025-11-17 21:45:12,https://www.reddit.com/r/Dhaka/comments/1ozjnlt/অনলইন_কচ/
medical aspirant next year,closetedluvergurl,2,1,dhaka,2025-11-17 21:18:34,https://www.reddit.com/r/Dhaka/comments/1oziz2n/medical_aspirant_next_year/
Secret garden as a wedding venue?,swan_lake81,4,0,dhaka,2025-11-17 21:17:18,https://www.reddit.com/r/Dhaka/comments/1ozixtx/secret_garden_as_a_wedding_venue/
Getting flowers for my gf,Eastern-Look-8143,5,13,dhaka,2025-11-17 20:12:46,https://www.reddit.com/r/Dhaka/comments/1ozhbom/getting_flowers_for_my_gf/
help me figure out,Frequent_Craft5676,8,38,dhaka,2025-11-17 20:11:54,https://www.reddit.com/r/Dhaka/comments/1ozhaz8/help_me_figure_out/
Chittagong Port Update,RazzmatazzStrict,8,15,dhaka,2025-11-17 19:49:14,https://www.reddit.com/r/Dhaka/comments/1ozgr9l/chittagong_port_update/
Is there any place at mirpur other than cafes for hangout?,tasara-panda-09020,6,7,dhaka,2025-11-17 19:01:39,https://www.reddit.com/r/Dhaka/comments/1ozfnwp/is_there_any_place_at_mirpur_other_than_cafes_for/
Can someone provide Deshbd dc server invite,yahoo_olivia,1,2,dhaka,2025-11-17 18:32:28,https://www.reddit.com/r/Dhaka/comments/1ozf1v0/can_someone_provide_deshbd_dc_server_invite/
how are people affording to study outside,Temporary_Heart1018,65,87,dhaka,2025-11-17 18:20:20,https://www.reddit.com/r/Dhaka/comments/1ozet9d/how_are_people_affording_to_study_outside/
I’m tired of struggling… but I’m still trying. Need some honest advice.,nafisa_q,10,22,dhaka,2025-11-17 17:41:33,https://www.reddit.com/r/Dhaka/comments/1oze31x/im_tired_of_struggling_but_im_still_trying_need/
Shower Gel,Sparrow_tora_999,20,25,dhaka,2025-11-17 17:36:41,https://www.reddit.com/r/Dhaka/comments/1oze02g/shower_gel/
Asking for opinion,PracticalGur7035,15,23,dhaka,2025-11-17 17:10:38,https://www.reddit.com/r/Dhaka/comments/1ozdjtq/asking_for_opinion/
MTO,Candid-Ad-1951,3,4,dhaka,2025-11-17 17:04:15,https://www.reddit.com/r/Dhaka/comments/1ozdfwx/mto/
Sheikh Hasina's Judgement,RazzmatazzStrict,5,90,dhaka,2025-11-17 16:52:23,https://www.reddit.com/r/Dhaka/comments/1ozd8dx/sheikh_hasinas_judgement/
Hard time,Puzzleheaded_Mine992,6,6,dhaka,2025-11-17 16:51:50,https://www.reddit.com/r/Dhaka/comments/1ozd82s/hard_time/
Explosions by square hosptial 4:30 ish pm,noticeofseizure,7,3,dhaka,2025-11-17 16:49:30,https://www.reddit.com/r/Dhaka/comments/1ozd6ph/explosions_by_square_hosptial_430_ish_pm/
Failed HSC Twice Can I Still Get Into a Private University in Bangladesh,ResponsibleFudge8955,2,9,dhaka,2025-11-17 16:46:56,https://www.reddit.com/r/Dhaka/comments/1ozd58u/failed_hsc_twice_can_i_still_get_into_a_private/
Ladies: hair parlor?,TurbulentCup5219,6,9,dhaka,2025-11-17 16:06:46,https://www.reddit.com/gallery/1ozchvs
Testaurants like Izakaya,999baseballs,2,9,dhaka,2025-11-17 15:59:21,https://www.reddit.com/r/Dhaka/comments/1ozcdik/testaurants_like_izakaya/
"Dear Shahbagis, you can seek justice and still achieve a death sentence.",ahmad_musaffa,0,49,dhaka,2025-11-17 15:40:02,https://www.reddit.com/r/Dhaka/comments/1ozc2vw/dear_shahbagis_you_can_seek_justice_and_still/
Is a foldable laptop table actually useful?,Suspicious_Cheek3878,4,5,dhaka,2025-11-17 15:32:01,https://www.reddit.com/r/Dhaka/comments/1ozbylb/is_a_foldable_laptop_table_actually_useful/
Best place to live in Bangladesh?,Scared_of_Jobs,3,7,bangladesh,2025-11-17 15:30:51,https://www.reddit.com/r/bangladesh/comments/1ozbxxm/best_place_to_live_in_bangladesh/
Just to know how you guys figure it out.,Abir_Islam,2,18,dhaka,2025-11-17 15:24:19,https://www.reddit.com/r/Dhaka/comments/1ozbufx/just_to_know_how_you_guys_figure_it_out/
Ousted Bangladesh PM Sheikh Hasina sentenced to death for crimes against humanity,Power-Equality,78,41,dhaka,2025-11-17 14:56:28,https://www.indiatoday.in/world/story/ousted-bangladesh-pm-sheikh-hasina-sentenced-to-death-by-dhaka-court-for-crimes-against-humanity-2821159-2025-11-17
Twilight at 60kmph,Equivalent_Doubt_969,20,1,dhaka,2025-11-17 14:39:55,https://www.reddit.com/gallery/1ozb6jr
Sending sensitive medicine like Insulin to Madaripur (Village),7uckingMadMan,5,2,dhaka,2025-11-17 14:09:15,https://www.reddit.com/r/Dhaka/comments/1ozapsj/sending_sensitive_medicine_like_insulin_to/
Bachelors in china,LilNoirito,5,8,dhaka,2025-11-17 13:34:32,https://www.reddit.com/r/Dhaka/comments/1oza6no/bachelors_in_china/
Perfume suggestion under 2000 taka,_parrot_king0,13,12,dhaka,2025-11-17 13:24:04,https://www.reddit.com/r/Dhaka/comments/1oza0t3/perfume_suggestion_under_2000_taka/
Hangout place suggetion!,Equal-Love-4701,3,1,dhaka,2025-11-17 13:23:15,https://www.reddit.com/r/Dhaka/comments/1oza0cn/hangout_place_suggetion/
Need simple healthy meals I can cook alone.,Due_Calligrapher2742,11,10,dhaka,2025-11-17 13:01:33,https://www.reddit.com/r/Dhaka/comments/1oz9nz6/need_simple_healthy_meals_i_can_cook_alone/
Miss Universe Bangladesh 2025 Hype,FinalGeneration,39,73,dhaka,2025-11-17 11:51:29,https://www.reddit.com/r/Dhaka/comments/1oz8hom/miss_universe_bangladesh_2025_hype/
মেট্রো,Master-Asparagus7789,2,4,dhaka,2025-11-17 11:04:35,https://www.reddit.com/r/Dhaka/comments/1oz7nq5/মটর/
Visiting Bangladesh after 10 years best food,Noobiepoobie853,3,12,dhaka,2025-11-17 10:41:56,https://www.reddit.com/r/Dhaka/comments/1oz78bp/visiting_bangladesh_after_10_years_best_food/
Where can I find this type of half-zip cable knit sweater in Bangladesh?,beingElias,34,27,dhaka,2025-11-17 10:31:56,https://www.reddit.com/gallery/1oz71g6
MBA Options (Is Jagannath the right choice for me?),Mysterious_Many007,2,13,dhaka,2025-11-17 10:09:46,https://www.reddit.com/r/Dhaka/comments/1oz6lxa/mba_options_is_jagannath_the_right_choice_for_me/
My Android Cellphone got stolen.,Iori3310,6,11,dhaka,2025-11-17 08:23:11,https://www.reddit.com/r/Dhaka/comments/1oz4f9u/my_android_cellphone_got_stolen/
Pakistani Planning to do mbbs from Bangladesh,timespaceweb,27,39,dhaka,2025-11-17 06:19:51,https://www.reddit.com/r/Dhaka/comments/1oz1rjv/pakistani_planning_to_do_mbbs_from_bangladesh/
Bangladesh vs India Football Match,OdysseusWit,3,2,dhaka,2025-11-17 05:55:37,https://www.reddit.com/r/Dhaka/comments/1oz18ey/bangladesh_vs_india_football_match/
Effective support system,No-Scientist-8273,7,8,dhaka,2025-11-17 03:13:18,https://www.reddit.com/r/Dhaka/comments/1oyxcne/effective_support_system/
Music Band suggestions??,IMSALTY-Real,1,10,dhaka,2025-11-17 02:50:02,https://www.reddit.com/r/Dhaka/comments/1oywrwt/music_band_suggestions/
Do you believe in jinn? I want to hear your real experiences,Last-Engineering-649,50,130,dhaka,2025-11-17 02:36:30,https://www.reddit.com/r/Dhaka/comments/1oywfll/do_you_believe_in_jinn_i_want_to_hear_your_real/
How to deal with emotionally and physically abusive father during admission phase,strangerthings8989,4,5,dhaka,2025-11-17 02:03:25,https://www.reddit.com/r/Dhaka/comments/1oyvl75/how_to_deal_with_emotionally_and_physically/
Can deliverymen see what you have ordered?,Legitimate_Sky5632,4,3,dhaka,2025-11-17 01:54:54,https://www.reddit.com/r/Dhaka/comments/1oyvd1r/can_deliverymen_see_what_you_have_ordered/
NID Permanent Address Correction,CaffineIsGood,7,1,dhaka,2025-11-17 01:45:26,https://www.reddit.com/r/Dhaka/comments/1oyv45k/nid_permanent_address_correction/
How do you deal with Anxiety?,SquareProtonWave,6,10,dhaka,2025-11-17 01:32:13,https://www.reddit.com/r/Dhaka/comments/1oyus03/how_do_you_deal_with_anxiety/
MAT(25-26),Interesting-Bag-3210,5,9,dhaka,2025-11-17 00:58:40,https://www.reddit.com/r/Dhaka/comments/1oytx70/mat2526/
Can you tell me about BRTA?,internet_godfather,6,4,dhaka,2025-11-17 00:58:09,https://www.reddit.com/r/Dhaka/comments/1oytwq0/can_you_tell_me_about_brta/
"Bengali in rome,italy",Beginning-Bar-1138,2,0,dhaka,2025-11-17 00:38:59,https://www.reddit.com/r/Dhaka/comments/1oytf00/bengali_in_romeitaly/
Asking for Marriage to Wali,GoingHypersonic,11,8,dhaka,2025-11-17 00:38:58,https://www.reddit.com/r/Dhaka/comments/1oytezq/asking_for_marriage_to_wali/
When do medical colleges open for the next batch in bangladesh 2026,No-Yogurtcloset9949,2,6,dhaka,2025-11-16 23:45:36,https://www.reddit.com/r/Dhaka/comments/1oys0wx/when_do_medical_colleges_open_for_the_next_batch/
ডিবেট শিখার কোনো অর্গানাইজেশন ঢাকায় আছে?,Total_Advertising975,5,11,dhaka,2025-11-16 23:10:12,https://www.reddit.com/r/Dhaka/comments/1oyr4f9/ডবট_শখর_কন_অরগনইজশন_ঢকয_আছ/
Which BUTEX Textile Engineering Department Should My Younger Brother Choose? Need Honest Advice,Redwanul-Haque2467,6,8,dhaka,2025-11-16 23:00:13,https://www.reddit.com/gallery/1oyqux2
Farmgate to BAF Shaheen Kurmitola,Twha_Khan,2,6,dhaka,2025-11-16 22:56:58,https://www.reddit.com/r/Dhaka/comments/1oyqrzp/farmgate_to_baf_shaheen_kurmitola/
Laptop Issue,Longjumping-Fly-480,3,2,dhaka,2025-11-16 22:28:19,https://www.reddit.com/r/Dhaka/comments/1oyq1t1/laptop_issue/
how to be an independent woman in bangladesh,closetedluvergurl,41,28,dhaka,2025-11-16 22:14:54,https://www.reddit.com/r/Dhaka/comments/1oyppkl/how_to_be_an_independent_woman_in_bangladesh/
Suggestion on buying mechanical Keebs.,Flat_Age_5777,2,5,dhaka,2025-11-16 21:47:25,https://www.reddit.com/r/Dhaka/comments/1oyp0bx/suggestion_on_buying_mechanical_keebs/
Coding Partner,ElegantSwimmer3726,5,26,dhaka,2025-11-16 21:38:14,https://www.reddit.com/r/Dhaka/comments/1oyos5d/coding_partner/
Gym Flings!,Almostfamous_02,41,58,dhaka,2025-11-16 21:10:37,https://www.reddit.com/r/Dhaka/comments/1oyo3vr/gym_flings/
WANNA KNOW ABOUT JNU,Competitive-Rate-951,7,12,bangladesh,2025-11-16 21:10:31,https://www.reddit.com/r/bangladesh/comments/1oyo3s8/wanna_know_about_jnu/
Casio buying,Mahmud_Emon,3,3,dhaka,2025-11-16 21:07:55,https://www.reddit.com/r/Dhaka/comments/1oyo1ij/casio_buying/
I WANNA KNOW ABOUT JAGANNATH UNIVERSITY,Competitive-Rate-951,28,50,dhaka,2025-11-16 20:59:00,https://www.reddit.com/r/Dhaka/comments/1oynthc/i_wanna_know_about_jagannath_university/
"I’m soft, I’m tired, I’m trying and that’s enough. My heart is loud, even if my presence isn’t.",h_sadia,24,12,dhaka,2025-11-16 20:46:28,https://www.reddit.com/r/Dhaka/comments/1oynina/im_soft_im_tired_im_trying_and_thats_enough_my/
How to start?,Physical-Fact-7191,7,6,dhaka,2025-11-16 20:09:16,https://www.reddit.com/r/Dhaka/comments/1oymnis/how_to_start/
Want to learn to cook,LessTell,12,21,dhaka,2025-11-16 20:06:26,https://www.reddit.com/r/Dhaka/comments/1oyml7q/want_to_learn_to_cook/
Attempting,WasteCrow8280,0,23,dhaka,2025-11-16 19:35:17,https://www.reddit.com/r/Dhaka/comments/1oylvrv/attempting/
is this good for a 11th grader?,Majestic_Search4740,7,6,dhaka,2025-11-16 19:35:09,https://www.reddit.com/r/Dhaka/comments/1oylvo8/is_this_good_for_a_11th_grader/
how do i make money?,StrangeFile8991,19,38,dhaka,2025-11-16 19:25:39,https://www.reddit.com/r/Dhaka/comments/1oyloc5/how_do_i_make_money/
Medical emergency 🦺,Hot-Tangerine3979,6,6,dhaka,2025-11-16 19:18:37,https://www.reddit.com/r/Dhaka/comments/1oyliym/medical_emergency/
Tax law firm in Dhaka,Agile-Lifeguard-2063,3,5,dhaka,2025-11-16 18:32:44,https://www.reddit.com/r/Dhaka/comments/1oykl8u/tax_law_firm_in_dhaka/
Earbuds Battery Replacement ( Soundpeats Capsule 3 pro),Advanced_Budget7301,2,4,dhaka,2025-11-16 17:58:39,https://www.reddit.com/r/Dhaka/comments/1oyjy0k/earbuds_battery_replacement_soundpeats_capsule_3/
আমি বই পড়তে খুব ভালোবাসি। কিন্তু আমার ইংলিশ স্কুল লাইফ তেমন স্ট্রং ছিল না—তাই কিছু ইংলিশ বই বুঝতে সমস্যা হয়।,zawad_zarirrr,0,27,dhaka,2025-11-16 17:41:18,https://www.reddit.com/r/Dhaka/comments/1oyjmxp/আম_বই_পডত_খব_ভলবস_কনত_আমর_ইলশ_সকল_লইফ_তমন_সটর_ছল/
Gym location,redwizzardalastor,2,1,dhaka,2025-11-16 16:24:59,https://www.reddit.com/r/Dhaka/comments/1oyichb/gym_location/
"Where do I buy authentic shampoos, deodorants and lotions?",External_Pen4135,3,2,dhaka,2025-11-16 16:14:34,https://www.reddit.com/r/Dhaka/comments/1oyi6fe/where_do_i_buy_authentic_shampoos_deodorants_and/
টাকা বাদে জীবনে কোন একটা জিনিস আপনি সবচেয়ে বেশি চান?,Aaliynah550,43,133,dhaka,2025-11-16 15:59:18,https://www.reddit.com/r/Dhaka/comments/1oyhx82/টক_বদ_জবন_কন_একট_জনস_আপন_সবচয়_বশ_চন/
I need suggestions on male skincare products?,kindred_eldtrich,2,28,dhaka,2025-11-16 14:15:41,https://www.reddit.com/r/Dhaka/comments/1oyg9mi/i_need_suggestions_on_male_skincare_products/
Guitar,garlicbread0_0,3,16,dhaka,2025-11-16 13:58:06,https://www.reddit.com/r/Dhaka/comments/1oyfzk7/guitar/
NSU RETAKE,Spiritual_Scene634,1,4,dhaka,2025-11-16 13:11:04,https://www.reddit.com/r/Dhaka/comments/1oyf8j3/nsu_retake/
BD🇧🇩 vs India🇮🇳 Match Ticket for Sale!,Opposite_Extension13,1,1,dhaka,2025-11-16 13:01:03,https://www.reddit.com/r/Dhaka/comments/1oyf2h3/bd_vs_india_match_ticket_for_sale/
Perfumes,omerhabib44,4,16,dhaka,2025-11-16 12:50:35,https://www.reddit.com/r/Dhaka/comments/1oyew7p/perfumes/
CBT for intrusive thoughts,aurora_100,7,10,dhaka,2025-11-16 12:49:45,https://www.reddit.com/r/Dhaka/comments/1oyevpf/cbt_for_intrusive_thoughts/
When will HSC happen?,Mean_Common_5269,3,8,dhaka,2025-11-16 12:31:54,https://www.reddit.com/r/Dhaka/comments/1oyel54/when_will_hsc_happen/
Life of a loser,Mysterious-Fly-9194,30,51,dhaka,2025-11-16 11:40:28,https://www.reddit.com/r/Dhaka/comments/1oydp50/life_of_a_loser/
Self enjoyment,ElegantSteak7738,5,79,dhaka,2025-11-16 11:19:40,https://www.reddit.com/r/Dhaka/comments/1oydc0w/self_enjoyment/
Suggestion for higher education,abid0506,0,3,dhaka,2025-11-16 11:18:11,https://www.reddit.com/r/Dhaka/comments/1oydb2y/suggestion_for_higher_education/
Where can I find cakes that taste amazing and have creative designs?,callmeIFTY,6,10,dhaka,2025-11-16 10:37:09,https://www.reddit.com/r/Dhaka/comments/1oycjw4/where_can_i_find_cakes_that_taste_amazing_and/
অনেক বাংলাদেশি অভিবাসীর সবচেয়ে বড় বাধা প্রায়ই তাদের নিজের কমিউনিটিই হয়। একটি সাম্প্রতিক ঘটনা দেখিয়েছে—কীভাবে একজন লোক ব্যক্তিগত বিরোধের কারণে নতুনদের সাহায্য করার জন্য তৈরি একটি সাপোর্ট গ্রুপকে নিজের ইচ্ছামতো গেটকিপিং করছিল। বিষয়টি জানার পরও সিনিয়র সদস্যরা গুরুত্ব দিয়ে দেখেননি,jbttss,3,6,dhaka,2025-11-16 10:32:02,https://www.reddit.com/r/Dhaka/comments/1oycgiz/অনক_বলদশ_অভবসর_সবচয_বড_বধ_পরযই_তদর_নজর_কমউনটই_হয/
Lonely,Top-Slide-4095,5,27,dhaka,2025-11-16 10:31:02,https://www.reddit.com/r/Dhaka/comments/1oycfx6/lonely/
PPT expert needed.,raj_monir15,5,8,dhaka,2025-11-16 09:26:29,https://www.reddit.com/r/Dhaka/comments/1oyb77o/ppt_expert_needed/
Visa on arrival questions,CompetitiveCat8220,2,2,bangladesh,2025-11-16 09:12:32,https://www.reddit.com/r/bangladesh/comments/1oyaxcr/visa_on_arrival_questions/
Is there any local bus route using T.T.Para Underpass?,Treasure_Crusho,1,1,dhaka,2025-11-16 08:28:46,https://www.reddit.com/r/Dhaka/comments/1oya1vj/is_there_any_local_bus_route_using_ttpara/
Gulshan Is Not Dhaka,Atel_mamu,5,0,bangladesh,2025-11-16 08:27:55,https://counterpointbd.com/Gulshan-Is-Not-Dhaka
Anybody have a good ayer mach or corsula recipe?,Maximum-Evening3904,2,1,dhaka,2025-11-16 07:31:30,https://www.reddit.com/r/Dhaka/comments/1oy8vzc/anybody_have_a_good_ayer_mach_or_corsula_recipe/
Winter clothes,itzfaria,5,9,dhaka,2025-11-16 03:30:21,https://www.reddit.com/r/Dhaka/comments/1oy3hi9/winter_clothes/
Struggling as an Artist,peedeepeesucks,6,10,dhaka,2025-11-16 02:56:11,https://www.reddit.com/r/Dhaka/comments/1oy2ogy/struggling_as_an_artist/
Seeking Investment to Scale My Small E-commerce Brand (Bangladesh) — Need Guidance &amp; Partners,ledlips6214,2,1,dhaka,2025-11-16 02:53:14,https://www.reddit.com/r/Dhaka/comments/1oy2lzd/seeking_investment_to_scale_my_small_ecommerce/
Any Bangladeshi living in oman here? Needed help,zebrina1,17,8,dhaka,2025-11-16 02:10:43,https://www.reddit.com/r/Dhaka/comments/1oy1lpd/any_bangladeshi_living_in_oman_here_needed_help/
Where to invest 15k bdt as a student,dest_v18,2,6,dhaka,2025-11-16 01:55:49,https://www.reddit.com/r/Dhaka/comments/1oy18ai/where_to_invest_15k_bdt_as_a_student/
Do guys find girls with nose piercings attractive?,sabia__,56,133,dhaka,2025-11-16 01:43:15,https://www.reddit.com/r/Dhaka/comments/1oy0x9b/do_guys_find_girls_with_nose_piercings_attractive/
Early morning GOOD breakfast spot at JamunaxBashundhara gate.,NeighborhoodCute6742,2,5,dhaka,2025-11-16 01:18:08,https://www.reddit.com/r/Dhaka/comments/1oy0ae7/early_morning_good_breakfast_spot_at/
Does anyone else think that people of this generation is intellectually poor?,Outrageous-Being7136,42,51,dhaka,2025-11-16 01:06:59,https://www.reddit.com/r/Dhaka/comments/1oy00es/does_anyone_else_think_that_people_of_this/
Quiet places near Dhaka,NefariousnessOk7185,2,15,dhaka,2025-11-16 00:48:15,https://www.reddit.com/r/Dhaka/comments/1oxzj8s/quiet_places_near_dhaka/
Random question,Dizzy_Sky_3350,31,148,dhaka,2025-11-16 00:23:46,https://www.reddit.com/r/Dhaka/comments/1oxyxac/random_question/
CA ki khub hard?,light_yagami004,5,7,dhaka,2025-11-15 23:17:25,https://www.reddit.com/r/Dhaka/comments/1oxx8xx/ca_ki_khub_hard/
Trying to collect foreign currency notes — where can I actually get my first ones in Dhaka?,Inevitable-Koala6828,2,3,dhaka,2025-11-15 22:58:02,https://www.reddit.com/r/Dhaka/comments/1oxwr57/trying_to_collect_foreign_currency_notes_where/
Trying to collect foreign currency notes — where can I actually get my first ones in Dhaka?,Inevitable-Koala6828,5,1,bangladesh,2025-11-15 22:52:37,https://www.reddit.com/r/bangladesh/comments/1oxwmc6/trying_to_collect_foreign_currency_notes_where/
I GOT FIRED FROM MY JOB AT THE FIRST DAY,goinnbackto505,299,207,dhaka,2025-11-15 21:49:52,https://www.reddit.com/r/Dhaka/comments/1oxv0iq/i_got_fired_from_my_job_at_the_first_day/
Web series,Responsible_Ad8408,2,6,dhaka,2025-11-15 21:38:17,https://www.reddit.com/r/Dhaka/comments/1oxuqal/web_series/
Need advise,Shorkarjak,0,6,dhaka,2025-11-15 21:31:01,https://www.reddit.com/r/Dhaka/comments/1oxujr9/need_advise/
Opinions on Rajshahi Uiversity?,noorbeer,2,1,dhaka,2025-11-15 21:13:34,https://www.reddit.com/r/Dhaka/comments/1oxu4h0/opinions_on_rajshahi_uiversity/
Remote Video Editor Wanted,Arman_hossainalif,6,1,dhaka,2025-11-15 20:59:54,https://www.reddit.com/r/Dhaka/comments/1oxtsr6/remote_video_editor_wanted/
Which restaurant would it be in Dhaka?,Saif10ali,112,36,bangladesh,2025-11-15 20:39:13,https://i.redd.it/b9pbuoyy891g1.jpeg
Financial Suggestions,RespectFull4922,2,7,dhaka,2025-11-15 20:34:10,https://www.reddit.com/r/Dhaka/comments/1oxt769/financial_suggestions/
Du IBA,999baseballs,0,7,dhaka,2025-11-15 20:33:28,https://www.reddit.com/r/Dhaka/comments/1oxt6lz/du_iba/
IBA DU,999baseballs,5,10,bangladesh,2025-11-15 20:29:02,https://www.reddit.com/r/bangladesh/comments/1oxt2z4/iba_du/
App that shows live Bangladesh Railway train positions - Find My Train: Bangladesh,jgainbd,87,21,dhaka,2025-11-15 20:13:56,https://www.reddit.com/gallery/1oxsqjf
Any good lighter er dokan?,ivodidalha,1,3,dhaka,2025-11-15 19:53:07,https://www.reddit.com/r/Dhaka/comments/1oxs9ba/any_good_lighter_er_dokan/
Suggest me a trusted service center for desktop motherboard in Multiplan/IDB,gigamind_sajid,3,1,dhaka,2025-11-15 19:22:52,https://www.reddit.com/r/Dhaka/comments/1oxrm1f/suggest_me_a_trusted_service_center_for_desktop/
"A Salafi Bangladeshi scholar is actively calling for jihad, destabilising three countries—Bangladesh, India, and Myanmar. As you can see in the video, the leadership of Jamaat-e-Islami and the BNP are enjoying this speech.",New_Edge360,8,2,dhaka,2025-11-15 19:16:02,https://www.reddit.com/r/Dhaka/comments/1oxrgxo/a_salafi_bangladeshi_scholar_is_actively_calling/
The truth about Delwar Hossain Sayeedi,_syhumm_,0,12,dhaka,2025-11-15 18:41:02,https://www.reddit.com/r/Dhaka/comments/1oxqqmz/the_truth_about_delwar_hossain_sayeedi/
Weekend activities in city like Dhaka?,PatientHistorian7459,7,37,dhaka,2025-11-15 18:39:33,https://www.reddit.com/r/Dhaka/comments/1oxqplg/weekend_activities_in_city_like_dhaka/
How Yunus Deceived BNP at the Last Minute,Alone-Attention-2139,35,35,bangladesh,2025-11-15 18:31:25,https://www.reddit.com/r/bangladesh/comments/1oxqjxw/how_yunus_deceived_bnp_at_the_last_minute/
Volunteering,Trick_Copy_5402,3,10,dhaka,2025-11-15 18:18:17,https://www.reddit.com/r/Dhaka/comments/1oxqavo/volunteering/
Can I use a phone-taken photo (edited for formality) for university applications?,Extension_Force7563,3,5,dhaka,2025-11-15 18:03:12,https://www.reddit.com/r/Dhaka/comments/1oxq0jd/can_i_use_a_phonetaken_photo_edited_for_formality/
গীজার (geyser) কিনতে চাচ্ছি,Select-Day-873,9,23,dhaka,2025-11-15 17:46:00,https://www.reddit.com/r/Dhaka/comments/1oxppdb/গজর_geyser_কনত_চচছ/
Does Milestone College charge extra fees for taking a TC?,Minimum-Afternoon323,3,1,dhaka,2025-11-15 17:38:32,https://www.reddit.com/r/Dhaka/comments/1oxpku0/does_milestone_college_charge_extra_fees_for/
when being deulu is the only solution,Odd_Science208,3,1,dhaka,2025-11-15 17:33:40,https://www.reddit.com/r/Dhaka/comments/1oxphu4/when_being_deulu_is_the_only_solution/
how to get thailand visa by december,mehehuuuuh,4,1,dhaka,2025-11-15 17:19:51,https://www.reddit.com/r/Dhaka/comments/1oxp9hj/how_to_get_thailand_visa_by_december/
প্রথমবার থাইল্যান্ড,Single-Cat8043,9,10,dhaka,2025-11-15 17:18:52,https://www.reddit.com/r/Dhaka/comments/1oxp8wi/পরথমবর_থইলযনড/
should i change schools and take commerce?,vernoniestacos,4,3,dhaka,2025-11-15 17:11:09,https://www.reddit.com/r/Dhaka/comments/1oxp48x/should_i_change_schools_and_take_commerce/
indoor plants,Ruthmila,5,5,dhaka,2025-11-15 16:13:48,https://www.reddit.com/r/Dhaka/comments/1oxo6bd/indoor_plants/
F1,IllustriousArmy7201,23,33,dhaka,2025-11-15 16:07:37,https://www.reddit.com/r/Dhaka/comments/1oxo2p6/f1/
2026 Referendum (গণভোট),Ark_rivia,14,13,dhaka,2025-11-15 15:59:06,https://www.reddit.com/r/Dhaka/comments/1oxnxkl/2026_referendum_গণভট/
I have 2 lakhs to invest | need suggestions to generate 30k–50k/month within 2–3 months (Bangladesh),Aggravating-Jury9096,0,29,dhaka,2025-11-15 15:57:33,https://www.reddit.com/r/Dhaka/comments/1oxnwpg/i_have_2_lakhs_to_invest_need_suggestions_to/
Ideology,IllustriousArmy7201,2,15,dhaka,2025-11-15 14:58:58,https://www.reddit.com/r/Dhaka/comments/1oxmzxc/ideology/
"My grandfather (Nana) told my mom when she was a child that laughing too loudly would make her sinful and made her recite an Arabic verse whenever she laughed. Even normal laughter made her stop midway and quickly recite the verse, believing she had sinned.",the-machine-m4n,70,38,dhaka,2025-11-15 14:40:15,https://www.reddit.com/r/Dhaka/comments/1oxmplw/my_grandfather_nana_told_my_mom_when_she_was_a/
Trimmer suggetion,Suvojit_Sarker,0,11,dhaka,2025-11-15 14:30:21,https://www.reddit.com/r/Dhaka/comments/1oxmk1e/trimmer_suggetion/
Dog walking jobs?,Lopsided-Vanilla9925,4,2,dhaka,2025-11-15 13:58:58,https://www.reddit.com/r/Dhaka/comments/1oxm1sx/dog_walking_jobs/
Higher Study in USA,Greedy_for_attention,9,21,dhaka,2025-11-15 13:56:55,https://www.reddit.com/r/Dhaka/comments/1oxm0n1/higher_study_in_usa/
A hypothetical situation,Lopsided-Sun-904,0,17,dhaka,2025-11-15 13:27:39,https://www.reddit.com/r/Dhaka/comments/1oxljvw/a_hypothetical_situation/
Will GTX 750ti 2gb be a good deal at 4000 taka?,Sanwarhosen,0,18,dhaka,2025-11-15 13:18:54,https://www.reddit.com/r/Dhaka/comments/1oxleqz/will_gtx_750ti_2gb_be_a_good_deal_at_4000_taka/
💇🏿‍♂️Where can i do Dread locks and how much it costs,MajesticAside4012,1,5,dhaka,2025-11-15 13:06:02,https://www.reddit.com/r/Dhaka/comments/1oxl79t/where_can_i_do_dread_locks_and_how_much_it_costs/
How do i start?,itsokaybutyes,1,14,dhaka,2025-11-15 12:58:50,https://www.reddit.com/r/Dhaka/comments/1oxl2t0/how_do_i_start/
Textile Engineering,Funny-Ad-2513,2,5,dhaka,2025-11-15 12:53:33,https://www.reddit.com/r/Dhaka/comments/1oxkzov/textile_engineering/
Places to get the best Mishti around Dhaka?,clarkeanator,7,8,bangladesh,2025-11-15 12:53:03,https://www.reddit.com/r/bangladesh/comments/1oxkzei/places_to_get_the_best_mishti_around_dhaka/
VPS / RDP under 15$/year,Tricky-Design-8982,0,4,dhaka,2025-11-15 11:31:07,https://www.reddit.com/r/Dhaka/comments/1oxjk7e/vps_rdp_under_15year/
pop culture,IllustriousArmy7201,1,0,dhaka,2025-11-15 11:22:55,https://www.reddit.com/r/Dhaka/comments/1oxjexr/pop_culture/
any pet food shop owners / pages want to import authentic Royal Canin Wetfood?,Plastic_Comedian_615,2,0,dhaka,2025-11-15 10:56:26,https://www.reddit.com/r/Dhaka/comments/1oxixfg/any_pet_food_shop_owners_pages_want_to_import/
Car for commercial use,Working-Piece-9165,3,3,dhaka,2025-11-15 10:13:03,https://www.reddit.com/r/Dhaka/comments/1oxi4cu/car_for_commercial_use/
"Should I Do a Master’s/PhD Abroad? Average Student, No Passion, Married, and Scared to Go Alone",IDidTry-003,7,7,dhaka,2025-11-15 09:58:30,https://www.reddit.com/r/Dhaka/comments/1oxhu52/should_i_do_a_mastersphd_abroad_average_student/
i want to change my name. how much it would cost me in court?,StrangeFile8991,30,39,dhaka,2025-11-15 09:50:17,https://www.reddit.com/r/Dhaka/comments/1oxhoih/i_want_to_change_my_name_how_much_it_would_cost/
দ্বিধার অবসান চাই,Mkhasan280,1,1,dhaka,2025-11-15 09:34:01,https://www.reddit.com/r/Dhaka/comments/1oxhcx4/দবধর_অবসন_চই/
The call of universe,IllustriousArmy7201,6,9,dhaka,2025-11-15 08:04:29,https://www.reddit.com/r/Dhaka/comments/1oxfi73/the_call_of_universe/
If anyone know about quantitative content analysis please share your knowledge with me,miku_miuuu,3,1,dhaka,2025-11-15 06:11:36,https://www.reddit.com/r/Dhaka/comments/1oxd201/if_anyone_know_about_quantitative_content/
Some weird behaviour I have noticed as a bideshi whenever I am visiting Bangladesh.,Fast_Confection2192,80,25,dhaka,2025-11-15 05:16:16,https://www.reddit.com/r/Dhaka/comments/1oxbt4d/some_weird_behaviour_i_have_noticed_as_a_bideshi/
Wife is very mean and rude to other,Swimming_Crew_5054,125,86,dhaka,2025-11-15 03:23:15,https://www.reddit.com/r/Dhaka/comments/1ox8zph/wife_is_very_mean_and_rude_to_other/
Some advice for 1st year uni student for life and upcoming future,nirobaction,2,4,dhaka,2025-11-15 02:30:32,https://www.reddit.com/r/Dhaka/comments/1ox7nrl/some_advice_for_1st_year_uni_student_for_life_and/
Kind of stuck in my own thoughts,BitSignificant6707,3,4,dhaka,2025-11-15 02:25:36,https://www.reddit.com/r/Dhaka/comments/1ox7j85/kind_of_stuck_in_my_own_thoughts/
SOP/Motivation letter,MissionOlive257,4,3,dhaka,2025-11-15 02:22:40,https://www.reddit.com/r/Dhaka/comments/1ox7ggg/sopmotivation_letter/
How can I archive all comments from a Facebook post?,No-Volume2455,3,2,dhaka,2025-11-15 02:05:36,https://www.reddit.com/r/Dhaka/comments/1ox705l/how_can_i_archive_all_comments_from_a_facebook/
Rental problems in dhaka,Routine_Product_19,3,0,dhaka,2025-11-15 00:50:24,https://www.reddit.com/r/Dhaka/comments/1ox512j/rental_problems_in_dhaka/
Who will win?,ughnaf,3,1,dhaka,2025-11-15 00:08:18,https://www.reddit.com/r/Dhaka/comments/1ox3vpr/who_will_win/
jacket,Poseidon-005,3,4,dhaka,2025-11-14 23:52:38,https://www.reddit.com/r/Dhaka/comments/1ox3gi3/jacket/
Best neckband in 2k BDT,akira_hoque-1123,3,1,dhaka,2025-11-14 23:32:33,https://www.reddit.com/r/Dhaka/comments/1ox2x1l/best_neckband_in_2k_bdt/
i need your suggestions!,totothecatto,13,22,dhaka,2025-11-14 23:25:15,https://www.reddit.com/r/Dhaka/comments/1ox2pxn/i_need_your_suggestions/
do universities here accept just 2 a level subjects?,Slight-Flight-9364,3,7,dhaka,2025-11-14 23:21:02,https://www.reddit.com/r/Dhaka/comments/1ox2lxe/do_universities_here_accept_just_2_a_level/
Lil help needed with a university survey for an assignment,Impossible-Fail336,3,0,dhaka,2025-11-14 22:55:19,https://www.reddit.com/r/Dhaka/comments/1ox1wid/lil_help_needed_with_a_university_survey_for_an/
Is it possible to be a visionary politician in Bangladesh?,kindred_eldtrich,0,15,dhaka,2025-11-14 22:32:40,https://www.reddit.com/r/Dhaka/comments/1ox1a87/is_it_possible_to_be_a_visionary_politician_in/
"Desh e thekeo dekhsi, desher baire thekeo dekhsi, I recommend never being born",heavygrin,74,17,dhaka,2025-11-14 22:24:10,https://www.reddit.com/r/Dhaka/comments/1ox11pr/desh_e_thekeo_dekhsi_desher_baire_thekeo_dekhsi_i/
"Mood swings , Anger issues",Dismal-Ad-9648,3,5,dhaka,2025-11-14 22:04:46,https://www.reddit.com/r/Dhaka/comments/1ox0iil/mood_swings_anger_issues/
So..I took some pictures,Gold_Pipe9289,69,14,dhaka,2025-11-14 22:03:40,https://www.reddit.com/gallery/1ox0hhj
ISP Around Hatirpool,Dismal-Ad-9648,1,0,dhaka,2025-11-14 22:02:06,https://www.reddit.com/r/Dhaka/comments/1ox0fwj/isp_around_hatirpool/
"Anyone applied to US knows if we need 9,10,11,12th result",Ok_Design2355,3,2,dhaka,2025-11-14 21:49:22,https://www.reddit.com/r/Dhaka/comments/1ox03f4/anyone_applied_to_us_knows_if_we_need_9101112th/
Is vaping really that bad?,dii_hann,0,20,dhaka,2025-11-14 21:33:34,https://www.reddit.com/r/Dhaka/comments/1owznvj/is_vaping_really_that_bad/
how does game rental pages work?,1kyst,2,1,dhaka,2025-11-14 21:28:00,https://www.reddit.com/r/Dhaka/comments/1owzie5/how_does_game_rental_pages_work/
Motivation ✴️✨,Jumpy-Selection-7728,12,36,dhaka,2025-11-14 21:15:56,https://www.reddit.com/r/Dhaka/comments/1owz6v4/motivation/
Need suggestions,Mkhasan280,33,35,dhaka,2025-11-14 20:33:31,https://www.reddit.com/r/Dhaka/comments/1owy2t5/need_suggestions/
Swimming Lessons in Mirpur,Existential_Dread_GG,3,4,dhaka,2025-11-14 20:26:55,https://www.reddit.com/r/Dhaka/comments/1owxwrd/swimming_lessons_in_mirpur/
Mon kharap,Outside_Raspberry587,18,116,dhaka,2025-11-14 20:26:21,https://www.reddit.com/r/Dhaka/comments/1owxw93/mon_kharap/
Best IEM in 1.5k BDT,Nunu_Chus,4,25,dhaka,2025-11-14 20:03:28,https://www.reddit.com/r/Dhaka/comments/1owxbqg/best_iem_in_15k_bdt/
Cost of psychiatrist/ counselor in Dhaka,Green_Elephant7510,3,13,dhaka,2025-11-14 20:00:21,https://www.reddit.com/r/Dhaka/comments/1owx8qe/cost_of_psychiatrist_counselor_in_dhaka/
Seeking For Help,Nabanita94,5,3,bangladesh,2025-11-14 19:33:44,https://www.reddit.com/r/bangladesh/comments/1owwm44/seeking_for_help/
Driving training and licences,CautiousAd6705,6,10,dhaka,2025-11-14 19:32:54,https://www.reddit.com/r/Dhaka/comments/1owwldo/driving_training_and_licences/
Stress relief,Jumpy-Selection-7728,7,35,dhaka,2025-11-14 18:36:44,https://www.reddit.com/r/Dhaka/comments/1owvcnt/stress_relief/
Need psychiatrist,Ok-Youth4228,11,20,dhaka,2025-11-14 17:13:40,https://www.reddit.com/r/Dhaka/comments/1owtqjw/need_psychiatrist/
My view on Dhaka,Top_Ad1064,50,59,dhaka,2025-11-14 16:34:39,https://www.reddit.com/r/Dhaka/comments/1owt2at/my_view_on_dhaka/
Business ideas 💡,No-Diver1470,4,3,dhaka,2025-11-14 16:21:20,https://www.reddit.com/r/Dhaka/comments/1owsu43/business_ideas/
random November 3:24 PM thought,Extension_Force7563,17,44,dhaka,2025-11-14 15:25:04,https://www.reddit.com/r/Dhaka/comments/1owrxp0/random_november_324_pm_thought/
DOT INTERNET 525 tk package,Leather-Lawyer-5026,3,0,bangladesh,2025-11-14 14:35:37,https://www.reddit.com/r/bangladesh/comments/1owr65q/dot_internet_525_tk_package/
Need stores that can solder to fix my controller (Ps5 controller),ElectronicValue8056,4,3,dhaka,2025-11-14 14:04:03,https://www.reddit.com/r/Dhaka/comments/1owqp0d/need_stores_that_can_solder_to_fix_my_controller/
Home workout/ GYM,Apprehensive-Comb365,1,5,dhaka,2025-11-14 13:18:55,https://www.reddit.com/r/Dhaka/comments/1owpzhq/home_workout_gym/
$5000 USD Cash for Student Visa (Initial Expense) - Best Rate at City Bank?,Worldly-Toe5476,5,3,dhaka,2025-11-14 13:03:24,https://www.reddit.com/r/Dhaka/comments/1owpqpk/5000_usd_cash_for_student_visa_initial_expense/
"In our country, can no person legally (on paper) write themselves as non-religious? And can't two non-religious people legally marry without any hassle? What does our law say?",the-machine-m4n,66,48,dhaka,2025-11-14 13:02:45,https://www.reddit.com/r/Dhaka/comments/1owpqbq/in_our_country_can_no_person_legally_on_paper/
Place to stay for 2 months Bashundhara R/A,dark_98_rider,5,2,dhaka,2025-11-14 12:59:33,https://www.reddit.com/r/Dhaka/comments/1owpoec/place_to_stay_for_2_months_bashundhara_ra/
Where can I sell old cloths?,LightCyndr14,0,6,dhaka,2025-11-14 12:49:37,https://www.reddit.com/r/Dhaka/comments/1owpign/where_can_i_sell_old_cloths/
Can someone attend HSC for a fourth time?,Frequent-Tie-6681,2,4,dhaka,2025-11-14 12:23:33,https://www.reddit.com/r/Dhaka/comments/1owp2ob/can_someone_attend_hsc_for_a_fourth_time/
Is IBA really safe from all the political Chaos at DU and other public unis,Efficient_Divide_448,5,6,dhaka,2025-11-14 12:17:28,https://www.reddit.com/r/Dhaka/comments/1owoyy3/is_iba_really_safe_from_all_the_political_chaos/
Laptop recommendation to run Linux based OS,Minute-Flatworm1669,10,37,dhaka,2025-11-14 11:52:55,https://www.reddit.com/r/Dhaka/comments/1owojsh/laptop_recommendation_to_run_linux_based_os/
Which payment gateway do you prefer for ecommerce?,Drawing-Live,5,9,dhaka,2025-11-14 11:40:04,https://www.reddit.com/r/Dhaka/comments/1owobmf/which_payment_gateway_do_you_prefer_for_ecommerce/
Where can i find mikasa red scarf?,nil_nickel,10,9,dhaka,2025-11-14 11:37:44,https://www.reddit.com/r/Dhaka/comments/1owoa4s/where_can_i_find_mikasa_red_scarf/
Basabo Buddho Mondir,CodeAndCorrelation,116,12,dhaka,2025-11-14 10:55:35,https://www.reddit.com/gallery/1ownhuo
Where to buy shoes?,ChocolateAromatic648,4,15,dhaka,2025-11-14 08:20:44,https://www.reddit.com/r/Dhaka/comments/1owkd85/where_to_buy_shoes/
Looking for a gym,Apprehensive-Comb365,5,9,dhaka,2025-11-14 04:23:16,https://www.reddit.com/r/Dhaka/comments/1oweys9/looking_for_a_gym/
Buying a 2nd hand flat in banani Dhaka.,Miserable-Bed3514,2,1,bangladesh,2025-11-14 03:11:50,https://www.reddit.com/r/bangladesh/comments/1owd538/buying_a_2nd_hand_flat_in_banani_dhaka/
Daraz er 11.11 campaign e keu ki kisu kinsen?,Select-Day-873,3,1,dhaka,2025-11-14 02:21:28,https://www.reddit.com/r/Dhaka/comments/1owbud5/daraz_er_1111_campaign_e_keu_ki_kisu_kinsen/
Where can i buy these sort of sneakers🙂,sad_sugar_7,8,17,dhaka,2025-11-14 01:23:01,https://www.reddit.com/gallery/1owaayj
Suggestions for Air Purifier for bedroom,Ok_Shelter8239,3,2,dhaka,2025-11-14 01:11:49,https://www.reddit.com/r/Dhaka/comments/1owa0fq/suggestions_for_air_purifier_for_bedroom/
How to import watch?,SMBSAlif,1,3,dhaka,2025-11-14 00:47:46,https://www.reddit.com/r/Dhaka/comments/1ow9d9o/how_to_import_watch/
CHAPPED LIP!!!!!,Both_Development4690,4,28,dhaka,2025-11-14 00:33:07,https://www.reddit.com/r/Dhaka/comments/1ow8yxm/chapped_lip/
"Suggest me some 11.11 headphone,keyboard and mouse deals",deletedusssr,0,3,dhaka,2025-11-14 00:32:26,https://www.reddit.com/r/Dhaka/comments/1ow8y86/suggest_me_some_1111_headphonekeyboard_and_mouse/
How do you usually get a bank internship in Bangladesh?,Interesting_Help_18,2,0,dhaka,2025-11-14 00:15:39,https://www.reddit.com/r/Dhaka/comments/1ow8hl0/how_do_you_usually_get_a_bank_internship_in/
Hair Fall Product - minoxidil review,Kim_KongNog,2,5,dhaka,2025-11-13 23:46:55,https://www.reddit.com/r/Dhaka/comments/1ow7pa1/hair_fall_product_minoxidil_review/
Anybody interested to watch Demon Slayer or Chainsaw Man??,Apprehensive-Comb365,2,5,dhaka,2025-11-13 23:34:38,https://www.reddit.com/r/Dhaka/comments/1ow7d9w/anybody_interested_to_watch_demon_slayer_or/
"Dhaka today.... No, more like everyday.",biscute2077,8,0,bangladesh,2025-11-13 21:24:47,https://i.redd.it/biczw6icl11g1.jpeg
Property inheritance to our child who is not a Bangladeshi citizen.,Hawk_KL01,18,15,bangladesh,2025-11-12 17:12:51,https://www.reddit.com/r/bangladesh/comments/1ov2e8w/property_inheritance_to_our_child_who_is_not_a/
Best AFFORDABLE gym in Bashundhara?,m0sala,3,8,dhaka,2025-11-12 14:53:50,https://www.reddit.com/r/Dhaka/comments/1ov06gi/best_affordable_gym_in_bashundhara/
Its abt outfit,rrrihaaa,7,4,bangladesh,2025-11-12 01:12:08,https://www.reddit.com/r/bangladesh/comments/1ouihfn/its_abt_outfit/
advice about studying abroad for film/VFX after freelance career,NationalSelection773,9,2,dhaka,2025-11-11 23:34:09,https://www.reddit.com/r/Dhaka/comments/1oufrio/advice_about_studying_abroad_for_filmvfx_after/
Help,mizzy_001,3,6,bangladesh,2025-11-11 16:45:58,https://www.reddit.com/r/bangladesh/comments/1ou6bxf/help/
A Bangladeshi couple who died in the 9/11 attacks.,Maverick_00x,557,54,bangladesh,2025-11-11 15:31:13,https://i.redd.it/nht3sj3gkl0g1.jpeg
AAUB Admission,Kurou-Mamonogatari,6,2,bangladesh,2025-11-11 14:27:33,https://www.reddit.com/r/bangladesh/comments/1ou45r8/aaub_admission/
A DU professor filed a case against her being harassed online. And this is the response of tareq zias bodyguard,maybe_not_andy,4,1,bangladesh,2025-11-11 07:50:21,https://www.facebook.com/share/p/1ZiAD6gjgE/
What if Bangladesh actually had high-speed trains(250-350km/hour)?,SheehabMuhammad,16,35,bangladesh,2025-11-11 01:06:11,https://www.reddit.com/r/bangladesh/comments/1otmrhf/what_if_bangladesh_actually_had_highspeed/
"If you had 6 months rent-free in a prime Gulshan/Banani duplex, how would you use it to build a business?",Anushirvan,6,7,bangladesh,2025-11-11 00:28:17,https://www.reddit.com/r/bangladesh/comments/1otloqw/if_you_had_6_months_rentfree_in_a_prime/
Buffet suggestions in Dhaka,Few-Pumpkin3842,5,0,bangladesh,2025-11-10 21:26:24,https://www.reddit.com/r/bangladesh/comments/1otgoow/buffet_suggestions_in_dhaka/
Peace agreement before GTA VI,Sweaty_Topic8036,13,1,bangladesh,2025-11-10 21:13:17,https://i.redd.it/9zqr0tak4g0g1.jpeg
Gym equipments store,Advanced_Budget7301,2,5,dhaka,2025-11-10 20:32:38,https://www.reddit.com/r/Dhaka/comments/1otfb5p/gym_equipments_store/
Trusted Gaming Laptop store in Dhaka,Expert-Access7844,3,5,bangladesh,2025-11-10 18:43:46,https://www.reddit.com/r/bangladesh/comments/1otcr6b/trusted_gaming_laptop_store_in_dhaka/
"Over a hundred primary school teachers were injured as police used batons, sound grenades, tear gas, and water cannons",Plastic_Repeat_995,15,3,bangladesh,2025-11-10 16:44:44,https://www.reddit.com/r/bangladesh/comments/1otal21/over_a_hundred_primary_school_teachers_were/
Where else to sell my smartphones?,Select-Day-873,2,0,bangladesh,2025-11-10 16:34:42,https://www.reddit.com/r/bangladesh/comments/1otafe9/where_else_to_sell_my_smartphones/
Crude bombs exploded at four separate locations in Dhaka this morning (10 November),Plastic_Repeat_995,13,8,bangladesh,2025-11-10 16:06:55,https://www.reddit.com/r/bangladesh/comments/1ot9zry/crude_bombs_exploded_at_four_separate_locations/
‼️Crude bombs exploded at 4 locations in Dhaka,AtikulIslam4142,80,25,bangladesh,2025-11-10 15:37:37,https://i.redd.it/j7we8xhoge0g1.jpeg
⚠️ Top-listed criminal shot dead in broad daylight,AtikulIslam4142,185,44,bangladesh,2025-11-10 14:55:29,https://v.redd.it/iolsj0w49e0g1
Any querier service to send iPad outside Dhaka.,muaz_moss,7,3,bangladesh,2025-11-10 07:03:44,https://www.reddit.com/r/bangladesh/comments/1ot0cii/any_querier_service_to_send_ipad_outside_dhaka/
Sending a 20 kg parcel from Dhaka to Budapest — any affordable and reliable courier options?,PrimaryInspection969,6,1,bangladesh,2025-11-09 23:27:17,https://www.reddit.com/r/bangladesh/comments/1osp5us/sending_a_20_kg_parcel_from_dhaka_to_budapest_any/
Animal rescue/shelter in Dhaka?,Tall_Monster,7,2,bangladesh,2025-11-09 21:13:06,https://www.reddit.com/r/bangladesh/comments/1oslsdl/animal_rescueshelter_in_dhaka/
Best pizza place near bashundhara,Active-Importance937,1,3,dhaka,2025-11-09 20:10:31,https://www.reddit.com/r/Dhaka/comments/1oskbzq/best_pizza_place_near_bashundhara/
"Will contest election from Dhaka, resignation depends on govt's decision: Asif Mahmud",PrintRealistic6750,22,12,bangladesh,2025-11-09 19:32:34,https://i.redd.it/qa0omg5oh80g1.jpeg
"A peanut seller counts his loss as his Tk3,000....",Plastic_Repeat_995,124,6,bangladesh,2025-11-09 15:56:35,https://i.redd.it/cktvhqjve70g1.png
"Students of Ideal, Dhaka colleges reach peace agreement; City College missing from truce effort",Necessary-Hunt6104,82,24,bangladesh,2025-11-09 15:53:45,https://i.redd.it/srzvgb2le70g1.png
My 28 months baby still not talking :(,Fancy-Day3847,32,17,bangladesh,2025-11-09 14:43:02,https://www.reddit.com/r/bangladesh/comments/1osedtk/my_28_months_baby_still_not_talking/
"How much difference does studying in public universities make, compared to private?",NastyBlisters,20,46,dhaka,2025-11-09 14:41:56,https://www.reddit.com/r/Dhaka/comments/1osed7h/how_much_difference_does_studying_in_public/
Need suggestions for Resort near Dhaka (for Honeymoon),Maybe_some,5,5,bangladesh,2025-11-09 10:55:24,https://www.reddit.com/r/bangladesh/comments/1osai6z/need_suggestions_for_resort_near_dhaka_for/
Pari Bibi's mausoleum at Lalbagh fort. Dhaka (1967) #viral #OldDhaka #Ol...,Sea-Test1273,3,1,bangladesh,2025-11-09 08:42:45,https://youtube.com/watch?v=9gclvfKI7BA&amp;si=IOY6Qeijd40Hxto2
Anyone using Finasteride or Minoxidil? Need advice and good doctor recommendations,pulokjk,7,9,bangladesh,2025-11-08 23:36:09,https://www.reddit.com/r/bangladesh/comments/1orvd4f/anyone_using_finasteride_or_minoxidil_need_advice/
Need advice,Fragrant_Drop7397,6,3,bangladesh,2025-11-08 22:31:26,https://www.reddit.com/r/bangladesh/comments/1ortrhs/need_advice/
Seeking partner in crime,Advanced_Budget7301,11,14,bangladesh,2025-11-08 20:46:52,https://www.reddit.com/r/bangladesh/comments/1orr70a/seeking_partner_in_crime/
Bashundhara?,Kurou-Mamonogatari,251,21,dhaka,2025-11-08 16:59:20,https://www.reddit.com/gallery/1ormmwb
Looking for internship to add to my CV,Illustrious_Snow_314,3,5,dhaka,2025-11-08 15:28:06,https://www.reddit.com/r/Dhaka/comments/1orl63a/looking_for_internship_to_add_to_my_cv/
NSU previous year's admission questions?,Kurou-Mamonogatari,2,0,dhaka,2025-11-08 00:35:12,https://www.reddit.com/r/Dhaka/comments/1or2daq/nsu_previous_years_admission_questions/
Studio Apartments for rent in Banani or Bashundhara,AbbreviationsKey8859,1,0,dhaka,2025-11-07 23:47:02,https://www.reddit.com/r/Dhaka/comments/1or1327/studio_apartments_for_rent_in_banani_or/
Studio Apartment for Rent in Banani or Bashundhara,AbbreviationsKey8859,2,2,dhaka,2025-11-07 23:17:01,https://www.reddit.com/r/Dhaka/comments/1or0a67/studio_apartment_for_rent_in_banani_or_bashundhara/
Best place for cataract surgery in Dhaka?,Available-Ad-1014,5,1,bangladesh,2025-11-07 21:14:11,https://www.reddit.com/r/bangladesh/comments/1oqx0m5/best_place_for_cataract_surgery_in_dhaka/
I need help making a tier list of bba programmes,Leading-Sandwich-534,1,0,dhaka,2025-11-07 15:22:53,https://www.reddit.com/r/Dhaka/comments/1oqpusd/i_need_help_making_a_tier_list_of_bba_programmes/
My Story,Budget_Platform_3736,47,37,bangladesh,2025-11-07 13:35:35,https://www.reddit.com/r/bangladesh/comments/1oqo6u5/my_story/
Need a job,BadLuckUnlimited,10,18,dhaka,2025-11-07 03:32:16,https://www.reddit.com/r/Dhaka/comments/1oqbmpt/need_a_job/
Anyone studying criminology at university of dhaka?,faceittiger1142,3,0,bangladesh,2025-11-07 02:39:13,https://www.reddit.com/r/bangladesh/comments/1oqa8mf/anyone_studying_criminology_at_university_of_dhaka/
Reddit users from Dhaka's Savar area what do you think about it?,BugPsychological8349,0,0,dhaka,2025-11-07 01:24:39,https://www.reddit.com/r/Dhaka/comments/1oq89yw/reddit_users_from_dhakas_savar_area_what_do_you/
I NEED HELP!!!,Hail_Hifler_911,1,3,dhaka,2025-11-06 21:09:17,https://www.reddit.com/r/Dhaka/comments/1oq1eps/i_need_help/
What should I do about my stammering?(Totlami),kindred_eldtrich,1,2,dhaka,2025-11-06 18:40:03,https://www.reddit.com/r/Dhaka/comments/1opxtnm/what_should_i_do_about_my_stammeringtotlami/
Massacre in Dhaka!,Gold1Smith,24,25,bangladesh,2025-11-06 17:12:20,https://i.redd.it/x1zd0mjxdmzf1.jpeg
Which hotel should i stay at in Bashundhara?,sanelde_senior,2,19,dhaka,2025-11-06 04:43:13,https://www.reddit.com/r/Dhaka/comments/1ophsgg/which_hotel_should_i_stay_at_in_bashundhara/
Looking for information about old/public libraries in Dhaka for a Wikimedia GLAM project,Yahya_b,3,0,bangladesh,2025-11-06 02:41:55,https://www.reddit.com/r/bangladesh/comments/1opek7x/looking_for_information_about_oldpublic_libraries/
This is a Dhaka Nostalgia post,Mishti_dooi,36,30,dhaka,2025-11-06 01:05:30,https://www.reddit.com/r/Dhaka/comments/1opbxno/this_is_a_dhaka_nostalgia_post/
Easy entry to Europe as a masters student.,canttellumyname,4,1,bangladesh,2025-11-06 00:32:58,https://www.reddit.com/r/bangladesh/comments/1opb16r/easy_entry_to_europe_as_a_masters_student/
Easy entry to Europe as a masters student.,canttellumyname,3,2,bangladesh,2025-11-06 00:32:53,https://www.reddit.com/r/bangladesh/comments/1opb147/easy_entry_to_europe_as_a_masters_student/
Perfume Decants are a scam,azim-_-,4,7,bangladesh,2025-11-06 00:18:20,https://www.reddit.com/r/bangladesh/comments/1opam78/perfume_decants_are_a_scam/
Want a home rent in dhaka,Upset-Pay3295,2,2,bangladesh,2025-11-06 00:12:30,https://www.reddit.com/r/bangladesh/comments/1opag77/want_a_home_rent_in_dhaka/
How to crack DU Law in 30 days?,South_Pilot_1438,4,16,dhaka,2025-11-05 19:20:05,https://www.reddit.com/r/Dhaka/comments/1op2nfg/how_to_crack_du_law_in_30_days/
"wanna go to sylhet for tour with friends from dhaka, need suggestions and advices",Top-Pen-9698,3,3,bangladesh,2025-11-05 16:47:18,https://www.reddit.com/r/bangladesh/comments/1oozmtc/wanna_go_to_sylhet_for_tour_with_friends_from/
Probe blames pilot error for Milestone crash; all Air Force training to shift outside Dhaka,PrintRealistic6750,55,25,bangladesh,2025-11-05 16:36:41,https://i.redd.it/50k19bjm2fzf1.png
Why doesn’t Bangladesh have a soft power strategy?,Lampedusan,24,29,bangladesh,2025-11-05 11:02:18,https://www.reddit.com/r/bangladesh/comments/1oou4fh/why_doesnt_bangladesh_have_a_soft_power_strategy/
Bangladesh travel for uk female and Nepali boy in January ?,Soft-Dance-8601,5,5,bangladesh,2025-11-05 03:55:50,https://www.reddit.com/r/bangladesh/comments/1ooklaw/bangladesh_travel_for_uk_female_and_nepali_boy_in/
Information needed,Every_Push_5326,4,4,dhaka,2025-11-05 01:20:13,https://www.reddit.com/r/Dhaka/comments/1oogiph/information_needed/
Delivery Service For My Home Bakery,DirectTone1689,3,5,bangladesh,2025-11-04 23:36:50,https://www.reddit.com/r/bangladesh/comments/1oodndz/delivery_service_for_my_home_bakery/
How to start learning Video editing and Digital Marketing from scratch?,Safe-Cabinet-469,3,5,dhaka,2025-11-04 20:49:18,https://www.reddit.com/r/Dhaka/comments/1oo941k/how_to_start_learning_video_editing_and_digital/
"ফ্যাক্টরি পুড়ে, বিমানবন্দর পুড়ে, নির্বাচন দিয়ে বাঁচান: বিটিএমএ সভাপতি | BTMA | Dhaka | Somoy TV",maifee,7,1,bangladesh,2025-11-04 19:40:09,https://youtu.be/vIWal0m-Wx8?si=SA8-gcWLyQuiIXZK
I'm kind of derailed right now and how can I get back on track?,sabab_1639,3,6,dhaka,2025-11-04 19:03:56,https://www.reddit.com/r/Dhaka/comments/1oo6ilu/im_kind_of_derailed_right_now_and_how_can_i_get/
"BAF Shaheen College, Dhaka",Plastic_Repeat_995,18,2,bangladesh,2025-11-04 15:22:45,https://www.reddit.com/gallery/1oo2xj2
EEE Job related Question.,Impressive_Cup_9271,3,3,bangladesh,2025-11-04 15:09:17,https://www.reddit.com/r/bangladesh/comments/1oo2qmn/eee_job_related_question/
Car rental in Dhaka,FifqoJeGay,2,1,dhaka,2025-11-04 14:07:15,https://www.reddit.com/r/Dhaka/comments/1oo1tcy/car_rental_in_dhaka/
Now that BUET has 600 marks...,CarrotPlus631,19,15,dhaka,2025-11-04 02:37:04,https://www.reddit.com/r/Dhaka/comments/1onn8gv/now_that_buet_has_600_marks/
Chittagong University W or L?,Soul_Sniper_26,1,17,bangladesh,2025-11-04 01:07:16,https://www.reddit.com/r/bangladesh/comments/1onksuc/chittagong_university_w_or_l/
BNP candidates for JS polls: Who’s in the race for which seat in Dhaka?,PrintRealistic6750,5,2,bangladesh,2025-11-03 23:44:16,https://i.redd.it/vxqvezo3x2zf1.png
"Anybody got the ""Dhaka Racing 2003"" game?",VapeyMoron,7,3,bangladesh,2025-11-03 23:28:32,https://www.reddit.com/r/bangladesh/comments/1oni0r8/anybody_got_the_dhaka_racing_2003_game/
BNP's Shafiqul Islam likely to face Jamaat chief Shafiqur in Dhaka-15,PrintRealistic6750,21,7,bangladesh,2025-11-03 19:56:45,https://i.redd.it/7dmgyq5is1zf1.png
"Hello, i want to learn how to swim, where can i learn how to swim in Bashundhara or Gulshan?",steezyguac,6,12,dhaka,2025-11-03 14:21:16,https://www.reddit.com/r/Dhaka/comments/1on6b1u/hello_i_want_to_learn_how_to_swim_where_can_i/
Class times of Bsc courses in NSU &amp; BRACU,hasinishraque,2,2,dhaka,2025-11-03 10:29:13,https://www.reddit.com/r/Dhaka/comments/1on2k55/class_times_of_bsc_courses_in_nsu_bracu/
Admission Phase...,GurWide6589,2,0,dhaka,2025-11-03 08:49:47,https://www.reddit.com/r/Dhaka/comments/1on0m4o/admission_phase/
Phone got stolen,ActOk8589,2,5,dhaka,2025-11-03 06:33:08,https://www.reddit.com/r/Dhaka/comments/1omxq35/phone_got_stolen/
Need admission guideline,brush_of_art,2,3,dhaka,2025-11-03 01:10:24,https://www.reddit.com/r/Dhaka/comments/1ompxm6/need_admission_guideline/
Is it better to do EEE in BracU or AIUB?,onisadat_712005,5,4,bangladesh,2025-11-02 21:57:00,https://www.reddit.com/r/bangladesh/comments/1omkxqz/is_it_better_to_do_eee_in_bracu_or_aiub/
Need advice on future plans for studying Physics.,the_wave_equation,4,0,bangladesh,2025-11-02 21:08:34,https://www.reddit.com/r/bangladesh/comments/1omjooy/need_advice_on_future_plans_for_studying_physics/
No one cares about cats in BracU ?,Kim_KongNog,4,5,dhaka,2025-11-02 19:26:46,https://www.reddit.com/r/Dhaka/comments/1omh8fu/no_one_cares_about_cats_in_bracu/
The Daily Star Caught Red-Handed using AI-written Article,AtikulIslam4142,63,19,bangladesh,2025-11-02 18:19:22,https://www.reddit.com/r/bangladesh/comments/1omftpq/the_daily_star_caught_redhanded_using_aiwritten/
A0 size printing place in or near Dhanmondi,Ashik80,5,9,dhaka,2025-11-02 16:30:30,https://www.reddit.com/r/Dhaka/comments/1omdyph/a0_size_printing_place_in_or_near_dhanmondi/
Can DU IBA be a better option than DU A unit?,Certain_Instance5192,9,58,dhaka,2025-11-02 15:58:06,https://www.reddit.com/r/Dhaka/comments/1omdgcv/can_du_iba_be_a_better_option_than_du_a_unit/
Gym equipment shop near Bashundhara.,Tomat0_Lover,4,2,dhaka,2025-11-02 15:41:09,https://www.reddit.com/r/Dhaka/comments/1omd6zs/gym_equipment_shop_near_bashundhara/
Is my cousin manipulative?,kindred_eldtrich,59,64,dhaka,2025-11-02 14:08:22,https://www.reddit.com/r/Dhaka/comments/1ombssq/is_my_cousin_manipulative/
Wanting to study in Biotech or Biochem.,Consistent_Bell_7124,3,1,dhaka,2025-11-02 13:36:27,https://www.reddit.com/r/Dhaka/comments/1ombbkz/wanting_to_study_in_biotech_or_biochem/
Co-working space near Bashundhara RA?,EasternDog5265,2,0,dhaka,2025-11-02 13:16:07,https://www.reddit.com/r/Dhaka/comments/1omb0md/coworking_space_near_bashundhara_ra/
Need help guys!,Overall-Poetry-9021,2,6,dhaka,2025-11-02 10:33:18,https://www.reddit.com/r/Dhaka/comments/1om8cbb/need_help_guys/
Anyone studied in Mahanagar ideal school back in kindergarten?,chronicallyeepyetc,2,0,dhaka,2025-11-02 09:14:06,https://www.reddit.com/r/Dhaka/comments/1om6xbb/anyone_studied_in_mahanagar_ideal_school_back_in/
PRIVATE UNIS,Soul_Sniper_26,9,7,bangladesh,2025-11-01 23:31:12,https://www.reddit.com/r/bangladesh/comments/1oltqi9/private_unis/
"Does anyone remember about Vebco, Premium AC bus service",United-Life7473,6,0,dhaka,2025-11-01 21:40:16,https://www.reddit.com/r/Dhaka/comments/1olqyk0/does_anyone_remember_about_vebco_premium_ac_bus/
Need advice for DU admission (B Unit),Strange-Tooth-3788,3,3,dhaka,2025-11-01 14:02:31,https://www.reddit.com/r/Dhaka/comments/1oli9qt/need_advice_for_du_admission_b_unit/
আমি Windows &amp; Android user.,seowithriazul,5,2,bangladesh,2025-11-01 08:39:38,https://i.redd.it/r523t19t5kyf1.png
Studying bachelors in Germany,pritho108,2,1,bangladesh,2025-11-01 01:56:58,https://www.reddit.com/r/bangladesh/comments/1ol4lr7/studying_bachelors_in_germany/
Any advice on getting a new passport quickly considering my restrictions?,Oryuuu,3,0,bangladesh,2025-10-31 22:45:39,https://www.reddit.com/r/bangladesh/comments/1okzoew/any_advice_on_getting_a_new_passport_quickly/
Wanting to study in Biotech or Biochem.,Consistent_Bell_7124,8,2,bangladesh,2025-10-31 21:03:29,https://www.reddit.com/r/bangladesh/comments/1okwzs7/wanting_to_study_in_biotech_or_biochem/
‘No one stood up for her’: Bus helper arrested for hitting woman,fogrampercot,53,13,bangladesh,2025-10-31 16:35:59,https://www.thedailystar.net/news/bangladesh/news/no-one-stood-her-bus-helper-arrested-hitting-woman-4023751
Should I quit my college?,Technical-Rush-2991,22,50,dhaka,2025-10-31 14:40:05,https://www.reddit.com/r/Dhaka/comments/1okp7tz/should_i_quit_my_college/
is Killing FAIR?,Basic-Put-1927,4,6,bangladesh,2025-10-31 05:18:35,https://www.reddit.com/r/bangladesh/comments/1okevyj/is_killing_fair/
"Are advanced book [,Hc verma, Chaya prakashani etc ] &amp; advanced concepts needed for securing ranked among the Top 50 in BUET Admission Test?",Vegetable-Music3598,1,16,dhaka,2025-10-31 02:39:57,https://www.reddit.com/r/Dhaka/comments/1okb1t4/are_advanced_book_hc_verma_chaya_prakashani_etc/
Where can I find 99% Isopropyl alcohol in Dhaka?,Expert_Point_7816,6,4,bangladesh,2025-10-31 01:53:43,https://www.reddit.com/r/bangladesh/comments/1ok9ux0/where_can_i_find_99_isopropyl_alcohol_in_dhaka/
Stolen Iphone,Prettybatw,3,1,dhaka,2025-10-31 01:38:14,https://www.reddit.com/r/Dhaka/comments/1ok9grn/stolen_iphone/
BracU Admission Related,GrandSpray5334,3,2,dhaka,2025-10-31 01:33:46,https://www.reddit.com/r/Dhaka/comments/1ok9cns/bracu_admission_related/
HELP,ahnaf1131,4,8,dhaka,2025-10-31 00:44:03,https://www.reddit.com/r/Dhaka/comments/1ok81cs/help/
Hostel suggestion,nafi_thebest,2,3,dhaka,2025-10-30 22:06:44,https://www.reddit.com/r/Dhaka/comments/1ok3svc/hostel_suggestion/
Dhaka University's admission notice mentions Hijras as disabled,AntiAgent006,23,16,bangladesh,2025-10-30 21:55:31,https://i.redd.it/44ixesn2u9yf1.jpeg
Mercury ke medicine hisebe sell kortese,Fluid-Tour-2129,81,32,bangladesh,2025-10-30 20:07:01,https://v.redd.it/wupzu0bw99yf1
"[Offering Physics, Chemistry &amp; Math Coaching | Khilgaon Area | Need Some Guidance 🙌]",shourid44,3,0,dhaka,2025-10-30 19:31:16,https://www.reddit.com/r/Dhaka/comments/1ojzs9l/offering_physics_chemistry_math_coaching_khilgaon/
‘৫ আগস্টে আমরা পুলিশ মেরে ঝুলিয়ে রেখেছি’,AtikulIslam4142,27,2,bangladesh,2025-10-30 18:16:37,https://www.reddit.com/r/bangladesh/comments/1ojy2iv/৫_আগসট_আমর_পলশ_মর_ঝলয়_রখছ/
Du admission guideline,Responsible_Way2518,5,2,dhaka,2025-10-30 18:14:56,https://www.reddit.com/r/Dhaka/comments/1ojy1ax/du_admission_guideline/
Best thrifting place in Dhaka??,DebtLess2374,5,1,bangladesh,2025-10-30 16:45:34,https://www.reddit.com/r/bangladesh/comments/1ojwbts/best_thrifting_place_in_dhaka/
Japan-based grocery stores,VTorch,2,0,bangladesh,2025-10-30 11:05:48,https://www.reddit.com/r/bangladesh/comments/1ojr2pp/japanbased_grocery_stores/
"Anyone you did kidney surgery at Bangladesh Specialized Hospital, 21 Mirpur Rd. https://bdspecializedhospital.com/  ? is this good hospital for kidney tumor removal?",Suspicious-Ad-2444,3,1,bangladesh,2025-10-30 01:00:26,https://www.reddit.com/r/bangladesh/comments/1ojdbxm/anyone_you_did_kidney_surgery_at_bangladesh/
Suggestions needed,FarhanAyan_,2,0,bangladesh,2025-10-29 23:48:26,https://www.reddit.com/r/bangladesh/comments/1ojbdpz/suggestions_needed/
Suggestions needed,FarhanAyan_,2,0,bangladesh,2025-10-29 23:38:51,https://www.reddit.com/r/bangladesh/comments/1ojb41k/suggestions_needed/
visited Bangladesh,loserinlifee,18,3,bangladesh,2025-10-29 20:54:50,https://www.reddit.com/r/bangladesh/comments/1oj6ph0/visited_bangladesh/
Challenges in Policing (part 2): Those who provide security live without dignity,AtikulIslam4142,19,4,bangladesh,2025-10-29 19:02:01,https://www.reddit.com/r/bangladesh/comments/1oj3wxl/challenges_in_policing_part_2_those_who_provide/
পোশাক নিয়ে কটুক্তিকারীকে জুতাপেটা করলেন তরুণী,AtikulIslam4142,207,93,bangladesh,2025-10-29 16:50:00,https://www.reddit.com/r/bangladesh/comments/1oj1995/পশক_নয়_কটকতকরক_জতপট_করলন_তরণ/
Have you ever realized you loved someone too late?,Interesting_Age306,10,6,bangladesh,2025-10-29 15:34:01,https://www.reddit.com/r/bangladesh/comments/1oizzj2/have_you_ever_realized_you_loved_someone_too_late/
Anyone from brac university?,shady_girl66,7,19,dhaka,2025-10-29 07:51:00,https://www.reddit.com/r/Dhaka/comments/1ois6oz/anyone_from_brac_university/
B category university for masters abroad,GeneralSadaf,3,2,dhaka,2025-10-29 00:28:34,https://www.reddit.com/r/Dhaka/comments/1oihbpb/b_category_university_for_masters_abroad/
Challenges in Policing (part 1): Inside the broken funding of BD police,AtikulIslam4142,10,2,bangladesh,2025-10-28 20:06:52,https://www.reddit.com/r/bangladesh/comments/1oiabnu/challenges_in_policing_part_1_inside_the_broken/
Is it hard to balance work and NSU study?,fsornab,2,3,dhaka,2025-10-28 19:51:06,https://www.reddit.com/r/Dhaka/comments/1oi9xcm/is_it_hard_to_balance_work_and_nsu_study/
Need participants for a study,notkafka311,2,0,bangladesh,2025-10-28 01:09:51,https://www.reddit.com/r/bangladesh/comments/1ohnh2j/need_participants_for_a_study/
Abduction or staged drama?,AtikulIslam4142,29,31,bangladesh,2025-10-28 01:05:53,https://www.reddit.com/r/bangladesh/comments/1ohnd6w/abduction_or_staged_drama/
Need suggestions for a good chair (around 15k BDT),Disastrous_Record554,5,8,dhaka,2025-10-27 23:49:03,https://www.reddit.com/gallery/1ohlac3
Couple friendly location,No_Inspector6625,0,11,dhaka,2025-10-27 21:35:52,https://www.reddit.com/r/Dhaka/comments/1ohhoib/couple_friendly_location/
What are the best options for inter district travel?,Nayuist,1,5,bangladesh,2025-10-27 20:35:08,https://www.reddit.com/r/bangladesh/comments/1ohg25v/what_are_the_best_options_for_inter_district/
Is your family’s income halal?,United-Life7473,19,50,bangladesh,2025-10-27 19:55:45,https://www.reddit.com/r/bangladesh/comments/1ohf2mo/is_your_familys_income_halal/
Buet 25-26,Manfigure,2,2,dhaka,2025-10-27 14:13:07,https://www.reddit.com/r/Dhaka/comments/1oh8r4g/buet_2526/
WHAT IS YOUR THOUGHT ABOUT FARMGATE METRO RAIL INCIDENT,Flat_South_8384,6,1,bangladesh,2025-10-27 11:25:20,https://www.reddit.com/r/bangladesh/comments/1oh6954/what_is_your_thought_about_farmgate_metro_rail/
"Why is the Comilla, Noakhali and Chandpur regions so densely populated, outside of Dhaka region? I thought the whole Barisal and Khulna divisions were more dense",maproomzibz,20,9,bangladesh,2025-10-27 10:32:55,https://i.redd.it/q2kyw9ud1lxf1.png
Halloween events in dhaka,No_idea_duh,2,0,bangladesh,2025-10-27 04:55:49,/r/Dhaka/comments/1ogyiqp/halloween_events_in_dhaka/
"Does anyone know where can I apply for learning boxing/ Muay thai near Mirpur,Dhaka?",Baked_Pan798,2,1,bangladesh,2025-10-27 02:26:57,https://www.reddit.com/r/bangladesh/comments/1ogv09g/does_anyone_know_where_can_i_apply_for_learning/
Du-b unit,No_Tart_2572,4,11,dhaka,2025-10-26 19:30:58,https://www.reddit.com/r/Dhaka/comments/1ogkoix/dub_unit/
Need recommendation of some trustworthy construction/ development companies in Dhaka?,jobie1267,3,1,bangladesh,2025-10-26 18:05:15,https://www.reddit.com/r/bangladesh/comments/1ogiy0u/need_recommendation_of_some_trustworthy/
Life Advice: Be a Nerd or an Extremely Hard Worker.,_War_Daddy,181,42,dhaka,2025-10-26 16:14:56,https://www.reddit.com/r/Dhaka/comments/1ogh12r/life_advice_be_a_nerd_or_an_extremely_hard_worker/
Buet admission,Worldly_Put4468,2,7,dhaka,2025-10-26 16:12:11,https://www.reddit.com/r/Dhaka/comments/1oggzhn/buet_admission/
Pedestrian killed as bearing pad falls from Farmgate metro station; train operations suspended,Necessary-Hunt6104,67,10,bangladesh,2025-10-26 13:49:13,https://i.redd.it/ieiuysmnvexf1.jpeg
Dhaka Metro costs 5 times India's: Jica review sought to cut millions,Necessary-Hunt6104,69,23,bangladesh,2025-10-26 11:35:12,https://i.redd.it/u7tqzoxq7exf1.jpeg
French Cuff Shirts,BookshopRunner,2,4,dhaka,2025-10-26 11:09:48,https://www.reddit.com/r/Dhaka/comments/1ogc8sz/french_cuff_shirts/
Wanna start a paintball business,SiaM_AhameD21,30,6,bangladesh,2025-10-25 21:54:04,https://i.redd.it/b0dkgm545axf1.jpeg
Suffering from destructions,lionel_messi77,5,16,bangladesh,2025-10-25 20:10:14,https://www.reddit.com/r/bangladesh/comments/1ofsi20/suffering_from_destructions/
BUET admission test viva,Windy-Orbits,3,12,dhaka,2025-10-25 19:14:08,https://www.reddit.com/r/Dhaka/comments/1ofr91v/buet_admission_test_viva/
Internet connection,Physical_Biscotti257,2,4,dhaka,2025-10-25 18:54:31,https://www.reddit.com/r/Dhaka/comments/1ofqtj4/internet_connection/
Indian Transit Visa for Bangladeshi,lonelykidfrom2006,6,1,bangladesh,2025-10-25 13:50:48,https://www.reddit.com/r/bangladesh/comments/1oflrmh/indian_transit_visa_for_bangladeshi/
Calling all University of Dhaka students &amp; alumni! Join r/UniversityOfDhaka_DU,CodeAndCorrelation,2,0,dhaka,2025-10-25 13:10:48,https://www.reddit.com/r/Dhaka/comments/1ofl5sj/calling_all_university_of_dhaka_students_alumni/
"Is it safe to go in a room date in hotels in Dhanmondi? Especially, Nandini?",Embarrassed_Bison_50,4,0,bangladesh,2025-10-25 12:21:57,https://www.reddit.com/r/bangladesh/comments/1ofkdgu/is_it_safe_to_go_in_a_room_date_in_hotels_in/
"As a Hindu Bangladeshi, it's so hard to have conversations with people about Bangladesh",LeadingSea6037,107,28,bangladesh,2025-10-25 11:54:42,https://www.reddit.com/r/bangladesh/comments/1ofjxl6/as_a_hindu_bangladeshi_its_so_hard_to_have/
IGCSE/IELTS students in bangladesh,Natural-Resist7920,2,2,dhaka,2025-10-25 11:32:04,https://www.reddit.com/r/Dhaka/comments/1ofjk98/igcseielts_students_in_bangladesh/
"Looking for a quiet place to study, preferably a café or library near Bashundhara R/A.",ais_21,5,2,bangladesh,2025-10-25 08:44:55,https://www.reddit.com/r/bangladesh/comments/1ofgl7l/looking_for_a_quiet_place_to_study_preferably_a/
"Looking for a quiet place to study, preferably a café or library near Bashundhara R/A.",ais_21,3,1,dhaka,2025-10-25 08:43:17,https://www.reddit.com/r/Dhaka/comments/1ofgk33/looking_for_a_quiet_place_to_study_preferably_a/
What are your honest thoughts on marriage in Bangladesh today?,BirdApprehensive9273,16,22,bangladesh,2025-10-25 05:15:55,https://www.reddit.com/r/bangladesh/comments/1ofcejn/what_are_your_honest_thoughts_on_marriage_in/
Looking for someone to play badminton with in Uttara 🏸,BirdApprehensive9273,5,1,bangladesh,2025-10-25 03:53:52,https://www.reddit.com/r/bangladesh/comments/1ofaku6/looking_for_someone_to_play_badminton_with_in/
Is it safe to travel alone to Keraniganj near Ati Bazar in the evening to meet my girlfriend,ResponsibleFudge8955,3,5,dhaka,2025-10-25 02:57:25,https://www.reddit.com/r/Dhaka/comments/1of98i1/is_it_safe_to_travel_alone_to_keraniganj_near_ati/
Advise on topics I can use for a composition on mysoginy,Agrahayan,6,6,dhaka,2025-10-25 01:15:43,https://www.reddit.com/r/Dhaka/comments/1of6p8p/advise_on_topics_i_can_use_for_a_composition_on/
MacBook Pro M1 kernel panic  need trusted MAC  repair/service in Dhaka that won’t rob me blind,Few-Writing-3970,3,1,dhaka,2025-10-25 00:35:32,https://www.reddit.com/r/Dhaka/comments/1of5o6e/macbook_pro_m1_kernel_panic_need_trusted_mac/
Anyone here who can help me visit a church in Dhaka?,Worldly_Yellow_6115,3,10,bangladesh,2025-10-25 00:27:48,https://www.reddit.com/r/bangladesh/comments/1of5gwj/anyone_here_who_can_help_me_visit_a_church_in/
Need suggestion with current financial situation.,Iori3310,4,15,dhaka,2025-10-24 19:07:25,https://www.reddit.com/r/Dhaka/comments/1oex9px/need_suggestion_with_current_financial_situation/
Need Suggestions for Men’s Salons in Dhaka,NoPerception9519,4,1,bangladesh,2025-10-24 16:07:01,https://www.reddit.com/r/bangladesh/comments/1oetrlw/need_suggestions_for_mens_salons_in_dhaka/
Choosing University,Odd_Lobster_8804,3,2,bangladesh,2025-10-24 13:17:40,https://www.reddit.com/r/bangladesh/comments/1oer7c8/choosing_university/
Where can I fix my Iphone 13 pro max green display issue?,monkthatwiz,1,6,dhaka,2025-10-24 12:11:14,https://www.reddit.com/r/Dhaka/comments/1oeq6x2/where_can_i_fix_my_iphone_13_pro_max_green/
BD job market update,BoysenberryAlarmed54,45,46,dhaka,2025-10-24 02:58:39,https://www.reddit.com/r/Dhaka/comments/1oef0te/bd_job_market_update/
Extreme demotivation,Every-Ad5012,11,36,dhaka,2025-10-23 23:04:07,https://www.reddit.com/r/Dhaka/comments/1oe8v29/extreme_demotivation/
Looking for therapist near Dhanmondi,wanderluststuckhome,2,4,bangladesh,2025-10-23 19:39:28,https://www.reddit.com/r/bangladesh/comments/1oe3j8a/looking_for_therapist_near_dhanmondi/
Average Bhai from Buet,BlacksmithFun3821,0,0,bangladesh,2025-10-23 16:26:19,https://www.reddit.com/r/bangladesh/comments/1odzo1a/average_bhai_from_buet/
Career advice,Both_Reindeer7707,2,6,dhaka,2025-10-23 13:45:39,https://www.reddit.com/r/Dhaka/comments/1odx630/career_advice/
Help,Willing-Physics6397,4,2,dhaka,2025-10-23 10:47:25,https://www.reddit.com/r/Dhaka/comments/1odub9v/help/
Why is Bangladesh so shitty?,Vigilante-225,50,49,bangladesh,2025-10-23 09:24:56,https://www.reddit.com/r/bangladesh/comments/1odsu0i/why_is_bangladesh_so_shitty/
Try plastickothay,Any-Interaction-3192,4,1,bangladesh,2025-10-23 02:49:18,https://www.reddit.com/r/bangladesh/comments/1odk3yw/try_plastickothay/
Try &amp; share feedback on our product,Any-Interaction-3192,22,14,dhaka,2025-10-23 02:40:06,https://www.reddit.com/gallery/1odjv8e
Wedding Ring to Escape Rape Case,AtikulIslam4142,63,5,bangladesh,2025-10-22 20:05:21,https://www.reddit.com/r/bangladesh/comments/1od97pv/wedding_ring_to_escape_rape_case/
Why did Mostakim Ahmed the buet radical got away with his intention to murder all minorities?,Feisty_Ostrich_608,44,36,bangladesh,2025-10-22 19:52:02,https://www.reddit.com/r/bangladesh/comments/1od8vej/why_did_mostakim_ahmed_the_buet_radical_got_away/
CUCSU Shibir candidate Akash Das says the victim is also to be blamed in the recent BUET rape case,AntiAgent006,126,71,bangladesh,2025-10-22 18:33:02,https://i.redd.it/gztqdsknqnwf1.jpeg
NSU scholarship preparation,Defiant_Flounder5696,3,5,dhaka,2025-10-22 16:41:03,https://www.reddit.com/r/Dhaka/comments/1od4s3k/nsu_scholarship_preparation/
thrift cloths in bd - original or copy?,no_jhamela,2,1,dhaka,2025-10-22 16:20:33,https://www.reddit.com/r/Dhaka/comments/1od4fo9/thrift_cloths_in_bd_original_or_copy/
"Lt. Col. Redwan, who shot students in Rampura-Banasree in July finally arrested",ultrahex007,155,13,bangladesh,2025-10-22 14:50:42,https://v.redd.it/80ns7yhzmmwf1
Should I aim for Dhaka university ?,arafattrr,8,51,dhaka,2025-10-22 13:14:31,https://www.reddit.com/r/Dhaka/comments/1od1iqz/should_i_aim_for_dhaka_university/
Regarding the BUET incident and our stance on the matter,ImperialOverlord,119,21,bangladesh,2025-10-22 13:10:25,https://www.reddit.com/r/bangladesh/comments/1od1gdy/regarding_the_buet_incident_and_our_stance_on_the/
Buying an apartment in dhaka,Superzues09,6,10,bangladesh,2025-10-22 13:02:05,https://www.reddit.com/r/bangladesh/comments/1od1bmc/buying_an_apartment_in_dhaka/
Seeking Suggestions for places to Settle-Down,eddieJK1630,4,4,bangladesh,2025-10-22 12:48:25,https://www.reddit.com/r/bangladesh/comments/1od13o9/seeking_suggestions_for_places_to_settledown/
CSL Training Feedback,anonymous4008,1,0,dhaka,2025-10-22 11:45:40,https://www.reddit.com/r/Dhaka/comments/1od03at/csl_training_feedback/
Need some admission advice,FAB__XD,1,13,dhaka,2025-10-22 11:24:50,https://www.reddit.com/r/Dhaka/comments/1oczr1h/need_some_admission_advice/
Looking Suggestion for extra large size men clothes in Dhaka.,ais_21,6,12,bangladesh,2025-10-22 09:05:36,https://www.reddit.com/r/bangladesh/comments/1ocx53y/looking_suggestion_for_extra_large_size_men/
Why the r/Dhaka is almost twice as big as r/Bangladesh?,Plastic_Repeat_995,11,38,bangladesh,2025-10-22 08:30:32,https://www.reddit.com/r/bangladesh/comments/1ocwfdr/why_the_rdhaka_is_almost_twice_as_big_as/
Why Are People So Polarized?,fogrampercot,63,65,bangladesh,2025-10-22 07:12:57,https://www.reddit.com/r/bangladesh/comments/1ocutck/why_are_people_so_polarized/
"For everyone who’s clueless about what’s happening, here’s the context.",StuckintheTraffic,490,308,bangladesh,2025-10-22 03:04:49,https://i.redd.it/tap5w3u15jwf1.jpeg
Best Isp in puran dhaka?,mujahidul_islam,1,2,dhaka,2025-10-22 01:54:12,https://www.reddit.com/r/Dhaka/comments/1ocn5c8/best_isp_in_puran_dhaka/
How did Shreeshanto Roy from BUET do these things without being noticed?,Astronomy_Boy,39,50,bangladesh,2025-10-22 01:49:55,https://www.reddit.com/r/bangladesh/comments/1ocn19p/how_did_shreeshanto_roy_from_buet_do_these_things/
Anyone doing MSc in CSE at BRAC or EWU university?,Bonito_Flakez,3,5,dhaka,2025-10-21 20:53:08,https://www.reddit.com/r/Dhaka/comments/1ocf3h4/anyone_doing_msc_in_cse_at_brac_or_ewu_university/
Anyone commuting from Dhanmondi to (AIUB / NSU / IUB)?,Rahi_55,3,1,dhaka,2025-10-21 19:46:56,https://www.reddit.com/r/Dhaka/comments/1ocdf6t/anyone_commuting_from_dhanmondi_to_aiub_nsu_iub/
Which private university has the better English department?,yuriiixyz,5,8,dhaka,2025-10-21 12:14:30,https://www.reddit.com/r/Dhaka/comments/1oc5cu6/which_private_university_has_the_better_english/
Data Science Masters Suggestions,Due_Permission_7837,4,3,dhaka,2025-10-21 11:07:44,https://www.reddit.com/r/Dhaka/comments/1oc48fq/data_science_masters_suggestions/
Food places in Bashundhara RA,Sam_Rohan,3,4,dhaka,2025-10-21 04:39:33,https://www.reddit.com/r/Dhaka/comments/1obw5qg/food_places_in_bashundhara_ra/
"Need help choosing a non-science subject in BRACU/EWU/NSU/AIUB (SSC 5.00, HSC 4.67)",yuriiixyz,4,12,dhaka,2025-10-21 02:08:03,https://www.reddit.com/r/Dhaka/comments/1obs957/need_help_choosing_a_nonscience_subject_in/
"Are private universities like BRAC and NSU actually raising their standards, or are students just less prepared now?",Bubbly_Yesterday_420,11,15,dhaka,2025-10-20 23:35:02,https://www.reddit.com/r/Dhaka/comments/1oboels/are_private_universities_like_brac_and_nsu/
"Rajuk College, Dhaka admission exam 2025",Silly-Bed2231,5,3,bangladesh,2025-10-20 22:55:50,https://www.reddit.com/r/bangladesh/comments/1obnk32/rajuk_college_dhaka_admission_exam_2025/
IS IT WORTH STUDYING IM GERMANY FOR ENGINEERING AS AN ENGLISH MEDIUM STUDENT,Soul_Sniper_26,2,2,dhaka,2025-10-20 20:49:27,https://www.reddit.com/r/Dhaka/comments/1obkviv/is_it_worth_studying_im_germany_for_engineering/
Electronics recycling,Maleficent_Silver560,3,0,bangladesh,2025-10-20 19:26:55,https://www.reddit.com/r/bangladesh/comments/1obiyi9/electronics_recycling/
Is RETINA a Jamaati organization?,NoSpeaker324,39,24,bangladesh,2025-10-20 17:56:03,https://www.reddit.com/r/bangladesh/comments/1obh1sl/is_retina_a_jamaati_organization/
Awful Experience,snythxox,10,0,bangladesh,2025-10-20 16:46:24,https://www.reddit.com/r/bangladesh/comments/1obfvsy/awful_experience/
Earthquake survival plan,Deshimockingbird,13,20,dhaka,2025-10-20 07:16:12,https://www.reddit.com/r/Dhaka/comments/1ob6sxh/earthquake_survival_plan/
"🪔 Kali Puja Vibes — Looking for a Travel Partner (Dhaka, Oct 20)",dhumketu69,0,8,bangladesh,2025-10-20 05:51:26,https://www.reddit.com/r/bangladesh/comments/1ob4zeg/kali_puja_vibes_looking_for_a_travel_partner/
Imagine if Dhaka still looked like this...,maproomzibz,117,32,bangladesh,2025-10-20 01:47:40,https://i.redd.it/shw7y3ieh4wf1.png
"HSC ’26 Dhaka here — Confused about my future, need advice",Disastrous_Lunch_773,3,0,dhaka,2025-10-20 00:24:54,https://www.reddit.com/r/Dhaka/comments/1oax0rm/hsc_26_dhaka_here_confused_about_my_future_need/
Is it over for me?,PollutionOwn2232,7,2,dhaka,2025-10-20 00:21:39,https://www.reddit.com/r/Dhaka/comments/1oawxq9/is_it_over_for_me/
"Journalist beaten, phone smashed at BNP's Gulshan office",Necessary-Hunt6104,31,6,bangladesh,2025-10-19 21:33:56,https://i.redd.it/377gr42483wf1.jpeg
Jagannath University student found dead in Old Dhaka building,Necessary-Hunt6104,23,2,bangladesh,2025-10-19 20:27:04,https://i.redd.it/4bg1ia39w2wf1.jpeg
Dhaka grants full tax break on Rooppur debt repayment to Russia’s Rosatom subsidiary,Necessary-Hunt6104,4,2,bangladesh,2025-10-19 15:51:10,https://i.redd.it/r2f2riw0j1wf1.png
Teachers for hsc and admission,Numerous-Ordinary-43,1,2,dhaka,2025-10-19 15:26:07,https://www.reddit.com/r/Dhaka/comments/1oala6o/teachers_for_hsc_and_admission/
MALAYSIAN UNI VS BRAC OR NSU,wavefun_333,8,17,dhaka,2025-10-19 12:46:51,https://www.reddit.com/r/Dhaka/comments/1oaitgp/malaysian_uni_vs_brac_or_nsu/
Does university ranking matter when pursuing a master’s abroad?,Embarrassed-Break127,7,8,dhaka,2025-10-19 10:27:31,https://www.reddit.com/r/Dhaka/comments/1oaghzv/does_university_ranking_matter_when_pursuing_a/
Need suggestions for du b unit,Born-Lettuce572,5,5,dhaka,2025-10-19 02:33:14,https://www.reddit.com/r/Dhaka/comments/1oa6jnb/need_suggestions_for_du_b_unit/
Need help and advice for DU A unit admission.,filthy-otaku,3,5,dhaka,2025-10-19 02:04:56,https://www.reddit.com/r/Dhaka/comments/1oa5to8/need_help_and_advice_for_du_a_unit_admission/
Need help with buet admission,Mima_rin_,2,4,dhaka,2025-10-19 01:43:42,https://www.reddit.com/r/Dhaka/comments/1oa5a8a/need_help_with_buet_admission/
Looking for open minded affordable psychiatrists who specialize in adhd and autism in Dhaka.,Andromeda-K-,6,3,bangladesh,2025-10-18 23:15:29,https://www.reddit.com/r/bangladesh/comments/1oa1g4u/looking_for_open_minded_affordable_psychiatrists/
"Dhaka airport fire: Businesses fear over $1 billion impact on imports, exports",Necessary-Hunt6104,33,3,bangladesh,2025-10-18 22:51:45,https://i.redd.it/q1kryyb5hwvf1.jpeg
Looking for like minded people!,Sam_Monsterclaw,37,47,bangladesh,2025-10-18 21:24:14,https://www.reddit.com/r/bangladesh/comments/1o9yoha/looking_for_like_minded_people/
Multiple major fires in a week—something feels off about what’s happening in Bangladesh,ultrahex007,309,71,bangladesh,2025-10-18 20:55:38,https://i.redd.it/7ikv073gwvvf1.jpeg
"Anyone worked at Truck Lagbe (Dhaka Head Office, Mohakhali)? Need honest feedback before my interview",Equal_Perspective230,3,2,bangladesh,2025-10-18 20:43:55,https://www.reddit.com/r/bangladesh/comments/1o9xo5r/anyone_worked_at_truck_lagbe_dhaka_head_office/
More flights diverted to Ctg as Dhaka airport shuts down after cargo zone fire,maifee,5,1,bangladesh,2025-10-18 17:47:22,https://www.tbsnews.net/bangladesh/four-flights-diverted-ctg-after-fire-dhaka-airport-cargo-zone-1263531?amp
Fire at Dhaka airport's cargo section; Connecting the dots; Why does this whole thing feel so orchestrated?,Status_Revolution_25,7,3,bangladesh,2025-10-18 17:24:53,https://www.thedailystar.net/news/bangladesh/accidents-fires/news/fire-breaks-out-near-cargo-complex-dhaka-airport-4013021
Viva,Glittering-Mix5021,2,4,dhaka,2025-10-18 16:17:51,https://www.reddit.com/r/Dhaka/comments/1o9s443/viva/
Seeking doctor recommendation for PCOS,nasia_musarat,5,1,bangladesh,2025-10-18 16:04:37,https://www.reddit.com/r/bangladesh/comments/1o9rwcs/seeking_doctor_recommendation_for_pcos/
Is the internet in Dhaka fast and stable for video calls?,78523985210,4,5,bangladesh,2025-10-18 13:46:52,https://www.reddit.com/r/bangladesh/comments/1o9pr6h/is_the_internet_in_dhaka_fast_and_stable_for/
How else should I practice for buet?,CarrotPlus631,4,3,dhaka,2025-10-18 11:14:57,https://www.reddit.com/r/Dhaka/comments/1o9n9pf/how_else_should_i_practice_for_buet/
Civil engineering,booboobana,1,9,dhaka,2025-10-18 11:08:20,https://www.reddit.com/r/Dhaka/comments/1o9n5mo/civil_engineering/
Struggles as an English medium student,Recent_Carry810,3,0,bangladesh,2025-10-18 10:22:53,https://www.reddit.com/r/bangladesh/comments/1o9md9e/struggles_as_an_english_medium_student/
Made a simple news aggregator for staying updated about Bangladesh 🇧🇩,namkhalinai,9,6,bangladesh,2025-10-18 07:15:30,https://bangladesh-news.pages.dev/
BUET A LEVEL THRESHOLD,Lopsided-Vanilla9925,3,4,dhaka,2025-10-18 02:31:22,https://www.reddit.com/r/Dhaka/comments/1o9ccm3/buet_a_level_threshold/
Is EEE worth it in IUB?,Anxsuii,3,8,dhaka,2025-10-18 01:20:07,https://www.reddit.com/r/Dhaka/comments/1o9aj3w/is_eee_worth_it_in_iub/
Jobless for 10 months now.. Anyone else going through a similar struggle?,Condizero,15,8,bangladesh,2025-10-18 00:59:14,https://www.reddit.com/r/bangladesh/comments/1o99yz9/jobless_for_10_months_now_anyone_else_going/
About my admission,onisadat_712005,3,6,bangladesh,2025-10-18 00:28:55,https://www.reddit.com/r/bangladesh/comments/1o996rf/about_my_admission/
University suggestion for Economics,Professional_Rock_22,4,2,dhaka,2025-10-18 00:21:51,https://www.reddit.com/r/Dhaka/comments/1o99040/university_suggestion_for_economics/
Private university suggestion for Economics,Professional_Rock_22,2,0,dhaka,2025-10-17 23:57:27,https://www.reddit.com/r/Dhaka/comments/1o98cy6/private_university_suggestion_for_economics/
Justice for Mohosina atik,Mundane_Extension132,24,7,bangladesh,2025-10-17 21:06:15,https://www.reddit.com/r/bangladesh/comments/1o93tu1/justice_for_mohosina_atik/
HSC 2025 Dhaka Board Ranking,Consistent-Rule-3720,2,0,bangladesh,2025-10-17 17:33:00,https://www.reddit.com/r/bangladesh/comments/1o8ytxu/hsc_2025_dhaka_board_ranking/
"Between typical private universities in dhaka and public universities in chittagong, which are the best?",tdoteditz_exe,3,3,bangladesh,2025-10-17 17:08:35,https://www.reddit.com/r/bangladesh/comments/1o8ydnb/between_typical_private_universities_in_dhaka_and/
"Got GPA 4.92 (Physics 180, Chemistry 185, Math 151, English A-) — Should I continue Engineering or move to University A Unit?",Fantastic-Permit-383,3,4,bangladesh,2025-10-17 16:18:08,https://www.reddit.com/r/bangladesh/comments/1o8xihy/got_gpa_492_physics_180_chemistry_185_math_151/
Stay in BD or move abroad?,GurWide6589,7,17,dhaka,2025-10-17 13:33:34,https://www.reddit.com/r/Dhaka/comments/1o8uy1z/stay_in_bd_or_move_abroad/
How to get scholarship?!!,HungryHall5,0,7,dhaka,2025-10-17 12:19:46,https://www.reddit.com/r/Dhaka/comments/1o8tsnp/how_to_get_scholarship/
Enquire about DU B unit admission,Born-Lettuce572,4,9,dhaka,2025-10-17 00:25:02,https://www.reddit.com/r/Dhaka/comments/1o8e1jm/enquire_about_du_b_unit_admission/
Textile in Aust and BBA in NSU,rihad_mahmud,1,2,dhaka,2025-10-16 23:40:05,https://www.reddit.com/r/Dhaka/comments/1o8ct9r/textile_in_aust_and_bba_in_nsu/
BCB DHAKA DIVISION CRICKET LEAGUE TOURNAMENTS,dhonbolsen,3,0,bangladesh,2025-10-16 23:35:23,https://www.reddit.com/r/bangladesh/comments/1o8coph/bcb_dhaka_division_cricket_league_tournaments/
Need a Maths (hsc) tutor in Bashundhara R/A,No-Sundae7503,1,1,dhaka,2025-10-16 23:03:44,https://www.reddit.com/r/Dhaka/comments/1o8btgz/need_a_maths_hsc_tutor_in_bashundhara_ra/
Reality of the Hsc Result,anonimosus12,11,10,bangladesh,2025-10-16 21:39:19,https://www.reddit.com/r/bangladesh/comments/1o89ilv/reality_of_the_hsc_result/
Trusted Smartphone Shop in Dhaka?,Left_Application293,3,2,bangladesh,2025-10-16 21:08:49,https://www.reddit.com/r/bangladesh/comments/1o88pef/trusted_smartphone_shop_in_dhaka/
Anyone ever received mail/letters from overseas thru post office?,lonelykidfrom2006,2,1,bangladesh,2025-10-16 21:01:32,https://www.reddit.com/r/bangladesh/comments/1o88ih6/anyone_ever_received_mailletters_from_overseas/
Help post,Artistic-Factor-8000,2,0,bangladesh,2025-10-16 17:10:23,https://www.reddit.com/r/bangladesh/comments/1o83a1m/help_post/
Help post,Artistic-Factor-8000,1,0,dhaka,2025-10-16 17:09:03,https://www.reddit.com/r/Dhaka/comments/1o8396p/help_post/
Looking for a laptop repair shop in Multiplan Center (or near Dhanmondi),VForValhalla-,3,3,bangladesh,2025-10-16 14:39:48,https://www.reddit.com/r/bangladesh/comments/1o80ucp/looking_for_a_laptop_repair_shop_in_multiplan/
How to get scholarship in NSU?,washin_machine_heart,5,2,dhaka,2025-10-16 13:58:18,https://www.reddit.com/r/Dhaka/comments/1o807zp/how_to_get_scholarship_in_nsu/
How to get scholarship in NSU?,washin_machine_heart,4,1,bangladesh,2025-10-16 13:57:09,https://www.reddit.com/r/bangladesh/comments/1o807cu/how_to_get_scholarship_in_nsu/
Can i sit for the BUET exam?,ahnaf1131,4,12,dhaka,2025-10-16 11:14:57,https://www.reddit.com/r/Dhaka/comments/1o7xol6/can_i_sit_for_the_buet_exam/
From Nimtoli 2010 to Mirpur 2025 – how many more fires will it take for Dhaka to wake up?,Redwanul-Haque2467,10,1,bangladesh,2025-10-16 09:32:48,https://www.reddit.com/r/bangladesh/comments/1o7vuj7/from_nimtoli_2010_to_mirpur_2025_how_many_more/
Anyone from NSU??,Sea-Hair3700,5,3,dhaka,2025-10-16 02:46:48,https://www.reddit.com/r/Dhaka/comments/1o7mpn9/anyone_from_nsu/
Whats the deal with Stalls in Rabindra Sharabar in Dhanmondi,Ajwad6969,5,0,bangladesh,2025-10-15 23:49:39,https://www.reddit.com/r/bangladesh/comments/1o7hz1r/whats_the_deal_with_stalls_in_rabindra_sharabar/
Eco vs BBA at NSU — need opinions,PretendImportance458,3,5,dhaka,2025-10-15 21:49:08,https://www.reddit.com/r/Dhaka/comments/1o7epss/eco_vs_bba_at_nsu_need_opinions/
Best place for hair transplant?,Odd-Machine189,3,1,bangladesh,2025-10-15 19:19:33,https://www.reddit.com/r/bangladesh/comments/1o7assq/best_place_for_hair_transplant/
who is up for hangouts in dhaka,No_idea_duh,5,24,bangladesh,2025-10-15 16:11:12,https://www.reddit.com/r/bangladesh/comments/1o7719m/who_is_up_for_hangouts_in_dhaka/
Help Regarding Research Paper Writing &amp; Publication,Least-Champion-9012,1,2,dhaka,2025-10-15 14:10:51,https://www.reddit.com/r/Dhaka/comments/1o7560d/help_regarding_research_paper_writing_publication/
RMG workers block road in Uttara's Rajlokkhi over due wages,Necessary-Hunt6104,36,2,bangladesh,2025-10-15 12:49:35,https://i.redd.it/s2dva1gs28vf1.jpeg
Relationship advice,Famous_Divide6434,10,29,bangladesh,2025-10-15 11:29:13,https://www.reddit.com/r/bangladesh/comments/1o72m5n/relationship_advice/
Suggest please.....,Ibn-Abdullah,1,2,dhaka,2025-10-15 07:49:10,https://www.reddit.com/r/Dhaka/comments/1o6ycme/suggest_please/
Hotels in Moghbazar around 600-700 BDT ?,cum_sprayer_007,1,3,dhaka,2025-10-15 01:59:45,https://www.reddit.com/r/Dhaka/comments/1o6q0da/hotels_in_moghbazar_around_600700_bdt/
Physics or CS in DU?,QuantumVoid37,5,15,dhaka,2025-10-14 23:53:10,https://www.reddit.com/r/Dhaka/comments/1o6mlno/physics_or_cs_in_du/
Mirpur fire,GarbageOk5239,34,8,bangladesh,2025-10-14 22:49:30,https://www.reddit.com/r/bangladesh/comments/1o6ku0r/mirpur_fire/
Contemplating whether I should really prepare for the iba examination.,Rushdia444,2,3,dhaka,2025-10-14 19:17:32,https://www.reddit.com/r/Dhaka/comments/1o6f9gm/contemplating_whether_i_should_really_prepare_for/
Please suggest a good private hospital in Dhaka for treating Heart related illness,da-chooozen-one,4,2,bangladesh,2025-10-14 14:31:56,https://www.reddit.com/r/bangladesh/comments/1o69xr3/please_suggest_a_good_private_hospital_in_dhaka/
why is it so difficult to get into iba even though the syllabus is relatively straightforward?,fortyskinshit,20,9,dhaka,2025-10-14 04:25:52,https://www.reddit.com/r/Dhaka/comments/1o5yamx/why_is_it_so_difficult_to_get_into_iba_even/
I wanna study bachelor in abroad help me 🙏🏻,ilovemybmwx5,1,7,bangladesh,2025-10-13 23:35:33,https://www.reddit.com/r/bangladesh/comments/1o5qey6/i_wanna_study_bachelor_in_abroad_help_me/
How to start prepping for iba du if you’re in college.u,Rushdia444,5,12,dhaka,2025-10-13 13:10:06,https://www.reddit.com/r/Dhaka/comments/1o5cx2z/how_to_start_prepping_for_iba_du_if_youre_in/
Any good place for food in Jamuna future park?,Jashore2005,1,1,dhaka,2025-10-13 00:33:07,https://www.reddit.com/r/Dhaka/comments/1o4wtea/any_good_place_for_food_in_jamuna_future_park/
Looking for a good coaching centre in Khilgaon (Class 11–12 Commerce),Flashy-Carpet5995,2,1,dhaka,2025-10-12 22:11:00,https://www.reddit.com/r/Dhaka/comments/1o4t3fu/looking_for_a_good_coaching_centre_in_khilgaon/
App that offers cheap meals in BD,Whole-Tie4978,9,8,bangladesh,2025-10-12 19:47:20,https://www.reddit.com/r/bangladesh/comments/1o4pijc/app_that_offers_cheap_meals_in_bd/
Need advice for transitioning to AI/ML field.,Horny_priest8366,1,0,dhaka,2025-10-12 14:36:55,https://www.reddit.com/r/Dhaka/comments/1o4jvu8/need_advice_for_transitioning_to_aiml_field/
Need advice for transitioning to AI/ML field.,Horny_priest8366,0,2,bangladesh,2025-10-12 14:33:20,https://www.reddit.com/r/bangladesh/comments/1o4jtts/need_advice_for_transitioning_to_aiml_field/
Can I use rickshaw to go to Bijoy Sarani Station (on MRT Line-6) from Dhaka Residential Model College?,tasara-panda-09020,1,7,dhaka,2025-10-12 01:23:30,https://www.reddit.com/r/Dhaka/comments/1o44ce0/can_i_use_rickshaw_to_go_to_bijoy_sarani_station/
Mom ruining my brother's life,FrontBeautiful644,69,37,dhaka,2025-10-11 20:30:59,https://www.reddit.com/r/Dhaka/comments/1o3x3ay/mom_ruining_my_brothers_life/
Wtf is happening in Bangladesh?,General-Dog4722,62,55,bangladesh,2025-10-11 19:45:52,https://www.reddit.com/r/bangladesh/comments/1o3w1pj/wtf_is_happening_in_bangladesh/
ADMISSION TEST,ComprehensiveBox996,5,21,dhaka,2025-10-11 18:27:10,https://www.reddit.com/r/Dhaka/comments/1o3uci4/admission_test/
"Energy adviser blames section of politicians, businessmen for crisis in gas sector",Shot-Addendum-809,4,2,bangladesh,2025-10-11 16:30:35,https://www.thedailystar.net/news/bangladesh/news/energy-adviser-blames-section-politicians-businessmen-crisis-gas-sector-4007121
A surprise for Mom,bluemasterplayz,48,49,dhaka,2025-10-11 16:25:15,https://www.reddit.com/r/Dhaka/comments/1o3s4nn/a_surprise_for_mom/
Is it safe for a girl to watch a movie alone in Bashundhara Cineplex?,Pleasant_Ad1655,34,56,dhaka,2025-10-11 15:29:33,https://www.reddit.com/r/Dhaka/comments/1o3r8ur/is_it_safe_for_a_girl_to_watch_a_movie_alone_in/
"Need a Part-Time Personal Assistant (Dhaka-Based, Remote)",ovosmans89,10,17,bangladesh,2025-10-11 11:54:05,https://www.reddit.com/r/bangladesh/comments/1o3ntho/need_a_parttime_personal_assistant_dhakabased/
Should I go for CSE in 2025?,Farhanhabib_87,2,15,dhaka,2025-10-10 20:11:54,https://www.reddit.com/r/Dhaka/comments/1o320fv/should_i_go_for_cse_in_2025/
[AskMeAnything] Hello CS undergrads and recent grads!,Consistent_Deer5403,8,27,bangladesh,2025-10-10 18:41:20,https://www.reddit.com/r/bangladesh/comments/1o2zt2c/askmeanything_hello_cs_undergrads_and_recent_grads/
ভূমধ্যসাগরের নিচে ঘুমিয়ে আছে বাংলাদেশ - The Route of No Return | Voice of Dhaka,Asleep-Jellyfish007,1,0,bangladesh,2025-10-10 18:24:20,https://youtu.be/8bAEafC0TLg?si=rer4-Fy4Ru43IP6O
Jumuah times around Dhaka,62139,1,11,dhaka,2025-10-10 15:52:09,https://www.reddit.com/r/Dhaka/comments/1o2wls2/jumuah_times_around_dhaka/
Places to go for a nightout drive in dhaka,Showmik27,8,5,bangladesh,2025-10-10 05:15:19,https://www.reddit.com/r/bangladesh/comments/1o2kznd/places_to_go_for_a_nightout_drive_in_dhaka/
Shia in puran dhaka,Better_tqas,1,0,bangladesh,2025-10-10 04:56:21,https://www.reddit.com/r/bangladesh/comments/1o2kkc0/shia_in_puran_dhaka/
"Help Me Pick a 43"" TV Under 50K Taka (Dhaka Buyers — Need Your Real Advice!)",drkaly,3,6,bangladesh,2025-10-09 22:57:19,https://www.reddit.com/r/bangladesh/comments/1o2bdbz/help_me_pick_a_43_tv_under_50k_taka_dhaka_buyers/
Bangladesh vs Hong Kong: A heartbreak,Both-River-9455,23,15,bangladesh,2025-10-09 22:46:21,https://www.reddit.com/r/bangladesh/comments/1o2b35m/bangladesh_vs_hong_kong_a_heartbreak/
unethical private uni admission,taeejo,0,4,dhaka,2025-10-09 22:22:36,https://www.reddit.com/r/Dhaka/comments/1o2agh2/unethical_private_uni_admission/
Bangladeshi cuisine,No-Plate-113,11,10,bangladesh,2025-10-09 14:52:16,https://www.reddit.com/r/bangladesh/comments/1o20u7m/bangladeshi_cuisine/
Pre owned Microsoft surface laptop 4 any good?,Ok-Town-1261,1,0,dhaka,2025-10-09 12:38:20,https://www.reddit.com/r/Dhaka/comments/1o1yv6p/pre_owned_microsoft_surface_laptop_4_any_good/
Any tips to get 1digit rank in BUET,sappy12234456,5,23,dhaka,2025-10-09 11:07:36,https://www.reddit.com/r/Dhaka/comments/1o1xelf/any_tips_to_get_1digit_rank_in_buet/
Uttara to Keraniganj shortest route,zohaer,1,1,dhaka,2025-10-09 11:06:43,https://www.reddit.com/r/Dhaka/comments/1o1xe1y/uttara_to_keraniganj_shortest_route/
mba/masters,Expensive_Swim8379,1,5,dhaka,2025-10-09 01:27:29,https://www.reddit.com/r/Dhaka/comments/1o1kd3x/mbamasters/
বাংলাদেশে একজন ছাত্র বা বেকার ছেলের জন্য কতটা সহায়ক বা সহনীয়? বাংলাদেশের ভবিষ্যৎ কি অন্ধকার?,Bilag-1,6,3,dhaka,2025-10-08 23:43:20,https://www.reddit.com/r/Dhaka/comments/1o1hdx1/বলদশ_একজন_ছতর_ব_বকর_ছলর_জনয_কতট_সহয়ক_ব_সহনয়_বলদশর/
Running location,No-Product7005,2,0,dhaka,2025-10-08 10:12:07,https://www.reddit.com/r/Dhaka/comments/1o10oum/running_location/
Seeking tour guidance,Certain-Chemical470,6,3,bangladesh,2025-10-08 05:22:02,https://www.reddit.com/r/bangladesh/comments/1o0un7z/seeking_tour_guidance/
“Have 5 mins? Help a fellow student finish his thesis on AI in education 😅”,Cautious-Ad8495,4,0,bangladesh,2025-10-08 04:56:19,https://www.reddit.com/r/bangladesh/comments/1o0u1ki/have_5_mins_help_a_fellow_student_finish_his/
Safe areas to rent for a few days in Dhaka,HappyBlackbirdLOL,2,1,bangladesh,2025-10-07 21:26:58,https://www.reddit.com/r/bangladesh/comments/1o0hx48/safe_areas_to_rent_for_a_few_days_in_dhaka/
Horrible experience at Dhaka to Dubai flight with emirates,Former-Type1623,63,35,bangladesh,2025-10-07 17:09:50,https://www.reddit.com/r/bangladesh/comments/1o0bqov/horrible_experience_at_dhaka_to_dubai_flight_with/
private university suggestions,Academic_Ad_9620,5,27,dhaka,2025-10-07 09:48:29,https://www.reddit.com/r/Dhaka/comments/1o04f92/private_university_suggestions/
How does the stock market work in Bangladesh? (Beginner here),EngineWinter9286,4,0,bangladesh,2025-10-07 02:28:20,https://www.reddit.com/r/bangladesh/comments/1nzue31/how_does_the_stock_market_work_in_bangladesh/
Can I get into buet?,Many_Confusion_2513,3,0,bangladesh,2025-10-06 21:18:44,/r/Dhaka/comments/1nzlv7z/can_i_get_into_buet/
Can I get into buet?,Many_Confusion_2513,21,44,dhaka,2025-10-06 21:15:50,https://www.reddit.com/r/Dhaka/comments/1nzlv7z/can_i_get_into_buet/
Help on booking a hotel near Basundhara.,Content_Confidence62,0,7,dhaka,2025-10-06 19:32:24,https://www.reddit.com/r/Dhaka/comments/1nzj62o/help_on_booking_a_hotel_near_basundhara/
Booze: DHK or COX,YourFavNemesis,2,1,bangladesh,2025-10-06 16:55:22,https://www.reddit.com/r/bangladesh/comments/1nzft5k/booze_dhk_or_cox/
Any senior who can help me out?,Prior_Ad1406,1,3,dhaka,2025-10-06 15:07:45,https://www.reddit.com/r/Dhaka/comments/1nze2z2/any_senior_who_can_help_me_out/
"I'm looking for the absolute best ISP for online gaming in Shewrapara, Mirpur Dhaka. Don't suggest Dot , absolute Garbage.",GunsAndRozer,2,0,bangladesh,2025-10-06 13:29:39,https://www.reddit.com/r/bangladesh/comments/1nzclxm/im_looking_for_the_absolute_best_isp_for_online/
Why do top potential guys leave high-paying private jobs for govt jobs?,Complex-9723,66,53,dhaka,2025-10-06 11:35:36,https://www.reddit.com/r/Dhaka/comments/1nzashf/why_do_top_potential_guys_leave_highpaying/
Lovely people with tats! Show off!,Sea_Conversation123,4,27,bangladesh,2025-10-06 08:55:08,https://www.reddit.com/r/bangladesh/comments/1nz7tqd/lovely_people_with_tats_show_off/
I (26M) was invited to Bangladesh by someone I met while traveling,Fantastic_Dust_5926,44,21,bangladesh,2025-10-06 07:18:15,https://www.reddit.com/r/bangladesh/comments/1nz5tp4/i_26m_was_invited_to_bangladesh_by_someone_i_met/
To buy 3+ bedroom apartment in Bashundhara R/A,dark_98_rider,2,0,dhaka,2025-10-06 04:30:28,https://www.reddit.com/r/Dhaka/comments/1nz268v/to_buy_3_bedroom_apartment_in_bashundhara_ra/
About the Recent NSU Incident,AncientBasiIisk,58,71,dhaka,2025-10-06 04:03:53,https://www.reddit.com/r/Dhaka/comments/1nz1jwm/about_the_recent_nsu_incident/
Is there anyone who cracked buet depite being a below average student?,xenon_gx,8,24,dhaka,2025-10-06 01:41:15,https://www.reddit.com/r/Dhaka/comments/1nyxwqq/is_there_anyone_who_cracked_buet_depite_being_a/
Driving training school,Toru_wata_nabe,1,1,dhaka,2025-10-06 00:30:08,https://www.reddit.com/r/Dhaka/comments/1nyw0nf/driving_training_school/
I think I finally understand why Indians get so much hate and why many Bangladeshis dislike them,forgotten-daoist,313,139,bangladesh,2025-10-05 23:09:24,https://www.reddit.com/r/bangladesh/comments/1nytum0/i_think_i_finally_understand_why_indians_get_so/
Looking for a Bengali &amp; Turkish-speaking local guide in Dhaka 🇧🇩🇹🇷,Erenymk1017,4,2,bangladesh,2025-10-05 21:56:34,https://www.reddit.com/r/bangladesh/comments/1nyrxsi/looking_for_a_bengali_turkishspeaking_local_guide/
Why is it so hard to find sincerity in today’s marriage market?,Inside_Cucumber_591,30,32,bangladesh,2025-10-05 21:00:24,https://www.reddit.com/r/bangladesh/comments/1nyqh7l/why_is_it_so_hard_to_find_sincerity_in_todays/
Need a living place for 3-4 people for 4 days.,Mr_Sophistication__,1,4,dhaka,2025-10-05 19:58:59,https://www.reddit.com/r/Dhaka/comments/1nyoy2p/need_a_living_place_for_34_people_for_4_days/
Looking for info about British Council Bangladesh IELTS courses and teacher training,imtiaz_12,2,3,bangladesh,2025-10-05 19:41:32,https://www.reddit.com/r/bangladesh/comments/1nyoj4b/looking_for_info_about_british_council_bangladesh/
Beauty salon,msbunny45,3,1,dhaka,2025-10-05 01:21:13,https://www.reddit.com/gallery/1ny2x3w
Second Timer in admission test,Left-Guidance-3191,3,5,bangladesh,2025-10-04 23:48:01,https://www.reddit.com/r/bangladesh/comments/1ny0iuk/second_timer_in_admission_test/
Dark Restaurants in Dhaka,Banger_4542,0,10,dhaka,2025-10-04 22:52:45,https://www.reddit.com/r/Dhaka/comments/1nxz3zm/dark_restaurants_in_dhaka/
Aust cse/EEE vs Sust Chemistry,LowSpecialist2814,2,8,dhaka,2025-10-04 21:25:37,https://www.reddit.com/r/Dhaka/comments/1nxwwpv/aust_cseeee_vs_sust_chemistry/
Moving in With my Wife,Frosty_Dingo5067,47,41,dhaka,2025-10-04 18:50:37,https://www.reddit.com/r/Dhaka/comments/1nxt5bu/moving_in_with_my_wife/
Can I take my vape,NefariousnessThat317,0,13,bangladesh,2025-10-04 13:23:06,https://www.reddit.com/r/bangladesh/comments/1nxni87/can_i_take_my_vape/
Any animal rescuers/vets here??,Beautiful_Basil2954,4,4,dhaka,2025-10-04 12:08:15,https://www.reddit.com/r/Dhaka/comments/1nxm9vs/any_animal_rescuersvets_here/
Help,Glittering-Mix5021,3,3,dhaka,2025-10-04 10:03:14,https://www.reddit.com/r/Dhaka/comments/1nxk2yb/help/
Universities that accept 7 year study gap,QualityKoala871,5,1,dhaka,2025-10-04 05:24:20,https://www.reddit.com/r/Dhaka/comments/1nxegya/universities_that_accept_7_year_study_gap/
Which insurance plan would be best for me?,Environmental_Ad9456,5,6,dhaka,2025-10-04 03:43:04,https://www.reddit.com/r/Dhaka/comments/1nxc3fb/which_insurance_plan_would_be_best_for_me/
Spineless justice system of bangladesh,Due_Butterfly_2114,9,2,bangladesh,2025-10-04 00:54:17,https://www.reddit.com/r/bangladesh/comments/1nx7svp/spineless_justice_system_of_bangladesh/
Wifi Company,inthelenseofsamaira,3,3,dhaka,2025-10-04 00:23:24,https://www.reddit.com/r/Dhaka/comments/1nx6znz/wifi_company/
How much does a student from BUET earn per month from tuition and teaching stuff?,Reasonable-Eye6699,25,39,dhaka,2025-10-03 21:11:18,https://www.reddit.com/r/Dhaka/comments/1nx1t8o/how_much_does_a_student_from_buet_earn_per_month/
Safe places for Bangladeshi girl expats to live in Dhaka for a month?,motiontosleep,6,14,bangladesh,2025-10-03 18:08:57,https://www.reddit.com/r/bangladesh/comments/1nwxc3i/safe_places_for_bangladeshi_girl_expats_to_live/
Private university admission information help -,many_years_,2,2,bangladesh,2025-10-03 15:17:51,https://www.reddit.com/r/bangladesh/comments/1nwu8pb/private_university_admission_information_help/
Private university admission information help -,many_years_,2,2,dhaka,2025-10-03 15:13:24,https://www.reddit.com/r/Dhaka/comments/1nwu660/private_university_admission_information_help/
Is it high time we should detach ourselves from this cursed country?,Due_Butterfly_2114,24,12,bangladesh,2025-10-03 13:29:44,https://www.reddit.com/r/bangladesh/comments/1nwsky2/is_it_high_time_we_should_detach_ourselves_from/
AI-Safe Detective Comic Scene: Detective Arif Rahman in Old Dhaka,ResponsibleFudge8955,7,12,dhaka,2025-10-02 22:38:34,https://www.reddit.com/r/Dhaka/comments/1nw8t9u/aisafe_detective_comic_scene_detective_arif/
Which private uni will be best for (EEE) for bachelors?,Windy-Orbits,1,13,dhaka,2025-10-02 20:33:57,https://www.reddit.com/r/Dhaka/comments/1nw5guz/which_private_uni_will_be_best_for_eee_for/
Suggest me a good Eyewear Shop,chyon47,4,9,dhaka,2025-10-02 16:22:13,https://www.reddit.com/r/Dhaka/comments/1nvzz6c/suggest_me_a_good_eyewear_shop/
best university to study data science in bangladesh,Icy_Lime_5784,1,6,dhaka,2025-10-02 02:12:53,https://www.reddit.com/r/Dhaka/comments/1nvj4l5/best_university_to_study_data_science_in/
Any Duolingo users here in Dhaka?,Far-Following3742,7,11,bangladesh,2025-10-02 01:17:53,https://www.reddit.com/r/bangladesh/comments/1nvhnut/any_duolingo_users_here_in_dhaka/
I Feel Frustrated and Depressed about My Future,Best-Watercress4753,16,15,dhaka,2025-10-02 00:31:18,https://www.reddit.com/r/Dhaka/comments/1nvgd5j/i_feel_frustrated_and_depressed_about_my_future/
need help regarding metro rail,SwordfishHealthy3565,2,7,dhaka,2025-10-01 22:22:43,https://www.reddit.com/r/Dhaka/comments/1nvcsnx/need_help_regarding_metro_rail/
"As a 17 year old, what should I really do?",Agrahayan,2,1,dhaka,2025-10-01 19:29:55,https://www.reddit.com/r/Dhaka/comments/1nv88x2/as_a_17_year_old_what_should_i_really_do/
Any IBA aspirants here?,AffogatoCafe,1,2,dhaka,2025-10-01 19:19:10,https://www.reddit.com/r/Dhaka/comments/1nv7zje/any_iba_aspirants_here/
Can you suggest me the best ISP (Internet Service Provider) in Dhaka,Mindless_Rest_9284,2,2,bangladesh,2025-10-01 16:10:59,/r/Dhaka/comments/1nv450h/can_you_suggest_me_the_best_isp_internet_service/
Can you suggest me the best ISP (Internet Service Provider) in Dhaka,Mindless_Rest_9284,2,9,dhaka,2025-10-01 16:03:35,https://www.reddit.com/r/Dhaka/comments/1nv450h/can_you_suggest_me_the_best_isp_internet_service/
"Mazeda or Circle, best isp in khilgaon area",Soft_Bodybuilder1709,1,2,dhaka,2025-10-01 12:48:42,https://www.reddit.com/r/Dhaka/comments/1nv16vg/mazeda_or_circle_best_isp_in_khilgaon_area/
HOW TO GET INDIAN MEDICAL VISA AT PRESENT,joysutradhar_,5,9,bangladesh,2025-10-01 11:14:41,https://www.reddit.com/r/bangladesh/comments/1nuznqu/how_to_get_indian_medical_visa_at_present/
From badda to new market,i_am_broke_haha,1,2,dhaka,2025-09-30 23:12:00,https://www.reddit.com/r/Dhaka/comments/1nuj0k9/from_badda_to_new_market/
Help Needed: Retailer Not Returning IPS Battery Under Warranty,d33pblu7,2,1,bangladesh,2025-09-30 22:51:09,https://www.reddit.com/r/bangladesh/comments/1nuignz/help_needed_retailer_not_returning_ips_battery/
Which ISP customer service and line is better in Bashundhara?,Throat_Secret,1,0,dhaka,2025-09-30 22:27:58,https://www.reddit.com/r/Dhaka/comments/1nuhueq/which_isp_customer_service_and_line_is_better_in/
Cost of living,Cobra6906,4,14,dhaka,2025-09-30 04:46:16,https://www.reddit.com/r/Dhaka/comments/1ntwjob/cost_of_living/
Shirt suggestions,EnvironmentalFill939,2,7,dhaka,2025-09-29 23:17:55,https://www.reddit.com/r/Dhaka/comments/1nto0cp/shirt_suggestions/
Looking for online part-time jobs,daisukekanbe321,1,0,dhaka,2025-09-29 21:08:31,https://www.reddit.com/r/Dhaka/comments/1ntkjpv/looking_for_online_parttime_jobs/
What are some of the best places for Street Photography in Dhaka? (Excluding Sadarghat),new-grizzly,3,2,bangladesh,2025-09-29 18:43:07,https://www.reddit.com/r/bangladesh/comments/1ntgzr2/what_are_some_of_the_best_places_for_street/
Looking for private spots for couples in Dhaka,Wooden_Ad2367,1,0,dhaka,2025-09-29 14:19:59,https://www.reddit.com/r/Dhaka/comments/1ntchcw/looking_for_private_spots_for_couples_in_dhaka/
It’s now a plan by Yunus and his government that Jamaat will come into power in February,HelicopterLong2342,78,69,dhaka,2025-09-29 07:35:47,https://www.reddit.com/r/Dhaka/comments/1nt5jzf/its_now_a_plan_by_yunus_and_his_government_that/
Credit transfer/Drop out,Independent_Nothing3,2,2,bangladesh,2025-09-29 00:05:19,https://www.reddit.com/r/bangladesh/comments/1nsv42w/credit_transferdrop_out/
Please recommend: Things to do/see Dhaka University.,SeaOfCloudss,3,7,dhaka,2025-09-28 21:04:56,https://www.reddit.com/r/Dhaka/comments/1nsqmgi/please_recommend_things_to_dosee_dhaka_university/
HOW TO GET INDIAN MEDICAL VISA AT PRESENT [ Im frustrated😫 ],joysutradhar_,6,3,bangladesh,2025-09-28 11:52:33,https://www.reddit.com/r/bangladesh/comments/1nsgmxw/how_to_get_indian_medical_visa_at_present_im/
Suggest a authentic Notary agency,dark_98_rider,5,0,bangladesh,2025-09-28 11:10:48,https://www.reddit.com/r/bangladesh/comments/1nsfydt/suggest_a_authentic_notary_agency/
Has anyone heard of this restaurant?,Striker_5924,13,8,dhaka,2025-09-28 04:12:32,https://www.reddit.com/gallery/1ns7v4p
"No friends, loosing sanity",iam_tourist,8,5,bangladesh,2025-09-27 22:38:54,https://www.reddit.com/r/bangladesh/comments/1nrzsqv/no_friends_loosing_sanity/
Need some comfy office/ gaming chair recommendation,Fun_Blackberry_864,2,1,dhaka,2025-09-27 16:51:19,https://www.reddit.com/r/Dhaka/comments/1nrs7jt/need_some_comfy_office_gaming_chair_recommendation/
Shirts,Kim_KongNog,2,4,dhaka,2025-09-27 16:44:22,https://www.reddit.com/r/Dhaka/comments/1nrs39v/shirts/
Good knee specialist in Dhaka?,DeltaOmega88,4,5,bangladesh,2025-09-27 11:05:38,https://www.reddit.com/r/bangladesh/comments/1nrmpkq/good_knee_specialist_in_dhaka/
"Indian Visiting Dhaka, suggestions?",integer_tostring,2,12,bangladesh,2025-09-27 05:50:22,https://www.reddit.com/r/bangladesh/comments/1nrgp7p/indian_visiting_dhaka_suggestions/
Bachelors And Dhaka!,SuspectSuspecious_,3,2,bangladesh,2025-09-27 05:48:42,https://www.reddit.com/r/bangladesh/comments/1nrgnyy/bachelors_and_dhaka/
Help needed for my NSU exam,Perfect-Product-7277,3,3,dhaka,2025-09-27 01:24:45,https://www.reddit.com/r/Dhaka/comments/1nragog/help_needed_for_my_nsu_exam/
FAMOUS FOOD IN PURAN DHAKA,OrphicStone,2,4,dhaka,2025-09-26 22:15:47,https://www.reddit.com/r/Dhaka/comments/1nr5lwy/famous_food_in_puran_dhaka/
BSF Push In: How an Assamese woman ended up in a slum in Dhaka,yasserius,7,2,bangladesh,2025-09-26 13:02:58,https://www.youtube.com/watch?v=ZgEDl_lpr5I
Private public bias in marriage,Great-Object1436,2,9,dhaka,2025-09-26 05:40:30,https://www.reddit.com/r/Dhaka/comments/1nqm9bj/private_public_bias_in_marriage/
One of my relative's liver is failing and doctor has suggested liver transplantation. Any suggestions???,MushfiqurRF,5,3,bangladesh,2025-09-26 02:11:35,https://www.reddit.com/r/bangladesh/comments/1nqh8p7/one_of_my_relatives_liver_is_failing_and_doctor/
Is finding talented people in Bangladesh to do ANYTHING at an international level IMPOSSIBLE?,UncomfortablyBrown,62,65,dhaka,2025-09-26 01:14:18,https://www.reddit.com/r/Dhaka/comments/1nqfrqr/is_finding_talented_people_in_bangladesh_to_do/
#Savemymaster'sdegree!!,No-Lynx-6045,3,2,dhaka,2025-09-25 23:50:28,https://www.reddit.com/r/Dhaka/comments/1nqdkhh/savemymastersdegree/
How far the perception for Mirpur has changed especially after metro as of 2025 ?,Own-Procedure-637,4,19,dhaka,2025-09-24 23:18:02,https://www.reddit.com/r/Dhaka/comments/1npi4j8/how_far_the_perception_for_mirpur_has_changed/
Travel during elections,EstablishmentBrief90,5,3,bangladesh,2025-09-24 22:29:20,https://www.reddit.com/r/bangladesh/comments/1npgu2y/travel_during_elections/
How to stay safe in Dhaka while doing UG,Worth-Gene,23,17,bangladesh,2025-09-24 16:31:11,https://www.reddit.com/r/bangladesh/comments/1np8lmq/how_to_stay_safe_in_dhaka_while_doing_ug/
Any tips for applying to CERN Summer Student Program 2026?,Quick-Interest-6807,3,4,bangladesh,2025-09-23 21:40:15,https://www.reddit.com/r/bangladesh/comments/1noksgq/any_tips_for_applying_to_cern_summer_student/
Where to buy ladies western clothing in Dhaka? Wide pants and shirts.,ElNinoMaravilla,7,14,bangladesh,2025-09-23 20:22:47,https://www.reddit.com/r/bangladesh/comments/1noir8i/where_to_buy_ladies_western_clothing_in_dhaka/
"Where can I thrift Halter tops, Tube tops, Tank tops??",MysteriousHat4371,1,4,dhaka,2025-09-23 17:27:08,https://www.reddit.com/r/Dhaka/comments/1noerx4/where_can_i_thrift_halter_tops_tube_tops_tank_tops/
Studio Apartment in Dhanmondi or Bashundhara.,glooshieslooshie69,2,9,dhaka,2025-09-23 14:56:07,https://www.reddit.com/r/Dhaka/comments/1noc9tt/studio_apartment_in_dhanmondi_or_bashundhara/
Guitar Repair places,pea_tea2106,2,5,dhaka,2025-09-23 13:53:52,https://www.reddit.com/r/Dhaka/comments/1nobcu4/guitar_repair_places/
Seeking advice to get rid of excessive sweating,ais_21,8,14,bangladesh,2025-09-23 11:53:52,https://www.reddit.com/r/bangladesh/comments/1no9i0q/seeking_advice_to_get_rid_of_excessive_sweating/
Is there a way to manage uni expenses on my own,PotatoMoney6765,8,15,dhaka,2025-09-22 20:14:46,https://www.reddit.com/r/Dhaka/comments/1nnnn6r/is_there_a_way_to_manage_uni_expenses_on_my_own/
NIKE shoes in Jamuna?,AJ_3428,0,11,dhaka,2025-09-22 18:08:05,https://www.reddit.com/r/Dhaka/comments/1nnkocb/nike_shoes_in_jamuna/
Need suggestions for trusted shipping agents from China to Bangladesh,Drawing-Live,8,10,bangladesh,2025-09-22 16:40:41,https://www.reddit.com/r/bangladesh/comments/1nnj0yc/need_suggestions_for_trusted_shipping_agents_from/
Scene of Dhaka in 1958.,TasinMAHDI,9,4,bangladesh,2025-09-22 14:36:33,https://www.reddit.com/r/bangladesh/comments/1nnh1cp/scene_of_dhaka_in_1958/
Travel video ideas?,clarkeanator,2,3,bangladesh,2025-09-22 03:34:27,https://www.reddit.com/r/bangladesh/comments/1nn4dmj/travel_video_ideas/
A Good Feeling,No-unluck-13,20,12,dhaka,2025-09-22 02:50:51,https://www.reddit.com/r/Dhaka/comments/1nn3aj0/a_good_feeling/
Where to buy airguns in Dhaka?,Initial-Read4305,3,0,bangladesh,2025-09-21 23:58:39,/r/Dhaka/comments/1nmys6n/where_to_buy_airguns_in_dhaka/
DU Admission For English Medium Student,Own_Gold_6574,2,7,bangladesh,2025-09-21 20:06:13,https://www.reddit.com/r/bangladesh/comments/1nmsvlc/du_admission_for_english_medium_student/
"Dear Bangladeshi brothers, please take care not to harm us",SquarePromise2707,67,36,bangladesh,2025-09-21 16:28:52,https://www.reddit.com/r/bangladesh/comments/1nmoi8c/dear_bangladeshi_brothers_please_take_care_not_to/
English Lit at NSU?,brownniteowl_31,1,0,dhaka,2025-09-21 10:45:28,https://www.reddit.com/r/Dhaka/comments/1nmixgy/english_lit_at_nsu/
"How is the situation in Dhaka right now for moderate, agnostic/atheist women? Coming from a Bangladeshi immigrant woman who left in 2012 and hasn’t been back for an extended period of time since",nymeria_the_direwolf,25,17,bangladesh,2025-09-21 08:01:11,https://www.reddit.com/r/bangladesh/comments/1nmfw45/how_is_the_situation_in_dhaka_right_now_for/
Are there Boxing gyms around old dhaka?,OkStretch332,3,0,dhaka,2025-09-21 02:57:53,https://www.reddit.com/r/Dhaka/comments/1nm9e0e/are_there_boxing_gyms_around_old_dhaka/
Should i go abroad for undergraduate or masters?,LEGEND_7777,7,20,dhaka,2025-09-20 19:34:29,https://www.reddit.com/r/Dhaka/comments/1nlyc1l/should_i_go_abroad_for_undergraduate_or_masters/
What if I don't choose DU or BUET for CSE?,Abir_Islam,2,7,bangladesh,2025-09-20 15:42:16,https://www.reddit.com/r/bangladesh/comments/1nltwvk/what_if_i_dont_choose_du_or_buet_for_cse/
How do you manage your budget in Dhaka with Family and mid level pay?,UnlikelySecret2629,9,2,bangladesh,2025-09-20 15:01:45,https://www.reddit.com/r/bangladesh/comments/1nlta27/how_do_you_manage_your_budget_in_dhaka_with/
University options,Anxsuii,2,11,dhaka,2025-09-20 13:43:25,https://www.reddit.com/r/Dhaka/comments/1nls1zc/university_options/
Is my college worth it?,cocodew77,2,3,bangladesh,2025-09-20 12:18:11,https://www.reddit.com/r/bangladesh/comments/1nlqo6w/is_my_college_worth_it/
Want to earn as a student.,zahinian,11,3,dhaka,2025-09-20 09:15:38,https://www.reddit.com/r/Dhaka/comments/1nlnf6t/want_to_earn_as_a_student/
Is there a way to manage uni expenses on my own,PotatoMoney6765,8,17,dhaka,2025-09-20 03:01:31,https://www.reddit.com/r/Dhaka/comments/1nlfdbf/is_there_a_way_to_manage_uni_expenses_on_my_own/
Need advice,Gold-Tomato-3484,9,7,bangladesh,2025-09-20 02:20:29,https://www.reddit.com/r/bangladesh/comments/1nlecc7/need_advice/
IELTS exam center,Ok_Masterpiece_2336,2,2,bangladesh,2025-09-20 00:09:54,https://www.reddit.com/r/bangladesh/comments/1nlaymx/ielts_exam_center/
Need help/advice,Gold-Tomato-3484,6,16,dhaka,2025-09-20 00:02:16,https://www.reddit.com/r/Dhaka/comments/1nlarfa/need_helpadvice/
Winter drippy jackets and where to get them?,Agile-Ad-920,2,8,dhaka,2025-09-20 00:01:42,https://www.reddit.com/gallery/1nlaqus
What should I do? HSC -2025,OkCounter2793,2,4,dhaka,2025-09-19 18:27:08,https://www.reddit.com/r/Dhaka/comments/1nl26fs/what_should_i_do_hsc_2025/
BNP needs to get into populist politics FAST (I’m a DU student),throwaway11152127,65,40,bangladesh,2025-09-19 08:00:43,https://www.reddit.com/r/bangladesh/comments/1nkr1pv/bnp_needs_to_get_into_populist_politics_fast_im_a/
What is the best future possible for a mid level student from a middle class family?,Crowned_XD,3,4,dhaka,2025-09-19 03:38:16,https://www.reddit.com/r/Dhaka/comments/1nkl6x9/what_is_the_best_future_possible_for_a_mid_level/
Which college should I go,zalepen0,6,7,dhaka,2025-09-19 02:17:16,https://www.reddit.com/r/Dhaka/comments/1nkj40l/which_college_should_i_go/
IBA exam date?,ahnaf1131,4,4,dhaka,2025-09-19 01:39:41,https://www.reddit.com/r/Dhaka/comments/1nki45w/iba_exam_date/
Where I can find hot wheels in dhaka?,carefree_victory,3,0,bangladesh,2025-09-19 00:18:16,https://www.reddit.com/r/bangladesh/comments/1nkfz0x/where_i_can_find_hot_wheels_in_dhaka/
A critical analysis of Jamaat's popularity...,Even-Broccoli7361,2,2,bangladesh,2025-09-18 22:20:40,https://www.reddit.com/r/bangladesh/comments/1nkcsqt/a_critical_analysis_of_jamaats_popularity/
A question for girlies who are expert in churis,Entire-Budget-5126,15,8,dhaka,2025-09-18 17:35:08,https://www.reddit.com/gallery/1nk5tdm
Kitten Rescue Urgent!!!!,mahin1374,6,2,bangladesh,2025-09-18 12:12:03,https://www.reddit.com/gallery/1nk0lok
ACADEMIC HELP.,PRAISED-01,4,8,dhaka,2025-09-18 11:02:50,https://www.reddit.com/r/Dhaka/comments/1njzg39/academic_help/
Should I drop out of BUET?,ItchyTranslator2244,173,145,dhaka,2025-09-18 07:13:32,https://www.reddit.com/r/Dhaka/comments/1njuynw/should_i_drop_out_of_buet/
Swimming Clubs in Dhaka for learning,ComfortableBright638,3,0,dhaka,2025-09-18 00:52:47,https://www.reddit.com/r/Dhaka/comments/1njluec/swimming_clubs_in_dhaka_for_learning/
E bike questions,Own-Cranberry-324,3,4,bangladesh,2025-09-17 23:06:45,https://www.reddit.com/r/bangladesh/comments/1njiy1b/e_bike_questions/
Looking for budget-friendly and good quality Panjabi shops near Dhaka University,GandalfTheGray73,2,1,dhaka,2025-09-17 22:18:01,https://www.reddit.com/r/Dhaka/comments/1njhm54/looking_for_budgetfriendly_and_good_quality/
Feeling stuck with my Amazon affiliate site – looking for advice,Vforvegeto,1,3,dhaka,2025-09-17 19:11:54,https://www.reddit.com/r/Dhaka/comments/1njcs1w/feeling_stuck_with_my_amazon_affiliate_site/
Name Correction Affidavit Process for SSC and HSC Certificates - Need Some Guidance,Select-Day-873,4,0,bangladesh,2025-09-17 18:20:16,https://www.reddit.com/r/bangladesh/comments/1njbl2b/name_correction_affidavit_process_for_ssc_and_hsc/
I'm a Bangladeshi indie game developer who quit my job to work on my own game. AMA!,Krons-sama,130,87,bangladesh,2025-09-17 12:14:47,https://www.reddit.com/r/bangladesh/comments/1nj5fhh/im_a_bangladeshi_indie_game_developer_who_quit_my/
Seeking Advice on Private University Admission Test,Low_Ground_5077,2,2,dhaka,2025-09-17 10:42:38,https://www.reddit.com/r/Dhaka/comments/1nj3u1w/seeking_advice_on_private_university_admission/
Dhaka Birdwatching ঢাকায় বার্ডওয়াচিং,Macula-Densa,8,3,bangladesh,2025-09-17 06:28:36,https://www.reddit.com/r/bangladesh/comments/1niymh0/dhaka_birdwatching_ঢকয_বরডওযচ/
On arrival visa @Dhaka Airport,bangalimahbub,2,4,bangladesh,2025-09-17 02:32:52,https://www.reddit.com/r/bangladesh/comments/1nisxm2/on_arrival_visa_dhaka_airport/
Advice on which online courses to take for private university admission,noorbeer,1,2,dhaka,2025-09-16 16:55:01,https://www.reddit.com/r/Dhaka/comments/1nie6uk/advice_on_which_online_courses_to_take_for/
Living and working in BD with a full-sleeve tattoo and broader sociopolitical implications (just my opinionated two cents really)...,Real-ErenYeager,37,40,dhaka,2025-09-16 16:29:22,https://www.reddit.com/r/Dhaka/comments/1nidqy6/living_and_working_in_bd_with_a_fullsleeve_tattoo/
Can you point me out some concrete problems with Shibir/Jamat?,ImTahrim,38,141,dhaka,2025-09-16 12:37:42,https://www.reddit.com/r/Dhaka/comments/1nia4kp/can_you_point_me_out_some_concrete_problems_with/
Looking for tuitions,Academic_Cod_7039,1,0,dhaka,2025-09-15 16:09:12,https://www.reddit.com/r/Dhaka/comments/1nhhu69/looking_for_tuitions/
Politics and Public universities,serialgooner696,45,57,dhaka,2025-09-15 14:31:52,https://www.reddit.com/r/Dhaka/comments/1nhgbfc/politics_and_public_universities/
New at Narayanganj City &amp; Help me Survive,No_Firefighter_4964,2,10,bangladesh,2025-09-15 14:13:20,https://www.reddit.com/r/bangladesh/comments/1nhg1mv/new_at_narayanganj_city_help_me_survive/
seeking remote jobs,Terrible_Mud_7057,1,1,dhaka,2025-09-15 10:11:17,https://www.reddit.com/r/Dhaka/comments/1nhc2ui/seeking_remote_jobs/
Admission phase.,Clear-External-3135,4,6,dhaka,2025-09-15 03:23:37,https://www.reddit.com/r/Dhaka/comments/1nh3cjx/admission_phase/
"Anyone got ""Focus"" sheets for sale?",kachakathal2219,2,2,dhaka,2025-09-14 23:02:51,https://www.reddit.com/r/Dhaka/comments/1ngwn3w/anyone_got_focus_sheets_for_sale/
Desperate Dad in Dhaka Seeking Job and Urgent Help – Father of Two Little Girls Facing Eviction and Power Cutoff,sunny_sun92,205,71,dhaka,2025-09-14 14:11:06,https://www.reddit.com/r/Dhaka/comments/1nglksi/desperate_dad_in_dhaka_seeking_job_and_urgent/
Need help finding Platform/Elevator shoes,rejuk70kg,3,2,bangladesh,2025-09-14 11:05:09,https://www.reddit.com/r/bangladesh/comments/1ngihc3/need_help_finding_platformelevator_shoes/
About freetime,Sungodnika04,12,23,bangladesh,2025-09-14 00:24:20,https://www.reddit.com/r/bangladesh/comments/1ng4ulr/about_freetime/
About freetime,Sungodnika04,2,1,dhaka,2025-09-14 00:19:32,https://www.reddit.com/r/Dhaka/comments/1ng4q6r/about_freetime/
How is ULAB??,peekaboo4three,2,1,dhaka,2025-09-13 23:56:45,https://www.reddit.com/r/Dhaka/comments/1ng44q4/how_is_ulab/
Gift Suggestion,Midnight-Syntax_007,4,5,bangladesh,2025-09-13 21:02:44,https://www.reddit.com/r/bangladesh/comments/1nfzq23/gift_suggestion/
Why ppl r so obsessed with DUCSU,Vivid-Attitude1799,1,7,dhaka,2025-09-13 20:00:15,https://www.reddit.com/r/Dhaka/comments/1nfy83y/why_ppl_r_so_obsessed_with_ducsu/
Suggest me some books for private university admission,hasinishraque,3,1,dhaka,2025-09-13 19:24:33,https://www.reddit.com/r/Dhaka/comments/1nfxfk8/suggest_me_some_books_for_private_university/
Looking for honest ISP reviews in Tejgaon East Nakhalpara – worth switching from Carnival?,Proud-Thanks-9208,1,0,dhaka,2025-09-13 11:56:15,https://www.reddit.com/r/Dhaka/comments/1nfpr9o/looking_for_honest_isp_reviews_in_tejgaon_east/
Udvash engineering position in daily exam not satisfying,Reasonable-Eye6699,3,0,bangladesh,2025-09-13 01:38:35,https://www.reddit.com/r/bangladesh/comments/1nfcnm3/udvash_engineering_position_in_daily_exam_not/
Gift Suggestion,Midnight-Syntax_007,0,1,bangladesh,2025-09-13 01:29:48,https://www.reddit.com/r/bangladesh/comments/1nfcftx/gift_suggestion/
Udvash engineering position in daily exam not satisfying,Reasonable-Eye6699,0,7,dhaka,2025-09-13 01:14:55,https://www.reddit.com/r/Dhaka/comments/1nfc26y/udvash_engineering_position_in_daily_exam_not/
Ratrace and Admission,Crowned_XD,1,1,dhaka,2025-09-12 23:44:14,https://www.reddit.com/r/Dhaka/comments/1nf9r4q/ratrace_and_admission/
Kinda proud of this pic I took a couple of days ago,ComfyNeo,81,7,bangladesh,2025-09-12 20:30:31,https://i.redd.it/zcl2ba65vqof1.jpeg
"Bangla gamers, any advice for a ps5 player?",ComfyNeo,3,5,bangladesh,2025-09-12 19:47:24,https://www.reddit.com/r/bangladesh/comments/1nf3prl/bangla_gamers_any_advice_for_a_ps5_player/
"Affordable, quiet and green: Electric shuttle buses set a model for Dhaka’s residential areas",Alone-Attention-2139,9,2,bangladesh,2025-09-12 19:17:18,https://www.tbsnews.net/features/panorama/affordable-quiet-and-green-electric-shuttle-buses-set-model-dhakas-residential
Looking for HSC 2027 Study Buddies for Engineering Prep,Proof_Willingness486,2,1,bangladesh,2025-09-12 18:33:15,https://www.reddit.com/r/bangladesh/comments/1nf1zhl/looking_for_hsc_2027_study_buddies_for/
Need guideline for BBA studies,scarlettespeaking,1,0,dhaka,2025-09-12 15:32:12,https://www.reddit.com/r/Dhaka/comments/1neynsr/need_guideline_for_bba_studies/
explanation,Solid-Secretary-44,3,7,dhaka,2025-09-12 05:26:28,https://www.reddit.com/r/Dhaka/comments/1nenuzr/explanation/
"To my liberal friends, shibir...",_average_man_,41,52,dhaka,2025-09-12 04:22:37,https://www.reddit.com/r/Dhaka/comments/1nemfoe/to_my_liberal_friends_shibir/
DUCSU 2025 - Analysis Of Shibir's Landslide Victory And Aftermath,fogrampercot,12,13,bangladesh,2025-09-12 03:40:24,https://www.reddit.com/r/bangladesh/comments/1nelg0n/ducsu_2025_analysis_of_shibirs_landslide_victory/
People in Bashundhara R/A,After_Foundation_997,3,5,dhaka,2025-09-12 01:41:51,https://www.reddit.com/r/Dhaka/comments/1neige0/people_in_bashundhara_ra/
English Lit Program at NSU,brownniteowl_31,3,6,dhaka,2025-09-12 01:32:14,https://www.reddit.com/r/Dhaka/comments/1nei7jk/english_lit_program_at_nsu/
Flat rent near khilgaon or basabo,ethanography,2,2,dhaka,2025-09-12 00:49:33,https://www.reddit.com/r/Dhaka/comments/1neh3it/flat_rent_near_khilgaon_or_basabo/
I am from DU. Ask me anything,Sexy_onion_17,0,8,bangladesh,2025-09-11 23:46:22,https://www.reddit.com/r/bangladesh/comments/1neffy0/i_am_from_du_ask_me_anything/
Why did female students voted in a surprisingly huge amount for Shibir?,Ok-Grapefruit-6532,19,45,dhaka,2025-09-11 22:46:20,https://www.reddit.com/r/Dhaka/comments/1nedual/why_did_female_students_voted_in_a_surprisingly/
Best place to get highest quality BD cricket jerseys?,DeltaOmega88,4,4,bangladesh,2025-09-11 21:20:28,https://www.reddit.com/r/bangladesh/comments/1nebmks/best_place_to_get_highest_quality_bd_cricket/
He Trusted a Girl Online....Almost Paid With His Life.,ShadowProfiler-I,64,36,bangladesh,2025-09-11 20:33:38,https://www.reddit.com/r/bangladesh/comments/1neagi0/he_trusted_a_girl_onlinealmost_paid_with_his_life/
Khuni ekhono tar laash ke bhalobashe,KopaShamsur,3,10,bangladesh,2025-09-11 20:25:07,https://i.redd.it/xavb5mm1pjof1.png
IUB admission test,hasinishraque,1,0,dhaka,2025-09-11 20:00:33,https://www.reddit.com/r/Dhaka/comments/1ne9lap/iub_admission_test/
How Shibir Won Ducsu?,Political_egg,8,18,dhaka,2025-09-11 18:46:40,https://www.reddit.com/r/Dhaka/comments/1ne7w0q/how_shibir_won_ducsu/
Shibir is attracting me like a magnet,UpperMeal3875,0,36,dhaka,2025-09-11 17:16:04,https://www.reddit.com/r/Dhaka/comments/1ne61l8/shibir_is_attracting_me_like_a_magnet/
JOB Suggestion.,No_Necessary_5021,3,13,dhaka,2025-09-11 15:31:24,https://www.reddit.com/r/Dhaka/comments/1ne4ajo/job_suggestion/
Shibir and DUCSU,Just_A_Chill_Guy2414,0,7,bangladesh,2025-09-11 10:57:59,https://www.reddit.com/r/bangladesh/comments/1ne01wo/shibir_and_ducsu/
Freedom of speech and whatever the hell goes on in front of DU,ConstructionGlad4331,2,3,dhaka,2025-09-11 09:16:56,https://www.reddit.com/r/Dhaka/comments/1ndy84w/freedom_of_speech_and_whatever_the_hell_goes_on/
Dhaka Foreign customs held my product,Fun-Middle-1660,2,1,bangladesh,2025-09-11 08:35:48,https://www.reddit.com/r/bangladesh/comments/1ndxf9p/dhaka_foreign_customs_held_my_product/
If you seek fund for your school/college/university education you may knock me,RunAffectionate1997,9,3,bangladesh,2025-09-11 02:36:50,https://www.reddit.com/r/bangladesh/comments/1ndpkvx/if_you_seek_fund_for_your_schoolcollegeuniversity/
Can I study BSc in Computer Science in Australia with a 4-year Diploma in Engineering (Computer Science &amp; Technology)?,ArthurXP002,5,2,bangladesh,2025-09-11 02:13:35,https://www.reddit.com/r/bangladesh/comments/1ndp06h/can_i_study_bsc_in_computer_science_in_australia/
It's not politics but please answer my question if you know.,Windy-Orbits,1,0,dhaka,2025-09-11 01:00:55,https://www.northsouth.edu/newassets/images/FAO/uat-253.pdf
Looking to teach for Nsu Admission Test.,GrapeJUICE101,1,0,dhaka,2025-09-10 23:18:23,https://www.reddit.com/r/Dhaka/comments/1ndkd85/looking_to_teach_for_nsu_admission_test/
Why Shibir-backed candidates won the Ducsu polls,Alone-Attention-2139,8,1,bangladesh,2025-09-10 23:04:53,https://www.thedailystar.net/news/bangladesh/politics/student-union-election/news/why-shibir-backed-candidates-won-the-ducsu-polls-3982851
"""baap ka beta, sipahi ka ghora""",KopaShamsur,47,6,bangladesh,2025-09-10 19:42:06,https://i.redd.it/jlmr15shccof1.png
Dhaka Elevated Expressway Friday Afternoon Drive,Strict-Relief515,2,1,bangladesh,2025-09-10 18:49:09,https://youtu.be/kWHDa0CbisM?si=r8Qyj8wTYGnjUm9C
Best psychologist in Dhaka under budget,Puzzleheaded-Hat6548,2,0,bangladesh,2025-09-10 15:37:08,/r/Dhaka/comments/1nd9lbs/best_psychologist_in_dhaka_under_budget/
Counter Narrative (DUCSU),Worldly_Yellow_6115,8,29,dhaka,2025-09-10 15:01:04,https://www.reddit.com/r/Dhaka/comments/1nd93ha/counter_narrative_ducsu/
মানুষ মূলত শিবির...,astra_t,22,13,dhaka,2025-09-10 15:00:36,https://www.reddit.com/r/Dhaka/comments/1nd936d/মনষ_মলত_শবর/
Seeking,Budget-Row9313,2,2,bangladesh,2025-09-10 14:32:14,https://www.reddit.com/r/bangladesh/comments/1nd8nz9/seeking/
What's so surprising?,ironic_XD69,102,72,dhaka,2025-09-10 14:08:45,https://www.reddit.com/r/Dhaka/comments/1nd8bey/whats_so_surprising/
Opportunities to go abroad for higher studies after dropping out,Difficult-Draft9441,1,2,dhaka,2025-09-10 13:48:51,https://www.reddit.com/r/Dhaka/comments/1nd80vh/opportunities_to_go_abroad_for_higher_studies/
Al Badr won Dhaka University,deltagt98,26,124,dhaka,2025-09-10 13:19:30,https://www.reddit.com/r/Dhaka/comments/1nd7l80/al_badr_won_dhaka_university/
When went wrong with NCP politics?,saynotodumbfukery,5,17,bangladesh,2025-09-10 11:30:15,https://www.reddit.com/r/bangladesh/comments/1nd5uen/when_went_wrong_with_ncp_politics/
Now that shibir has won..,Fantastic-Freedom754,160,505,dhaka,2025-09-10 11:06:30,https://www.reddit.com/r/Dhaka/comments/1nd5g4k/now_that_shibir_has_won/
Feels like a rerun of 2024 US election!,Mammoth-Buyer-6939,12,11,bangladesh,2025-09-10 10:37:01,https://www.reddit.com/r/bangladesh/comments/1nd4xmg/feels_like_a_rerun_of_2024_us_election/
Jatrabari to Gulshan/Banani by bus,FamousLunch2776,2,3,dhaka,2025-09-10 10:12:12,https://www.reddit.com/r/Dhaka/comments/1nd4hom/jatrabari_to_gulshanbanani_by_bus/
A shame for the nation and our people also the future,Longjumping-Boot-713,198,345,dhaka,2025-09-10 07:30:49,https://www.reddit.com/r/Dhaka/comments/1nd18ip/a_shame_for_the_nation_and_our_people_also_the/
Girls. WTF ?,eyesarepotato565,131,142,bangladesh,2025-09-10 03:01:38,https://www.reddit.com/r/bangladesh/comments/1ncv141/girls_wtf/
How do I apply for NSU scholarship after first semester (no admission scholarship)?,Emotional_Yak7423,2,2,dhaka,2025-09-09 19:54:35,https://www.reddit.com/r/Dhaka/comments/1ncjklf/how_do_i_apply_for_nsu_scholarship_after_first/
suggest gray/moody aesthetic restaurant in dhaka,No_idea_duh,3,0,bangladesh,2025-09-09 19:03:54,https://www.reddit.com/r/bangladesh/comments/1ncicqn/suggest_graymoody_aesthetic_restaurant_in_dhaka/
Attempt BCS or Try to move abroad ?,weirdcomponent,10,12,bangladesh,2025-09-09 12:58:37,https://www.reddit.com/r/bangladesh/comments/1ncc0jy/attempt_bcs_or_try_to_move_abroad/
NSU admission prep,dumb__head33,2,3,dhaka,2025-09-09 08:05:54,https://www.reddit.com/r/Dhaka/comments/1nc6rfb/nsu_admission_prep/
How do you consistently help yourself to be good all alone?,dhonbolsen,9,5,bangladesh,2025-09-08 20:49:06,https://www.reddit.com/r/bangladesh/comments/1nbprfi/how_do_you_consistently_help_yourself_to_be_good/
Dhaka na Kolkata,RazzmatazzStrict,2,0,bangladesh,2025-09-08 19:25:17,https://www.facebook.com/share/p/1Diw9p6XA6/
Why do our national subreddits have such low member counts?,the-machine-m4n,53,85,bangladesh,2025-09-08 19:21:39,https://www.reddit.com/r/bangladesh/comments/1nbnlbk/why_do_our_national_subreddits_have_such_low/
What if Sam Hargrave's Extraction had a Bangladeshi cast,Puzzled-Horse279,2,0,bangladesh,2025-09-08 18:40:12,https://www.reddit.com/gallery/1nbmn0p
Advice on purchasing domestic air ticket?,theuptownpunk,2,3,bangladesh,2025-09-08 14:42:17,https://www.reddit.com/r/bangladesh/comments/1nbiei2/advice_on_purchasing_domestic_air_ticket/
Backpacking Bangladesh,BriefVeterinarian106,6,6,bangladesh,2025-09-08 13:56:13,https://www.reddit.com/r/bangladesh/comments/1nbhpmm/backpacking_bangladesh/
Whats the difference between NDC students and normal college students?,Defiant_Shirt_6441,3,10,dhaka,2025-09-08 00:10:17,https://www.reddit.com/r/Dhaka/comments/1nb0ccn/whats_the_difference_between_ndc_students_and/
help related studies for hsc 2027,dhoopneel,1,2,dhaka,2025-09-07 23:42:10,https://www.reddit.com/r/Dhaka/comments/1nazlp8/help_related_studies_for_hsc_2027/
ডাকসু এবং অন্যান্য নির্বাচনে ছাত্র শিবিরকে ভোট দিবেন যে কারণে,fogrampercot,83,41,bangladesh,2025-09-07 20:15:02,https://www.reddit.com/r/bangladesh/comments/1nauanz/ডকস_এব_অনযনয_নরবচন_ছতর_শবরক_ভট_দবন_য_করণ/
"Bangladesh, India to hold talks in Delhi on Ganges water-sharing treaty on Tuesday",Alone-Attention-2139,5,0,bangladesh,2025-09-07 19:30:07,https://www.tbsnews.net/bangladesh/bangladesh-india-hold-talks-delhi-ganges-water-sharing-treaty-1230596
Admission Question,Abir_Islam,4,1,bangladesh,2025-09-07 19:07:47,https://www.reddit.com/r/bangladesh/comments/1nasqmp/admission_question/
“HSC ’27 Science – Can I rely on free YouTube playlists for both HSC &amp; admission prep?”,_K1b1ra_,2,6,dhaka,2025-09-07 16:56:26,https://www.reddit.com/r/Dhaka/comments/1naq83d/hsc_27_science_can_i_rely_on_free_youtube/
Therapists in Dhaka that offer services in English,bagpurchaser,3,1,bangladesh,2025-09-07 16:06:10,https://www.reddit.com/r/bangladesh/comments/1napfnc/therapists_in_dhaka_that_offer_services_in_english/
MSC in Data science after BBA,Responsible-Gear-208,2,3,dhaka,2025-09-07 16:00:39,https://www.reddit.com/r/Dhaka/comments/1napcek/msc_in_data_science_after_bba/
Need advice: finding it hard to deal with my mindset about women,OrneryExpression6918,11,65,bangladesh,2025-09-07 11:48:28,https://www.reddit.com/r/bangladesh/comments/1nalc8n/need_advice_finding_it_hard_to_deal_with_my/
Looking for a aesthetic cafe near jfp or around bashundhara,Flat-Summer-4438,3,1,dhaka,2025-09-06 22:48:24,https://www.reddit.com/r/Dhaka/comments/1na4ejb/looking_for_a_aesthetic_cafe_near_jfp_or_around/
Engineering,booboobana,3,3,dhaka,2025-09-06 22:35:30,https://www.reddit.com/r/Dhaka/comments/1na433m/engineering/
How many marks do you need in NSU admission test for LLB?,Sufficient-Skin-1695,3,2,dhaka,2025-09-06 16:03:56,https://www.reddit.com/r/Dhaka/comments/1n9vsom/how_many_marks_do_you_need_in_nsu_admission_test/
Dhaka Awaits Opening Of Century-Old Diamond Vault | Asia One News,maifee,2,0,bangladesh,2025-09-06 11:51:52,https://youtu.be/pfcsNL7AKa4?si=BfXo_wQMhRLZdMeV
I GOT CSE IN EWU . BUT CONFUSED ABOUT GETTING ADMITTED,Fluid-Cockroach2767,13,44,dhaka,2025-09-06 11:50:57,https://www.reddit.com/r/Dhaka/comments/1n9rsx6/i_got_cse_in_ewu_but_confused_about_getting/
seeking advice about taking a decision in life,ArachnidMotor1538,4,5,bangladesh,2025-09-06 02:38:21,https://www.reddit.com/r/bangladesh/comments/1n9gcii/seeking_advice_about_taking_a_decision_in_life/
ssc result 4.22 হয়ে buet এ কি admission exam দিতে পারবো?,robertlussy,2,3,dhaka,2025-09-05 23:39:54,https://www.reddit.com/r/Dhaka/comments/1n9bs09/ssc_result_422_হয়_buet_এ_ক_admission_exam_দত_পরব/
Suggestions on getting tuition,Rahi_55,2,0,dhaka,2025-09-05 19:40:39,https://www.reddit.com/r/Dhaka/comments/1n95kzk/suggestions_on_getting_tuition/
Decent Bars in Dhaka,mid20sman,13,7,bangladesh,2025-09-05 14:24:33,https://www.reddit.com/r/bangladesh/comments/1n8zlmr/decent_bars_in_dhaka/
Online Coaching Platform,FrenzyCEE,2,1,bangladesh,2025-09-05 14:18:59,https://www.reddit.com/r/bangladesh/comments/1n8zihx/online_coaching_platform/
Mechanical engineering,booboobana,3,6,dhaka,2025-09-05 09:49:41,https://www.reddit.com/r/Dhaka/comments/1n8v2fa/mechanical_engineering/
Why is Dhaka so trafficy?,Viv3lafranc3,2,1,bangladesh,2025-09-05 09:06:21,https://www.reddit.com/r/bangladesh/comments/1n8u8a4/why_is_dhaka_so_trafficy/
Online Coaching Platform,FrenzyCEE,3,2,dhaka,2025-09-05 07:28:02,https://www.reddit.com/r/Dhaka/comments/1n8s74w/online_coaching_platform/
Seeking Advice: Can I Re-Apply to BRAC University in a Different Department After Academic Cancellation?,Apprehensive-Net3087,4,0,dhaka,2025-09-05 02:17:57,https://www.reddit.com/r/Dhaka/comments/1n8kyzk/seeking_advice_can_i_reapply_to_brac_university/
Need advice on English spoken proficiency,Saitama2042,3,3,bangladesh,2025-09-05 00:15:35,https://www.reddit.com/r/bangladesh/comments/1n8hrua/need_advice_on_english_spoken_proficiency/
Question about EWU English Department,Adept-Asparagus-1021,2,1,bangladesh,2025-09-04 17:26:51,https://www.reddit.com/r/bangladesh/comments/1n87iv8/question_about_ewu_english_department/
Anyone from AUST here? Need advice for Spring admission test!,Frequent-Sun9971,1,1,dhaka,2025-09-04 14:02:57,https://www.reddit.com/r/Dhaka/comments/1n8466q/anyone_from_aust_here_need_advice_for_spring/
Advice please,aabrarwho,3,0,bangladesh,2025-09-04 13:13:04,https://www.reddit.com/r/bangladesh/comments/1n83f0w/advice_please/
MY GF IS VISITING ME,Serious_Tension_3500,0,20,dhaka,2025-09-04 01:16:12,https://www.reddit.com/r/Dhaka/comments/1n7o39j/my_gf_is_visiting_me/
NSU TESOL vs Brac TESOL (Masters),holatics,1,0,dhaka,2025-09-03 22:49:29,https://www.reddit.com/r/Dhaka/comments/1n7k4c5/nsu_tesol_vs_brac_tesol_masters/
Which steak house is the best in Dhaka...,Cryptographer47051,5,2,bangladesh,2025-09-03 20:00:53,https://www.reddit.com/r/bangladesh/comments/1n7fmjx/which_steak_house_is_the_best_in_dhaka/
What if Dhaka was abandoned and nature took it back? 🌿 A mysterious AI short film I made,Competitive-Essay798,0,16,bangladesh,2025-09-03 18:18:57,https://youtu.be/N2-b-XXWxfA?si=0Nbyz6Ez2WWLG66g
Some questions regarding on Ahsanullah University,onisadat_712005,3,1,bangladesh,2025-09-03 18:17:05,https://www.reddit.com/r/bangladesh/comments/1n7d7ai/some_questions_regarding_on_ahsanullah_university/
What’s the one place in this city that feels a little less insufferable to you?,Numerous-Laugh1040,17,14,dhaka,2025-09-03 16:09:01,https://www.reddit.com/r/Dhaka/comments/1n7at5u/whats_the_one_place_in_this_city_that_feels_a/
Need advice about a private uni,sahednoor,1,12,dhaka,2025-09-03 15:54:31,https://www.reddit.com/r/Dhaka/comments/1n7akme/need_advice_about_a_private_uni/
Which coaching should I do for Dhaka University B unit and C unit ?,Mental-Joke5827,5,7,dhaka,2025-09-03 13:01:32,https://www.reddit.com/r/Dhaka/comments/1n77xm7/which_coaching_should_i_do_for_dhaka_university_b/
Need to rush the process of name changing in SSC &amp; HSC certificates !!!,Key_Astronaut_7893,2,1,bangladesh,2025-09-03 00:44:10,https://www.reddit.com/r/bangladesh/comments/1n6ruzr/need_to_rush_the_process_of_name_changing_in_ssc/
How to check if my unofficial phone is new or not?,PilotHere,3,2,bangladesh,2025-09-02 17:19:37,https://www.reddit.com/r/bangladesh/comments/1n6grjt/how_to_check_if_my_unofficial_phone_is_new_or_not/
Buet eligibility,AwarenessFragrant218,0,9,dhaka,2025-09-02 15:59:42,https://www.reddit.com/r/Dhaka/comments/1n6fdjf/buet_eligibility/
What is the minimum cgpa requirement to get shortlisted for a university lacturur position?,Anxious-Advantage374,9,30,dhaka,2025-09-02 10:58:12,https://www.reddit.com/r/Dhaka/comments/1n6aogr/what_is_the_minimum_cgpa_requirement_to_get/
About admission,Baby_No_PP,1,1,dhaka,2025-09-01 22:53:31,https://www.reddit.com/r/Dhaka/comments/1n5u14n/about_admission/
Looking for a room to rent,AbyssRanger007,2,4,dhaka,2025-09-01 22:21:27,https://www.reddit.com/r/Dhaka/comments/1n5t6bm/looking_for_a_room_to_rent/
Are there any restaurants in Puran Dhaka that serve good bengali pork dishes?,DoodhBhaat,2,9,bangladesh,2025-09-01 20:54:59,https://www.reddit.com/r/bangladesh/comments/1n5qvgq/are_there_any_restaurants_in_puran_dhaka_that/
Aiub eee,booboobana,5,8,dhaka,2025-09-01 20:28:34,https://www.reddit.com/r/Dhaka/comments/1n5q73x/aiub_eee/
Tution,QuietWeek3598,4,5,dhaka,2025-08-31 18:52:18,https://www.reddit.com/r/Dhaka/comments/1n4twpx/tution/
Productivity,SamiulArian69,5,7,dhaka,2025-08-31 18:33:47,https://www.reddit.com/r/Dhaka/comments/1n4tj1j/productivity/
Bracu to gulistan,troubled_dad,2,5,dhaka,2025-08-31 17:05:30,https://www.reddit.com/r/Dhaka/comments/1n4rw8j/bracu_to_gulistan/
Best perfumes to wear in Dhaka,Rapid47,2,1,bangladesh,2025-08-31 16:13:30,/r/Dhaka/comments/1n4q320/best_perfumes_to_wear_in_dhaka/
Upgrading my iPhone 12 Pro – advice on shops &amp; price in Dhaka,Intelligent-Delay-95,2,0,bangladesh,2025-08-31 11:37:33,https://www.reddit.com/r/bangladesh/comments/1n4mq68/upgrading_my_iphone_12_pro_advice_on_shops_price/
iPhone 12 Pro upgrade – price idea &amp; shop recommendations,Intelligent-Delay-95,2,0,dhaka,2025-08-31 11:35:16,https://www.reddit.com/r/Dhaka/comments/1n4motj/iphone_12_pro_upgrade_price_idea_shop/
Help a brother out…,Zestyclose_Relief_61,2,10,dhaka,2025-08-31 00:34:35,https://www.reddit.com/r/Dhaka/comments/1n49045/help_a_brother_out/
Puran Dhaka,Alarmed-Sun4941,8,5,dhaka,2025-08-30 21:44:01,https://www.reddit.com/r/Dhaka/comments/1n44uq4/puran_dhaka/
CS from Bracu vs CS from IUB which one is better?,Affectionate_Long774,2,3,dhaka,2025-08-30 18:45:38,https://www.reddit.com/r/Dhaka/comments/1n40qkd/cs_from_bracu_vs_cs_from_iub_which_one_is_better/
Jatrabari murder case: CID files application to keep Tawhid Afridi in jail,Alone-Attention-2139,7,0,bangladesh,2025-08-30 15:56:28,https://www.tbsnews.net/bangladesh/crime/jatrabari-murder-case-cid-files-application-keep-tawhid-afridi-jail-1224106
How to get meds without prescription?,Fabulous-Fly8174,0,12,dhaka,2025-08-30 11:27:33,https://www.reddit.com/r/Dhaka/comments/1n3tjkk/how_to_get_meds_without_prescription/
Anyone to hangout or coffee adda,dark_couple_bd,3,1,dhaka,2025-08-30 10:58:01,https://www.reddit.com/r/Dhaka/comments/1n3t138/anyone_to_hangout_or_coffee_adda/
"Unseen photographs of people struggling for liberation in 1971, which resulted in the creation of a sovereign Bangladesh.",TasinMAHDI,24,5,bangladesh,2025-08-29 16:56:51,https://www.reddit.com/r/bangladesh/comments/1n348p4/unseen_photographs_of_people_struggling_for/
Safe to visit Bangladesh as a Pakistani?,Fondant_Decent,32,40,bangladesh,2025-08-29 16:02:21,https://www.reddit.com/r/bangladesh/comments/1n33alt/safe_to_visit_bangladesh_as_a_pakistani/
Dhaka new market,KhondokarIbrahim,2,5,dhaka,2025-08-29 13:24:33,https://www.reddit.com/r/Dhaka/comments/1n30u82/dhaka_new_market/
Calling all the EM students who studies at BUET/ gave admission exams,Tall_Committee_2243,2,2,dhaka,2025-08-29 12:19:15,https://www.reddit.com/r/Dhaka/comments/1n2zt1x/calling_all_the_em_students_who_studies_at_buet/
Is it possible to go to Dhaka by boat from Chittagong?,siam19,2,2,bangladesh,2025-08-29 09:14:33,https://www.reddit.com/r/bangladesh/comments/1n2wive/is_it_possible_to_go_to_dhaka_by_boat_from/
"Looking for sources of high quality chains, hoops &amp; metals for jewellery making",nanjeba_borno,2,0,bangladesh,2025-08-28 13:51:24,https://www.reddit.com/r/bangladesh/comments/1n264es/looking_for_sources_of_high_quality_chains_hoops/
Want to enjoy Dhaka,Mysterious_Natural55,4,4,bangladesh,2025-08-28 06:03:38,https://www.reddit.com/r/bangladesh/comments/1n1xfau/want_to_enjoy_dhaka/
"I'm not sure if it is only me, but the sky-summit level of MRT line 6 sort of made Dhaka look more modern.",Comfortable-Table-57,1,0,bangladesh,2025-08-28 03:33:46,https://www.reddit.com/r/bangladesh/comments/1n1tv72/im_not_sure_if_it_is_only_me_but_the_skysummit/
"Here to vent and release all the stress, also need solid advice",SpendOk8872,16,77,dhaka,2025-08-28 01:21:10,https://www.reddit.com/r/Dhaka/comments/1n1qfma/here_to_vent_and_release_all_the_stress_also_need/
studying cse independently in bd without uni,wujair,1,15,dhaka,2025-08-27 16:33:17,https://www.reddit.com/r/Dhaka/comments/1n1df7q/studying_cse_independently_in_bd_without_uni/
How to overcome from academic regrets?,ivyIllusions238,29,54,dhaka,2025-08-27 16:07:55,https://www.reddit.com/r/Dhaka/comments/1n1cz80/how_to_overcome_from_academic_regrets/
"Today's editorials in Pakistan's Dawn (""Ties That Bind"") and Tribune (""Reset with Dhaka"") on the FM’s BD visit expose their mindset. Both dismiss 1971 as a mere ""tragedy,"" avoiding true apology for genocide. Not shockingly, their tone mirrors their own collaborators’ stance!",TasinMAHDI,106,32,bangladesh,2025-08-27 09:07:55,https://www.reddit.com/gallery/1n1629s
Advice for an Psychology Aspirant SSC-25 Graduate?,Personal-Calendar974,3,1,dhaka,2025-08-27 04:49:29,https://www.reddit.com/r/Dhaka/comments/1n10gf3/advice_for_an_psychology_aspirant_ssc25_graduate/
Is it worth spending 15 lacs at a top level private university if I get the chance to study at a mid level public?,roronoa_zoro_11111,28,38,dhaka,2025-08-27 02:01:09,https://www.reddit.com/r/Dhaka/comments/1n0w77j/is_it_worth_spending_15_lacs_at_a_top_level/
"Where to shop in Dhaka for skirts, tops &amp; three-pieces?",Winter-Fig-4104,2,1,bangladesh,2025-08-27 00:44:50,https://www.reddit.com/gallery/1n0u7fr
Is it viable to switch to Law for a Master’s after a CSE undergrad in Bangladesh?,elvinbarton,1,2,bangladesh,2025-08-26 23:54:23,https://www.reddit.com/r/bangladesh/comments/1n0svgj/is_it_viable_to_switch_to_law_for_a_masters_after/
Is it viable to switch to Law for a Master’s after a CSE undergrad in Bangladesh?,elvinbarton,3,0,dhaka,2025-08-26 23:49:37,https://www.reddit.com/r/Dhaka/comments/1n0sqvs/is_it_viable_to_switch_to_law_for_a_masters_after/
"Dhaka &amp; Chittagong Airports are major hub for drugs,Gold trafficking in south east Asia! We are seeing tip of the iceberg in regards of seizing Drugs &amp; Gold!",Asleep-Jellyfish007,6,2,bangladesh,2025-08-26 21:14:34,https://i.redd.it/7vxycqg4rdlf1.jpeg
"Rant: Bashundhara R/A is an absolutely horrendous neighborhood. Why is it so ""hyped""?",throwlol134,111,71,dhaka,2025-08-26 16:17:03,https://www.reddit.com/r/Dhaka/comments/1n0hyf3/rant_bashundhara_ra_is_an_absolutely_horrendous/
Which university should i apply?,Coolcrisp_02,4,8,dhaka,2025-08-26 02:38:16,https://www.reddit.com/r/Dhaka/comments/1n01y4w/which_university_should_i_apply/
"Dhaka, Bangladesh",VapeyMoron,53,9,bangladesh,2025-08-25 23:30:45,https://i.redd.it/hdovi0i3x5lf1.jpeg
Engineering in Bangladesh,Zetafunction64,14,5,dhaka,2025-08-24 19:26:29,https://www.reddit.com/r/Dhaka/comments/1myvjvb/engineering_in_bangladesh/
SELLING FLAT!!!!!!!!!,megatonowo,0,13,dhaka,2025-08-24 12:16:48,https://www.reddit.com/r/Dhaka/comments/1myo32c/selling_flat/
SELLING LAND IN PURAN DHAKA!!!!!!!,megatonowo,1,2,bangladesh,2025-08-24 12:14:24,https://www.reddit.com/r/bangladesh/comments/1myo1ki/selling_land_in_puran_dhaka/
What to do?,Farhanhabib_87,5,6,bangladesh,2025-08-23 19:04:24,https://www.reddit.com/r/bangladesh/comments/1my0xhk/what_to_do/
Looking for study cafés in khilgaon,odhorah,1,0,dhaka,2025-08-23 18:54:52,https://www.reddit.com/r/Dhaka/comments/1my0pss/looking_for_study_cafés_in_khilgaon/
Shibir Promotion on Mirza Galim,RazzmatazzStrict,0,12,bangladesh,2025-08-22 17:19:10,https://www.reddit.com/r/bangladesh/comments/1mx3q5r/shibir_promotion_on_mirza_galim/
Cool lit coffees,badfaroosh,5,0,dhaka,2025-08-22 12:31:54,https://www.reddit.com/r/Dhaka/comments/1mwz2vl/cool_lit_coffees/
UIU or IUB for CSE? Admission test dates clash,Vforvegeto,2,6,dhaka,2025-08-20 21:09:52,https://www.reddit.com/r/Dhaka/comments/1mvhgq7/uiu_or_iub_for_cse_admission_test_dates_clash/
Struggling Dad Begging for Help: Seeking Job Opportunities,sunny_sun92,215,68,dhaka,2025-08-20 09:12:50,https://www.reddit.com/r/Dhaka/comments/1mv3m0b/struggling_dad_begging_for_help_seeking_job/
Help me choose uni,ZealousidealUnion951,1,11,dhaka,2025-08-19 18:23:18,https://www.reddit.com/r/Dhaka/comments/1mugwcc/help_me_choose_uni/
Surprised at how much Tejgaon has changed,Dhakaiya91,187,21,dhaka,2025-08-16 23:21:07,https://www.reddit.com/gallery/1ms1l9h
"How to know whether unofficial android phone is new or unused, and suggest some best reliable shops from where I can buy my new android phone",tarkesman,1,0,dhaka,2025-08-16 20:30:04,https://www.reddit.com/r/Dhaka/comments/1mrwv5s/how_to_know_whether_unofficial_android_phone_is/
Any buses running from Dhanmondi to Rampura or Gulshan?,MisterPotato437,1,3,dhaka,2025-08-16 17:42:22,https://www.reddit.com/r/Dhaka/comments/1mrsum8/any_buses_running_from_dhanmondi_to_rampura_or/
How to prepare for BRACU entrance exam,creep_pal,5,9,bangladesh,2025-08-16 17:26:59,https://www.reddit.com/r/bangladesh/comments/1mrsjch/how_to_prepare_for_bracu_entrance_exam/
Looking for a good dermatologist around Shantinagar/Malibagh,machinegunnedburger,3,5,dhaka,2025-08-15 22:15:36,https://www.reddit.com/r/Dhaka/comments/1mr2fm6/looking_for_a_good_dermatologist_around/
Best Budget-Friendly Gym in Bashundhara R/A ?,EngineWinter9286,1,2,dhaka,2025-08-15 14:16:06,https://www.reddit.com/r/Dhaka/comments/1mqriy5/best_budgetfriendly_gym_in_bashundhara_ra/
Need a Reliable Human to Make Your Life Easier? I’m Your Guy.,psycho_sif,4,18,dhaka,2025-08-15 00:03:03,https://www.reddit.com/r/Dhaka/comments/1mq86ql/need_a_reliable_human_to_make_your_life_easier_im/
Offline shopping places in Dhaka ( except new market lmao),Fun_Blackberry_864,1,3,dhaka,2025-08-12 14:38:52,https://www.reddit.com/r/Dhaka/comments/1mo39sk/offline_shopping_places_in_dhaka_except_new/
"Dhaka University’s Fuller Road, Sculptures of the Independence Struggle were destroyed.",Equivalent_Dog_3891,182,33,bangladesh,2025-08-12 05:34:53,https://www.reddit.com/gallery/1mnswfa
Cost for BBA,HungryHall5,18,35,dhaka,2025-08-11 14:00:09,https://www.reddit.com/r/Dhaka/comments/1mn70i5/cost_for_bba/
Trsuted Shop for buying phone 📱,moreintoFling,2,16,dhaka,2025-08-10 19:11:54,https://www.reddit.com/r/Dhaka/comments/1mmi7z5/trsuted_shop_for_buying_phone/
BBA or CA/ACCA,CharmingDistrict4834,1,3,dhaka,2025-08-10 02:34:29,https://www.reddit.com/r/Dhaka/comments/1mlzjj9/bba_or_caacca/
thrifting in new market area,Main-Grab-2759,3,1,dhaka,2025-08-09 12:17:08,https://www.reddit.com/r/Dhaka/comments/1mlidxp/thrifting_in_new_market_area/
Please Help,Forward_Leather_5733,2,2,dhaka,2025-08-09 00:33:12,https://www.reddit.com/r/Dhaka/comments/1ml35z2/please_help/
EEE IN EWU,Consistent-World1157,3,3,dhaka,2025-08-08 18:11:11,https://www.reddit.com/r/Dhaka/comments/1mkthty/eee_in_ewu/
Had a tough time on the metro today,Puzzleheaded-Hat6548,14,25,dhaka,2025-08-07 15:51:42,https://www.reddit.com/r/Dhaka/comments/1mjvtzs/had_a_tough_time_on_the_metro_today/
After the Rise of Neo-Razakars at Dhaka University: A Night to Remember the Spirit of Liberation...,TasinMAHDI,89,10,bangladesh,2025-08-07 13:45:13,https://www.reddit.com/r/bangladesh/comments/1mjtusw/after_the_rise_of_neorazakars_at_dhaka_university/
Would you rather buy clothes from local market or look for brands?,wastedwashingmachine,5,20,dhaka,2025-08-07 08:53:15,https://www.reddit.com/r/Dhaka/comments/1mjopv1/would_you_rather_buy_clothes_from_local_market_or/
Question about Spring 2026 semester end date for B.Sc. Architecture at BRAC,milkshake-4242,2,0,bangladesh,2025-08-07 05:01:00,https://www.reddit.com/r/bangladesh/comments/1mjjlc4/question_about_spring_2026_semester_end_date_for/
BRAC vs AIUB for EEE,Rahi_55,1,13,dhaka,2025-08-07 04:13:28,https://www.reddit.com/r/Dhaka/comments/1mjife8/brac_vs_aiub_for_eee/
Were Kader Mollah and other executed or jailed Jamaat leaders truly guilty of committing war crimes?,tdoteditz_exe,29,49,bangladesh,2025-08-06 17:51:23,https://www.reddit.com/r/bangladesh/comments/1mj2iym/were_kader_mollah_and_other_executed_or_jailed/
Looking for libaray for study near Govt . science college tejgaon,Glum-Leg-4174,1,0,dhaka,2025-08-06 17:21:12,https://www.reddit.com/r/Dhaka/comments/1mj1xn8/looking_for_libaray_for_study_near_govt_science/
"Post SSC student, need advice.",ComfortableRoll9178,2,20,dhaka,2025-08-04 20:04:35,https://www.reddit.com/r/Dhaka/comments/1mhed00/post_ssc_student_need_advice/
"Tough decisions to make, need guidance.",ComfortableRoll9178,1,3,dhaka,2025-08-04 20:02:18,https://www.reddit.com/r/Dhaka/comments/1mheavw/tough_decisions_to_make_need_guidance/
Suggest some hotels in puran Dhaka,zhmldhk,1,5,dhaka,2025-08-04 19:26:34,https://www.reddit.com/r/Dhaka/comments/1mhdeim/suggest_some_hotels_in_puran_dhaka/
Is iub a good uni? (Doing bba),8ushch,8,20,dhaka,2025-08-03 23:10:58,https://www.reddit.com/r/Dhaka/comments/1mgom10/is_iub_a_good_uni_doing_bba/
CSE vs Computer Network and Cyber Security,TrBaap,2,3,dhaka,2025-08-03 21:13:58,https://www.reddit.com/r/Dhaka/comments/1mglqs3/cse_vs_computer_network_and_cyber_security/
I need suggestion about my future,Individual_Ikri7683,12,14,dhaka,2025-08-03 21:01:25,https://www.reddit.com/r/Dhaka/comments/1mglfo8/i_need_suggestion_about_my_future/
Is investing in real estate in Dhaka worth it?,Odd-Departure-440,8,17,dhaka,2025-08-03 02:57:00,https://www.reddit.com/r/Dhaka/comments/1mg135y/is_investing_in_real_estate_in_dhaka_worth_it/
How is IB curriculum for English Medium students?,Evening_Chair3570,3,6,bangladesh,2025-08-02 17:29:12,https://www.reddit.com/r/bangladesh/comments/1mfo91j/how_is_ib_curriculum_for_english_medium_students/
"NSU vs BRAC, Best one for Economics?",Worth-Gene,4,6,bangladesh,2025-08-01 08:16:07,https://www.reddit.com/r/bangladesh/comments/1mekhpn/nsu_vs_brac_best_one_for_economics/
NSU cse vs AIUB cse!,Shaker_Afiq-111,2,4,bangladesh,2025-07-31 14:45:21,https://www.reddit.com/r/bangladesh/comments/1mdwbbi/nsu_cse_vs_aiub_cse/
AIUB cse vs NSU cse,Shaker_Afiq-111,1,1,dhaka,2025-07-31 14:37:24,https://www.reddit.com/r/Dhaka/comments/1mdw6xf/aiub_cse_vs_nsu_cse/
NSU cse vs AIUB cse,Shaker_Afiq-111,3,4,dhaka,2025-07-31 14:25:13,https://www.reddit.com/r/Dhaka/comments/1mdw05a/nsu_cse_vs_aiub_cse/
Any Shared Office or Coworking Office Space near Khilgaon / Bashabo / Banasree Area?,BlackReaper619,5,2,bangladesh,2025-07-29 21:38:16,https://www.reddit.com/r/Dhaka/comments/1lmieln/looking_for_a_coworking_office_space_near/
Where can I find water flosser shop?,Wild-Advantage4953,3,0,dhaka,2025-07-29 19:26:46,https://www.reddit.com/r/Dhaka/comments/1mcbevg/where_can_i_find_water_flosser_shop/
How easy would it be to get into Physics major at BracU this Fall?,Shot_Bowl_2680,2,0,bangladesh,2025-07-29 11:09:41,https://www.reddit.com/r/bangladesh/comments/1mc2te9/how_easy_would_it_be_to_get_into_physics_major_at/
Is their any place in Dhaka where I can go for a run? I live in Puran Dhaka and every street is filled with shit and litter,Ok_Taro_6601,2,3,dhaka,2025-07-29 06:29:53,https://www.reddit.com/r/Dhaka/comments/1mbx86k/is_their_any_place_in_dhaka_where_i_can_go_for_a/
Need A part time job near Mohakhali/Gulshan 1/Tejgaon,Intelligent-Chard93,4,5,bangladesh,2025-07-29 02:44:59,https://www.reddit.com/r/bangladesh/comments/1mbru9r/need_a_part_time_job_near_mohakhaligulshan/
"NSU,IUB or BRAC to go for bba?",Sad-Double602,2,5,bangladesh,2025-07-29 00:33:16,https://www.reddit.com/r/bangladesh/comments/1mbobd7/nsuiub_or_brac_to_go_for_bba/
"NSU,IUB or BRAC to go for bba?",Sad-Double602,3,9,dhaka,2025-07-29 00:32:53,https://www.reddit.com/r/Dhaka/comments/1mboazi/nsuiub_or_brac_to_go_for_bba/
BRAC/NSU/AIUB for CSE?,MRC2RULES,2,10,dhaka,2025-07-28 15:12:57,https://www.reddit.com/r/Dhaka/comments/1mbbcsi/bracnsuaiub_for_cse/
BRAC/NSU/AIUB for CSE?,MRC2RULES,2,7,bangladesh,2025-07-28 15:12:21,https://www.reddit.com/r/bangladesh/comments/1mbbchb/bracnsuaiub_for_cse/
Admission Enquiry,Square_Warning4223,2,3,bangladesh,2025-07-28 14:45:58,https://www.reddit.com/r/bangladesh/comments/1mbaxyz/admission_enquiry/
Any students here doing part-time work near Bashundhara? Need guidance!!!,Fit_Alternative_2774,2,8,dhaka,2025-07-28 05:48:26,https://www.reddit.com/r/Dhaka/comments/1mb1a05/any_students_here_doing_parttime_work_near/
Help,Plus-Feedback-1096,2,2,bangladesh,2025-07-27 23:36:22,https://www.reddit.com/r/bangladesh/comments/1masdt3/help/
Parks for afternoon chilling in Bashundhara R/A,Nix_Gamesss,1,0,dhaka,2025-07-27 21:58:19,https://www.reddit.com/r/Dhaka/comments/1mapvny/parks_for_afternoon_chilling_in_bashundhara_ra/
Join as Co-founder,Natural_Hedgehog_287,5,15,bangladesh,2025-07-27 19:23:18,https://www.reddit.com/r/bangladesh/comments/1mam6rp/join_as_cofounder/
Starting Fresh in Bashundhara — Send Prayers (and Advice)🙃,NoAd9144,5,2,dhaka,2025-07-27 14:49:31,https://www.reddit.com/r/Dhaka/comments/1mahh8x/starting_fresh_in_bashundhara_send_prayers_and/
How to prepare for MSc in CSE admission test at Dhaka University?,Money_Consequence511,2,1,bangladesh,2025-07-27 02:31:29,https://www.reddit.com/r/bangladesh/comments/1ma3ihr/how_to_prepare_for_msc_in_cse_admission_test_at/
"Help me select college please (SSC 25, GPA 4.78)",It_Laggs,6,4,dhaka,2025-07-26 20:34:16,https://www.reddit.com/r/Dhaka/comments/1m9uu1m/help_me_select_college_please_ssc_25_gpa_478/
Dhaka is a very nice city,lord_sammy,43,18,dhaka,2025-07-25 19:01:29,https://www.reddit.com/r/Dhaka/comments/1m8yk1e/dhaka_is_a_very_nice_city/
Best places to fix headphone,Proper-Sheep,1,5,dhaka,2025-07-25 17:51:43,https://www.reddit.com/r/Dhaka/comments/1m8x2ww/best_places_to_fix_headphone/
"Looking for Affordable &amp; Quality DTF Printing &amp; Heat Pressing Near Khilgaon, Motijheel, or Malibagh.",Ari_the_pixel_ninja,2,0,bangladesh,2025-07-24 18:13:30,https://www.reddit.com/r/bangladesh/comments/1m82qrm/looking_for_affordable_quality_dtf_printing_heat/
"Looking for Affordable &amp; Quality DTF Printing &amp; Heat Pressing Near Khilgaon, Motijheel, or Malibagh.",Ari_the_pixel_ninja,1,0,dhaka,2025-07-24 18:11:00,https://www.reddit.com/r/Dhaka/comments/1m82ov2/looking_for_affordable_quality_dtf_printing_heat/
Best Place to Buy Second-Hand Phones in Dhaka?,Rafi012,7,4,dhaka,2025-07-24 13:06:05,https://www.reddit.com/r/Dhaka/comments/1m7xklp/best_place_to_buy_secondhand_phones_in_dhaka/
college suggestions,cheeryybombs,3,2,dhaka,2025-07-23 22:02:10,https://www.reddit.com/r/Dhaka/comments/1m7d7ic/college_suggestions/
i got 1147 marks on ssc (science) id like some college suggestions,cheeryybombs,7,25,bangladesh,2025-07-23 21:56:52,https://www.reddit.com/r/bangladesh/comments/1m7d27l/i_got_1147_marks_on_ssc_science_id_like_some/
EWU,RazzmatazzStrict,2,1,dhaka,2025-07-20 20:35:09,https://www.reddit.com/r/Dhaka/comments/1m4qfxy/ewu/
Dhaka University(ঢাকা বিশ্ববিদ্যালয়)  এর আশেপাশে কোথায় নীল রঙের ড্রাম  কিনতে পারবো?,tomir18protip,3,12,bangladesh,2025-07-20 20:19:14,https://i.redd.it/7lzf95dof1ef1.jpeg
Need help to forget female best friend,Hopeful-Author8162,0,19,bangladesh,2025-07-20 13:01:33,https://www.reddit.com/r/bangladesh/comments/1m4ihth/need_help_to_forget_female_best_friend/
Find friends,Sa_Fi12,2,8,bangladesh,2025-07-20 00:27:51,https://www.reddit.com/r/bangladesh/comments/1m43b39/find_friends/
"Almost fainted in the metro today, grateful for kind strangers",SentientSideChara,178,19,dhaka,2025-07-19 19:49:22,https://www.reddit.com/r/Dhaka/comments/1m3wp3y/almost_fainted_in_the_metro_today_grateful_for/
Second Bachelor's,TangerineNeonLights_,2,0,bangladesh,2025-07-19 18:11:26,https://www.reddit.com/r/bangladesh/comments/1m3upmw/second_bachelors/
Where to buy Dumbbells?,machinegunnedburger,2,5,dhaka,2025-07-19 17:57:42,https://www.reddit.com/r/Dhaka/comments/1m3ug9o/where_to_buy_dumbbells/
Ielts,Realistic_Put_1452,1,4,dhaka,2025-07-19 13:28:56,https://www.reddit.com/r/Dhaka/comments/1m3q82m/ielts/
"The protesters are throwing rocks, that’s why the coordinator’s forces are ordering to shoot the protesters and dump their bodies. This is exactly how they carried out the Gopalganj massacre.",New_Edge360,3,0,dhaka,2025-07-19 12:30:26,https://www.reddit.com/r/Dhaka/comments/1m3pazw/the_protesters_are_throwing_rocks_thats_why_the/
What does it mean to be Bengali,ChubbyFruit,25,36,bangladesh,2025-07-19 05:55:14,https://www.reddit.com/r/bangladesh/comments/1m3hvuc/what_does_it_mean_to_be_bengali/
Looking for friends,Sa_Fi12,0,4,bangladesh,2025-07-19 02:17:47,https://www.reddit.com/r/bangladesh/comments/1m3ct4j/looking_for_friends/
Buet admission,ParsleyLow8147,0,7,bangladesh,2025-07-18 20:58:26,https://www.reddit.com/r/bangladesh/comments/1m34kwb/buet_admission/
What are good backups while targeting for IBA admission,diddozy,3,3,bangladesh,2025-07-17 18:32:39,https://www.reddit.com/r/bangladesh/comments/1m26b34/what_are_good_backups_while_targeting_for_iba/
Orphaned Kittens in Search for a new home,snakesyle16,19,3,dhaka,2025-07-17 17:02:43,https://www.reddit.com/gallery/1m24kud
suggest some cafe/restaurants in khilgaon for private time,Mahmudul_Hasan27,0,0,bangladesh,2025-07-17 02:48:11,https://www.reddit.com/r/bangladesh/comments/1m1o44t/suggest_some_caferestaurants_in_khilgaon_for/
suggest some cafe/restaurants in khilgaon for private time,Mahmudul_Hasan27,0,7,dhaka,2025-07-17 02:46:14,https://www.reddit.com/r/Dhaka/comments/1m1o2cr/suggest_some_caferestaurants_in_khilgaon_for/
Restaurants/Buffets,Rare-Painting2799,1,1,dhaka,2025-07-17 01:48:33,https://www.reddit.com/r/Dhaka/comments/1m1ml40/restaurantsbuffets/
Two Orphan Kittens are looking for a Loving Home.,snakesyle16,42,3,dhaka,2025-07-16 19:48:43,https://www.reddit.com/gallery/1m1d2g0
Kittens for Adoption,snakesyle16,17,7,bangladesh,2025-07-16 19:44:58,https://www.reddit.com/gallery/1m1cz8q
Need information on dumbbells,Anxious-Plankton-570,3,8,dhaka,2025-07-16 17:43:13,https://www.reddit.com/r/Dhaka/comments/1m1adht/need_information_on_dumbbells/
Need Help With Choosing College!,notnonchalantbutyeah,1,9,dhaka,2025-07-16 11:58:10,https://www.reddit.com/r/Dhaka/comments/1m14v0f/need_help_with_choosing_college/
Should I take Business administration if I am weak in math?,Emad_341,7,2,dhaka,2025-07-15 23:18:21,https://www.reddit.com/r/Dhaka/comments/1m0nr74/should_i_take_business_administration_if_i_am/
Swimming,KeyAdvice5346,1,5,dhaka,2025-07-15 18:06:16,https://www.reddit.com/r/Dhaka/comments/1m0g0kr/swimming/
Kittens Up for Adoption.,snakesyle16,63,9,bangladesh,2025-07-15 17:34:25,https://www.reddit.com/gallery/1m0fdp0
Kittens Up for Adoption.,snakesyle16,46,12,dhaka,2025-07-15 17:18:36,https://www.reddit.com/gallery/1m0f3b0
From AUST to Tesla: Samiha Mustabin Begins New Role as Process Engineer.,El-che-Alif,29,11,bangladesh,2025-07-14 23:57:03,https://i.redd.it/5u2lgz6bpvcf1.jpeg
Need post-hsc admission guideline.,onedirectionadoptme,6,3,bangladesh,2025-07-14 23:52:21,https://www.reddit.com/r/bangladesh/comments/1lztccx/need_posthsc_admission_guideline/
Best internet provider near Moghbazar / Malibagh?,hrafia,2,3,dhaka,2025-07-14 13:08:57,https://www.reddit.com/r/Dhaka/comments/1lzfsz5/best_internet_provider_near_moghbazar_malibagh/
Yall know where I can find kirby merch,Gold_was_here,1,0,dhaka,2025-07-14 11:35:02,https://www.reddit.com/r/Dhaka/comments/1lzeaos/yall_know_where_i_can_find_kirby_merch/
"Is Bangladesh entering a new era or just changing masks? A reflection on recent political shifts. --- 📌 Main Body (মূল লেখা): In the past year, Bangladesh has witnessed significant political turbulence—protests, public outrage, and finally, a historic shift in power. Sheikh Hasina’s long-standi",Longjumping_Ship_253,1,0,dhaka,2025-07-14 09:28:49,https://www.reddit.com/r/Dhaka/comments/1lzc13n/is_bangladesh_entering_a_new_era_or_just_changing/
Accidentally bought 4 tickets for wrong cinema,Global_Baseball3571,6,7,dhaka,2025-07-13 15:38:19,https://www.reddit.com/r/Dhaka/comments/1lyotcw/accidentally_bought_4_tickets_for_wrong_cinema/
Need suggestion for a clinic or hospital,zuras76,2,0,dhaka,2025-07-13 10:03:22,https://www.reddit.com/r/Dhaka/comments/1lyjiph/need_suggestion_for_a_clinic_or_hospital/
Gym Buddy,Popular-Star-7675,2,1,dhaka,2025-07-13 04:55:40,https://www.reddit.com/r/Dhaka/comments/1lydidt/gym_buddy/
Dance Lovers of Dhaka - where do you practice?,Agile_Egg_9509,12,18,dhaka,2025-07-12 20:58:34,https://www.reddit.com/r/Dhaka/comments/1ly2h82/dance_lovers_of_dhaka_where_do_you_practice/
"Planning a Food Cart. Need Advice on Menu, Location, and Setup",Agile_Ad7635,3,1,bangladesh,2025-07-12 20:32:52,https://www.reddit.com/r/bangladesh/comments/1ly1vww/planning_a_food_cart_need_advice_on_menu_location/
"Planning a Food Cart. Need Advice on Menu, Location (TSC?), and Setup",Agile_Ad7635,11,16,dhaka,2025-07-12 20:32:00,https://www.reddit.com/r/Dhaka/comments/1ly1v8h/planning_a_food_cart_need_advice_on_menu_location/
Don't ignore.,mtinbd,99,52,dhaka,2025-07-12 15:19:00,https://www.reddit.com/r/Dhaka/comments/1lxw7do/dont_ignore/
Does ssc gpa matters in university admission?,tdoteditz_exe,5,7,bangladesh,2025-07-11 19:30:47,https://www.reddit.com/r/bangladesh/comments/1lx6ywv/does_ssc_gpa_matters_in_university_admission/
Safe couple cabin restaurant suggestions needed,Broad_Huckleberry509,1,0,dhaka,2025-07-10 18:41:06,https://www.reddit.com/r/Dhaka/comments/1lwbps1/safe_couple_cabin_restaurant_suggestions_needed/
Question for IQ users,dest_v18,6,1,bangladesh,2025-07-10 17:37:55,https://www.reddit.com/r/bangladesh/comments/1lwahdi/question_for_iq_users/
Both hidden gems and famous sites to see in puran Dhaka(Food places also),ifnasss,1,0,dhaka,2025-07-10 16:31:22,https://www.reddit.com/r/Dhaka/comments/1lw9bzw/both_hidden_gems_and_famous_sites_to_see_in_puran/
Question for IQ users,dest_v18,1,3,dhaka,2025-07-10 15:21:46,https://www.reddit.com/r/Dhaka/comments/1lw88xl/question_for_iq_users/
Bashundhara Residential Area- Fuchka - AC,Unhappy-Pop-6002,1,2,dhaka,2025-07-10 11:17:46,https://www.reddit.com/r/Dhaka/comments/1lw4jy4/bashundhara_residential_area_fuchka_ac/
Dating spots,Maleficent-Map5805,44,86,dhaka,2025-07-09 13:10:24,https://www.reddit.com/r/Dhaka/comments/1lvcchq/dating_spots/
Hiji biji,RoyalIce8426,1,9,dhaka,2025-07-08 19:52:42,https://www.reddit.com/r/Dhaka/comments/1lup4vt/hiji_biji/
Where can i learn tennis with a coach?,tahmed7bd,4,2,dhaka,2025-07-07 23:49:18,https://www.reddit.com/r/Dhaka/comments/1lu0w84/where_can_i_learn_tennis_with_a_coach/
What's the Source of Institutional Pride?,Pro_Fullstack,64,68,bangladesh,2025-07-07 01:28:35,https://www.reddit.com/r/bangladesh/comments/1lt9r6o/whats_the_source_of_institutional_pride/
NSU Civil Engineering,laltomato05,3,10,bangladesh,2025-07-06 17:13:25,https://www.reddit.com/r/bangladesh/comments/1lsyqwt/nsu_civil_engineering/
Perfume Suggestion for Male,carelesssswhisperrrr,13,15,dhaka,2025-07-06 00:38:28,https://www.reddit.com/r/Dhaka/comments/1lsgtbw/perfume_suggestion_for_male/
Where can I find good quality ergonomic/gaming chair in cheap price?,Mikoyane,1,2,dhaka,2025-07-05 20:49:48,https://www.reddit.com/r/Dhaka/comments/1lsblvq/where_can_i_find_good_quality_ergonomicgaming/
Trying to design a high-impact career: Econ/IR at DU + global credentials. Can this lead to executive roles in BD?,Agile_Ad7635,2,0,bangladesh,2025-07-05 19:59:36,https://www.reddit.com/r/bangladesh/comments/1lsaisg/trying_to_design_a_highimpact_career_econir_at_du/
BIG NEWS: BUET Graduate Ridwan Noor Nafis Named Finalist in Global Architecture Competition,Agile_Ad7635,34,2,bangladesh,2025-07-04 01:43:04,https://i.redd.it/k3nop1tzppaf1.png
Why I've Changed!,tahmed7bd,7,19,dhaka,2025-07-04 00:43:53,https://www.reddit.com/r/Dhaka/comments/1lqxfed/why_ive_changed/
Looking for a RESTRICTED FEMALE MASTER BEDROOM in Bashundhara RA from September (with a PET),Specific_Anteater193,1,1,dhaka,2025-07-03 15:49:41,https://www.reddit.com/r/Dhaka/comments/1lqljb0/looking_for_a_restricted_female_master_bedroom_in/
Gold's gym,Ok-Return-5394,1,2,dhaka,2025-07-03 11:55:25,https://www.reddit.com/r/Dhaka/comments/1lqi0fo/golds_gym/
Place recommendation in bashundhara for some private time,Anonymous33698,3,3,dhaka,2025-07-02 23:59:52,https://www.reddit.com/r/Dhaka/comments/1lq2pw2/place_recommendation_in_bashundhara_for_some/
"Bangladesh's Ambassadoe Muhammad presented credentials to Burkina Faso's President Ibrahim Traoré, proposing direct cotton trade to boost Bangladesh’s textile industry &amp; open new markets for Burkina",VapeyMoron,268,33,bangladesh,2025-07-02 18:07:15,https://i.redd.it/7yq8jrlybgaf1.jpeg
I saw a 47-page report from the Crisis Research Center about the torture on police officers. I couldn’t finish it the first day I tried—my head started spinning. পুলিশের উপর নির্যাতন নিয়ে ক্রাইসিস রিসার্চ সেন্টারের একটি ৪৭ পৃষ্ঠার রিপোর্ট দেখেছি। আমি প্রথমদিন দেখতে গিয়ে পুরোটা শেষ করতে পারিনি। মাথা,New_Edge360,2,29,dhaka,2025-07-02 10:31:58,https://www.reddit.com/r/Dhaka/comments/1lpmt0f/i_saw_a_47page_report_from_the_crisis_research/
Need guidance: Bangla-medium CSE graduate planning to sit for O/A Levels as a private candidate to apply for DU (Economics/Applied Math),TheJackedN3rd,2,1,bangladesh,2025-07-01 17:53:20,https://www.reddit.com/r/bangladesh/comments/1loznmp/need_guidance_banglamedium_cse_graduate_planning/
A level Cambridge teacher suggestion in Dhanmondi area,kacchiBiriyaniRocks,1,5,dhaka,2025-07-01 14:10:13,https://www.reddit.com/r/Dhaka/comments/1low2vi/a_level_cambridge_teacher_suggestion_in_dhanmondi/
"News from the 'Shaheed Gazette' of the July – The Sacrifice of the ""Martyrs"" – Part 1,",New_Edge360,0,1,dhaka,2025-07-01 13:00:38,https://www.reddit.com/r/Dhaka/comments/1lov1wr/news_from_the_shaheed_gazette_of_the_july_the/
bashundhara RA,No-Back1343,14,13,dhaka,2025-07-01 00:29:14,https://www.reddit.com/r/Dhaka/comments/1lof8ma/bashundhara_ra/
Airport railway station to dhaka?,Fine-Cycle1103,3,2,dhaka,2025-06-30 09:35:25,https://www.reddit.com/r/Dhaka/comments/1lnxku4/airport_railway_station_to_dhaka/
Opening a new coaching center,Opening-Ad4437,2,3,dhaka,2025-06-29 21:54:32,https://www.reddit.com/r/Dhaka/comments/1lni1os/opening_a_new_coaching_center/
DU A Unit GPA Requirement,kjamwokao,2,1,bangladesh,2025-06-27 14:56:08,https://www.reddit.com/r/bangladesh/comments/1llp2px/du_a_unit_gpa_requirement/
Which uni should I choose,Beneficial_Memory_66,1,6,dhaka,2025-06-25 18:21:39,https://www.reddit.com/r/Dhaka/comments/1lk46vn/which_uni_should_i_choose/
Which one is better,PRICEFORAND,2,9,dhaka,2025-06-25 17:42:16,https://www.reddit.com/r/Dhaka/comments/1lk3exb/which_one_is_better/
Best private university for humanities students?,Worth-Gene,2,1,bangladesh,2025-06-25 16:46:29,https://www.reddit.com/r/bangladesh/comments/1lk2ekn/best_private_university_for_humanities_students/
Best private university for humanities students?,Worth-Gene,2,4,bangladesh,2025-06-24 21:23:57,https://www.reddit.com/r/bangladesh/comments/1lje0bm/best_private_university_for_humanities_students/
Career guide,soul_ofdarkandlight,3,0,bangladesh,2025-06-24 01:40:42,https://www.reddit.com/r/bangladesh/comments/1liq95m/career_guide/
"PLS HELP URGENT,i am confused abt which phone to buy",little_aesthetic52,2,11,dhaka,2025-06-23 00:01:24,https://www.reddit.com/r/Dhaka/comments/1lhu9fb/pls_help_urgenti_am_confused_abt_which_phone_to/
need help about what phone to buy and if i should buy from bangladesh,little_aesthetic52,2,0,bangladesh,2025-06-22 22:37:10,https://www.reddit.com/r/bangladesh/comments/1lhs857/need_help_about_what_phone_to_buy_and_if_i_should/
Private UNI admission resources,kindred_eldtrich,5,6,bangladesh,2025-06-22 12:27:42,https://www.reddit.com/r/bangladesh/comments/1lhh8ij/private_uni_admission_resources/
Passport,Iam_Touhid,2,0,bangladesh,2025-06-22 11:09:41,https://www.reddit.com/r/bangladesh/comments/1lhg01g/passport/
Help Post,Abirhasan451,3,1,bangladesh,2025-06-22 01:34:45,https://www.reddit.com/r/bangladesh/comments/1lh4tzs/help_post/
Feeling gulity about not being able to stop eve teasing &amp; why we as a nation become this much judgemental to tease and harasse any women wearing saree??,Bubbly_Review_4932,232,77,bangladesh,2025-06-21 23:12:03,https://i.redd.it/875f5mcbcb8f1.jpeg
"Information regarding delivery man person (flexible- part time, Bashundhara RA)",QBeeTas,1,1,dhaka,2025-06-21 17:02:55,https://www.facebook.com/share/1FscJAdTe2/?mibextid=wwXIfr
Requesting traffic jam recommendation for passing hours of time in rickshaw within puran Dhaka.,Small-Recipe9485,4,10,dhaka,2025-06-21 09:55:20,https://www.reddit.com/r/Dhaka/comments/1lgndq3/requesting_traffic_jam_recommendation_for_passing/
Should I Leave NSU EEE For A Double Major In Economics and Anthropology?,Original_Bother_7440,6,1,bangladesh,2025-06-20 11:45:06,https://www.reddit.com/r/bangladesh/comments/1lfwb9m/should_i_leave_nsu_eee_for_a_double_major_in/
Guys are there theory questions too in BUET and CUET admissions test? Or only mcq?,Ok-Company282,7,11,bangladesh,2025-06-19 23:40:43,https://www.reddit.com/r/bangladesh/comments/1lfgzqr/guys_are_there_theory_questions_too_in_buet_and/
Need Suggestion to find e book reader,Glittering-Tear-8017,1,2,dhaka,2025-06-19 22:57:03,https://www.reddit.com/r/Dhaka/comments/1lffve7/need_suggestion_to_find_e_book_reader/
Study Spaces in Puran Dhaka,Al-Khataei,4,1,dhaka,2025-06-19 22:36:22,https://www.reddit.com/r/Dhaka/comments/1lffcpp/study_spaces_in_puran_dhaka/
First time travelling abroad and alone to find my ex in Dhaka,mizzorie,7,17,bangladesh,2025-06-19 21:37:20,https://www.reddit.com/r/bangladesh/comments/1lfdw51/first_time_travelling_abroad_and_alone_to_find_my/
Looking for job,Sufficient_Profile86,2,1,dhaka,2025-06-18 10:54:32,https://www.reddit.com/r/Dhaka/comments/1le8koj/looking_for_job/
Any AUSTian available here?,Poindexter_oo7,0,16,dhaka,2025-06-18 08:44:32,https://www.reddit.com/r/Dhaka/comments/1le67je/any_austian_available_here/
Anyone know where can I find espresso 57 in cheap. In new market area. I am going to drink it with milk,KhondokarIbrahim,7,1,bangladesh,2025-06-17 21:18:14,https://i.redd.it/sntvox1d8i7f1.jpeg
Quiet Libraries in Dhaka for Long Study Hours (No Cafés Please),Azannn_,24,34,dhaka,2025-06-17 00:58:38,https://www.reddit.com/r/Dhaka/comments/1ld1fv4/quiet_libraries_in_dhaka_for_long_study_hours_no/
Best route for fantasy kingdom,Neat-Slide379,1,5,dhaka,2025-06-16 22:32:27,https://www.reddit.com/r/Dhaka/comments/1lcxi7l/best_route_for_fantasy_kingdom/
IS AIUB BSC. COMPUTER NETWORKING AND CYBERSECURITY WORTH IT?,MarketingOk6578,1,2,dhaka,2025-06-16 20:11:27,https://www.reddit.com/r/Dhaka/comments/1lctu6t/is_aiub_bsc_computer_networking_and_cybersecurity/
The Silent Commander: Farewell to Mustafa Mohsin Montu,TasinMAHDI,12,2,bangladesh,2025-06-16 13:32:19,https://www.reddit.com/r/bangladesh/comments/1lcmpbx/the_silent_commander_farewell_to_mustafa_mohsin/
Breakfast recommendation at Dhanmondi,shams_nobee,2,5,dhaka,2025-06-15 23:02:06,https://www.reddit.com/r/Dhaka/comments/1lc58tv/breakfast_recommendation_at_dhanmondi/
Looking for Treadmill-Only Access Gyms in Dhaka,Comfortable-Tax-2732,1,0,dhaka,2025-06-15 21:27:59,https://www.reddit.com/r/Dhaka/comments/1lc2zvf/looking_for_treadmillonly_access_gyms_in_dhaka/
Is AIUB EEE worth it?,Timely-Ad-6573,5,6,dhaka,2025-06-15 20:03:43,https://www.reddit.com/r/Dhaka/comments/1lc13az/is_aiub_eee_worth_it/
Where do I find good a good nanny?,ovi2wise,9,19,bangladesh,2025-06-15 17:31:08,https://www.reddit.com/r/bangladesh/comments/1lby68y/where_do_i_find_good_a_good_nanny/
Du English vs Private BBA,NotaTokusatsuFanboy,6,19,dhaka,2025-06-14 21:35:31,https://www.reddit.com/r/Dhaka/comments/1lbbiss/du_english_vs_private_bba/
Best internet service providerin Mirpur 6?,Silly_Paramedic_8101,1,2,dhaka,2025-06-14 11:54:00,https://www.reddit.com/r/Dhaka/comments/1lb1fi5/best_internet_service_providerin_mirpur_6/
।BBA,mud_98,4,4,bangladesh,2025-06-13 23:57:52,https://www.reddit.com/r/bangladesh/comments/1lamkvc/bba/
"BBA in Aust, a good choice?",mud_98,3,2,dhaka,2025-06-13 23:51:39,https://www.reddit.com/r/Dhaka/comments/1lamfa4/bba_in_aust_a_good_choice/
I didn’t get into my dream university — and I’m still struggling to move on.,MalihaTanvi,4,8,bangladesh,2025-06-13 21:44:32,https://www.reddit.com/r/bangladesh/comments/1laj8pi/i_didnt_get_into_my_dream_university_and_im_still/
Let's have a thread about your favourite pizza place in Dhaka! 😋🍕,hrafia,23,60,dhaka,2025-06-13 03:48:47,https://www.reddit.com/r/Dhaka/comments/1l9yy6f/lets_have_a_thread_about_your_favourite_pizza/
Ahsan Manzil,Shibluarif,0,1,dhaka,2025-06-11 10:35:16,https://www.reddit.com/r/Dhaka/comments/1l8jryi/ahsan_manzil/
way to bashundhara r/a,slushw,1,16,dhaka,2025-06-11 06:59:57,https://www.reddit.com/r/Dhaka/comments/1l8folb/way_to_bashundhara_ra/
DU student takes his own life after being falsely accused of blasphemy and labeled an atheist,Cezanne_,108,55,bangladesh,2025-06-10 13:15:02,https://i.redd.it/lxjg7qbzt16f1.png
Mechanical Engineering Faltu,Kiriyogi_To_534,7,12,dhaka,2025-06-09 05:18:20,https://www.reddit.com/r/Dhaka/comments/1l6pudy/mechanical_engineering_faltu/
টক শোর নামে যা চলছে বাংলাদেশে | সস্তা জনপ্রিয়তা বনাম সম্মান | The Dark Side of Talk Shows | TSC,Dragonking_Earth,0,9,bangladesh,2025-06-08 12:13:12,https://youtu.be/4owYhU2_-48?si=6QdTV_tcHN9lb_7a
Coaching for LLB students?,7uckingMadMan,1,1,dhaka,2025-06-03 19:24:01,https://www.reddit.com/r/Dhaka/comments/1l2bszo/coaching_for_llb_students/
It could be so much more..🥀,ramsosmaach,29,8,bangladesh,2025-05-31 21:06:57,https://i.redd.it/z9y1k3nuu44f1.jpeg
Gym,Mindless-Panic-4290,3,2,dhaka,2025-05-31 20:34:08,https://www.reddit.com/r/Dhaka/comments/1kzyiss/gym/
Need to socialize,Flimsy-Celebration35,1,2,dhaka,2025-05-31 11:53:55,https://www.reddit.com/r/Dhaka/comments/1kzpvku/need_to_socialize/
Admission for EM people,Specialist-Shoe-5880,7,8,bangladesh,2025-05-30 09:45:43,https://i.redd.it/rhfvqacecu3f1.jpeg
EWU CSE,Raged_pumpkin__,5,10,dhaka,2025-05-30 02:11:21,https://www.reddit.com/r/Dhaka/comments/1kykuxl/ewu_cse/
Need a part time jobs / tuitions,SufficientGood1450,2,6,dhaka,2025-05-30 00:29:12,https://www.reddit.com/r/Dhaka/comments/1kyia3h/need_a_part_time_jobs_tuitions/
Doctor suggestion,ExtremeAd4217,2,0,dhaka,2025-05-29 18:01:20,https://www.reddit.com/r/Dhaka/comments/1ky900o/doctor_suggestion/
Justice system: reformed or the same as before?,Zetafunction64,8,6,bangladesh,2025-05-28 10:39:46,https://www.reddit.com/r/bangladesh/comments/1kx8c5i/justice_system_reformed_or_the_same_as_before/
Justice system: reformed or the same as before?,Zetafunction64,1,2,dhaka,2025-05-28 10:39:46,https://www.reddit.com/r/Dhaka/comments/1kx8c5l/justice_system_reformed_or_the_same_as_before/
10 Haunted Places in Dhaka – Fact or Folklore?,Love-and-Dominance,22,20,dhaka,2025-05-27 18:42:39,https://www.reddit.com/r/Dhaka/comments/1kwm9z0/10_haunted_places_in_dhaka_fact_or_folklore/
Slamner flat theke biral baccha falaise,raiyan_khan01,26,19,dhaka,2025-05-27 13:42:54,https://www.reddit.com/r/Dhaka/comments/1kwhgjf/slamner_flat_theke_biral_baccha_falaise/
Need help regarding thesis survey,Haunting_Distance199,3,0,bangladesh,2025-05-26 13:51:58,https://www.reddit.com/r/bangladesh/comments/1kvos8k/need_help_regarding_thesis_survey/
আমি একজন admission candidate 😢,Fun-Associate1876,0,7,dhaka,2025-05-26 08:00:24,https://www.reddit.com/r/Dhaka/comments/1kviy08/আম_একজন_admission_candidate/
Apartment for bachelor/student,CharlieSwarper192,2,4,dhaka,2025-05-26 02:20:56,https://www.reddit.com/r/Dhaka/comments/1kvc2by/apartment_for_bachelorstudent/
Where can I find reliable LPG distributors for machinery use?,Anushirvan,1,0,dhaka,2025-05-26 01:36:58,https://www.reddit.com/r/Dhaka/comments/1kvb1rh/where_can_i_find_reliable_lpg_distributors_for/
Who dafak develops these university websites?,sanelde_senior,18,14,bangladesh,2025-05-25 23:25:36,https://www.reddit.com/r/bangladesh/comments/1kv7z7b/who_dafak_develops_these_university_websites/
Gym inside bashundhara R/A,International-Bid218,2,2,dhaka,2025-05-23 14:40:54,https://www.reddit.com/r/Dhaka/comments/1ktelmb/gym_inside_bashundhara_ra/
What are your thoughts on Dhaka University goons?,shaant00,33,14,bangladesh,2025-05-23 14:09:36,https://i.redd.it/mndt0il3ph2f1.jpeg
MBA,Character_Camera5220,1,1,dhaka,2025-05-21 23:02:18,https://www.reddit.com/r/Dhaka/comments/1ks326r/mba/
Confused Between Public and Private Universities.,Deep-Neighborhood356,2,10,bangladesh,2025-05-21 04:39:11,https://www.reddit.com/r/bangladesh/comments/1kridkv/confused_between_public_and_private_universities/
Which the best mid ranger private uni? Not so expensive uni,oxmaroon03,1,1,dhaka,2025-05-21 03:21:28,https://www.reddit.com/r/Dhaka/comments/1krgl3s/which_the_best_mid_ranger_private_uni_not_so/
A terrible experience at regional Passport office (Keraniganj),No-Movie-1089,6,15,bangladesh,2025-05-20 20:40:54,https://i.redd.it/hjxfx0a68y1f1.jpeg
Suggestion for Bokhari Restaurant,SaltAd7389,1,1,dhaka,2025-05-20 09:00:38,https://www.reddit.com/r/Dhaka/comments/1kquoow/suggestion_for_bokhari_restaurant/
From where can I can get cargo pants? @Dhanmondi,Own_Antelope_7019,0,8,bangladesh,2025-05-20 05:15:44,https://www.reddit.com/r/bangladesh/comments/1kqq7w5/from_where_can_i_can_get_cargo_pants_dhanmondi/
Help me!!!,No_Necessary_5021,31,26,dhaka,2025-05-19 15:06:22,https://www.reddit.com/r/Dhaka/comments/1kq73rt/help_me/
Shadows of Shyamoli,Substantial_Raisin24,7,3,dhaka,2025-05-19 08:03:23,https://www.reddit.com/r/Dhaka/comments/1kq0hi0/shadows_of_shyamoli/
SAT for AIUB,ExaminationOver3154,2,1,dhaka,2025-05-18 22:49:13,https://www.reddit.com/r/Dhaka/comments/1kpogb3/sat_for_aiub/
"Mahfuz Alam — The Most Brilliant, Yet Most Unpopular Leader of the July Movement",Distinct-Hold7796,0,36,bangladesh,2025-05-17 15:51:56,https://www.reddit.com/r/bangladesh/comments/1kopana/mahfuz_alam_the_most_brilliant_yet_most_unpopular/
Midnight at Hatirjheel,Substantial_Raisin24,2,5,dhaka,2025-05-17 05:26:53,https://www.reddit.com/r/Dhaka/comments/1koey97/midnight_at_hatirjheel/
Govt covered up corruption of shipping ministry calling this letter fake - Zulkarnain,VapeyMoron,20,11,bangladesh,2025-05-17 00:08:12,https://i.redd.it/xu0ud2mip61f1.jpeg
Is it mandatory to answer from my compulsory subject at HSC (biology) in DU admission tests?,megaeonise,7,2,bangladesh,2025-05-16 22:41:40,https://www.reddit.com/r/bangladesh/comments/1ko5i44/is_it_mandatory_to_answer_from_my_compulsory/
need some help finding beads,minty_pwanda,4,1,bangladesh,2025-05-16 21:17:24,https://www.reddit.com/gallery/1ko3fw5
"Shammo murder: Chhatra Dal locks DU academic, administrative buildings demanding whole-day mourning",Alone-Attention-2139,7,0,bangladesh,2025-05-15 21:17:11,https://www.tbsnews.net/bangladesh/jcds-black-badge-programme-du-sparks-students-concern-over-outsider-entry-1142911
Which private uni do you think I should choose based on their environment? AIUB or IUB,InfamousBandicoot594,2,1,dhaka,2025-05-15 16:05:55,https://www.reddit.com/r/Dhaka/comments/1kn4i21/which_private_uni_do_you_think_i_should_choose/
Gift delivery,Intelligent_Door_478,1,0,dhaka,2025-05-15 14:28:29,https://www.reddit.com/r/Dhaka/comments/1kn344q/gift_delivery/
Which universities offer open credit for CSE?,M_Levinson,2,9,bangladesh,2025-05-15 13:34:47,https://www.reddit.com/r/bangladesh/comments/1kn2dg3/which_universities_offer_open_credit_for_cse/
Is worth paying more for NSU/BracU/AIUB CSE?,tasin71,3,8,dhaka,2025-05-15 03:29:54,https://www.reddit.com/r/Dhaka/comments/1kmr4ic/is_worth_paying_more_for_nsubracuaiub_cse/
Robi wifi vs Gp wifi,Sufficient-Duty6248,2,1,dhaka,2025-05-15 02:08:15,https://www.reddit.com/r/Dhaka/comments/1kmp46b/robi_wifi_vs_gp_wifi/
How important is GPA 5 on HSC exam,diddozy,4,14,bangladesh,2025-05-14 16:36:57,https://www.reddit.com/r/bangladesh/comments/1kmbw5t/how_important_is_gpa_5_on_hsc_exam/
Anyone from MS Maths at AUST?,Remarkable-Pair-6779,2,0,dhaka,2025-05-13 18:14:01,https://www.reddit.com/r/Dhaka/comments/1klkd6h/anyone_from_ms_maths_at_aust/
CSE or BBA for moving abroad,GeneralSadaf,2,1,bangladesh,2025-05-13 03:08:24,https://www.reddit.com/r/bangladesh/comments/1kl42uo/cse_or_bba_for_moving_abroad/
DU students sing national anthem in protest over Shahbagh incident | The Daily Star,ImperialOverlord,36,7,bangladesh,2025-05-13 01:28:29,https://www.thedailystar.net/news/bangladesh/news/du-students-sing-national-anthem-protest-over-shahbagh-incident-3893181
Aust admission date fall + spring 2025,Fairuza_12,1,2,dhaka,2025-05-12 21:15:48,https://www.reddit.com/r/Dhaka/comments/1kkv2wd/aust_admission_date_fall_spring_2025/
Nsu cse vs Aust eee vs Brac cse,cosmic_wizard_x,2,8,dhaka,2025-05-12 20:19:13,https://www.reddit.com/r/Dhaka/comments/1kktorb/nsu_cse_vs_aust_eee_vs_brac_cse/
Studying abroad (Australia),North-Sweet-1717,2,2,bangladesh,2025-05-11 20:00:36,https://www.reddit.com/r/bangladesh/comments/1kk1orw/studying_abroad_australia/
DATA SCIENCE IN AIUB,wthhminx,3,1,bangladesh,2025-05-10 21:14:49,https://www.reddit.com/r/bangladesh/comments/1kjclg3/data_science_in_aiub/
"I am deeply pleased with today's anti-Awami League movement. At last, the July Movement has returned to those to whom it originally belonged. আমি খুবই খুশি হয়েছি আজকের আওয়ামী বিরোধী আন্দোলন দেখে। ফাইনালি এই জুলাই আন্দোলন টা যাদের ছিলো একচুয়েলি তাদের কাছেই ফেরত এসেছে।",New_Edge360,6,5,dhaka,2025-05-10 15:45:44,https://www.reddit.com/r/Dhaka/comments/1kj6jai/i_am_deeply_pleased_with_todays_antiawami_league/
Traffic at Shahbag Now,Competitive-Sun-6084,1,6,dhaka,2025-05-10 14:39:34,https://www.reddit.com/r/Dhaka/comments/1kj5mw3/traffic_at_shahbag_now/
is Pure Math really as impossible a subject as people claim?,echothewoodnymph_,6,21,bangladesh,2025-05-10 06:36:58,https://www.reddit.com/r/bangladesh/comments/1kixrkq/is_pure_math_really_as_impossible_a_subject_as/
Suggest phone,zalepen0,1,4,dhaka,2025-05-09 18:30:44,https://www.reddit.com/r/Dhaka/comments/1kihatk/suggest_phone/
Want to study abroad but have little to no idea about where to start. I need some serious advice!,maxxsens,1,12,dhaka,2025-05-09 12:08:28,https://www.reddit.com/r/Dhaka/comments/1kibjuq/want_to_study_abroad_but_have_little_to_no_idea/
Why Markets around Bangladesh is called 'New Market'?,Forgotten_Seriously,22,13,bangladesh,2025-05-08 23:35:23,https://www.reddit.com/r/bangladesh/comments/1khw2cc/why_markets_around_bangladesh_is_called_new_market/
Source of Entertainment,carelesssswhisperrrr,3,6,dhaka,2025-05-07 12:19:49,https://www.reddit.com/r/Dhaka/comments/1kgqi8c/source_of_entertainment/
I am 20M. I need friends xD,001pulsar,1,2,dhaka,2025-05-06 20:45:34,https://www.reddit.com/r/Dhaka/comments/1kg6aiy/i_am_20m_i_need_friends_xd/
Second hand iphone,Silly-Golf-6427,2,19,dhaka,2025-05-06 18:15:44,https://www.reddit.com/r/Dhaka/comments/1kg2yz9/second_hand_iphone/
SELF DEFENSE FOR WOMEN (boxing),hyacintff,31,51,dhaka,2025-05-06 17:09:01,https://www.reddit.com/r/Dhaka/comments/1kg1r9k/self_defense_for_women_boxing/
How good is AIUB's CNCS (Computer Network And Cyber Security) program really?,Atom_X9,3,1,bangladesh,2025-05-06 03:32:50,https://www.reddit.com/r/bangladesh/comments/1kfnmp7/how_good_is_aiubs_cncs_computer_network_and_cyber/
Puran Dhaka,ahonaf45,2,5,dhaka,2025-05-06 02:12:40,https://www.reddit.com/r/Dhaka/comments/1kfln0g/puran_dhaka/
Recommend a hotel to see crazy Dhaka's traffic from the windows,BlockchainHeadhunter,5,8,bangladesh,2025-05-05 17:07:11,https://www.reddit.com/r/bangladesh/comments/1kf8w4q/recommend_a_hotel_to_see_crazy_dhakas_traffic/
Are the SAT and North South University Admission Exams the Same?,Previous_Visual_5757,3,4,bangladesh,2025-05-05 14:16:22,https://www.reddit.com/r/bangladesh/comments/1kf6dqx/are_the_sat_and_north_south_university_admission/
"Can't decide, need help",broareyouokay,8,19,dhaka,2025-05-05 10:07:31,https://www.reddit.com/r/Dhaka/comments/1kf2rdg/cant_decide_need_help/
Coffee shop recommendations!,carelesssswhisperrrr,4,6,dhaka,2025-05-04 13:17:15,https://www.reddit.com/r/Dhaka/comments/1kedzx4/coffee_shop_recommendations/
Jobs around Bashundhara,Perfect-Potato7640,1,2,dhaka,2025-05-04 04:14:09,https://www.reddit.com/r/Dhaka/comments/1ke4mke/jobs_around_bashundhara/
Are the SAT and North South University Admission Exams the Same?,Previous_Visual_5757,2,0,bangladesh,2025-05-04 02:52:03,https://www.reddit.com/r/bangladesh/comments/1ke2vep/are_the_sat_and_north_south_university_admission/
"What's the ""New Market"" for technology?",xTurbo21,2,3,dhaka,2025-05-03 10:14:41,https://www.reddit.com/r/Dhaka/comments/1kdkcm3/whats_the_new_market_for_technology/
Places to car date,want_gf_head,0,14,dhaka,2025-05-03 03:36:30,https://www.reddit.com/r/Dhaka/comments/1kdck1y/places_to_car_date/
Places to go for a date,Warm_Cash_3402,2,6,dhaka,2025-05-01 04:42:28,https://www.reddit.com/r/Dhaka/comments/1kbtlxw/places_to_go_for_a_date/
Searching for place to learn &amp; practice table tennis in Dhaka,MunawarRafid,5,1,bangladesh,2025-04-30 17:06:15,https://www.reddit.com/r/bangladesh/comments/1kbdq4z/searching_for_place_to_learn_practice_table/
Any boxing gyms near khilgaon?,Mr-Terror99,3,4,dhaka,2025-04-28 23:19:17,https://www.reddit.com/r/Dhaka/comments/1ka124s/any_boxing_gyms_near_khilgaon/
Need a Place for 30 people,Any_Number_9932,1,4,dhaka,2025-04-28 21:59:46,https://www.reddit.com/r/Dhaka/comments/1k9z3tc/need_a_place_for_30_people/
What kinds of places are closed on 1st May?,naPHYSICbal,1,0,dhaka,2025-04-28 19:54:16,https://www.reddit.com/r/Dhaka/comments/1k9w42t/what_kinds_of_places_are_closed_on_1st_may/
Furniture in Bashundhara RA,carelesssswhisperrrr,2,1,dhaka,2025-04-27 19:49:38,https://www.reddit.com/r/Dhaka/comments/1k94eaq/furniture_in_bashundhara_ra/
Asif Mahmud takes admission test for Masters in NSU,Vite699,23,8,bangladesh,2025-04-26 22:43:04,https://i.redd.it/blxpgr7qj7xe1.jpeg
what are some Food that you would want to be sold at cheap price?,QBeeTas,4,13,dhaka,2025-04-26 17:08:53,https://www.reddit.com/r/Dhaka/comments/1k8ah4f/what_are_some_food_that_you_would_want_to_be_sold/
Any places in Bashundha R/A for roomdate?,peraltahere,0,16,dhaka,2025-04-26 04:43:10,https://www.reddit.com/r/Dhaka/comments/1k7y29u/any_places_in_bashundha_ra_for_roomdate/
In need of a job,KeyAdvice5346,2,1,dhaka,2025-04-25 23:41:17,https://www.reddit.com/r/Dhaka/comments/1k7r04f/in_need_of_a_job/
Moving to Bangladesh for A Levels—Need Info on International Hope School &amp; Daffodil International School,IcyCauliflower2985,4,2,dhaka,2025-04-24 19:46:17,https://www.reddit.com/r/Dhaka/comments/1k6sm6f/moving_to_bangladesh_for_a_levelsneed_info_on/
Moving to Bangladesh for A Levels—Need Info on International Hope School &amp; Daffodil International School,IcyCauliflower2985,3,6,bangladesh,2025-04-24 19:38:37,https://www.reddit.com/r/bangladesh/comments/1k6sfut/moving_to_bangladesh_for_a_levelsneed_info_on/
Moving to Bangladesh for A Levels—Need Info on International Hope School &amp; Daffodil International School,IcyCauliflower2985,1,5,dhaka,2025-04-24 19:34:25,https://www.reddit.com/r/Dhaka/comments/1k6sci5/moving_to_bangladesh_for_a_levelsneed_info_on/
Concerns over growing corruption among Bangladeshi student leaders,JordanChappel,35,37,bangladesh,2025-04-24 15:26:34,https://www.reddit.com/r/bangladesh/comments/1k6nyk5/concerns_over_growing_corruption_among/
Why Is Dhaka University Facing So Much Heat on Social Media Lately?,Arcane_Dra_co,4,16,bangladesh,2025-04-24 01:21:01,https://www.reddit.com/r/bangladesh/comments/1k67u4u/why_is_dhaka_university_facing_so_much_heat_on/
Proud ঢাবিয়ান,failure_as_a_sperm,169,39,bangladesh,2025-04-23 07:47:50,https://v.redd.it/1x20tvgmphwe1
There have any best place to makeout in Dhaka?,igotnosex,23,66,dhaka,2025-04-23 03:58:46,https://www.reddit.com/r/Dhaka/comments/1k5itoa/there_have_any_best_place_to_makeout_in_dhaka/
Dhaka University’s latest priority: A hall for Pakistan’s visionary,uponpranbacha,7,2,bangladesh,2025-04-22 16:45:15,https://www.dhakatribune.com/bangladesh/dhaka/379335/rsc-demands-new-hall-named-after-allama-iqbal-in
Anyone in Baridhara DOHS/Gulshan/Banani/Bashundhara up for cycling during evenings/weekends?,NumerousCow4,1,0,dhaka,2025-04-22 14:37:26,https://www.reddit.com/r/Dhaka/comments/1k51f5z/anyone_in_baridhara_dohsgulshanbananibashundhara/
Ongoing Student Protest at KUET,Artistically_numb,23,2,bangladesh,2025-04-22 14:35:18,https://www.reddit.com/r/bangladesh/comments/1k51e56/ongoing_student_protest_at_kuet/
"বিশ্ববিদ্যালয়, বিষয় ও ক্যারিয়ার",Bongiomorpha_Perseus,4,2,bangladesh,2025-04-21 22:34:50,https://www.reddit.com/r/bangladesh/comments/1k4htrw/বশববদযলয_বষয_ও_কযরযর/
Selling brain to cash,More_Cut7480,4,0,bangladesh,2025-04-21 21:33:42,https://www.reddit.com/r/bangladesh/comments/1k4ghoq/selling_brain_to_cash/
Need ENT &amp; Eye Specialist Recommendations,abcrafsan,2,1,dhaka,2025-04-21 20:19:13,https://www.reddit.com/r/Dhaka/comments/1k4eo7a/need_ent_eye_specialist_recommendations/
Need ENT &amp; Eye Specialist Recommendations,abcrafsan,4,0,bangladesh,2025-04-21 19:47:04,https://www.reddit.com/r/bangladesh/comments/1k4dxkl/need_ent_eye_specialist_recommendations/
Need help recovering stolen Phone,Ridwan_Rabby,1,2,dhaka,2025-04-20 21:53:59,https://www.reddit.com/r/Dhaka/comments/1k3pmwc/need_help_recovering_stolen_phone/
IUB CSE VS EWU CSE,Putrid_Cover3905,2,3,dhaka,2025-04-20 16:13:40,https://www.reddit.com/r/Dhaka/comments/1k3jf4n/iub_cse_vs_ewu_cse/
Daily bus journey in Dhaka... &amp; Road rage experiences,Additional-Leg280,2,12,dhaka,2025-04-19 21:44:07,https://www.reddit.com/r/Dhaka/comments/1k2z73o/daily_bus_journey_in_dhaka_road_rage_experiences/
EWU/DIU/AIUB,SadCod2291,3,17,dhaka,2025-04-19 20:08:21,https://www.reddit.com/r/Dhaka/comments/1k2x2uw/ewudiuaiub/
EWU. Yeah or nah?,Affectionate_Part657,3,31,dhaka,2025-04-19 10:03:17,https://www.reddit.com/r/Dhaka/comments/1k2nq6d/ewu_yeah_or_nah/
NSU vs BRAC for CSE.,Interesting_Kale_700,1,8,bangladesh,2025-04-18 14:15:00,https://www.reddit.com/r/bangladesh/comments/1k1zsbv/nsu_vs_brac_for_cse/
Ongoing *negligble* street harassment,Mammoth_Practice_635,21,20,dhaka,2025-04-18 02:13:26,https://www.reddit.com/r/Dhaka/comments/1k1mi20/ongoing_negligble_street_harassment/
Scammer maybe?,jeezy360not,8,3,bangladesh,2025-04-18 01:19:17,https://i.redd.it/xsbhuoer3gve1.png
Quiet places in jamuna?,Capital_Use8229,0,5,dhaka,2025-04-17 20:44:42,https://www.reddit.com/r/Dhaka/comments/1k1ek3e/quiet_places_in_jamuna/
Suggest Some Low Budget Private University For BBA in Dhaka.,Carl_Johnson_7,2,19,dhaka,2025-04-17 18:03:50,https://www.reddit.com/r/Dhaka/comments/1k1b2tj/suggest_some_low_budget_private_university_for/
IUB admission,Embarrassed-Mark8142,1,2,dhaka,2025-04-16 18:55:22,https://www.reddit.com/r/Dhaka/comments/1k0jq2o/iub_admission/
Anyone knows about the M.Sc in Material Science program of BUET?,TheRedditsImam,2,1,bangladesh,2025-04-16 16:07:15,https://www.reddit.com/r/bangladesh/comments/1k0gsk1/anyone_knows_about_the_msc_in_material_science/
Need help choosing between Aiub and Ewu,V_der,3,9,dhaka,2025-04-14 19:05:11,https://www.reddit.com/r/Dhaka/comments/1jyydpy/need_help_choosing_between_aiub_and_ewu/
Is it worth switching universities just for an easier CGPA?,One-Shame3030,2,6,dhaka,2025-04-13 11:58:16,https://www.reddit.com/r/Dhaka/comments/1jy0xgh/is_it_worth_switching_universities_just_for_an/
"CSE Master admission tips and suggestions please / buet, du, ju",Sabhos29dm,8,1,bangladesh,2025-04-12 04:37:45,https://www.reddit.com/r/bangladesh/comments/1jx2nva/cse_master_admission_tips_and_suggestions_please/
MSc in Management of Technology at Buet,Impossible_Vast_8814,7,9,bangladesh,2025-04-11 13:14:00,https://www.reddit.com/r/bangladesh/comments/1jwjywu/msc_in_management_of_technology_at_buet/
DU Fine Arts Dept Prepares Bamboo Sculpture of Fallen ‘Dictator’ for Noboborsho Rally,ultrahex007,50,11,bangladesh,2025-04-09 00:17:16,https://i.redd.it/sihhkrthknte1.jpeg
Which is better university?,Both_Huckleberry4020,3,11,dhaka,2025-04-08 21:35:26,https://www.reddit.com/r/Dhaka/comments/1juginx/which_is_better_university/
Studying in Dhaka,PartySchedule597,0,21,dhaka,2025-04-08 20:55:04,https://www.reddit.com/r/Dhaka/comments/1jufj87/studying_in_dhaka/
Studying in Bangladesh,PartySchedule597,2,2,bangladesh,2025-04-08 20:30:32,https://www.reddit.com/r/bangladesh/comments/1jueymn/studying_in_bangladesh/
Where can I find baggy fits in Dhaka at a reasonable price?,FunnySuspect2348,3,9,dhaka,2025-04-08 14:34:16,https://www.reddit.com/r/Dhaka/comments/1ju8q6f/where_can_i_find_baggy_fits_in_dhaka_at_a/
NSU Student Lifestyle,rayhan_stoic,2,4,bangladesh,2025-04-08 14:32:40,https://www.reddit.com/r/bangladesh/comments/1ju8phi/nsu_student_lifestyle/
where to learn swimming from around old dhaka?,Remarkable_Nose_3728,6,1,bangladesh,2025-04-08 00:40:03,https://www.reddit.com/r/bangladesh/comments/1jtsqo9/where_to_learn_swimming_from_around_old_dhaka/
BRAC or NSU for CS/CSE?,WhateverArsehole,4,16,bangladesh,2025-04-07 21:36:49,https://www.reddit.com/r/bangladesh/comments/1jto80s/brac_or_nsu_for_cscse/
Brac or NSU for CS/CSE?,WhateverArsehole,3,4,bangladesh,2025-04-07 21:20:09,https://i.redd.it/asv1a3jzjfte1.jpeg
Looking for Imported Cigarette shop in Dhaka,Big-Decision565,7,1,bangladesh,2025-04-07 20:36:02,https://www.reddit.com/r/bangladesh/comments/1jtmra2/looking_for_imported_cigarette_shop_in_dhaka/
How different is Dhaka University now?,TemporaryPen2338,5,0,bangladesh,2025-04-06 12:29:18,https://www.reddit.com/r/bangladesh/comments/1jsnt76/how_different_is_dhaka_university_now/
Study spot,hunahe,2,1,bangladesh,2025-04-06 11:00:33,https://www.reddit.com/r/bangladesh/comments/1jsmido/study_spot/
BD Private Uni Queries,Ok_Distribution_5195,1,2,dhaka,2025-04-05 20:24:23,https://www.reddit.com/r/Dhaka/comments/1js4l85/bd_private_uni_queries/
"Serial killings on 3 places, pieces packed in carton boxes",VapeyMoron,52,12,bangladesh,2025-04-04 23:19:15,https://i.redd.it/vu02t6yhquse1.jpeg
Is private universities in bd really worth it?,stinkycatto7,6,7,bangladesh,2025-04-04 22:53:58,https://www.reddit.com/r/bangladesh/comments/1jrgq1w/is_private_universities_in_bd_really_worth_it/
DU Math or Ahsanullah EEE?,echothewoodnymph_,3,39,dhaka,2025-04-03 11:09:25,https://www.reddit.com/r/Dhaka/comments/1jq9zfl/du_math_or_ahsanullah_eee/
Should i go back to Bangladesh this summer as a Hindu woman studying abroad?,cillona363,34,78,bangladesh,2025-04-03 05:59:47,https://www.reddit.com/r/bangladesh/comments/1jq3vam/should_i_go_back_to_bangladesh_this_summer_as_a/
Subject Choice,Old_Basil_4445,3,1,bangladesh,2025-03-31 13:43:52,https://www.reddit.com/r/bangladesh/comments/1jnxvwz/subject_choice/
I need some mental support,JakeGyllenHaalz,14,20,bangladesh,2025-03-29 03:00:54,https://www.reddit.com/r/bangladesh/comments/1jm5jg0/i_need_some_mental_support/
BCL Cadre Nokib Ashraf Chowdhury has made abusive and inflammatory remarks about NSU student who distributed iftar to Bihari people.,redwanhossain6333,128,79,bangladesh,2025-03-28 21:58:18,https://i.redd.it/pknwsuaodgre1.jpeg
Awami League supporter openly issuing rape threats to an NSU student,ultrahex007,1,2,bangladesh,2025-03-28 14:06:47,https://i.redd.it/apjw7fvj1ere1.jpeg
Du Eee and Robotics Review,Pretend_Ad26,1,2,bangladesh,2025-03-25 16:46:10,https://www.reddit.com/r/bangladesh/comments/1jjghcy/du_eee_and_robotics_review/
how to prepare for architecture in the upcoming spring test of aust,SandOverall2451,2,7,dhaka,2025-03-25 08:03:38,https://www.reddit.com/r/Dhaka/comments/1jj8n8k/how_to_prepare_for_architecture_in_the_upcoming/
New lore in town: BSL regrets helping Hasbat,VapeyMoron,34,11,bangladesh,2025-03-24 21:53:36,https://i.redd.it/e8c1xtv6tnqe1.jpeg
Student banking account with no interest and best facilities.,Solid_Forever3082,15,56,dhaka,2025-03-23 18:22:07,https://www.reddit.com/r/Dhaka/comments/1jhy1iq/student_banking_account_with_no_interest_and_best/
NCP wants to change CAS - Faham Abdus Salam's Post,VapeyMoron,17,12,bangladesh,2025-03-23 15:35:16,https://www.reddit.com/r/bangladesh/comments/1jhvk14/ncp_wants_to_change_cas_faham_abdus_salams_post/
Seeking help,liza_031,1,5,dhaka,2025-03-23 09:32:46,https://www.reddit.com/r/Dhaka/comments/1jhqbwc/seeking_help/
Is Architecture a suitable career in Bangladesh?,ImpressiveWish1441,3,5,bangladesh,2025-03-22 07:16:23,https://www.reddit.com/r/bangladesh/comments/1jgwybv/is_architecture_a_suitable_career_in_bangladesh/
Deshe kino ovab e nai,Mobile_Hearing5882,29,63,dhaka,2025-03-22 05:34:30,https://www.reddit.com/r/Dhaka/comments/1jguuz2/deshe_kino_ovab_e_nai/
Is it possible to do good in hsc after wasting too much time? Or is it just a dumb dream?,tdoteditz_exe,5,6,bangladesh,2025-03-21 22:34:00,https://www.reddit.com/r/bangladesh/comments/1jgl23f/is_it_possible_to_do_good_in_hsc_after_wasting/
"NSU, BRAC Admission tests",Tozo40k,2,10,dhaka,2025-03-21 16:07:49,https://www.reddit.com/r/Dhaka/comments/1jgddt7/nsu_brac_admission_tests/
I’m Feeling So Lost in My University Life — I Don’t Know What to Do Anymore.,elvinbarton,5,2,bangladesh,2025-03-20 12:46:43,https://www.reddit.com/r/bangladesh/comments/1jfiw8y/im_feeling_so_lost_in_my_university_life_i_dont/
"Choosing the Right University and Subject - AIUB, NSU, or IUB?",kyanosaurous,0,15,dhaka,2025-03-17 11:05:22,https://www.reddit.com/r/Dhaka/comments/1jd552t/choosing_the_right_university_and_subject_aiub/
Is Ewu English department good?,Visible-Issue5345,3,2,bangladesh,2025-03-17 02:29:29,https://www.reddit.com/r/bangladesh/comments/1jcuxbv/is_ewu_english_department_good/
Does Public vs Private Really Matter in Engineering Jobs? (Need Advice from Alumni),sonothamin112,2,4,bangladesh,2025-03-15 23:55:57,https://www.reddit.com/r/bangladesh/comments/1jc0xly/does_public_vs_private_really_matter_in/
Does Public vs Private Really Matter in Engineering Jobs? (Need Advice from Alumni),sonothamin112,5,5,dhaka,2025-03-15 23:40:48,https://www.reddit.com/r/Dhaka/comments/1jc0lgo/does_public_vs_private_really_matter_in/
Should I try for NSU or take admission in KUET?,Puzzleheaded-Car9317,2,5,bangladesh,2025-03-15 15:42:36,https://www.reddit.com/r/bangladesh/comments/1jbrkki/should_i_try_for_nsu_or_take_admission_in_kuet/
Planning to Shift to A levels from NCTB(ssc25)- My goal is DU IBA / USA and backup is Brac/NSU. Seeking Advice from DU IBA’s NCTB to A levels Shift.,TahmeedSayaan,3,21,bangladesh,2025-03-15 08:15:38,https://www.reddit.com/r/bangladesh/comments/1jbkvqf/planning_to_shift_to_a_levels_from_nctbssc25_my/
Bracu or aust,Ragee4567,2,8,dhaka,2025-03-15 06:07:24,https://www.reddit.com/r/Dhaka/comments/1jbicqk/bracu_or_aust/
Any shakrain interesting story?? puran dhaka,Extra-Conclusion-140,4,1,bangladesh,2025-03-15 03:14:57,https://www.reddit.com/r/bangladesh/comments/1jbek34/any_shakrain_interesting_story_puran_dhaka/
Industrial and production Engineers how much you guys earning,rihad_mahmud,7,19,dhaka,2025-03-12 22:17:57,https://www.reddit.com/r/Dhaka/comments/1j9ntwe/industrial_and_production_engineers_how_much_you/
China sends machinery for domestic defence industry in Bangladesh,VapeyMoron,1,0,bangladesh,2025-03-12 16:25:43,https://www.reddit.com/r/bangladesh/comments/1j9gxdw/china_sends_machinery_for_domestic_defence/
Dhaka University Students Protest the Rise of Shahbagh: Condemn Police Attack by Shahbaghis and Demand Laki Akter’s Arrest,ultrahex007,5,3,bangladesh,2025-03-12 02:30:22,https://v.redd.it/fdkmwsnoe4oe1
Baggy Jeans and Drop shoulder tees,GoodConsequence1176,3,6,dhaka,2025-03-10 19:39:27,https://www.reddit.com/r/Dhaka/comments/1j7ytpo/baggy_jeans_and_drop_shoulder_tees/
Guy who physically assaulted and called Mob on smoking girls got arrested,VapeyMoron,1,3,bangladesh,2025-03-10 15:15:20,https://i.redd.it/cqodtsgdxtne1.jpeg
More of this please!!,Cezanne_,95,12,bangladesh,2025-03-10 14:11:11,https://i.redd.it/8q1z4kxtltne1.png
What's ur opinion on DU criminology dept's professor?,No-Income8933,8,11,bangladesh,2025-03-09 17:46:06,https://www.reddit.com/r/bangladesh/comments/1j75y12/whats_ur_opinion_on_du_criminology_depts_professor/
How can I find a tuition?,According-Teach-9600,2,2,bangladesh,2025-03-09 05:01:38,https://www.reddit.com/r/bangladesh/comments/1j6th5s/how_can_i_find_a_tuition/
DU student harassment: Library staff Arnab suspended,BubblyContribution60,25,0,bangladesh,2025-03-08 23:16:46,https://www.tbsnews.net/bangladesh/du-student-harassment-library-staff-arnab-suspended-1087656#ydhduzwt7afmwr2udfk6yte8z9qjejf
[OC ]Virtual World Trip: Bangladesh (Update),Papupapula,2,0,bangladesh,2025-03-08 14:59:29,https://www.reddit.com/r/bangladesh/comments/1j6d81e/oc_virtual_world_trip_bangladesh_update/
Du subject choice list advice,tasdikagainghehehe,5,3,bangladesh,2025-03-08 14:22:16,https://www.reddit.com/r/bangladesh/comments/1j6cqja/du_subject_choice_list_advice/
Where can I find this kind of pallet?,erikayui,5,3,dhaka,2025-03-08 13:15:42,https://www.reddit.com/gallery/1j6btbg
Bashundhara’s Loan Rescheduling: Ahsan Mansur facilitating highway robbery in broad daylight?,Anxious_Flatworm7019,7,3,bangladesh,2025-03-07 21:41:06,https://www.tbsnews.net/economy/banking/bashundhara-can-avail-loan-rescheduling-down-payment-governor-1086416
During July revolution vs After July revolution,announcement35,94,13,bangladesh,2025-03-07 01:40:28,https://www.reddit.com/gallery/1j542mt
"DU Student Harassment Victim Receives Rape-Murder Threats, Case Withdrawn",Cezanne_,65,9,bangladesh,2025-03-07 00:03:46,https://v.redd.it/9ivg0gwxz3ne1
DU stutent withdraws eve teasing case facing threats of rape and murder,QuakeWok,29,3,bangladesh,2025-03-06 23:34:32,https://i.redd.it/tidp6qdsu3ne1.jpeg
"Mob besieges, storms Shahbagh Police Station demanding release of man arrested for harassing female DU student",jodhod1,69,27,bangladesh,2025-03-06 05:53:05,https://www.tbsnews.net/bangladesh/mob-besieges-storms-shahbagh-police-station-demanding-release-man-arrested-harassing
An armed criminal was given medical treatment and let go by Police,VapeyMoron,13,3,bangladesh,2025-03-06 04:12:06,https://www.reddit.com/r/bangladesh/comments/1j4fmad/an_armed_criminal_was_given_medical_treatment_and/
1000 taka is literally nothing,Mobile_Hearing5882,97,63,dhaka,2025-03-05 19:02:23,https://www.reddit.com/r/Dhaka/comments/1j42jw5/1000_taka_is_literally_nothing/
BracU/AIUB CSe or NSU CSE,_raihan_09,2,4,bangladesh,2025-03-05 00:00:53,https://www.reddit.com/r/bangladesh/comments/1j3h19y/bracuaiub_cse_or_nsu_cse/
"I am kind of in a rut, need experienced advice",Shimanta_1405,5,0,bangladesh,2025-03-04 18:21:59,https://www.reddit.com/r/bangladesh/comments/1j39jl9/i_am_kind_of_in_a_rut_need_experienced_advice/
EWU Data science program,OcelotAmbitious7292,4,6,dhaka,2025-03-04 14:01:06,https://www.reddit.com/r/Dhaka/comments/1j35w7m/ewu_data_science_program/
IUB students' underwater vehicle shows promise for industrial applications in maritime ecology and security,Careless_Success_282,6,0,bangladesh,2025-03-03 18:37:57,https://www.thedailystar.net/campus/noticeboard/news/iub-students-underwater-vehicle-shows-promise-industrial-applications-maritime-ecology-and-security-3809666
Two Girls Getting Attacked By An Old Man and 30 Others For Smoking (Details),ssj_iftekhar9001,142,82,bangladesh,2025-03-03 13:51:40,https://www.reddit.com/gallery/1j2dm2z
Is there any hope,One-Ferret-4203,6,4,bangladesh,2025-02-26 19:36:57,https://www.reddit.com/r/bangladesh/comments/1iynoe4/is_there_any_hope/
Legitimacy and the true factors of going abroad for study purposes.,Embarrassed-Plant74,3,1,bangladesh,2025-02-25 11:23:34,https://www.reddit.com/r/bangladesh/comments/1ixnjlk/legitimacy_and_the_true_factors_of_going_abroad/
'We express solidarity with protests held at DU last night': Hasnat | The Daily Star,ImperialOverlord,12,2,bangladesh,2025-02-24 22:47:38,https://www.thedailystar.net/news/bangladesh/politics/news/we-express-solidarity-protests-held-du-last-night-hasnat-3832711
What books should I study for BRACU engineering dpt?,Virtual-One-2358,5,3,bangladesh,2025-02-24 21:13:17,https://www.reddit.com/r/bangladesh/comments/1ix4awv/what_books_should_i_study_for_bracu_engineering/
Which books do I need to study for BracU engineering dept,Calm-Dish6389,2,0,bangladesh,2025-02-24 20:49:46,https://www.reddit.com/r/bangladesh/comments/1ix3re7/which_books_do_i_need_to_study_for_bracu/
DU protests and demand resignation of the Home Advisor Jahangir,VapeyMoron,1,4,bangladesh,2025-02-24 03:38:19,https://i.redd.it/sb3kck98kyke1.jpeg
Anyone from DU IBA?,Driver_Kenobi2004,1,1,bangladesh,2025-02-22 01:34:12,https://www.reddit.com/r/bangladesh/comments/1iuziae/anyone_from_du_iba/
How's Uttara university,tasdikagainghehehe,3,2,bangladesh,2025-02-22 00:29:48,https://www.reddit.com/r/bangladesh/comments/1iuxxrr/hows_uttara_university/
Am i being too paranoid? Or it is what it is?(Khilgaon fire incident),Eastern_Honeydew_474,9,2,bangladesh,2025-02-22 00:01:01,https://www.reddit.com/r/bangladesh/comments/1iux85w/am_i_being_too_paranoid_or_it_is_what_it/
Horrifying fire at Khilgaon Taltola,VapeyMoron,83,7,bangladesh,2025-02-21 22:16:58,https://v.redd.it/5t9w86g3pike1
History of July Movement by Zulkarnain Saer,QuakeWok,1,1,bangladesh,2025-02-21 17:45:22,https://www.reddit.com/r/bangladesh/comments/1iuozxv/history_of_july_movement_by_zulkarnain_saer/
Am I a fool to be hopeful in my current situation?,Big-Chain3182,11,3,bangladesh,2025-02-19 14:14:29,https://www.reddit.com/r/bangladesh/comments/1it0j9o/am_i_a_fool_to_be_hopeful_in_my_current_situation/
Need suggestions,godsuya132,3,9,dhaka,2025-02-16 17:54:15,https://www.reddit.com/r/Dhaka/comments/1iqqo58/need_suggestions/
Tuition,Technical-Force-7969,3,3,dhaka,2025-02-16 00:19:52,https://www.reddit.com/r/Dhaka/comments/1iq7kr2/tuition/
Shibir volunteering and assisting admission candidates,minhazul98535,67,55,bangladesh,2025-02-15 14:30:13,https://i.redd.it/1zj7stock9je1.jpeg
Dhaka University students throwing shoes at Trump and Netanyahu.,PickleKnown,15,9,bangladesh,2025-02-14 10:34:23,https://www.reddit.com/r/bangladesh/comments/1ip2lvm/dhaka_university_students_throwing_shoes_at_trump/
Is Aust good for IPE and ME,Tetronomical,1,2,dhaka,2025-02-12 20:43:25,https://www.reddit.com/r/Dhaka/comments/1insdt9/is_aust_good_for_ipe_and_me/
Help!,Shahriar-Sakib18,8,3,bangladesh,2025-02-10 23:02:29,https://www.reddit.com/r/bangladesh/comments/1imazd2/help/
"Bangla Outlook,Ali Riaz,Soros,Photo-Shahidu",Haunting_Piccolo_514,7,8,bangladesh,2025-02-10 16:16:08,https://www.reddit.com/r/bangladesh/comments/1im2wxx/bangla_outlookali_riazsorosphotoshahidu/
Hostel / Hotel Recommendation Near AUST for a 1-2 Day Stay.,Delicious-Sir2255,0,1,dhaka,2025-02-10 13:31:33,https://www.reddit.com/r/Dhaka/comments/1im0q9f/hostel_hotel_recommendation_near_aust_for_a_12/
BracU Anthropology info needed,probablysleepingggg,3,0,bangladesh,2025-02-10 03:00:21,/r/BRACUniversity/comments/1ilomc2/bracu_anthropology_info_needed/
Are midtier universities worth it?,tasdikagainghehehe,4,4,bangladesh,2025-02-09 23:05:14,https://www.reddit.com/r/bangladesh/comments/1iljfai/are_midtier_universities_worth_it/
Career Suggestion,No_Necessary_5021,1,5,dhaka,2025-02-09 21:18:38,https://www.reddit.com/r/Dhaka/comments/1ilgxvi/career_suggestion/
Career Suggestion,No_Necessary_5021,7,2,bangladesh,2025-02-09 21:17:13,https://www.reddit.com/r/bangladesh/comments/1ilgwpg/career_suggestion/
Advice on buying first laptop,Inevitable_Line_2857,1,12,dhaka,2025-02-08 10:24:52,https://www.reddit.com/r/Dhaka/comments/1ikexnf/advice_on_buying_first_laptop/
How much longer will the Jamuna Future Park main road constructions last?,SignificantYam5015,4,0,bangladesh,2025-02-05 16:34:41,https://www.reddit.com/r/bangladesh/comments/1ii76f5/how_much_longer_will_the_jamuna_future_park_main/
WHICH PRIVATE UNIVERSITY IS THE BEST?,Tall-You732,3,17,dhaka,2025-02-02 02:26:17,https://www.reddit.com/r/Dhaka/comments/1iffhrd/which_private_university_is_the_best/
How Hard is the Grading Policy of North South University?,Ok_Guava8067,5,2,bangladesh,2025-01-30 17:31:35,https://www.reddit.com/r/bangladesh/comments/1idkylk/how_hard_is_the_grading_policy_of_north_south/
Help! 40-Day-Old Baby Choking Frequently &amp; Noisy Breathing – Need Urgent Advice in Dhaka,mutebeast2,6,2,bangladesh,2025-01-30 06:29:02,https://www.reddit.com/r/bangladesh/comments/1id9agp/help_40dayold_baby_choking_frequently_noisy/
সাভার গণহত্যা: হাসিনা পালানোর পরের ৬ ঘণ্টা | Savar Massacre | 5 August 2024 | Prothom Alo,Environmental-Ad-344,4,2,bangladesh,2025-01-30 01:42:36,https://youtu.be/ZLVOKZbMecU?si=-mufxMrrrUtQGdDa
Leaked phonecall between Tarique Rahman and DU pro-VC,Which_Parfait_2166,1,2,bangladesh,2025-01-29 14:46:14,https://youtu.be/uQr5ZdS_dMM?si=iik3SizjBPTmH9MT
"DU, 7 colleges part ways at last | The Daily Star",ImperialOverlord,11,1,bangladesh,2025-01-28 01:44:45,https://www.thedailystar.net/news/bangladesh/education/news/du-7-colleges-part-ways-last-3809646
Admission for NSU/IUB BBA after Alvls,VariousWitness2018,3,2,dhaka,2025-01-27 21:09:49,https://www.reddit.com/r/Dhaka/comments/1ibb94k/admission_for_nsuiub_bba_after_alvls/
Need a one-bedroom apartment near Bashundhara,Affectionate-Run-199,2,0,bangladesh,2025-01-27 19:47:21,https://www.reddit.com/r/bangladesh/comments/1ib9gai/need_a_onebedroom_apartment_near_bashundhara/
"Students of 7 colleges give 4 hrs for resignation of DU pro-VC, 5 other demands",DangerousRefuse2982,18,7,bangladesh,2025-01-27 13:05:15,https://i.redd.it/9d061mzujhfe1.jpeg
"Students of DU, 7 colleges clash late into night | The Daily Star",ImperialOverlord,13,0,bangladesh,2025-01-27 12:40:29,https://www.thedailystar.net/news/bangladesh/crime-justice/news/students-du-7-colleges-clash-late-night-3809321
Want to find a news from 2005.,NoEscape3110,3,3,bangladesh,2025-01-26 09:59:43,https://www.reddit.com/r/bangladesh/comments/1ia5d4t/want_to_find_a_news_from_2005/
Anyone out there who knows or you know someone who is fluent in Korean or Japanese Language?,Beeemh,1,0,dhaka,2025-01-26 06:35:22,https://www.reddit.com/r/Dhaka/comments/1ia1jkz/anyone_out_there_who_knows_or_you_know_someone/
Need help regarding what Uni to study for,Sad-Double602,4,5,bangladesh,2025-01-25 11:51:24,https://www.reddit.com/r/bangladesh/comments/1i9gem0/need_help_regarding_what_uni_to_study_for/
At least eight policemen were injured in an attack by dozens of men on a convoy of New Market Police Station in an alleged attempt to snatch a Chhatra Dal leader arrested over the hacking of a businessman,VapeyMoron,31,13,bangladesh,2025-01-24 20:25:05,https://i.redd.it/kg8kl17mbyee1.jpeg
Anyone knows where can I unlock a Country Locked Android phone?,Nomad_772,2,1,dhaka,2025-01-22 00:52:26,https://www.reddit.com/r/Dhaka/comments/1i6q18t/anyone_knows_where_can_i_unlock_a_country_locked/
I think someone is trying to sell my land without my consent,ovi2wise,12,9,bangladesh,2025-01-20 14:00:29,https://www.reddit.com/r/bangladesh/comments/1i5lblo/i_think_someone_is_trying_to_sell_my_land_without/
Internet in Bashundhara,susamongusdrippycat,2,1,bangladesh,2025-01-19 21:58:31,https://www.reddit.com/r/bangladesh/comments/1i51mbr/internet_in_bashundhara/
Story of Medical Admission ,Alternative_Bad_1366,12,12,bangladesh,2025-01-17 22:10:55,https://www.reddit.com/r/bangladesh/comments/1i3ju2l/story_of_medical_admission/
Did anyone else get the 'B' unit admit card for DU admission,nutallergy8452,2,5,bangladesh,2025-01-14 18:27:10,https://www.reddit.com/r/bangladesh/comments/1i14xpd/did_anyone_else_get_the_b_unit_admit_card_for_du/
"Jatrabari Massacre, 5 August, 2024. ",Environmental-Ad-344,194,134,bangladesh,2025-01-12 15:19:53,https://v.redd.it/nfhixwr76jce1
Is New Market good for men’s clothing?,Arman666,1,8,dhaka,2025-01-11 20:45:47,https://www.reddit.com/r/Dhaka/comments/1hyxd17/is_new_market_good_for_mens_clothing/
Local ISP Speed &amp; Internet Package in Bashundhara Residential Area,TBM1000,5,0,bangladesh,2025-01-11 11:01:51,https://www.reddit.com/r/bangladesh/comments/1hyol6i/local_isp_speed_internet_package_in_bashundhara/
"Do NSU, AIUB, IUB, BGMEA, East West and other well known private universities in Bangladesh charge money from students for workshops and cultural programs? ",rdevasish,3,1,bangladesh,2025-01-10 20:54:40,https://www.reddit.com/r/bangladesh/comments/1hy65ah/do_nsu_aiub_iub_bgmea_east_west_and_other_well/
"Do NSU, AIUB, IUB, BGMEA, East West and other well known private universities in Bangladesh charge money from students for workshops and cultural programs? ",rdevasish,1,3,dhaka,2025-01-10 20:53:08,https://www.reddit.com/r/Dhaka/comments/1hy644o/do_nsu_aiub_iub_bgmea_east_west_and_other_well/
Did Chinmay Das  actually commit sedition???Does any one have a video or a close up shot of the flag hoisted at new market ctg? Fact check is needed on this. [OC],itsnightmare_here,0,3,bangladesh,2025-01-10 04:26:30,https://www.reddit.com/r/bangladesh/comments/1hxp3vg/did_chinmay_das_actually_commit_seditiondoes_any/
Unease at DU campus as some incidents reek of vigilantism,jodhod1,19,6,bangladesh,2025-01-07 13:46:19,https://www.thedailystar.net/campus/news/unease-du-campus-some-incidents-reek-vigilantism-3793676
Anyone from iub,Obvious_Statement131,5,9,dhaka,2025-01-05 00:16:20,https://www.reddit.com/r/Dhaka/comments/1htkijx/anyone_from_iub/
Not having friends ,Mobile_Hearing5882,1,3,dhaka,2024-12-28 22:35:24,https://www.reddit.com/r/Dhaka/comments/1ho9buk/not_having_friends/
"NSU vs EWU vs DIU --Which one is best for ""CSE""?",joysutradhar_,3,1,bangladesh,2024-12-23 11:08:06,https://www.reddit.com/r/bangladesh/comments/1hkgo23/nsu_vs_ewu_vs_diu_which_one_is_best_for_cse/
"NSU vs EWU vs DIU --Which one is best for ""CSE""?",joysutradhar_,4,71,dhaka,2024-12-23 11:07:19,https://www.reddit.com/r/Dhaka/comments/1hkgnlv/nsu_vs_ewu_vs_diu_which_one_is_best_for_cse/
Best Private University For BBA,WittyThinker,2,10,dhaka,2024-12-21 20:00:19,https://www.reddit.com/r/Dhaka/comments/1hjae6i/best_private_university_for_bba/
Which one is better?,Existing_Piglet705,2,15,dhaka,2024-12-20 03:08:28,https://www.reddit.com/r/Dhaka/comments/1hi35th/which_one_is_better/
Ahsan Manzil ticket,tallgyal,1,4,dhaka,2024-12-19 00:55:56,https://www.reddit.com/r/Dhaka/comments/1hh8r76/ahsan_manzil_ticket/
অবশ্যই এরা ব্রেনওয়াশড সাইকোপ্যাথ,relapse_rif,77,28,dhaka,2024-12-18 16:56:58,https://www.reddit.com/r/Dhaka/comments/1hgz5yf/অবশযই_এর_বরনওয়শড_সইকপযথ/
Are Private Uni students being targeted?,relapse_rif,5,8,bangladesh,2024-12-17 23:46:02,https://www.reddit.com/r/bangladesh/comments/1hgg8rr/are_private_uni_students_being_targeted/
Are Private Uni students being targeted?,relapse_rif,24,20,dhaka,2024-12-17 23:39:29,https://www.reddit.com/r/Dhaka/comments/1hgg3di/are_private_uni_students_being_targeted/
Can anyone confirm whether Bashundhara City Shopping Complex is open today?,pulokjk,1,1,dhaka,2024-12-16 13:36:55,https://www.reddit.com/r/Dhaka/comments/1hfe0lr/can_anyone_confirm_whether_bashundhara_city/
Date In Dhaka....❤️?,VoidPlaystation,0,27,dhaka,2024-12-13 15:01:53,https://www.reddit.com/r/Dhaka/comments/1hd8asb/date_in_dhaka/
Can I make 20k+ per month as an undergraduate student at a private university?,SaltyInvestigator980,0,6,dhaka,2024-12-12 13:26:23,https://www.reddit.com/r/Dhaka/comments/1hcfuc9/can_i_make_20k_per_month_as_an_undergraduate/
Give me advice!!!!,WorthThick3934,15,39,dhaka,2024-12-11 10:52:17,https://www.reddit.com/r/Dhaka/comments/1hblvhh/give_me_advice/
After 5th August ,Realistic_Shake6823,0,11,bangladesh,2024-12-11 00:07:02,https://www.reddit.com/r/bangladesh/comments/1hb80ru/after_5th_august/
Help needed!!,Next-Lime3036,2,0,bangladesh,2024-12-10 15:12:32,https://www.reddit.com/r/bangladesh/comments/1haxufq/help_needed/
Chinmoy arrest and how to entice a riot 101 : presented by Yunus shorkar ,SeniorObligation6330,5,16,bangladesh,2024-11-27 14:12:03,https://www.reddit.com/r/bangladesh/comments/1h0zifa/chinmoy_arrest_and_how_to_entice_a_riot_101/
where to buy cheap xbox 360s in bangladesh,Agreeable-Cycle6438,4,2,bangladesh,2024-11-26 22:48:43,https://www.reddit.com/r/bangladesh/comments/1h0geyi/where_to_buy_cheap_xbox_360s_in_bangladesh/
Chattogram Chinmoy Krishna Protest Thread &amp; Update,ktmxyt,41,52,bangladesh,2024-11-26 18:39:09,https://www.reddit.com/r/bangladesh/comments/1h0aw7e/chattogram_chinmoy_krishna_protest_thread_update/
A leaked proof of BAL requesting Indian aid to kill from back in 2013.,ktmxyt,1,1,bangladesh,2024-11-23 02:29:13,https://www.reddit.com/gallery/1gxhj04
IUB BBA,Longjumping_Prize790,1,6,dhaka,2024-11-22 03:24:23,https://www.reddit.com/r/Dhaka/comments/1gwqr2l/iub_bba/
Engineering application help,MaxDialga,4,1,bangladesh,2024-11-20 17:38:39,https://www.reddit.com/r/bangladesh/comments/1gvnilb/engineering_application_help/
ODC 101:,machinegunnedburger,85,40,dhaka,2024-11-19 12:58:01,https://www.reddit.com/r/Dhaka/comments/1gurdsx/odc_101/
Why did jatrabari see so many deaths in july?,Single_Fig_5624,2,5,bangladesh,2024-11-19 00:33:40,https://www.reddit.com/r/bangladesh/comments/1gubtsd/why_did_jatrabari_see_so_many_deaths_in_july/
"Do you think students of 7 Colleges(Dhaka college, Titumir etc.) under Dhaka University are lower in qualities?",GhostOfSpartaaaaaaa,0,3,dhaka,2024-11-18 19:27:28,https://www.reddit.com/r/Dhaka/comments/1gu4nyp/do_you_think_students_of_7_collegesdhaka_college/
regret of not studying in medical college ,kissedbyhoon,8,31,dhaka,2024-11-17 20:31:24,https://www.reddit.com/r/Dhaka/comments/1gterpt/regret_of_not_studying_in_medical_college/
Coaching for olevels,Rxspberries_,9,4,bangladesh,2024-11-17 16:34:02,https://www.reddit.com/r/bangladesh/comments/1gtauuf/coaching_for_olevels/
Coaching for o'level  ,Rxspberries_,3,2,bangladesh,2024-11-17 16:26:36,https://www.reddit.com/r/bangladesh/comments/1gtar8h/coaching_for_olevel/
Alphabet Dating,SnooCalculations291,29,50,dhaka,2024-11-17 11:05:09,https://www.reddit.com/r/Dhaka/comments/1gt698v/alphabet_dating/
"Child Musa, who was shot in uprising, finally opens his eyes after 4 months of treatment",MunzerTopu,63,1,bangladesh,2024-11-17 00:14:04,https://i.redd.it/7j2hcrak1b1e1.jpeg
Visiting Dhaka follow up,rickkert046,37,14,bangladesh,2024-11-13 10:35:01,https://www.reddit.com/r/bangladesh/comments/1gq4w7n/visiting_dhaka_follow_up/
I Need some Food review in JFP/Bashundhara RA,uzumaki_uchiha14,2,0,bangladesh,2024-11-11 22:23:50,https://www.reddit.com/r/bangladesh/comments/1gow4n7/i_need_some_food_review_in_jfpbashundhara_ra/
what happened on july 19th,Single_Fig_5624,3,13,bangladesh,2024-11-08 02:03:05,https://www.reddit.com/r/bangladesh/comments/1glzmzj/what_happened_on_july_19th/
"Who is the true proclaimer of Bangladesh’s independence, and is there any need to argue about it?",TasinMAHDI,11,11,bangladesh,2024-11-03 18:29:48,https://www.reddit.com/r/bangladesh/comments/1gilr0c/who_is_the_true_proclaimer_of_bangladeshs/
Anyone here from jatrabari area,Single_Fig_5624,0,2,bangladesh,2024-10-31 01:28:03,https://www.reddit.com/r/bangladesh/comments/1gfv0h4/anyone_here_from_jatrabari_area/
Where to buy clothes for men around Dhaka at best price? ,mushfiqurmasum,1,1,dhaka,2024-10-28 02:52:56,https://www.reddit.com/r/Dhaka/comments/1gdkzfz/where_to_buy_clothes_for_men_around_dhaka_at_best/
Panicking ,shanewaz10,2,2,dhaka,2024-10-27 11:11:43,https://www.reddit.com/r/Dhaka/comments/1gd3qos/panicking/
The Dark Side of Bangladesh’s New Year Celebrations: Chhatra League’s Legacy of Sexual Harassment,MunzerTopu,275,54,bangladesh,2024-10-26 00:16:17,https://i.redd.it/u275e9vw1ywd1.jpeg
Credit Card Use for shopping ,GIS71,3,2,bangladesh,2024-10-23 13:21:26,https://www.reddit.com/r/bangladesh/comments/1ga4mmu/credit_card_use_for_shopping/
Bus route Mohakhali to AIUB,DemiGhost0,4,3,bangladesh,2024-10-21 19:11:28,https://www.reddit.com/r/bangladesh/comments/1g8pc5z/bus_route_mohakhali_to_aiub/
This nation can not read.,Clouded_Aim,0,14,bangladesh,2024-10-20 22:56:50,https://www.reddit.com/r/bangladesh/comments/1g83ava/this_nation_can_not_read/
Any Aiubian Here??,Silly-Tea-1230,1,1,dhaka,2024-10-20 03:09:45,https://www.reddit.com/r/Dhaka/comments/1g7is6i/any_aiubian_here/
Can anyone tell me some places where I can get things in retail &amp; wholesale price?,Emad_341,3,4,bangladesh,2024-10-19 15:30:26,https://www.reddit.com/r/bangladesh/comments/1g75828/can_anyone_tell_me_some_places_where_i_can_get/
Can anyone tell me some places where I can get things in retail &amp; wholesale price?,Emad_341,6,0,dhaka,2024-10-18 21:34:09,https://www.reddit.com/r/Dhaka/comments/1g6kwyp/can_anyone_tell_me_some_places_where_i_can_get/
Tried to plot Hatirjheel and surrounding areas [OC],redwanhossain6333,3,4,bangladesh,2024-10-17 02:57:22,https://i.redd.it/563o2xiem6vd1.png
Information regarding new market,ponyo_thalassophile,2,0,bangladesh,2024-10-13 09:01:03,https://www.reddit.com/r/bangladesh/comments/1g2geba/information_regarding_new_market/
Bashundhara City's Chief Security Officer Major (Rtd) Rabiul,PsychologicalWest162,14,9,dhaka,2024-10-12 23:38:48,https://www.reddit.com/r/Dhaka/comments/1g25f56/bashundhara_citys_chief_security_officer_major/
Is economics better in UIU or IUB?,invisiblereader4951,2,4,bangladesh,2024-10-12 17:25:12,https://www.reddit.com/r/bangladesh/comments/1g1y0n9/is_economics_better_in_uiu_or_iub/
"How can i apply for law in BRACU, after graduating from another university? ",invisiblereader4951,3,1,bangladesh,2024-10-12 16:57:30,https://www.reddit.com/r/bangladesh/comments/1g1xm2s/how_can_i_apply_for_law_in_bracu_after_graduating/
Sniping and Mysterious Deaths in Bangladesh,Euphoric_Ratio_8900,46,17,bangladesh,2024-10-08 04:37:15,https://www.reddit.com/r/bangladesh/comments/1fykrtx/sniping_and_mysterious_deaths_in_bangladesh/
Clothingbusiness,Practical-Pay-489,1,5,dhaka,2024-10-06 01:35:53,https://www.reddit.com/r/Dhaka/comments/1fwyek7/clothingbusiness/
Do I really need gpa 5 to get into private uni?,Suspicious-Tax-1432,9,23,dhaka,2024-09-30 20:09:14,https://www.reddit.com/r/Dhaka/comments/1fswg4s/do_i_really_need_gpa_5_to_get_into_private_uni/
Aust theke graduation korar por graduate ra kemon salary te job start kore?,rihad_mahmud,3,1,bangladesh,2024-09-30 19:59:40,https://www.reddit.com/r/bangladesh/comments/1fsw84r/aust_theke_graduation_korar_por_graduate_ra_kemon/
Need advice ,october_83,2,2,bangladesh,2024-09-30 11:55:45,https://www.reddit.com/r/bangladesh/comments/1fsoo82/need_advice/
where can i repair my ps4 in Puran Dhaka?,MonkeyDJas,2,3,bangladesh,2024-09-24 12:51:09,https://www.reddit.com/r/bangladesh/comments/1fo6cs5/where_can_i_repair_my_ps4_in_puran_dhaka/
How can i find a budget friendly restriction less flat in Puran Dhaka,Evening_Day_4722,2,2,bangladesh,2024-09-21 17:56:57,https://www.reddit.com/r/bangladesh/comments/1fm1c3w/how_can_i_find_a_budget_friendly_restriction_less/
Iub CSE or Ewu CSE ,shahrear2345,2,2,dhaka,2024-09-21 11:47:10,https://www.reddit.com/r/Dhaka/comments/1flw6jf/iub_cse_or_ewu_cse/
Need Private University Teacher's Salary information,Mysterious_Natural55,2,2,dhaka,2024-09-19 06:29:08,https://www.reddit.com/r/Dhaka/comments/1fk81oh/need_private_university_teachers_salary/
Financial suggestions ,Practical-Pay-489,7,12,dhaka,2024-09-19 03:11:54,https://www.reddit.com/r/Dhaka/comments/1fk3spj/financial_suggestions/
Business talk,Easy-Face-3603,7,26,dhaka,2024-09-18 22:29:39,https://www.reddit.com/r/Dhaka/comments/1fjx3op/business_talk/
Looking for Couple-Friendly Restaurants with Private Cabins in Dhaka (Farmgate/Khilgaon Area),No_Location_8232,2,2,bangladesh,2024-09-10 17:36:41,https://www.reddit.com/r/bangladesh/comments/1fdfo77/looking_for_couplefriendly_restaurants_with/
Where can I purchase regular fit men's outfit in Dhaka city?,Mindless_Session_761,1,2,bangladesh,2024-09-07 20:54:06,https://www.reddit.com/r/bangladesh/comments/1fb8r9x/where_can_i_purchase_regular_fit_mens_outfit_in/
Looking for oversized shirts,yourboimti,1,0,dhaka,2024-09-06 00:47:50,https://www.reddit.com/r/Dhaka/comments/1f9u3w3/looking_for_oversized_shirts/
There’s no transparency,ahmedgotthecrack,59,20,bangladesh,2024-09-05 07:14:42,https://i.redd.it/pkrwx8f26wmd1.jpeg
where should i go if i want to buy a laptop.,Nyonom777,0,8,dhaka,2024-08-31 19:58:44,https://www.reddit.com/r/Dhaka/comments/1f5nwq2/where_should_i_go_if_i_want_to_buy_a_laptop/
Ideas for future ,Fresh_Wolverine_4223,13,17,dhaka,2024-08-29 23:48:39,https://www.reddit.com/r/Dhaka/comments/1f48qx3/ideas_for_future/
Transfer credits from AIUB to BRACU? thoughts?,lubdhak_31,1,5,bangladesh,2024-08-28 17:30:11,https://www.reddit.com/r/bangladesh/comments/1f37sew/transfer_credits_from_aiub_to_bracu_thoughts/
ভারত না জানিয়ে বাঁধ খুললে সম্পর্ক সেখান থেকেই নির্ধারিত হবে' | Sarjis in TSC | jamuna TV,Blackdavil163609,0,9,dhaka,2024-08-27 20:07:18,https://youtu.be/UUqIJDnt3Uc?si=HGWOz26v6M8iJyt8
how did protestors break the curfew on august 5th? (36th july),Single_Fig_5624,10,11,bangladesh,2024-08-25 03:00:09,https://www.reddit.com/r/bangladesh/comments/1f0fhkg/how_did_protestors_break_the_curfew_on_august_5th/
Heartwarming to see so many little kids donating whatever they had from their plastic piggy banks. This was captured at the TSC Relief Collection Booth,abcrafsan,73,7,bangladesh,2024-08-24 10:32:46,https://i.redd.it/2gz10p7eijkd1.jpeg
Aiub ,Professional_Fan4661,1,0,dhaka,2024-08-20 16:12:16,https://www.reddit.com/r/Dhaka/comments/1ewrup8/aiub/
A rant about Islamists claiming the entire Revolution as if it's their Dad's property.,Tanksfly1939,85,34,bangladesh,2024-08-20 14:47:52,https://www.reddit.com/r/bangladesh/comments/1ewqlkq/a_rant_about_islamists_claiming_the_entire/
When will we bring justice to Muniya?,Rashiq69,49,28,bangladesh,2024-08-16 02:01:23,https://www.reddit.com/r/bangladesh/comments/1et4xa3/when_will_we_bring_justice_to_muniya/
"The ""Secular Bangladesh"" wall painting in TSC has been vandalized",DoodhBhaat,81,21,bangladesh,2024-08-12 20:38:16,https://www.reddit.com/gallery/1eqf63v
Hypocrisy among us in the current context of recent attacks on minorities.,DoodhBhaat,155,49,bangladesh,2024-08-11 23:56:27,https://www.reddit.com/r/bangladesh/comments/1epr10z/hypocrisy_among_us_in_the_current_context_of/
Is khilgaon safe right now?,_jimi_hendrix_,5,3,bangladesh,2024-08-08 14:12:07,https://www.reddit.com/r/bangladesh/comments/1en0f37/is_khilgaon_safe_right_now/
The Last Hours of Dictator Hasina: A Tale of Desperation,Hsanity,8,1,bangladesh,2024-08-06 13:59:01,https://www.reddit.com/r/bangladesh/comments/1elc1ef/the_last_hours_of_dictator_hasina_a_tale_of/
So? Aren’t we expecting to get something that we ourselves didn’t earn?,AristotleNicomachus,36,10,dhaka,2024-08-05 23:35:33,https://www.reddit.com/r/Dhaka/comments/1ektvyi/so_arent_we_expecting_to_get_something_that_we/
"For those who thinks it's over, it's not ",BIBjaw,78,4,dhaka,2024-07-29 02:21:21,https://www.reddit.com/gallery/1eegq3l
A Letter to Young Bangladeshis,giantskyman,100,208,bangladesh,2024-07-26 15:20:36,https://www.reddit.com/r/bangladesh/comments/1ecjq0q/a_letter_to_young_bangladeshis/
"Best ISP for puran dhaka, gendaria and bikrampur",yourbasicchad,2,3,bangladesh,2024-07-26 07:14:35,https://www.reddit.com/r/bangladesh/comments/1ecbl33/best_isp_for_puran_dhaka_gendaria_and_bikrampur/
Should I go for a second time?,Signal-Hearing-3557,11,5,dhaka,2024-07-25 07:36:54,https://www.reddit.com/r/Dhaka/comments/1ebip4b/should_i_go_for_a_second_time/
Latest update from Dhaka ,aaw4949,13,9,dhaka,2024-07-20 15:22:05,https://www.reddit.com/r/Dhaka/comments/1e7ro67/latest_update_from_dhaka/
Why is Bashundhara Kings Women's team not called the Bashundhara Queens? ,Roqfort,28,11,bangladesh,2024-07-14 04:47:22,https://www.reddit.com/r/bangladesh/comments/1e2n33v/why_is_bashundhara_kings_womens_team_not_called/
what would be your best advice to a 20 year CSE freshman?? ,Express_Initiative10,18,24,dhaka,2024-07-13 17:56:01,https://www.reddit.com/r/Dhaka/comments/1e28o0q/what_would_be_your_best_advice_to_a_20_year_cse/
Looking for gymwear ,Agitated_Assistant_,3,14,dhaka,2024-07-11 03:30:21,https://www.reddit.com/r/Dhaka/comments/1e07jgx/looking_for_gymwear/
IPE or CSE for graduation,Worldly_Yellow_6115,2,7,dhaka,2024-07-07 16:54:45,https://www.reddit.com/r/Dhaka/comments/1dxduha/ipe_or_cse_for_graduation/
Suggest me a shop to sell my phone ASAP,Realistic-Age9085,2,8,dhaka,2024-07-07 16:31:48,https://www.reddit.com/r/Dhaka/comments/1dxdii2/suggest_me_a_shop_to_sell_my_phone_asap/
I need a partime job or tution badly,Royal_Green_5962,19,8,dhaka,2024-07-04 19:17:33,https://www.reddit.com/r/Dhaka/comments/1dv6pu1/i_need_a_partime_job_or_tution_badly/
"Best local spots to visit, chill and EAT!",EliteApricot,3,2,dhaka,2024-06-29 04:37:16,https://www.reddit.com/r/Dhaka/comments/1dqwb6g/best_local_spots_to_visit_chill_and_eat/
AUST Question Bank,laalchaadudhchaa,2,1,dhaka,2024-06-27 20:22:56,https://www.reddit.com/r/Dhaka/comments/1dpsi2s/aust_question_bank/
Confused with life ;/,Hot_Skirt1586,0,4,dhaka,2024-06-26 21:45:34,https://www.reddit.com/r/Dhaka/comments/1dp1szw/confused_with_life/
Preparing for EWU,OddYogurtcloset7613,0,0,bangladesh,2024-06-26 19:19:45,https://www.reddit.com/r/bangladesh/comments/1doyg17/preparing_for_ewu/
"Which Uni will be better for Mechanical/civil Engineering, Aust or IUT?",Usual-Banana-4340,2,3,bangladesh,2024-06-22 14:03:19,https://www.reddit.com/r/bangladesh/comments/1dlqno8/which_uni_will_be_better_for_mechanicalcivil/
College Suggestions [GPA-4.83],Sauce_Is_Life,3,4,dhaka,2024-05-30 00:10:12,https://www.reddit.com/r/Dhaka/comments/1d3irlz/college_suggestions_gpa483/
College Suggestions [GPA-4.83],Sauce_Is_Life,1,0,bangladesh,2024-05-30 00:08:45,https://www.reddit.com/r/bangladesh/comments/1d3iq9t/college_suggestions_gpa483/
Need hospital suggestions for pregnant women ,Saitama2042,6,2,bangladesh,2024-05-28 19:50:47,https://www.reddit.com/r/bangladesh/comments/1d2jyoz/need_hospital_suggestions_for_pregnant_women/
Suggestions for dorji/tailor who handles men's clothing around Dhanmondi area.,houdini0724,5,2,bangladesh,2024-05-28 16:21:27,https://www.reddit.com/r/bangladesh/comments/1d2g4g7/suggestions_for_dorjitailor_who_handles_mens/
AIUB CSE or Public University's any subject,afsanabid_anik,3,6,bangladesh,2024-05-25 13:25:04,https://www.reddit.com/r/bangladesh/comments/1d06kpy/aiub_cse_or_public_universitys_any_subject/
hype of universities in dhaka or dhaka in general ,themanwhosoldthworld,10,12,dhaka,2024-05-23 19:29:18,https://www.reddit.com/r/Dhaka/comments/1cyssvq/hype_of_universities_in_dhaka_or_dhaka_in_general/
Places to visit in Puran Dhaka,CommunicationIll6793,2,2,dhaka,2024-05-23 17:04:17,https://www.reddit.com/r/Dhaka/comments/1cyq3sf/places_to_visit_in_puran_dhaka/
Which MBA is better for the BD job market.,Otcoron,0,2,bangladesh,2024-05-22 12:56:47,https://www.reddit.com/r/bangladesh/comments/1cxu1tq/which_mba_is_better_for_the_bd_job_market/
I need free counseling as soon as possible,0killmeNOT,2,0,dhaka,2024-05-21 19:54:43,https://www.reddit.com/r/Dhaka/comments/1cx8h6d/i_need_free_counseling_as_soon_as_possible/
"Shops like techmarvels,computer mania are they good?",averagedude_2023,2,0,bangladesh,2024-05-17 00:07:17,https://www.reddit.com/r/bangladesh/comments/1ctjevz/shops_like_techmarvelscomputer_mania_are_they_good/
How do i prepare for EWU?,OddYogurtcloset7613,2,2,bangladesh,2024-05-15 15:41:30,https://www.reddit.com/r/bangladesh/comments/1csgsxk/how_do_i_prepare_for_ewu/
best place to chill near Puran dhaka? ,Snuffy2022,2,1,bangladesh,2024-05-15 00:32:23,https://www.reddit.com/r/bangladesh/comments/1crzfw1/best_place_to_chill_near_puran_dhaka/
Does AIUB provide offer letter?,the_tempest_84,2,2,bangladesh,2024-05-14 14:02:37,https://www.reddit.com/r/bangladesh/comments/1crmsfa/does_aiub_provide_offer_letter/
IUT Civil Engineering or Brac CSE,nabilalam_10,0,3,bangladesh,2024-05-11 03:40:56,https://www.reddit.com/r/bangladesh/comments/1cp10hb/iut_civil_engineering_or_brac_cse/
Private University For getting Engineering Degree,Southern-Explorer616,0,7,bangladesh,2024-04-25 21:04:08,https://www.reddit.com/r/bangladesh/comments/1ccu8sp/private_university_for_getting_engineering_degree/
Reliable tech shops in Bashundhara City?,Zen_003,4,2,bangladesh,2024-04-13 13:27:44,https://www.reddit.com/r/bangladesh/comments/1c2w9rt/reliable_tech_shops_in_bashundhara_city/
Budget gyms in Dhaka,zebrafiche,3,1,bangladesh,2024-04-04 18:50:36,https://www.reddit.com/r/bangladesh/comments/1bvmbmo/budget_gyms_in_dhaka/
Best internet service provider in the Bashundhara area?,PhilosopherPutrid843,2,1,bangladesh,2024-04-04 14:59:36,https://www.reddit.com/r/bangladesh/comments/1bvifu2/best_internet_service_provider_in_the_bashundhara/
What's with the low playing and park space in some areas of Dhaka?,Polo_G_Goat1999,12,2,bangladesh,2024-04-03 16:11:08,https://www.reddit.com/r/bangladesh/comments/1buoxry/whats_with_the_low_playing_and_park_space_in_some/
Where can I play table tennis around Gulshan/Bashundhara,tarif88,1,0,bangladesh,2024-03-30 20:40:14,https://www.reddit.com/r/bangladesh/comments/1brjf25/where_can_i_play_table_tennis_around/
Unsure on where to head towards now.,yeeehow,2,11,bangladesh,2024-03-30 11:32:52,https://www.reddit.com/r/bangladesh/comments/1bra7z6/unsure_on_where_to_head_towards_now/
Please provide a logical suggestion for a probation student,Muftasimul_Dhrubo,17,15,bangladesh,2024-03-28 13:52:31,https://www.reddit.com/r/bangladesh/comments/1bppyqp/please_provide_a_logical_suggestion_for_a/
We have too many road signs placed with malicious intent,TomMarvoloRd,34,6,bangladesh,2024-03-19 14:49:15,https://www.reddit.com/r/bangladesh/comments/1bifmsb/we_have_too_many_road_signs_placed_with_malicious/
How far back can you trace your ancestors?,ThinkingPugnator,19,151,bangladesh,2024-03-10 17:07:02,https://www.reddit.com/r/bangladesh/comments/1bb7vp7/how_far_back_can_you_trace_your_ancestors/
A walk from TSC to Boi Mela,banglaonline,3,0,bangladesh,2024-02-27 01:44:53,https://www.thedailystar.net/my-dhaka/news/walk-tsc-boi-mela-3549711
Enrolling large number of students without any proper admission test is extremely detrimental to the quality of education in private universities of Bangladesh,Background-Way-69,6,8,bangladesh,2024-02-20 20:21:27,https://www.reddit.com/r/bangladesh/comments/1aviry1/enrolling_large_number_of_students_without_any/
Everything Wrong With Lifespring,Better-Cake8790,72,20,bangladesh,2024-01-19 21:23:16,https://www.reddit.com/r/bangladesh/comments/19alitm/everything_wrong_with_lifespring/
can i take cse in IUB uni?,_rafflewaffle,1,6,bangladesh,2024-01-18 20:02:26,https://www.reddit.com/r/bangladesh/comments/199qtt2/can_i_take_cse_in_iub_uni/
AirBnB or Hotels for Room Dates in Bashundhara,Head-Associate6431,4,12,bangladesh,2024-01-17 02:23:35,https://www.reddit.com/r/bangladesh/comments/198cuwd/airbnb_or_hotels_for_room_dates_in_bashundhara/
Which countries should a tech graduate from bangladesh target? Study or Work,Superb_Safe_5950,9,23,bangladesh,2024-01-13 17:52:43,https://www.reddit.com/r/bangladesh/comments/195md5t/which_countries_should_a_tech_graduate_from/
Some restaurants to visit during weekends,Brave-Guest-4254,3,4,bangladesh,2024-01-13 13:56:33,https://www.reddit.com/r/bangladesh/comments/195iyk8/some_restaurants_to_visit_during_weekends/
Thoughts on this decision to not sell cigarettes to women?,No-Invite1267,78,104,bangladesh,2024-01-10 11:46:23,https://i.redd.it/3x6337jmwjbc1.jpeg
I made some line route maps for each of the planned Dhaka Metro lines,jahinzee,119,20,bangladesh,2024-01-09 12:31:58,https://jahinzee.github.io/Unofficial-Dhaka-Metro-Rail-Line-Maps#m1---kamalapur-to-dhaka-airport-and-purbachal-terminal
"What are some good places to buy denim jackets in Dhaka (preferably around Gulshan, Banani or Baridhara DOHS)?",pnerd314,5,2,bangladesh,2023-12-31 22:17:32,https://www.reddit.com/r/bangladesh/comments/18vb12e/what_are_some_good_places_to_buy_denim_jackets_in/
DMC student poses as 21 yr old girl to market his shady Discord group,Better-Cake8790,9,3,bangladesh,2023-12-26 19:02:26,https://www.reddit.com/r/bangladesh/comments/18r7ojm/dmc_student_poses_as_21_yr_old_girl_to_market_his/
Oversized T-shirts in Bashundhara City,ifad_,2,2,bangladesh,2023-12-16 00:44:00,https://www.reddit.com/r/bangladesh/comments/18j73i2/oversized_tshirts_in_bashundhara_city/
How do I reach Baridhara?,Budget-Fish3373,5,6,bangladesh,2023-12-14 13:31:06,https://www.reddit.com/r/bangladesh/comments/18i3au3/how_do_i_reach_baridhara/
Google Street View got updated in Dhaka,cutepup123,56,11,bangladesh,2023-12-09 19:29:37,https://www.reddit.com/r/bangladesh/comments/18edmqj/google_street_view_got_updated_in_dhaka/
যেভাবে আদিরূপ পেল হাম্মামখানা | Lalbagh Fort Hammamkhana | The Cultural History of Lalbagh Fort,grbprogenitor,5,0,bangladesh,2023-12-03 15:52:33,https://www.youtube.com/watch?v=umXwRdFEJtY&amp;t=9s
In which floral shop can you get lilac and lavenders in dhaka?,True_Celebration_169,4,2,bangladesh,2023-11-29 17:16:14,https://www.reddit.com/r/bangladesh/comments/186n2z5/in_which_floral_shop_can_you_get_lilac_and/
Best internet provider in Bashundhara?,JustaBSJfan,2,2,bangladesh,2023-11-26 23:43:02,https://www.reddit.com/r/bangladesh/comments/184g638/best_internet_provider_in_bashundhara/
Aiub or Iub for CE,LegitimateAd9539,2,10,bangladesh,2023-11-23 22:57:39,https://www.reddit.com/r/bangladesh/comments/1825kz1/aiub_or_iub_for_ce/
Body Painting in Dhaka street,koimia,22,5,bangladesh,2023-11-23 16:12:23,https://www.reddit.com/r/bangladesh/comments/181y3t8/body_painting_in_dhaka_street/
"TSC, DU",TahsinTariq,76,4,bangladesh,2023-11-13 16:32:22,https://i.redd.it/ean34cxse30c1.jpg
"Best Combat Gym In Khilgaon, Taltola Area",Azmain29,5,0,bangladesh,2023-11-12 18:13:53,https://www.reddit.com/r/bangladesh/comments/17tj0wh/best_combat_gym_in_khilgaon_taltola_area/
"Elephants on the march, Pilkhana, Dhaka (1904) by Fritz Kapp. Dhaka Nawab's Garden, now known as Paribagh and Shahbagh. The path between Pilkhana and the jungle, through which the elephants traversed (adjacent to Dhaka New Market), later became a public road named Elephant Road. (Source: Wikipedia)",grbprogenitor,99,16,bangladesh,2023-11-08 23:10:08,https://i.redd.it/llb5ffk9o5zb1.png
Mohakhali to Jagannath university and vice versa.,NAF1R,1,2,bangladesh,2023-11-06 23:49:10,https://www.reddit.com/r/bangladesh/comments/17p8h1u/mohakhali_to_jagannath_university_and_vice_versa/
Best place to buy refurbished or used iphones?,IGPIGEON,5,5,bangladesh,2023-11-05 22:52:11,https://www.reddit.com/r/bangladesh/comments/17og37k/best_place_to_buy_refurbished_or_used_iphones/
"Best ISP in Khilgaon, Taltola",Azmain29,2,2,bangladesh,2023-10-31 19:03:04,https://www.reddit.com/r/bangladesh/comments/17kkjko/best_isp_in_khilgaon_taltola/
Looking to Buy an iPad Pro M2 256GB - Where's the Best Place?,Delicious-Writer-210,4,6,bangladesh,2023-10-29 13:56:30,https://www.reddit.com/r/bangladesh/comments/17iy2l3/looking_to_buy_an_ipad_pro_m2_256gb_wheres_the/
"Do or die match, lets support our country",agunergola2,13,5,bangladesh,2023-10-16 22:25:09,https://i.redd.it/dw9kvtgwalub1.jpg
NSU IUB admission requirements,-missdior,0,3,bangladesh,2023-10-14 03:18:16,https://www.reddit.com/r/bangladesh/comments/1778zw3/nsu_iub_admission_requirements/
Need help for choose isp,LopsidedStar8719,2,9,bangladesh,2023-09-19 20:23:56,https://www.reddit.com/r/bangladesh/comments/16msdsc/need_help_for_choose_isp/
Tips for future foreign visitors to Bangladesh - my experience,marble_god,9,12,bangladesh,2023-09-19 08:32:10,https://www.reddit.com/r/bangladesh/comments/16meyvc/tips_for_future_foreign_visitors_to_bangladesh_my/
From where can I buy weight vest in Dhaka?,sGrnegan,1,1,bangladesh,2023-09-07 15:11:47,https://www.reddit.com/r/bangladesh/comments/16cb1bz/from_where_can_i_buy_weight_vest_in_dhaka/
Grameenphone or Robi? Which sim operator provides good internet service in Dhaka?,sGrnegan,5,14,bangladesh,2023-09-06 11:33:05,https://i.redd.it/6etnksvfnkmb1.jpg
"Should I buy ""used"" phones from Jamuna Future Park?",Asmkhalid101,8,10,bangladesh,2023-09-03 15:35:13,https://www.reddit.com/r/bangladesh/comments/168sm4l/should_i_buy_used_phones_from_jamuna_future_park/
Can I expect a better future by studying IPE at AUST?,GALEEB_101,1,2,bangladesh,2023-08-29 13:38:21,https://www.reddit.com/r/bangladesh/comments/164br4a/can_i_expect_a_better_future_by_studying_ipe_at/
Where do i find a good orthodontist in bd?,ConsistentAct2561,3,3,bangladesh,2023-08-21 10:55:09,https://www.reddit.com/r/bangladesh/comments/15wxm0c/where_do_i_find_a_good_orthodontist_in_bd/
HSTU CSE or AUST CSE,Say__my__name__,1,9,bangladesh,2023-08-20 16:30:06,https://www.reddit.com/r/bangladesh/comments/15w7y2p/hstu_cse_or_aust_cse/
I'm in 4rd yr in economics. What'll be my potential job field? In banks only? Does cgpa really matters for my sector? I'm currently in ewu cg 2.65,CharityHead9076,0,10,bangladesh,2023-08-20 13:59:22,https://www.reddit.com/r/bangladesh/comments/15w59on/im_in_4rd_yr_in_economics_whatll_be_my_potential/
Best brands or shops at Jamuna Future Park,Large-Problem7630,1,0,bangladesh,2023-08-10 10:00:56,https://www.reddit.com/r/bangladesh/comments/15n1fow/best_brands_or_shops_at_jamuna_future_park/
How do you design a cashless Bangladesh?,Mwrp86,12,30,bangladesh,2023-08-03 20:17:05,https://www.reddit.com/r/bangladesh/comments/15h5hvq/how_do_you_design_a_cashless_bangladesh/
"International Club or any other ""club"" for that matter.",Slow-Significance113,4,1,bangladesh,2023-07-27 00:57:36,https://www.reddit.com/r/bangladesh/comments/15aeexw/international_club_or_any_other_club_for_that/
A good gift shop like Miniso but Cheaper,Calm_Finance_6996,3,2,bangladesh,2023-07-24 20:57:42,https://www.reddit.com/r/bangladesh/comments/158d1oi/a_good_gift_shop_like_miniso_but_cheaper/
Vote for Bashundhara Kings team to be included in FIFA 24,0resutidder,6,0,bangladesh,2023-07-13 14:54:33,https://www.reddit.com/r/bangladesh/comments/14yffes/vote_for_bashundhara_kings_team_to_be_included_in/
Need help in transportation from Bashundhara block F to BracU,DaddyMaster010,0,3,bangladesh,2023-05-28 19:02:42,https://www.reddit.com/r/bangladesh/comments/13tzymx/need_help_in_transportation_from_bashundhara/
[Football] Bangladesh Premier League champns: Bashundhara Kings,Square-Produce-3538,0,0,bangladesh,2023-05-27 20:40:37,https://twitter.com/theafcdotcom/status/1662438365633867778?t=fJPZbt_uheW64gXQ98mBRw&amp;s=19
An entity more powerful than our government,whyallusernamesare,38,24,bangladesh,2023-05-22 16:04:29,https://www.reddit.com/r/bangladesh/comments/13omku4/an_entity_more_powerful_than_our_government/
Hopefully people wouldn't mind over these images! Tried to draw Hatirjheel and its surrounding areas using two different python packages.,redwanhossain6333,16,0,bangladesh,2023-05-21 11:35:20,https://www.reddit.com/gallery/13nk36d
How do I improve navigation skill in Dhaka city?,Weak_Garage_2293,20,33,bangladesh,2023-05-08 17:03:24,https://www.reddit.com/r/bangladesh/comments/13blojs/how_do_i_improve_navigation_skill_in_dhaka_city/
এ কেমন 'দায়িত্বশীলতা'! | Jatrabari Incident | Dhaka News | Somoy News Analysis,Mister-Khalifa,7,8,bangladesh,2023-04-29 21:41:04,https://www.youtube.com/watch?v=k55xCEiI_yo
Anyone wish to meet me tomorrow?,tirednibba247,1,0,bangladesh,2023-04-22 03:15:10,https://www.reddit.com/r/bangladesh/comments/12uinh1/anyone_wish_to_meet_me_tomorrow/
Will the contractor whose incompetence led to the fire of new market be charged?,MyNam3lsJ3ff,2,0,bangladesh,2023-04-15 23:16:17,https://www.reddit.com/r/bangladesh/comments/12nbkdx/will_the_contractor_whose_incompetence_led_to_the/
Which online stores have delivery service in Bashundhara R/A?,dailmar,12,6,bangladesh,2023-04-06 15:36:04,https://www.reddit.com/r/bangladesh/comments/12deos8/which_online_stores_have_delivery_service_in/
I want to visit puran dhaka. Can someone suggest where to park my car?,zak_star,3,3,bangladesh,2023-04-03 01:11:46,https://www.reddit.com/r/bangladesh/comments/129uvip/i_want_to_visit_puran_dhaka_can_someone_suggest/
AIUB or BRAC for CSE,redditcarouselart,1,14,bangladesh,2023-04-01 17:25:12,https://www.reddit.com/r/bangladesh/comments/128jfa0/aiub_or_brac_for_cse/
Audi launches Electric Vehicle charging station in Tejgaon,ktmxyt,8,4,bangladesh,2023-03-30 15:41:06,https://www.thedailystar.net/tech-startup/news/audi-launches-electric-vehicle-charging-station-tejgaon-3266861
Today's Rain and TSC,iver_v,16,15,bangladesh,2023-03-19 21:45:36,https://www.reddit.com/r/bangladesh/comments/11vomvo/todays_rain_and_tsc/
[ Removed by Reddit ],Afff95,10,20,bangladesh,2023-03-18 21:55:31,https://www.reddit.com/r/bangladesh/comments/11us1uz/removed_by_reddit/
CSE or MIS in NSU ?,Master-Side-6887,2,12,bangladesh,2023-03-18 19:44:34,https://www.reddit.com/r/bangladesh/comments/11uow79/cse_or_mis_in_nsu/
Recently visited Bangladesh. Some photos. Loved it.,anirbansaha782,89,12,bangladesh,2023-02-01 22:13:21,https://www.reddit.com/r/bangladesh/comments/10qyk4t/recently_visited_bangladesh_some_photos_loved_it/
Gas problem in puran dhaka,ThinkingPugnator,9,35,bangladesh,2023-01-17 20:58:17,https://www.reddit.com/r/bangladesh/comments/10ee9y7/gas_problem_in_puran_dhaka/
Great Goal from Brazilian Dorielton for Bashundhara Kings in the Bangladesh Premier League,badbd09,66,7,bangladesh,2023-01-14 03:49:14,https://v.redd.it/njguq3pqkvba1
The Shallow Analysis for a Tragic Accident,yakinrubaiyat,3,1,bangladesh,2023-01-08 22:45:58,https://www.reddit.com/r/bangladesh/comments/106nq97/the_shallow_analysis_for_a_tragic_accident/
I Love My Country (Happy Victory Day!),protoy12,52,40,bangladesh,2022-12-16 15:33:38,https://www.reddit.com/r/bangladesh/comments/znas8u/i_love_my_country_happy_victory_day/
NSU or AIUB for cse ?,lubdhak_31,6,13,bangladesh,2022-11-15 12:44:59,https://www.reddit.com/r/bangladesh/comments/yvpatd/nsu_or_aiub_for_cse/
HELP!!,Extension-Iron9782,1,8,bangladesh,2022-10-26 01:25:01,https://www.reddit.com/r/bangladesh/comments/yddbwg/help/
Ahsan Manzil Dhaka 1975,erepresent,9,0,bangladesh,2022-10-06 23:07:24,https://www.reddit.com/r/bangladesh/comments/xxah7l/ahsan_manzil_dhaka_1975/
Ahsan Manzil Dhaka 1975,erepresent,2,4,dhaka,2022-10-05 21:36:00,https://www.reddit.com/r/Dhaka/comments/xwdu93/ahsan_manzil_dhaka_1975/
good ol' bashundhara khata.,SmoothAd8796,21,5,bangladesh,2022-08-07 00:47:29,https://i.redd.it/af4ue5ho25g91.jpg
Where to buy authentic Anker products in Dhaka?,chonkerpotat,1,2,bangladesh,2022-08-03 02:12:36,https://www.reddit.com/r/bangladesh/comments/welsrd/where_to_buy_authentic_anker_products_in_dhaka/
Why isn't there that many good universities offering Textile Engineering in our textile industry led economy?,cthulhouette,20,23,bangladesh,2022-08-02 19:53:15,https://www.reddit.com/r/bangladesh/comments/wec9xr/why_isnt_there_that_many_good_universities/
Best place to get Braces(Teeth straightening) in Dhaka?,AlexGaming666,7,0,bangladesh,2022-07-30 20:03:20,https://www.reddit.com/r/bangladesh/comments/wby9bd/best_place_to_get_bracesteeth_straightening_in/
"Bangladesh's lone aviation univ prioritizes research, development",MQ-9Drone,4,0,bangladesh,2022-07-28 23:45:30,https://www.reddit.com/r/bangladesh/comments/wagadr/bangladeshs_lone_aviation_univ_prioritizes/
Lalbagh Fort,panic_structure,12,7,bangladesh,2022-07-27 09:09:28,https://i.redd.it/ez6me1k721e91.jpg
"Lalbagh Fort, Dhaka",ajran_adib139,48,4,bangladesh,2022-07-12 23:32:33,https://i.redd.it/0yfowqeia6b91.jpg
Going to the barber to get a haircut is a nightmare in this country,tazvedr45,1,13,bangladesh,2022-07-06 02:07:20,https://www.reddit.com/r/bangladesh/comments/vs6vk2/going_to_the_barber_to_get_a_haircut_is_a/
Which University in Bangladesh offers the best CSE or EEE course ?,CaptainSmarty,0,3,bangladesh,2022-06-24 02:36:41,https://www.reddit.com/r/bangladesh/comments/vj6hyk/which_university_in_bangladesh_offers_the_best/
Solar-powered cold storage design by IUB students win gold in UK,Due-Stuff9151,5,2,bangladesh,2022-06-23 20:15:56,https://www.thedailystar.net/shout/achievement/news/solar-powered-cold-storage-design-iub-students-win-gold-uk-3054631?amp
"Free Game development workshop in TSC, DU. Everyone’s invited.",Wood-Peck,29,5,bangladesh,2022-06-20 13:23:08,https://i.redd.it/mk8bkuvq9q691.jpg
Where can I find old board textbooks from 1995-2010?,Rar34943,9,5,bangladesh,2022-06-15 14:53:27,https://www.reddit.com/r/bangladesh/comments/vcq2n2/where_can_i_find_old_board_textbooks_from_19952010/
how important are admission tests for private uni?,h1tler_feet,0,4,bangladesh,2022-05-26 19:08:54,https://www.reddit.com/r/bangladesh/comments/uy79ls/how_important_are_admission_tests_for_private_uni/
How to buy the ticket online for Ahsan Manzil Museum? Visa card payment function is not enabled,Buscando2016,3,0,dhaka,2022-05-01 00:57:00,https://www.reddit.com/r/Dhaka/comments/ufhk62/how_to_buy_the_ticket_online_for_ahsan_manzil/
"Bangladesh's lone aviation univ prioritises research, development",MQ-9Drone,3,2,bangladesh,2022-04-28 05:45:21,https://www.reddit.com/r/bangladesh/comments/udhb33/bangladeshs_lone_aviation_univ_prioritises/
"First meet our demands, then reopen New Market, say Dhaka College students",Loose-Ad3281,7,7,bangladesh,2022-04-21 19:05:46,https://www.thedailystar.net/news/bangladesh/news/first-meet-our-demands-then-reopen-new-market-say-dhaka-college-students-3008661
"After last night, students and traders clash again in Dhaka New Market area",Loose-Ad3281,8,10,bangladesh,2022-04-19 19:22:11,https://www.thedailystar.net/news/bangladesh/news/after-last-night-students-and-traders-clash-again-dhaka-new-market-area-3007726
Best university in Bangladesh for doing MPH degree? Preferably private.,jacktheriddler,7,6,bangladesh,2022-04-13 19:09:11,https://www.reddit.com/r/bangladesh/comments/u2pygk/best_university_in_bangladesh_for_doing_mph/
Location tejgaon Dhaka Bangladesh,nazmul_hasan,2,1,bangladesh,2022-04-05 14:16:12,https://i.redd.it/c31dhrbs4or81.jpg
"Drone Show Near Hatirjheel, in Celebration of Bangladesh’s Golden Jubilee of Independence and Development, depicting crucial projects and history of Bangladesh",an_ionic,248,84,bangladesh,2022-04-01 00:42:33,https://i.redd.it/48316ed4lrq81.jpg
BRAC/AIUB which is the best for CSE?,ifazrOadkill,12,23,bangladesh,2022-03-21 17:36:16,https://www.reddit.com/r/bangladesh/comments/tj9qrp/bracaiub_which_is_the_best_for_cse/
Date,h1tler_feet,5,23,bangladesh,2022-02-24 00:35:11,https://www.reddit.com/r/bangladesh/comments/szofql/date/
"[OC] TSC,Dhaka University (source: myself)",Fatema_Ruhee,153,17,bangladesh,2022-02-18 18:43:04,https://i.redd.it/vkh2dytl7li81.jpg
Anything more I should know about Ahsanullah University of Science and Technology?,cthulhouette,5,0,bangladesh,2022-02-16 10:37:40,https://www.reddit.com/r/bangladesh/comments/stn23z/anything_more_i_should_know_about_ahsanullah/
Did we actually hang the Rajakars responsible for '71,NeverG1veUp1000,0,20,bangladesh,2022-02-07 21:46:30,https://www.reddit.com/r/bangladesh/comments/smt932/did_we_actually_hang_the_rajakars_responsible_for/
"Kittens for Adoption, i live in Puran Dhaka if you or someone you know wanna adopt a Kitten, contact me.",MonkeyDJas,58,13,bangladesh,2022-01-07 16:08:27,https://i.redd.it/33ygsuxpp8a81.jpg
"Fireworks, Lalmatia",TahsinTariq,16,2,bangladesh,2022-01-01 15:10:09,https://v.redd.it/suz418x3k1981
"Sculpture @ TSC, Dhaka University | Raju Memorial | I'm really proud of how really young people fought oppressive governments in the past, this sculpture captures that",yasserius,133,25,bangladesh,2021-12-30 19:43:25,https://i.redd.it/iv203krsoo881.jpg
"Sculpture at TSC, Dhaka University | Raju Memorial | I'm really proud of how really young people actively fought against the oppressive governments in the past, this sculpture captures that",yasserius,1,0,bangladesh,2021-12-30 19:33:10,https://i.redd.it/1smjo9wymo881.jpg
This lifespring guy is sus,Animus_Ex_Machina,13,18,bangladesh,2021-12-30 08:31:33,https://www.reddit.com/r/bangladesh/comments/rrq219/this_lifespring_guy_is_sus/
"Shadhinota shombho - right beside shahbag, everyone should visit! Historical place, i love the open and green space!",yasserius,27,5,bangladesh,2021-12-29 19:47:53,https://i.redd.it/noz1j3kokh881.jpg
Best leather jacket in the Dhaka,Niloyrans,7,7,bangladesh,2021-12-08 07:22:29,https://www.reddit.com/r/bangladesh/comments/rbewdn/best_leather_jacket_in_the_dhaka/
Where can i buy red bull in dhaka?,nunubaka,0,1,bangladesh,2021-11-25 20:36:23,https://www.reddit.com/r/bangladesh/comments/r1xwmt/where_can_i_buy_red_bull_in_dhaka/
Can anyone explain me the process of BRAC University undergraduate admission?,SharifdotG,2,11,bangladesh,2021-11-25 13:57:02,https://www.reddit.com/r/bangladesh/comments/r1rgqf/can_anyone_explain_me_the_process_of_brac/
Suggestions for a Puran Dhaka visit,Rabbul_K96,6,6,bangladesh,2021-11-21 23:07:10,https://www.reddit.com/r/bangladesh/comments/qyzc76/suggestions_for_a_puran_dhaka_visit/
"Looking for reasonable shopping Place near Mirpur 10,11,12",mikasa_tr,3,2,bangladesh,2021-11-03 15:25:48,https://www.reddit.com/r/bangladesh/comments/qlqqlz/looking_for_reasonable_shopping_place_near_mirpur/
What is it like to live in Bangladesh? What are the things you like and what are the challenges you face?,PolySci_Alpha,41,59,bangladesh,2021-10-21 08:57:54,https://www.reddit.com/r/bangladesh/comments/qchw30/what_is_it_like_to_live_in_bangladesh_what_are/
"Nawab Sir Khawaja Salimullah with local elites. — Ahsan Manzil, Dhaka, 1902.",AnimalNo7484,20,2,bangladesh,2021-10-11 10:22:00,https://i.redd.it/gilsniupzqs71.jpg
"Nawab Salimullah in a Darbar. — Ahsan Manzil, Dhaka, 15 October 1905",AnimalNo7484,25,4,bangladesh,2021-10-11 10:18:30,https://i.redd.it/k34fdn93zqs71.jpg
Living alone at Dhanmondi,kebz1234,9,8,bangladesh,2021-10-10 00:17:26,https://www.reddit.com/r/bangladesh/comments/q4qtha/living_alone_at_dhanmondi/
"Khawaja Nazimuddin, Premier of Bengal in British India and Chief Minister of East Bengal (Later Governer General and Prime Minister of Pakistan) posing for Vogue at his family's ancestral home, Ahsan Manzil, Dhaka. (1947)",AnimalNo7484,63,37,bangladesh,2021-10-08 14:44:41,https://i.redd.it/xdevdnjuv6s71.jpg
Foreign Student Questions,rutnafar,30,21,bangladesh,2021-10-06 20:49:20,https://www.reddit.com/r/bangladesh/comments/q2m0en/foreign_student_questions/
Will the roller coaster at Jamuna Future Park ever become functional again.,No_Alternative314,4,3,bangladesh,2021-09-27 16:32:25,https://www.reddit.com/r/bangladesh/comments/pwe9sh/will_the_roller_coaster_at_jamuna_future_park/
Where Can I Attest Some documents in Dhaka?,RED818,1,5,bangladesh,2021-09-14 20:03:48,https://www.reddit.com/r/bangladesh/comments/po3f7l/where_can_i_attest_some_documents_in_dhaka/
Higher study in Canada,Debashish37,22,7,bangladesh,2021-08-03 02:12:07,https://www.reddit.com/r/bangladesh/comments/owmsaa/higher_study_in_canada/
"Without mentioning age or date of birth, how old are you?",ParityBit0110011,27,54,bangladesh,2021-07-16 13:09:59,https://www.reddit.com/r/bangladesh/comments/olbpme/without_mentioning_age_or_date_of_birth_how_old/
Moghbazar explosion: Fire service DG primarily suspecting gas leakage,babushka,8,1,bangladesh,2021-06-28 02:16:24,https://www.thedailystar.net/bangladesh/news/6-dead-15-hurt-explosion-moghbazar-2119257
Where can I buy football jerseys and not get scammed?,needsomeadvicebd,30,23,bangladesh,2021-06-18 10:51:18,https://www.reddit.com/r/bangladesh/comments/o2gymh/where_can_i_buy_football_jerseys_and_not_get/
"TSC,Dhaka",0ldb0ymr0,12,2,bangladesh,2021-06-05 21:28:42,https://i.redd.it/ys9i3yhytg371.jpg
"6:35 pm, 18/05/2021, Malibagh ,Dhaka; ""গোধুলিতে ঢাকা, ঢাকা""",saikoopath,21,5,bangladesh,2021-05-18 18:53:28,https://i.redd.it/2k4i3gcvlvz61.jpg
"A mask stall (New Market Area, Dhaka /Thursday 1/04/2021)",syntax_error_1025,9,0,bangladesh,2021-04-06 22:15:51,https://i.redd.it/kdoqqacpvkr61.jpg
Garments workers clash with police at Tejgaon after police fires bullets and tear gas shells at the workers' movement in demand of arrears of salaries and bonuses; 8 workers severely injured from firing,sheikhnews,129,18,bangladesh,2021-03-18 20:11:57,https://v.redd.it/wwskbjq0osn61
"Cycle Riding vlog in Hatirjheel, Dhaka, Bangladesh",InterestingBD,4,0,bangladesh,2021-03-16 14:30:58,https://www.youtube.com/watch?v=fR6XdoK4CwY
How did the current regime manage to stay in power for so long?,susmithhh,6,4,bangladesh,2021-03-04 01:20:01,https://www.reddit.com/r/bangladesh/comments/lx1zy4/how_did_the_current_regime_manage_to_stay_in/
"Tomb of Pari Bibi, Lalbagh Kella, Puran Dhaka, Bangladesh",InterestingBD,150,6,bangladesh,2021-01-17 12:32:11,https://i.redd.it/t58x72qe7ub61.png
"Sitting on the passenger seat, the daughter is trying to feed some sweetlike food to her father, while they all were going out for a family ride on her father's rickshaw. New Market, Dhaka. © Al Forhad",mhadr,370,22,bangladesh,2021-01-10 21:23:03,https://i.redd.it/zc3k673wvia61.jpg
(Just curious) Has any incident similar to what happened today in the US ever occurred in Bangladesh i.e. radical supporters trying to breach Sangsad Bhaban?,ParityBit0110011,5,12,bangladesh,2021-01-07 11:05:03,https://www.reddit.com/r/bangladesh/comments/ks67jo/just_curious_has_any_incident_similar_to_what/
"Happy Victory Day, Bangladesh! This is Minan, vice-principal of Magnolia International School, Malibagh. The photo was taken by Shahadat Parvez, on 23rd March 2007, near Dhaka University.",mohiemen,90,2,bangladesh,2020-12-16 16:01:15,https://i.redd.it/tku0q43lvi561.jpg
Sunrise over Hatirjheel and a bit of Music,drabir,2,0,bangladesh,2020-12-01 11:32:09,https://youtu.be/k8hRRkNkyQ8
Puran Dhaka,azeltrak,91,4,bangladesh,2020-11-24 14:46:58,https://i.redd.it/4ngz9j48i5161.jpg
Join the Dhaka-Noakhali long march against rape and the culture of impunity in Bangladesh. It will start today morning sharp at 9:30 from Shahbag and end tomorrow in Noakhali. Hope to see you there.,jamaljcd,65,2,bangladesh,2020-10-16 06:39:38,https://i.redd.it/k9i5wztvrct51.jpg
Mass protests against Noakhali gang rape in Shahbag.,jamaljcd,21,2,bangladesh,2020-10-05 16:24:23,https://v.redd.it/9iwvjk5x49r51
"Are there any good boxing gyms near Mohammadpur, Lalmatia, Dhanmondi or Badda?",DeFancyKebab,2,0,bangladesh,2020-09-19 19:43:08,https://www.reddit.com/r/bangladesh/comments/ivsrte/are_there_any_good_boxing_gyms_near_mohammadpur/
Have any of you radically changed your political views since childhood?,bgd_guy,9,31,bangladesh,2020-09-11 13:00:38,https://www.reddit.com/r/bangladesh/comments/iqlnz9/have_any_of_you_radically_changed_your_political/
What is wrong with the laptop market?,RED818,8,2,bangladesh,2020-09-03 01:33:32,https://www.reddit.com/r/bangladesh/comments/ildray/what_is_wrong_with_the_laptop_market/
"Are there any boxing gyms, or mma gyms near Badda, Mohammadpur or Lalmatia that is willing to teach a 15 year old boy, 5'7.5 in height and 63 kg.",DeFancyKebab,0,0,bangladesh,2020-08-21 14:06:45,https://www.reddit.com/r/bangladesh/comments/idsq82/are_there_any_boxing_gyms_or_mma_gyms_near_badda/
Why is Awami League appeasing Hefazat-e-Islam?,bgd_guy,20,17,bangladesh,2020-07-30 21:09:43,https://www.reddit.com/r/bangladesh/comments/i0npa5/why_is_awami_league_appeasing_hefazateislam/
How to negotiate with Apartment developers ?,sfsoak,11,6,bangladesh,2020-07-16 19:07:32,https://www.reddit.com/r/bangladesh/comments/hs9av2/how_to_negotiate_with_apartment_developers/
A quick view in front of Ahsan Manzil at Dhaka in Bangladesh | ঐতিহ্যবাহী আহসান মঞ্জিল,armaneverafter,4,0,bangladesh,2020-05-15 02:02:30,https://www.youtube.com/watch?v=WmJJ_VTVy5A
"Bashundhara to turn 4 convention centres into 5,000 bed hospital",rambobilai,19,1,bangladesh,2020-03-30 02:12:37,https://www.dhakatribune.com/bangladesh/dhaka/2020/03/30/covid-19-pandemic-bashundhara-to-turn-4-convention-centres-into-5-000-bed-hospital
"New Market, Dhaka, Bangladesh",RF_Xafi_1999,107,17,bangladesh,2020-03-29 16:53:48,https://i.redd.it/qch7fzn8elp41.jpg
"Foods to taste in Puran Dhaka, need suggestions",warhammer327,2,2,bangladesh,2020-02-20 21:09:13,https://www.reddit.com/r/bangladesh/comments/f6udpk/foods_to_taste_in_puran_dhaka_need_suggestions/
Moghbazar Road,takubaba,3,0,bangladesh,2019-08-22 22:15:41,https://youtu.be/b8vYcgiJ1c8
Ahsan Manzil,Sushmoy07,33,18,bangladesh,2019-08-03 00:33:07,https://i.redd.it/v2c7jwabx2e31.jpg
"The light man- TSC,Dhaka",Sushmoy07,97,6,bangladesh,2019-05-26 12:06:53,https://i.redd.it/rkl7of9evh031.jpg
IUB student wins Wellcome Sanger Institute Prize 2019,rambobilai,23,0,bangladesh,2019-05-17 23:18:48,https://www.thedailystar.net/shout/news/iub-student-wins-wellcome-sanger-institute-prize-2019-1743847
Bashundhara City Shopping Complex decorated for Pohela Boishakh,minhazTechy,79,5,bangladesh,2019-04-23 11:32:54,https://i.redd.it/ctqmnq4v9yt21.jpg
Puran Dhaka from the Sky ! My first Time in the bustling historical part of Dhaka,FMItv,5,0,bangladesh,2019-04-21 20:07:08,https://youtu.be/a-ak2z1KwEA
"Today at Bashundhara R/A. Another road accident, Another life gone.",hellcat_010,9,3,bangladesh,2019-03-19 14:34:18,https://i.redd.it/pp4fisale1n21.jpg
Dhaka Nights — Hatirjheel,king_king_2000,78,11,bangladesh,2019-01-18 20:37:29,https://i.redd.it/1gduz9do07b21.jpg
Hatirjheel,creativeia2702,7,2,bangladesh,2019-01-12 01:06:16,https://i.redd.it/9c5lcbt8eu921.jpg
"Lalbagh Fort, An Awesome Historical Place To Visit In Dhaka! » AUHStyle",Baib06,3,1,dhaka,2018-12-31 19:44:29,https://www.auhbd.com/lalbagh-fort-an-awesome-historical-place-to-visit-in-dhaka/
Hatirjheel,creativeia2702,36,5,bangladesh,2018-11-02 01:14:54,https://i.redd.it/ed6617y2rrv11.jpg
Live facebook feed - Clashes at bashundhara,Suvtropics,8,5,bangladesh,2018-08-06 15:18:32,https://www.facebook.com/100009795522427/videos/660872290915949/?hc_ref=ARTIUTIUbWGLQ_x2WHUVVaqnk5IeUna0XxEV2InUx1t1Q-yACCtZ_-tiDl6tn9k2L_U
Chhatro League attacking at the EWU university,CMRC23,51,4,bangladesh,2018-08-06 11:25:45,https://v.redd.it/m6e1ulmhree11
Bangladesh needs help,asmrabbi,1,1,bangladesh,2018-08-05 13:55:09,https://www.reddit.com/r/bangladesh/comments/94qbjc/bangladesh_needs_help/
A rainy day @ Hatirjheel,creativeia2702,22,4,bangladesh,2018-05-25 08:07:46,https://i.redd.it/4ykb7uyytwz01.jpg
Beside my home. @ Hatirjheel,creativeia2702,31,14,bangladesh,2018-05-24 20:51:56,https://i.redd.it/1ohh792ehtz01.jpg
"The Urban Study Group, made up of architects and local volunteers, are fighting to preserve the historic fabric of Puran Dhaka",rambobilai,3,1,bangladesh,2018-03-19 22:04:41,http://www.dhakatribune.com/magazine/2018/03/18/dhakas-heritage-heroes/
Specialised fish market opened in Jatrabari,takubaba,3,0,bangladesh,2017-12-30 18:12:28,http://en.prothomalo.com/economy/news/168644/Specialised-fish-market-opened-in-Jatrabari
Relief Work for Flood victims,rambobilai,11,7,bangladesh,2017-08-18 22:33:05,https://www.reddit.com/r/bangladesh/comments/6uj01m/relief_work_for_flood_victims/
Japan honours Bangladeshi ex-air chief for 1977 Tejgaon airport kidnapping negotiations,takubaba,10,0,bangladesh,2017-05-01 22:39:43,http://www.dhakatribune.com/feature/people-feature/2017/05/01/japan-air-chief-airport-kidnapping/
Luxurious Porsche abandoned at Hatirjheel,takubaba,4,1,bangladesh,2017-04-10 13:39:42,http://www.dhakatribune.com/bangladesh/2017/04/10/luxurious-porsche-abandoned-hatirjheel/
Ahsan Manzil,takubaba,1,1,bangladesh,2017-03-24 16:00:47,https://www.youtube.com/watch?v=fWYw6RsitEw
2017 Bashundhara Bangladesh Open preview interview - Sidduker Rahman,takubaba,2,0,bangladesh,2017-02-01 03:42:40,https://www.youtube.com/watch?v=CGTLdTeUMtQ
"The first female drummer of Bangladesh, Georgina Huq, performed at TSC on the eve of Victory Day.",takubaba,10,0,bangladesh,2016-12-16 22:38:30,http://www.dhakatribune.com/showtime/2016/12/16/first-bangladeshi-female-drummer-takes-stage-44-years/
Lalbagh fort,takubaba,11,1,bangladesh,2016-11-20 21:04:53,https://www.instagram.com/p/BM1EG1hgwnc/
Ahsan Manzil,takubaba,7,0,bangladesh,2016-11-14 17:54:15,https://www.instagram.com/p/BMv3lp5gjXm/
Eight girls have embarked on the journey of employment and have been selling tickets of tourist buses run by HR Transport Agency at the Hatirjheel Project area.,takubaba,1,0,bangladesh,2016-11-09 17:12:53,http://www.thedailystar.net/star-weekend/wind-change-1301671
Sunset at Hatirjheel | Flickr,pani-hoi-jol,9,1,bangladesh,2016-11-04 00:07:55,https://www.flickr.com/photos/tanjil/30437933490/
Brewing up Addas at TSC,takubaba,3,0,bangladesh,2016-10-13 17:42:16,http://www.thedailystar.net/lifestyle/ls-pick/brewing-addas-tsc-1293523
Moghbazar-Mouchak Flyover opened to traffic,takubaba,6,7,bangladesh,2016-09-16 08:28:29,http://www.dhakatribune.com/bangladesh/2016/09/16/moghbazar-mouchak-flyover-opened-traffic/
Smoke still coming out of Bashundhara City shopping complex,thebadconsultant,4,2,bangladesh,2016-08-21 15:56:43,http://www.thedailystar.net/city/fire-breaks-out-bashundhara-city-1273249
diabetes and exercise_ Morning Exercise_ Hatirjheel provati sangho Exerc...,MashiurRahamn,2,0,bangladesh,2016-05-29 11:36:52,https://www.youtube.com/watch?v=Wk5Y4t9F3KQ&amp;feature=share
[Politics] Annisul Huq wanted to shift Karwan Bazaar to Jatrabari &amp; Gabtoli for months?,pani-hoi-jol,3,1,bangladesh,2016-05-02 11:55:02,https://www.reddit.com/r/bangladesh/comments/4hertn/politics_annisul_huq_wanted_to_shift_karwan/
Lalbagh Fort,takubaba,6,0,bangladesh,2016-04-11 18:20:20,https://www.instagram.com/p/BDm3sAeOere/
Authorities demolish Lalbagh Fort wall to build car park,ThatGuyBadIdeas,8,5,bangladesh,2015-06-28 17:47:18,http://www.dhakatribune.com/bangladesh/2015/jun/26/authorities-demolish-lalbagh-fort-wall-build-car-park?utm_content=buffer2bc2c&amp;utm_medium=social&amp;utm_source=facebook.com&amp;utm_campaign=buffer
Khaleda charged with Jatrabari arson attack,rmuktader,2,0,bangladesh,2015-05-06 22:30:56,http://www.thedailystar.net/hartal-violence/khaleda-charged-jatrabari-arson-attack-80807
Luxury attractions in Bangladesh?,JaningPower,9,2,bangladesh,2015-04-21 09:02:09,https://www.reddit.com/r/bangladesh/comments/33bap8/luxury_attractions_in_bangladesh/
Boishakh celebration: Women harassed near TSC | Dhaka Tribune,rmuktader,6,0,bangladesh,2015-04-16 07:47:15,http://www.dhakatribune.com/bangladesh/2015/apr/15/women-sexually-harassed-du-campus
First Bangladeshi student at NYU Tisch Film School makes short film on Shahbag and the liberation war.,rambobilai,3,0,bangladesh,2013-12-17 20:34:41,http://vimeo.com/78397166
Jamuna Future Park,russelljohn,7,2,bangladesh,2013-10-31 09:47:01,http://www.flickr.com/photos/russelljohn/10489248673/
Blood donation required for wounded in Savar.,rambobilai,10,0,bangladesh,2013-04-24 17:43:04,https://www.reddit.com/r/bangladesh/comments/1d059g/blood_donation_required_for_wounded_in_savar/
24 hours @ Shahbag (time lapse),rambobilai,6,0,bangladesh,2013-02-27 23:33:57,http://vimeo.com/60279807
Shahbag Movement - The Expatriate Perspective,rambobilai,2,0,bangladesh,2013-02-12 21:23:38,http://opinion.bdnews24.com/2013/02/12/shahbag-movement-the-expatriate-perspective/
