title,author,upvotes,comments,date,subreddit,polarity,subjectivity,sentiment,emotion,topics
Need a badminton friend,Ambitious-Cut2858,3,2,2025-11-22 18:34:44,bangladesh,0.0,0.0,neutral,anger,"Sports/Recreation, Relationships/Social"
NIRAPAD Alliance Just Launched: A Major National Effort for Mental Health &amp; Cyber Safety 🇧🇩,LopsidedDistance6686,1,1,2025-11-21 08:40:09,bangladesh,-0.018750000000000003,0.35,neutral,neutral,Healthcare/Medical
I was a patient of three different mental health rehab facilities including Pabna mental hospital. AMA.,Old_Mechanic9,5,6,2025-11-20 05:49:02,bangladesh,-0.06666666666666667,0.3333333333333333,neutral,neutral,"Healthcare/Medical, Housing/Real Estate"
বাংলাদেশের ফুটবল স্টেডিয়ামের চারদিকে এতো বিশাল খালি জায়গা থাকে কেন? যেখানে আধুনিক বিশ্বের কোনো স্টেডিয়ামে এমনটা দেখা যায় না।,Massivehit,6,12,2025-11-19 15:54:57,bangladesh,0.0,0.0,neutral,neutral,General/Miscellaneous
gift for cousins from australia (and restaurant recs),sleepislife25,3,1,2025-11-19 15:33:21,bangladesh,0.0,0.0,neutral,neutral,Food/Dining
HISTORIC VICTORY FOR THE COUNTRY!!!,Plastic_Repeat_995,66,9,2025-11-18 22:50:10,bangladesh,0.0,0.0,neutral,neutral,General/Miscellaneous
Looking for a Job.,iamnoman18,5,0,2025-11-18 11:01:00,bangladesh,0.0,0.0,neutral,neutral,Education/Career
Can anyone recommend a place to repair headphone near or close to Dhanmondi?,DisSapo1ntment,6,1,2025-11-18 06:48:37,bangladesh,0.1,0.4,neutral,trust,"Technology/Gadgets, Services/Professional"
Visa on arrival questions,CompetitiveCat8220,2,2,2025-11-16 09:12:32,bangladesh,0.0,0.0,neutral,neutral,Travel/Transportation
How Yunus Deceived BNP at the Last Minute,Alone-Attention-2139,35,35,2025-11-15 18:31:25,bangladesh,0.0,0.06666666666666667,neutral,neutral,General/Miscellaneous
DOT INTERNET 525 tk package,Leather-Lawyer-5026,3,0,2025-11-14 14:35:37,bangladesh,0.0,0.0,neutral,neutral,Technology/Gadgets
Its abt outfit,rrrihaaa,7,4,2025-11-12 01:12:08,bangladesh,0.0,0.0,neutral,neutral,General/Miscellaneous
"If you had 6 months rent-free in a prime Gulshan/Banani duplex, how would you use it to build a business?",Anushirvan,6,7,2025-11-11 00:28:17,bangladesh,0.0,0.0,neutral,neutral,"Housing/Real Estate, Travel/Transportation"
Peace agreement before GTA VI,Sweaty_Topic8036,13,1,2025-11-10 21:13:17,bangladesh,0.0,0.0,neutral,neutral,General/Miscellaneous
"Over a hundred primary school teachers were injured as police used batons, sound grenades, tear gas, and water cannons",Plastic_Repeat_995,15,3,2025-11-10 16:44:44,bangladesh,0.4,0.45,positive,neutral,"Food/Dining, Education/Career, Politics/Government"
Where else to sell my smartphones?,Select-Day-873,2,0,2025-11-10 16:34:42,bangladesh,0.0,0.0,neutral,neutral,"Technology/Gadgets, Shopping/Commerce"
⚠️ Top-listed criminal shot dead in broad daylight,AtikulIslam4142,185,44,2025-11-10 14:55:29,bangladesh,-0.1791666666666667,0.4208333333333334,negative,neutral,Travel/Transportation
"A peanut seller counts his loss as his Tk3,000....",Plastic_Repeat_995,124,6,2025-11-09 15:56:35,bangladesh,0.0,0.0,neutral,neutral,Shopping/Commerce
My 28 months baby still not talking :(,Fancy-Day3847,32,17,2025-11-09 14:43:02,bangladesh,-0.75,1.0,negative,neutral,Healthcare/Medical
Anyone using Finasteride or Minoxidil? Need advice and good doctor recommendations,pulokjk,7,9,2025-11-08 23:36:09,bangladesh,0.7,0.6000000000000001,positive,joy,Healthcare/Medical
Need advice,Fragrant_Drop7397,6,3,2025-11-08 22:31:26,bangladesh,0.0,0.0,neutral,neutral,General/Miscellaneous
My Story,Budget_Platform_3736,47,37,2025-11-07 13:35:35,bangladesh,0.0,0.0,neutral,neutral,General/Miscellaneous
Easy entry to Europe as a masters student.,canttellumyname,4,1,2025-11-06 00:32:58,bangladesh,0.43333333333333335,0.8333333333333334,positive,neutral,General/Miscellaneous
Easy entry to Europe as a masters student.,canttellumyname,3,2,2025-11-06 00:32:53,bangladesh,0.43333333333333335,0.8333333333333334,positive,neutral,General/Miscellaneous
Perfume Decants are a scam,azim-_-,4,7,2025-11-06 00:18:20,bangladesh,0.0,0.0,neutral,neutral,Shopping/Commerce
Delivery Service For My Home Bakery,DirectTone1689,3,5,2025-11-04 23:36:50,bangladesh,0.0,0.0,neutral,neutral,Services/Professional
Chittagong University W or L?,Soul_Sniper_26,1,17,2025-11-04 01:07:16,bangladesh,0.0,0.0,neutral,neutral,Education/Career
Need advice on future plans for studying Physics.,the_wave_equation,4,0,2025-11-02 21:08:34,bangladesh,0.0,0.125,neutral,neutral,Education/Career
The Daily Star Caught Red-Handed using AI-written Article,AtikulIslam4142,63,19,2025-11-02 18:19:22,bangladesh,0.0,0.0,neutral,neutral,General/Miscellaneous
আমি Windows &amp; Android user.,seowithriazul,5,2,2025-11-01 08:39:38,bangladesh,0.0,0.0,neutral,neutral,General/Miscellaneous
Any advice on getting a new passport quickly considering my restrictions?,Oryuuu,3,0,2025-10-31 22:45:39,bangladesh,0.23484848484848483,0.4772727272727273,positive,neutral,General/Miscellaneous
‘No one stood up for her’: Bus helper arrested for hitting woman,fogrampercot,53,13,2025-10-31 16:35:59,bangladesh,0.0,0.0,neutral,neutral,Travel/Transportation
is Killing FAIR?,Basic-Put-1927,4,6,2025-10-31 05:18:35,bangladesh,0.7,0.9,positive,neutral,General/Miscellaneous
Mercury ke medicine hisebe sell kortese,Fluid-Tour-2129,81,32,2025-10-30 20:07:01,bangladesh,0.0,0.0,neutral,neutral,"Healthcare/Medical, Shopping/Commerce"
‘৫ আগস্টে আমরা পুলিশ মেরে ঝুলিয়ে রেখেছি’,AtikulIslam4142,27,2,2025-10-30 18:16:37,bangladesh,0.0,0.0,neutral,neutral,General/Miscellaneous
Japan-based grocery stores,VTorch,2,0,2025-10-30 11:05:48,bangladesh,0.0,0.0,neutral,neutral,Shopping/Commerce
Suggestions needed,FarhanAyan_,2,0,2025-10-29 23:48:26,bangladesh,0.0,0.0,neutral,neutral,General/Miscellaneous
Suggestions needed,FarhanAyan_,2,0,2025-10-29 23:38:51,bangladesh,0.0,0.0,neutral,neutral,General/Miscellaneous
Challenges in Policing (part 2): Those who provide security live without dignity,AtikulIslam4142,19,4,2025-10-29 19:02:01,bangladesh,0.13636363636363635,0.5,positive,neutral,General/Miscellaneous
পোশাক নিয়ে কটুক্তিকারীকে জুতাপেটা করলেন তরুণী,AtikulIslam4142,207,93,2025-10-29 16:50:00,bangladesh,0.0,0.0,neutral,neutral,General/Miscellaneous
Have you ever realized you loved someone too late?,Interesting_Age306,10,6,2025-10-29 15:34:01,bangladesh,0.19999999999999998,0.7,positive,joy,Relationships/Social
Need participants for a study,notkafka311,2,0,2025-10-28 01:09:51,bangladesh,0.0,0.0,neutral,neutral,Education/Career
What are the best options for inter district travel?,Nayuist,1,5,2025-10-27 20:35:08,bangladesh,1.0,0.3,positive,joy,Travel/Transportation
Is your family’s income halal?,United-Life7473,19,50,2025-10-27 19:55:45,bangladesh,0.0,0.0,neutral,neutral,Relationships/Social
WHAT IS YOUR THOUGHT ABOUT FARMGATE METRO RAIL INCIDENT,Flat_South_8384,6,1,2025-10-27 11:25:20,bangladesh,0.0,0.0,neutral,neutral,Travel/Transportation
Pedestrian killed as bearing pad falls from Farmgate metro station; train operations suspended,Necessary-Hunt6104,67,10,2025-10-26 13:49:13,bangladesh,-0.2,0.0,negative,neutral,Travel/Transportation
Wanna start a paintball business,SiaM_AhameD21,30,6,2025-10-25 21:54:04,bangladesh,0.0,0.0,neutral,neutral,Travel/Transportation
"Is it safe to go in a room date in hotels in Dhanmondi? Especially, Nandini?",Embarrassed_Bison_50,4,0,2025-10-25 12:21:57,bangladesh,0.25,0.75,positive,neutral,Travel/Transportation
Looking for someone to play badminton with in Uttara 🏸,BirdApprehensive9273,5,1,2025-10-25 03:53:52,bangladesh,0.0,0.0,neutral,anger,Sports/Recreation
Looking for therapist near Dhanmondi,wanderluststuckhome,2,4,2025-10-23 19:39:28,bangladesh,0.1,0.4,neutral,neutral,General/Miscellaneous
Try plastickothay,Any-Interaction-3192,4,1,2025-10-23 02:49:18,bangladesh,0.0,0.0,neutral,neutral,General/Miscellaneous
Seeking Suggestions for places to Settle-Down,eddieJK1630,4,4,2025-10-22 12:48:25,bangladesh,0.0,0.0,neutral,sadness,General/Miscellaneous
Electronics recycling,Maleficent_Silver560,3,0,2025-10-20 19:26:55,bangladesh,0.0,0.0,neutral,neutral,General/Miscellaneous
Is RETINA a Jamaati organization?,NoSpeaker324,39,24,2025-10-20 17:56:03,bangladesh,0.0,0.0,neutral,neutral,General/Miscellaneous
Awful Experience,snythxox,10,0,2025-10-20 16:46:24,bangladesh,-1.0,1.0,negative,anger,General/Miscellaneous
"Journalist beaten, phone smashed at BNP's Gulshan office",Necessary-Hunt6104,31,6,2025-10-19 21:33:56,bangladesh,0.0,0.0,neutral,neutral,"Food/Dining, Technology/Gadgets"
Looking for like minded people!,Sam_Monsterclaw,37,47,2025-10-18 21:24:14,bangladesh,0.0,0.0,neutral,neutral,General/Miscellaneous
Seeking doctor recommendation for PCOS,nasia_musarat,5,1,2025-10-18 16:04:37,bangladesh,0.0,0.0,neutral,trust,Healthcare/Medical
Struggles as an English medium student,Recent_Carry810,3,0,2025-10-18 10:22:53,bangladesh,0.0,0.0,neutral,sadness,General/Miscellaneous
Jobless for 10 months now.. Anyone else going through a similar struggle?,Condizero,15,8,2025-10-18 00:59:14,bangladesh,0.0,0.4,neutral,sadness,Education/Career
"Got GPA 4.92 (Physics 180, Chemistry 185, Math 151, English A-) — Should I continue Engineering or move to University A Unit?",Fantastic-Permit-383,3,4,2025-10-17 16:18:08,bangladesh,0.0,0.0,neutral,neutral,Education/Career
Reality of the Hsc Result,anonimosus12,11,10,2025-10-16 21:39:19,bangladesh,0.0,0.0,neutral,neutral,General/Miscellaneous
Anyone ever received mail/letters from overseas thru post office?,lonelykidfrom2006,2,1,2025-10-16 21:01:32,bangladesh,0.0,0.0,neutral,neutral,General/Miscellaneous
Looking for a laptop repair shop in Multiplan Center (or near Dhanmondi),VForValhalla-,3,3,2025-10-16 14:39:48,bangladesh,0.0,0.25,neutral,neutral,"Technology/Gadgets, Shopping/Commerce, Services/Professional"
Whats the deal with Stalls in Rabindra Sharabar in Dhanmondi,Ajwad6969,5,0,2025-10-15 23:49:39,bangladesh,0.0,0.0,neutral,neutral,General/Miscellaneous
Best place for hair transplant?,Odd-Machine189,3,1,2025-10-15 19:19:33,bangladesh,1.0,0.3,positive,joy,General/Miscellaneous
RMG workers block road in Uttara's Rajlokkhi over due wages,Necessary-Hunt6104,36,2,2025-10-15 12:49:35,bangladesh,-0.125,0.375,negative,neutral,"Education/Career, Travel/Transportation"
Relationship advice,Famous_Divide6434,10,29,2025-10-15 11:29:13,bangladesh,0.0,0.0,neutral,neutral,Relationships/Social
Mirpur fire,GarbageOk5239,34,8,2025-10-14 22:49:30,bangladesh,0.0,0.0,neutral,neutral,General/Miscellaneous
I wanna study bachelor in abroad help me 🙏🏻,ilovemybmwx5,1,7,2025-10-13 23:35:33,bangladesh,0.0,0.0,neutral,neutral,"Education/Career, Travel/Transportation"
"Energy adviser blames section of politicians, businessmen for crisis in gas sector",Shot-Addendum-809,4,2,2025-10-11 16:30:35,bangladesh,0.0,0.0,neutral,neutral,Travel/Transportation
[AskMeAnything] Hello CS undergrads and recent grads!,Consistent_Deer5403,8,27,2025-10-10 18:41:20,bangladesh,0.0,0.25,neutral,neutral,General/Miscellaneous
Seeking tour guidance,Certain-Chemical470,6,3,2025-10-08 05:22:02,bangladesh,0.0,0.0,neutral,neutral,Travel/Transportation
“Have 5 mins? Help a fellow student finish his thesis on AI in education 😅”,Cautious-Ad8495,4,0,2025-10-08 04:56:19,bangladesh,0.0,0.0,neutral,neutral,General/Miscellaneous
Booze: DHK or COX,YourFavNemesis,2,1,2025-10-06 16:55:22,bangladesh,0.0,0.0,neutral,neutral,General/Miscellaneous
Lovely people with tats! Show off!,Sea_Conversation123,4,27,2025-10-06 08:55:08,bangladesh,0.78125,0.75,positive,joy,"Entertainment, Relationships/Social"
Can I take my vape,NefariousnessThat317,0,13,2025-10-04 13:23:06,bangladesh,0.0,0.0,neutral,neutral,General/Miscellaneous
Is it high time we should detach ourselves from this cursed country?,Due_Butterfly_2114,24,12,2025-10-03 13:29:44,bangladesh,0.16,0.54,positive,neutral,General/Miscellaneous
HOW TO GET INDIAN MEDICAL VISA AT PRESENT,joysutradhar_,5,9,2025-10-01 11:14:41,bangladesh,0.0,0.0,neutral,neutral,Travel/Transportation
Help Needed: Retailer Not Returning IPS Battery Under Warranty,d33pblu7,2,1,2025-09-30 22:51:09,bangladesh,0.0,0.0,neutral,neutral,General/Miscellaneous
HOW TO GET INDIAN MEDICAL VISA AT PRESENT [ Im frustrated😫 ],joysutradhar_,6,3,2025-09-28 11:52:33,bangladesh,0.0,0.0,neutral,anger,Travel/Transportation
Suggest a authentic Notary agency,dark_98_rider,5,0,2025-09-28 11:10:48,bangladesh,0.5,0.75,positive,trust,General/Miscellaneous
"No friends, loosing sanity",iam_tourist,8,5,2025-09-27 22:38:54,bangladesh,0.0,0.0,neutral,neutral,Relationships/Social
Metro rail,PenKindly2513,2,0,2025-11-23 11:46:04,dhaka,0.0,0.0,neutral,neutral,Travel/Transportation
CA as a non commerce background student,NumerousCow4,2,0,2025-11-23 11:15:39,dhaka,0.0,0.0,neutral,neutral,General/Miscellaneous
The purity culture in this country frustrates me,Separate-Apartment-8,27,33,2025-11-23 10:34:26,dhaka,0.0,0.0,neutral,neutral,General/Miscellaneous
Earthquake and the Media!,Mehran_Uzumaki,13,7,2025-11-23 09:38:26,dhaka,0.0,0.0,neutral,neutral,General/Miscellaneous
"Best places for making out in Merul Badda zone, near BRAC University",_not__your__type_,0,17,2025-11-23 09:06:45,dhaka,0.55,0.35,positive,joy,Education/Career
What can I do?,gunpowder2025,1,0,2025-11-23 03:48:37,dhaka,0.0,0.0,neutral,neutral,General/Miscellaneous
Trusted sites to order stuff from usa?,skeletal_sniper,3,4,2025-11-23 02:59:24,dhaka,0.0,0.0,neutral,trust,General/Miscellaneous
New Facist is loading,RazzmatazzStrict,3,1,2025-11-23 02:21:14,dhaka,0.13636363636363635,0.45454545454545453,positive,neutral,General/Miscellaneous
Study for Architecture,Ok_Veterinarian9266,8,3,2025-11-23 01:23:52,dhaka,0.0,0.0,neutral,neutral,Education/Career
Fear mongering- How much of it is true?,rainy-icee,22,18,2025-11-23 00:41:36,dhaka,0.35,0.65,positive,fear,General/Miscellaneous
Is depression something to brag about???,LiteratureStrange450,28,33,2025-11-23 00:05:59,dhaka,0.0,0.0,neutral,neutral,General/Miscellaneous
Evening Master’s courses at KU,Puzzleheaded_Mine992,1,0,2025-11-22 23:18:04,dhaka,0.0,0.0,neutral,neutral,Education/Career
Phone Stolen at Airport Railway Station,Clear-Stop-1087,1,0,2025-11-22 23:12:20,dhaka,0.0,0.0,neutral,neutral,Technology/Gadgets
Earthquake and fear mongering by News outlets,sadn_,10,5,2025-11-22 23:07:08,dhaka,0.0,0.0,neutral,fear,General/Miscellaneous
Are these actually foreshocks or aftershocks??,Cold-Mess3019,6,7,2025-11-22 22:24:43,dhaka,0.0,0.1,neutral,neutral,General/Miscellaneous
SSC 26 need help,DrySuspect5165,2,1,2025-11-22 22:02:06,dhaka,0.0,0.0,neutral,neutral,General/Miscellaneous
how are you guys dealing with the paranoia and anxiety about earthquakes,NextTopWhoever,8,26,2025-11-22 22:01:58,dhaka,0.0,0.0,neutral,neutral,General/Miscellaneous
Career dilemma,Flimsy_Rope_781,4,8,2025-11-22 21:58:21,dhaka,0.0,0.0,neutral,neutral,Education/Career
road bikes koi thik kore?,DrySuspect5165,2,0,2025-11-22 21:46:14,dhaka,0.0,0.0,neutral,neutral,Travel/Transportation
Where to find a civil/structural engineer?,ChocolateAromatic648,3,1,2025-11-22 21:27:53,dhaka,0.0,0.0,neutral,neutral,General/Miscellaneous
Need Advice...HSC-26,Alternative_Lake9445,2,4,2025-11-22 21:22:54,dhaka,0.0,0.0,neutral,neutral,General/Miscellaneous
Need advice on how to be financially self-reliant,Exotic-Chair-6960,2,0,2025-11-22 21:16:36,dhaka,0.0,0.0,neutral,neutral,General/Miscellaneous
A question (especially to hsc 25) regarding practicals,Mean_Common_5269,0,7,2025-11-22 21:13:54,dhaka,0.0,1.0,neutral,neutral,General/Miscellaneous
How can i move forward respectfully when my family doesn't support my small online business idea?,n_artistic,8,9,2025-11-22 20:39:56,dhaka,0.125,0.55,positive,neutral,"Shopping/Commerce, Travel/Transportation, Relationships/Social"
Earthquake!,Bulky_Penalty1027,13,19,2025-11-22 20:23:21,dhaka,0.0,0.0,neutral,neutral,General/Miscellaneous
Hi people....,No_Tailor2427,7,10,2025-11-22 19:48:43,dhaka,0.0,0.0,neutral,neutral,General/Miscellaneous
3 earthquaks in one day,Watch-Recent,17,17,2025-11-22 19:38:40,dhaka,0.0,0.0,neutral,neutral,General/Miscellaneous
Are these recent tremors foreshocks or aftershocks?,ruhul0,20,24,2025-11-22 18:50:37,dhaka,0.0,0.25,neutral,neutral,General/Miscellaneous
Earthquake Alert App,Mahfuz-shihab,2,20,2025-11-22 18:39:47,dhaka,0.0,0.0,neutral,neutral,Technology/Gadgets
Sayedabad Bus Terminal,Advanced_Budget7301,1,6,2025-11-22 18:21:42,dhaka,0.0,0.0,neutral,anger,Travel/Transportation
Earthquake Again?,Due_Fly_6934,63,71,2025-11-22 18:11:58,dhaka,0.0,0.0,neutral,neutral,General/Miscellaneous
Quake round 2 &amp; 3,humble_akhBD,19,18,2025-11-22 18:10:38,dhaka,-0.2,0.4,negative,neutral,General/Miscellaneous
Another small earthquake?,Massive-Bank3059,16,18,2025-11-22 18:10:00,dhaka,-0.25,0.4,negative,neutral,General/Miscellaneous
I think there was a aftershock just now,No_0ne_1m,30,51,2025-11-22 18:09:42,dhaka,0.0,0.0,neutral,neutral,General/Miscellaneous
Daraz refund on card,def-not-dev,4,1,2025-11-22 17:57:11,dhaka,0.0,0.0,neutral,neutral,General/Miscellaneous
Politics of BNP after August 5,RazzmatazzStrict,2,2,2025-11-22 17:57:07,dhaka,0.0,0.0,neutral,neutral,Politics/Government
Best online perfume store,Josephpainster,3,8,2025-11-22 17:31:21,dhaka,1.0,0.3,positive,joy,Shopping/Commerce
Suggestions for Gym (Gents Only),GhostSunless,2,3,2025-11-22 17:05:25,dhaka,0.0,1.0,neutral,neutral,Sports/Recreation
My rideshare biker left me on the road but took the bike with him. I was still sitting… mentally.,Medium_Push8841,90,27,2025-11-22 16:54:03,dhaka,-0.05,0.1,neutral,neutral,Travel/Transportation
Need information regarding this,Foreign_Hat_3852,2,1,2025-11-22 16:45:57,dhaka,0.0,0.0,neutral,neutral,General/Miscellaneous
He didn’t leave on his own,WasteCrow8280,10,31,2025-11-22 16:29:51,dhaka,0.6,1.0,positive,neutral,General/Miscellaneous
English Medium Schools.,Grouchy-Put7676,5,4,2025-11-22 16:21:14,dhaka,0.0,0.0,neutral,neutral,Education/Career
Dark circles,Ashamed_Elephant8047,2,8,2025-11-22 16:05:51,dhaka,-0.15,0.4,negative,neutral,General/Miscellaneous
How do I get my HSC certificates and transcript?,pandemonium10,1,2,2025-11-22 16:00:34,dhaka,0.0,0.0,neutral,neutral,General/Miscellaneous
What's the best minoxidil brand ?,NoPapercrowns,2,15,2025-11-22 14:06:00,dhaka,1.0,0.3,positive,joy,General/Miscellaneous
Found these cracks in my wall after the recent earthquake. Should I be worried?,MasaniYasin,183,68,2025-11-22 13:31:22,dhaka,0.0,0.25,neutral,fear,General/Miscellaneous
Information on liver disease specialists,notkafka311,2,2,2025-11-22 12:44:39,dhaka,0.0,0.0,neutral,neutral,Healthcare/Medical
Earthquake again in Gazipur,No-unluck-13,24,24,2025-11-22 12:44:29,dhaka,0.0,0.0,neutral,neutral,General/Miscellaneous
চট্টগ্রাম লালদিয়া বন্দর বিদেশি কোম্পানির হাতে ব্যাপারে আপনার কি মনে হয়?,Cool_Reflection9165,8,33,2025-11-22 12:29:20,dhaka,0.0,0.0,neutral,neutral,General/Miscellaneous
Help please,Abrar72,7,4,2025-11-22 11:58:08,dhaka,0.0,0.0,neutral,neutral,Housing/Real Estate
Suggest an AdBlock for my Android.,realfahimislam,6,12,2025-11-22 11:41:16,dhaka,0.0,0.0,neutral,neutral,General/Miscellaneous
any thinkpad users?,Outrageous_Big4236,4,4,2025-11-22 11:36:40,dhaka,0.0,0.0,neutral,neutral,General/Miscellaneous
Best Tour Place Suggestions for Couples in December,Captain_Sparrow07,2,7,2025-11-22 11:09:34,dhaka,1.0,0.3,positive,joy,"Travel/Transportation, Relationships/Social"
how safe are the Travela private rooms nowadays?,sahab_436,1,2,2025-11-22 11:00:52,dhaka,0.25,0.4375,positive,neutral,Travel/Transportation
Where i can sell my used clothes? (Male),Extension_Gene_5600,7,4,2025-11-22 10:09:34,dhaka,0.0,0.1,neutral,neutral,Shopping/Commerce
Looking for a place to live,Wooden-Ferret-21,2,0,2025-11-22 10:06:17,dhaka,0.13636363636363635,0.5,positive,neutral,General/Miscellaneous
Feeling Burnt Out From All Sides,Altruistic-Drama447,15,8,2025-11-22 10:05:30,dhaka,0.0,0.0,neutral,neutral,General/Miscellaneous
[HSC ’27] Should I Hire a Tutor or Join a Batch? Need an advice,EuphoricGeneral3848,4,6,2025-11-22 09:54:00,dhaka,0.0,0.0,neutral,neutral,General/Miscellaneous
Need you at Westin today.,ridkc,17,4,2025-11-22 08:52:39,dhaka,0.0,0.0,neutral,neutral,General/Miscellaneous
Looking for gym suggestions,Girthious_MAXIMUS_IV,2,1,2025-11-22 08:46:29,dhaka,0.0,0.0,neutral,neutral,Sports/Recreation
Trying to learn business but damn… it’s harder than I thought,MrMahin,5,3,2025-11-22 02:48:51,dhaka,-0.1,0.0,neutral,sadness,Travel/Transportation
How to control myself,Traditional_Box474,7,8,2025-11-22 02:38:29,dhaka,0.0,0.0,neutral,neutral,General/Miscellaneous
Earthquake Expert,RazzmatazzStrict,2,0,2025-11-22 02:05:17,dhaka,0.0,0.0,neutral,neutral,General/Miscellaneous
Hello,Both_Development4690,8,44,2025-11-22 01:45:00,dhaka,0.0,0.0,neutral,neutral,General/Miscellaneous
Share your call centre work experience,General_Pineapple_28,4,1,2025-11-22 01:26:44,dhaka,0.0,0.0,neutral,neutral,Education/Career
Perfumes suggestion,According_Row5640,3,19,2025-11-22 01:23:55,dhaka,0.0,0.0,neutral,neutral,General/Miscellaneous
What country &amp; Master’s course to apply for?,GrandGuava,2,0,2025-11-22 00:51:03,dhaka,0.0,0.0,neutral,neutral,"Technology/Gadgets, Education/Career"
Where can I buy an effective mosquito spray?,Pall_umbra,5,9,2025-11-22 00:03:40,dhaka,0.6,0.8,positive,neutral,Shopping/Commerce
"Face 5 shades darker than body, Help me fix this shi fr",Deep_Childhood_6729,7,23,2025-11-21 23:13:09,dhaka,0.0,0.0,neutral,neutral,General/Miscellaneous
Please help!!,Budget_Ad_1684,5,3,2025-11-21 22:26:55,dhaka,0.0,0.0,neutral,neutral,Housing/Real Estate
Share your earthquake story.,Status_Revolution_25,23,51,2025-11-21 22:21:10,dhaka,0.0,0.0,neutral,neutral,General/Miscellaneous
Credit/ Debit cards,PsychologicalFun1314,2,15,2025-11-21 21:53:28,dhaka,0.0,0.0,neutral,neutral,General/Miscellaneous
Couple restaurant in Sylhet,silverstone14,1,8,2025-11-21 21:32:21,dhaka,0.0,0.0,neutral,neutral,"Food/Dining, Relationships/Social"
Need Book/Self-Study Resources Suggestion- Please Help if you can.,__deepto,3,2,2025-11-21 21:20:53,dhaka,0.0,0.0,neutral,neutral,"Housing/Real Estate, Education/Career"
Suggestion for Business,Yousuf_2752,4,1,2025-11-21 21:11:24,dhaka,0.0,0.0,neutral,neutral,Travel/Transportation
18f i got called in for an interview as a waitress,Amazing_Concept_2568,24,50,2025-11-21 21:07:13,dhaka,0.0,0.0,neutral,neutral,General/Miscellaneous
Looking for a tutor,Low-Example1,1,1,2025-11-21 20:41:23,dhaka,0.0,0.0,neutral,neutral,General/Miscellaneous
Earthquake-Aftershocks,rion__2036,11,13,2025-11-21 19:39:03,dhaka,0.0,0.0,neutral,neutral,General/Miscellaneous
Today's earthquake,astra_t,15,24,2025-11-21 19:37:27,dhaka,0.0,0.0,neutral,neutral,General/Miscellaneous
A-team er Khela ke ke dekhsen?,VariousSherbert2563,1,9,2025-11-21 19:36:11,dhaka,0.0,0.0,neutral,neutral,Food/Dining
A stray but friendly cat issue,Mkhasan280,3,13,2025-11-21 19:29:35,dhaka,0.375,0.5,positive,neutral,Relationships/Social
আজকের ভুমিকম্প আর আমি (জীবন থেকে নেয়া),BothPresentation539,45,32,2025-11-21 18:54:14,dhaka,0.0,0.0,neutral,neutral,General/Miscellaneous
Best psychiatrist for maladaptive daydreaming,SheRuminates,12,29,2025-11-21 17:08:01,dhaka,1.0,0.3,positive,joy,Healthcare/Medical
Online ticket,Jazzlike-Ad-2261,2,2,2025-11-21 16:53:26,dhaka,0.0,0.0,neutral,neutral,Shopping/Commerce
A Controversial Question to Girls here!,SpinachDesigner3346,74,52,2025-11-21 16:46:11,dhaka,0.6875,0.95,positive,neutral,General/Miscellaneous
A deathtrap.,hachiware333,29,14,2025-11-21 15:48:05,dhaka,0.0,0.0,neutral,neutral,Food/Dining
next earthquake?,Maximum-Evening3904,4,3,2025-11-21 15:46:27,dhaka,0.0,0.0,neutral,neutral,General/Miscellaneous
If you had to rank all the political parties how would you rank them?,hackerbong,4,47,2025-11-21 15:26:54,dhaka,-0.5333333333333333,0.6333333333333333,negative,neutral,General/Miscellaneous
How bad was the Earthquake?,SpeeedFreee,25,53,2025-11-21 14:22:00,dhaka,-0.6999999999999998,0.6666666666666666,negative,anger,General/Miscellaneous
Loser!,ambivert_person,9,32,2025-11-21 14:07:24,dhaka,0.0,0.0,neutral,neutral,General/Miscellaneous
Ages from 24-30 is one of the hardest stages of life,ILikeYourMomAndSis,7,6,2025-11-21 13:26:25,dhaka,0.0,0.0,neutral,sadness,General/Miscellaneous
Earthquake,wastedwashingmachine,0,19,2025-11-21 13:17:42,dhaka,0.0,0.0,neutral,neutral,General/Miscellaneous
Earthquake and Guilt Tripping,AdvantageNorth1032,187,134,2025-11-21 12:51:20,dhaka,0.0,0.0,neutral,neutral,Travel/Transportation
Today's earthquake,Empress-Of-Tabbies,12,10,2025-11-21 12:50:07,dhaka,0.0,0.0,neutral,neutral,General/Miscellaneous
Negative news,No_Tailor2427,9,16,2025-11-21 12:20:43,dhaka,-0.3,0.4,negative,neutral,General/Miscellaneous
Power of Attorney,d33pblu7,3,1,2025-11-21 12:18:45,dhaka,0.0,0.0,neutral,neutral,General/Miscellaneous
Earthquake,Achilles2729,5,2,2025-11-21 12:14:57,dhaka,0.0,0.0,neutral,neutral,General/Miscellaneous
When is the next earthquake?,JsdJoys_729,18,42,2025-11-21 12:11:11,dhaka,0.0,0.0,neutral,neutral,General/Miscellaneous
Which is safer?,Worldly-Fill-5282,14,20,2025-11-21 12:01:41,dhaka,0.0,0.0,neutral,neutral,General/Miscellaneous
Severe Earthquake in Narsingdi,ProfileOriginal3865,8,4,2025-11-21 11:54:05,dhaka,0.0,0.0,neutral,neutral,General/Miscellaneous
I hope everybody's okay,Dry_Extension6091,71,36,2025-11-21 11:47:39,dhaka,0.5,0.5,positive,neutral,General/Miscellaneous
Earthquake alerts on iPhone,Mehran_Uzumaki,16,20,2025-11-21 11:31:58,dhaka,0.0,0.0,neutral,neutral,Technology/Gadgets
Earthquake: A building just beside the one I stay in got damaged,atikshakur,26,12,2025-11-21 11:02:34,dhaka,0.0,0.0,neutral,neutral,Housing/Real Estate
Earthquake!!!,Automatic355,32,20,2025-11-21 10:56:13,dhaka,0.0,0.0,neutral,neutral,General/Miscellaneous
Estimated magnitude 5.2 earthquake,humble_akhBD,153,206,2025-11-21 10:42:37,dhaka,0.0,0.0,neutral,neutral,General/Miscellaneous
How do you maintain mental health in a private university environment where people feel double-faced and toxic?,x0verdose,15,21,2025-11-21 10:29:17,dhaka,-0.05,0.2875,neutral,neutral,"Healthcare/Medical, Education/Career"
Vacancy post for a marketing agency,Bored_Panda36,2,1,2025-11-21 08:57:07,dhaka,0.0,0.0,neutral,neutral,Shopping/Commerce
how to remember biology,Embarrassed_Tip_41,4,6,2025-11-21 07:13:11,dhaka,0.0,0.0,neutral,neutral,General/Miscellaneous
Curse!,GlitchShot-7,13,10,2025-11-21 05:59:28,dhaka,0.0,0.0,neutral,neutral,General/Miscellaneous
Car Discussion subreddit!,notjustrafa,4,2,2025-11-21 05:05:00,dhaka,0.0,0.0,neutral,neutral,General/Miscellaneous
Payoneer safe or nah?,PotatoMoney6765,4,2,2025-11-21 03:21:42,dhaka,0.5,0.5,positive,neutral,General/Miscellaneous
How is she even in jail? Is push in her fault?,Old_Mechanic9,3,5,2025-11-21 02:55:00,dhaka,-0.1,0.0,neutral,neutral,General/Miscellaneous
Custom Hoodie/ Jacket for my dept,walpurgis088,4,1,2025-11-21 02:09:20,dhaka,0.0,0.0,neutral,neutral,General/Miscellaneous
Value for money pod,Intelligent_Ease4494,1,3,2025-11-21 01:42:56,dhaka,0.0,0.0,neutral,neutral,General/Miscellaneous
Money,Aggressive-Tooth-231,6,7,2025-11-21 01:21:58,dhaka,0.0,0.0,neutral,neutral,General/Miscellaneous
Help!,Global-Scientist2235,0,9,2025-11-21 01:18:05,dhaka,0.0,0.0,neutral,neutral,General/Miscellaneous
Whoop User anyone?,Chance-Antelope8806,0,5,2025-11-21 00:24:07,dhaka,0.0,0.0,neutral,neutral,General/Miscellaneous
Should I buy Iphone 13 rn?,dummybubble_,6,16,2025-11-21 00:22:16,dhaka,0.0,0.0,neutral,neutral,"Technology/Gadgets, Shopping/Commerce"
where can i find it?,Delicious_Plane_4809,2,3,2025-11-21 00:15:38,dhaka,0.0,0.0,neutral,neutral,General/Miscellaneous
Ansys  help,Poseidon-005,6,0,2025-11-20 23:48:32,dhaka,0.0,0.0,neutral,neutral,General/Miscellaneous
Earbuds Suggestion,rakibul_hasan_nishat,3,0,2025-11-20 23:20:25,dhaka,0.0,0.0,neutral,neutral,General/Miscellaneous
How to get free classes of udvash? ?,Existing-Being-2789,3,8,2025-11-20 22:58:19,dhaka,0.4,0.8,positive,neutral,General/Miscellaneous
Best Law faculty after DU,IcyAbbreviations2054,6,14,2025-11-20 22:56:47,dhaka,1.0,0.3,positive,joy,Politics/Government
Good Cook?,aunnyglitch,11,25,2025-11-20 22:44:58,dhaka,0.7,0.6000000000000001,positive,joy,General/Miscellaneous
"জয় বাংলা, ফা-সি এবার সামলা। নৌকার বিটে নতুন গান | Joy Bangla Song Reverse",melodeathGR,2,0,2025-11-20 22:25:43,dhaka,0.8,0.2,positive,neutral,General/Miscellaneous
Looking for some quick gigs to earn money,PsychologicalAge8927,2,9,2025-11-20 22:25:42,dhaka,0.3333333333333333,0.5,positive,neutral,General/Miscellaneous
For hire! Work from home!,systematicallydead,0,7,2025-11-20 22:02:03,dhaka,0.0,0.0,neutral,neutral,Education/Career
Learning video editing from scratch.,Ghost_FS9,15,9,2025-11-20 20:20:11,dhaka,0.0,0.0,neutral,neutral,Education/Career
Research Paper Survey Questionnaire,FarhanIslam,3,0,2025-11-20 20:18:40,dhaka,0.0,0.0,neutral,neutral,General/Miscellaneous
iFarmer. Is it good or scam?,zke14,3,5,2025-11-20 20:14:26,dhaka,0.7,0.6000000000000001,positive,joy,Shopping/Commerce
Some thought on textile engineering,nirobaction,1,0,2025-11-20 20:13:50,dhaka,0.0,0.0,neutral,neutral,General/Miscellaneous
Thinking of Visiting Ispahani Eye Hospital — How’s the Queue &amp; Service?,Suspicious_Cheek3878,4,6,2025-11-20 20:11:52,dhaka,0.0,0.0,neutral,neutral,"Healthcare/Medical, Services/Professional"
Music,Ok_Entrepreneur_2812,3,5,2025-11-20 19:59:04,dhaka,0.0,0.0,neutral,neutral,Entertainment
Best Places for a quiet solo stay in this winter?,InevitableHot1851,1,6,2025-11-20 19:18:14,dhaka,0.5,0.31666666666666665,positive,joy,General/Miscellaneous
Does feminism exist in Jamaat?,fatal-rose-3047,45,86,2025-11-20 18:45:13,dhaka,0.0,0.0,neutral,neutral,General/Miscellaneous
Cheese suggestion for pizza,Professional-Tiger57,3,2,2025-11-20 18:32:28,dhaka,0.0,0.0,neutral,neutral,Food/Dining
Suggest me Gelato Places,Known_Ad_7748,2,3,2025-11-20 16:33:34,dhaka,0.0,0.0,neutral,neutral,General/Miscellaneous
Recommendations for good hair cut &amp; hair color places in Bogra?,Zed18_,3,2,2025-11-20 15:54:44,dhaka,0.7,0.6000000000000001,positive,joy,General/Miscellaneous
Vitamin D,No_Tailor2427,6,33,2025-11-20 13:58:43,dhaka,0.0,0.0,neutral,neutral,General/Miscellaneous
Is 256 GB enough or should I get 512 GB,No-Volume2455,8,56,2025-11-20 13:52:23,dhaka,0.0,0.5,neutral,neutral,General/Miscellaneous
Ostad's c#. Net core course review,lonely-Catto,1,2,2025-11-20 13:33:48,dhaka,0.0,0.0,neutral,neutral,Education/Career
Does anyone know any Chinese Importer?,SalaryImpressive7469,1,5,2025-11-20 13:21:12,dhaka,0.0,0.0,neutral,neutral,General/Miscellaneous
creatine suggestions,ziszaman,0,13,2025-11-20 13:10:41,dhaka,0.0,0.0,neutral,neutral,Food/Dining
Do you consider carrying phone as a student illegal?,SE9A,7,13,2025-11-20 13:02:09,dhaka,-0.5,0.5,negative,neutral,"Technology/Gadgets, Services/Professional"
Confused on how to earn money as a young female,JealousCompote4509,4,44,2025-11-20 12:37:40,dhaka,-0.10000000000000002,0.4222222222222223,negative,neutral,General/Miscellaneous
Tech Guy Seeks Roommate/Benefactor - Skills for Rent!,hossainbillal,2,0,2025-11-20 12:27:52,dhaka,0.0,0.0,neutral,neutral,"Housing/Real Estate, Technology/Gadgets"
"Toggi fun world, Bashundhara Shopping mall",Holiday_Fee6722,7,1,2025-11-20 12:23:47,dhaka,0.3,0.2,positive,neutral,Shopping/Commerce
Bachelors in South Korea,LilNoirito,8,14,2025-11-20 12:01:31,dhaka,0.0,0.0,neutral,neutral,General/Miscellaneous
Wanna sell my Intel Arc A750 8GB,Illustrious_Coat_462,2,9,2025-11-20 07:42:22,dhaka,0.0,0.0,neutral,neutral,Shopping/Commerce
Psychologist,Square-Box-1043,4,2,2025-11-20 07:16:53,dhaka,0.0,0.0,neutral,neutral,General/Miscellaneous
Hotel Review,Technical-Midnight73,2,1,2025-11-20 06:10:43,dhaka,0.0,0.0,neutral,neutral,Travel/Transportation
I was in three different rehab mental health facilities including Pabna mental hospital. AMA.,Old_Mechanic9,50,49,2025-11-20 05:46:13,dhaka,-0.06666666666666667,0.3333333333333333,neutral,neutral,"Healthcare/Medical, Housing/Real Estate"
Proud Son of Rajakar,RazzmatazzStrict,3,0,2025-11-20 03:48:21,dhaka,0.8,1.0,positive,neutral,General/Miscellaneous
Which will be the All-rounder?,Environmental_Cry214,1,19,2025-11-20 02:49:47,dhaka,0.0,0.0,neutral,neutral,General/Miscellaneous
got into a harassment for no reason,Beneficial_Mouse_279,41,72,2025-11-20 02:24:23,dhaka,0.0,0.0,neutral,neutral,General/Miscellaneous
"Arrival of New Shahriar, Govt should award him Independence Award.",RazzmatazzStrict,1,0,2025-11-20 01:51:38,dhaka,0.13636363636363635,0.45454545454545453,positive,neutral,General/Miscellaneous
where to buy ps5 and how much?,StrangeFile8991,8,19,2025-11-20 01:24:02,dhaka,0.2,0.2,positive,neutral,Shopping/Commerce
Fingerprint issue at NID office. Any help from people who faced this before?,Sanim-99,2,1,2025-11-20 01:22:41,dhaka,0.0,0.0,neutral,neutral,General/Miscellaneous
anyone know anything about music production?,frustratedcigs,5,10,2025-11-20 01:18:42,dhaka,0.0,0.0,neutral,neutral,"Shopping/Commerce, Entertainment"
Looking for a spot,BreakfastAutomatic52,3,9,2025-11-20 00:49:09,dhaka,0.0,0.0,neutral,neutral,General/Miscellaneous
Need advice,Budget_Ad_1684,4,7,2025-11-20 00:03:01,dhaka,0.0,0.0,neutral,neutral,General/Miscellaneous
thriller books,cat-woman2005,6,19,2025-11-19 23:51:43,dhaka,0.0,0.0,neutral,neutral,General/Miscellaneous
How can I help my little brother improve his English pronunciation and spelling,ResponsibleFudge8955,9,15,2025-11-19 23:47:07,dhaka,-0.09375,0.25,neutral,neutral,General/Miscellaneous
masters in US,renluvr,5,4,2025-11-19 23:45:25,dhaka,0.0,0.0,neutral,neutral,General/Miscellaneous
Gift ideas,PotatoMoney6765,10,6,2025-11-19 23:20:35,dhaka,0.0,0.0,neutral,neutral,General/Miscellaneous
Sitcom,rifwix,7,34,2025-11-19 23:18:32,dhaka,0.0,0.0,neutral,neutral,General/Miscellaneous
Jobless,Adventurous_Milk_425,13,10,2025-11-19 23:12:50,dhaka,0.0,0.0,neutral,neutral,Education/Career
career,Less_Proposal4848,1,2,2025-11-19 23:09:17,dhaka,0.0,0.0,neutral,neutral,Education/Career
Advice,WasteCrow8280,3,12,2025-11-19 22:52:26,dhaka,0.0,0.0,neutral,neutral,General/Miscellaneous
Gift Suggetion,Suvojit_Sarker,4,3,2025-11-19 22:43:39,dhaka,0.0,0.0,neutral,neutral,General/Miscellaneous
BRAC University’s Architecture requirements feel kinda unusual,CapsLockChaos,4,18,2025-11-19 22:28:22,dhaka,0.2,1.0,positive,neutral,Education/Career
The lawyer appointed for Sheikh Hasina in the kangaroo court.,New_Edge360,1,0,2025-11-19 22:13:51,dhaka,0.0,0.0,neutral,neutral,"Technology/Gadgets, Politics/Government, Services/Professional"
Where can I download my SSC &amp; HSC marksheets online?,Acceptable-One-7793,1,7,2025-11-19 21:46:36,dhaka,0.0,0.0,neutral,sadness,Shopping/Commerce
Why do female first-class government officers wear suits over their sarees and prefer being addressed as “Sir” instead of “Madam”?,the-machine-m4n,2,7,2025-11-19 21:16:02,dhaka,0.0,0.16666666666666666,neutral,neutral,"Food/Dining, Politics/Government"
Looking for a place to live,Wooden-Ferret-21,5,0,2025-11-22 10:13:55,bangladesh,0.13636363636363635,0.5,positive,neutral,General/Miscellaneous
Is getting a good partner really this hard in today’s era?,themrnotfound,10,21,2025-11-20 17:08:17,bangladesh,0.20277777777777772,0.44722222222222224,positive,joy,General/Miscellaneous
Seeking For Help,Nabanita94,5,3,2025-11-14 19:33:44,bangladesh,0.0,0.0,neutral,neutral,General/Miscellaneous
"Looking for a quiet place to study, preferably a café or library near Bashundhara R/A.",ais_21,5,2,2025-10-25 08:44:55,bangladesh,0.05,0.3666666666666667,neutral,neutral,Education/Career
"Lt. Col. Redwan, who shot students in Rampura-Banasree in July finally arrested",ultrahex007,155,13,2025-10-22 14:50:42,bangladesh,0.0,1.0,neutral,neutral,General/Miscellaneous
Help post,Artistic-Factor-8000,2,0,2025-10-16 17:10:23,bangladesh,0.0,0.0,neutral,neutral,General/Miscellaneous
BNP needs to get into populist politics FAST (I’m a DU student),throwaway11152127,65,40,2025-09-19 08:00:43,bangladesh,0.2,0.6,positive,neutral,Politics/Government
He Trusted a Girl Online....Almost Paid With His Life.,ShadowProfiler-I,64,36,2025-09-11 20:33:38,bangladesh,0.0,0.0,neutral,trust,Shopping/Commerce
Jatrabari murder case: CID files application to keep Tawhid Afridi in jail,Alone-Attention-2139,7,0,2025-08-30 15:56:28,bangladesh,-0.1,0.0,neutral,neutral,Technology/Gadgets
Any Shared Office or Coworking Office Space near Khilgaon / Bashabo / Banasree Area?,BlackReaper619,5,2,2025-07-29 21:38:16,bangladesh,0.1,0.4,neutral,neutral,Education/Career
Need A part time job near Mohakhali/Gulshan 1/Tejgaon,Intelligent-Chard93,4,5,2025-07-29 02:44:59,bangladesh,0.1,0.4,neutral,neutral,Education/Career
"Looking for Affordable &amp; Quality DTF Printing &amp; Heat Pressing Near Khilgaon, Motijheel, or Malibagh.",Ari_the_pixel_ninja,2,0,2025-07-24 18:13:30,bangladesh,0.1,0.4,neutral,neutral,Food/Dining
i got 1147 marks on ssc (science) id like some college suggestions,cheeryybombs,7,25,2025-07-23 21:56:52,bangladesh,0.0,0.0,neutral,neutral,Education/Career
Need help to forget female best friend,Hopeful-Author8162,0,19,2025-07-20 13:01:33,bangladesh,0.5,0.23333333333333334,positive,joy,Relationships/Social
Find friends,Sa_Fi12,2,8,2025-07-20 00:27:51,bangladesh,0.0,0.0,neutral,neutral,Relationships/Social
Looking for friends,Sa_Fi12,0,4,2025-07-19 02:17:47,bangladesh,0.0,0.0,neutral,neutral,Relationships/Social
suggest some cafe/restaurants in khilgaon for private time,Mahmudul_Hasan27,0,0,2025-07-17 02:48:11,bangladesh,0.0,0.375,neutral,neutral,Food/Dining
Kittens for Adoption,snakesyle16,17,7,2025-07-16 19:44:58,bangladesh,0.0,0.0,neutral,neutral,General/Miscellaneous
Kittens Up for Adoption.,snakesyle16,63,9,2025-07-15 17:34:25,bangladesh,0.0,0.0,neutral,neutral,General/Miscellaneous
Question for IQ users,dest_v18,6,1,2025-07-10 17:37:55,bangladesh,0.0,0.0,neutral,neutral,General/Miscellaneous
Passport,Iam_Touhid,2,0,2025-06-22 11:09:41,bangladesh,0.0,0.0,neutral,neutral,General/Miscellaneous
Help Post,Abirhasan451,3,1,2025-06-22 01:34:45,bangladesh,0.0,0.0,neutral,neutral,General/Miscellaneous
Justice system: reformed or the same as before?,Zetafunction64,8,6,2025-05-28 10:39:46,bangladesh,0.0,0.125,neutral,neutral,General/Miscellaneous
Govt covered up corruption of shipping ministry calling this letter fake - Zulkarnain,VapeyMoron,20,11,2025-05-17 00:08:12,bangladesh,-0.5,1.0,negative,neutral,General/Miscellaneous
Need ENT &amp; Eye Specialist Recommendations,abcrafsan,4,0,2025-04-21 19:47:04,bangladesh,0.0,0.0,neutral,trust,General/Miscellaneous
Scammer maybe?,jeezy360not,8,3,2025-04-18 01:19:17,bangladesh,0.0,0.0,neutral,neutral,Shopping/Commerce
Study spot,hunahe,2,1,2025-04-06 11:00:33,bangladesh,0.0,0.0,neutral,neutral,Education/Career
Guy who physically assaulted and called Mob on smoking girls got arrested,VapeyMoron,1,3,2025-03-10 15:15:20,bangladesh,0.0,0.14285714285714285,neutral,neutral,General/Miscellaneous
More of this please!!,Cezanne_,95,12,2025-03-10 14:11:11,bangladesh,0.78125,0.5,positive,neutral,Housing/Real Estate
Bashundhara’s Loan Rescheduling: Ahsan Mansur facilitating highway robbery in broad daylight?,Anxious_Flatworm7019,7,3,2025-03-07 21:41:06,bangladesh,0.0625,0.3125,neutral,neutral,Travel/Transportation
An armed criminal was given medical treatment and let go by Police,VapeyMoron,13,3,2025-03-06 04:12:06,bangladesh,-0.2,0.275,negative,neutral,"Food/Dining, Healthcare/Medical, Politics/Government"
Two Girls Getting Attacked By An Old Man and 30 Others For Smoking (Details),ssj_iftekhar9001,142,82,2025-03-03 13:51:40,bangladesh,0.1,0.2,neutral,neutral,General/Miscellaneous
Am i being too paranoid? Or it is what it is?(Khilgaon fire incident),Eastern_Honeydew_474,9,2,2025-02-22 00:01:01,bangladesh,0.0,0.0,neutral,neutral,General/Miscellaneous
Horrifying fire at Khilgaon Taltola,VapeyMoron,83,7,2025-02-21 22:16:58,bangladesh,-0.9,1.0,negative,neutral,General/Miscellaneous
History of July Movement by Zulkarnain Saer,QuakeWok,1,1,2025-02-21 17:45:22,bangladesh,0.0,0.0,neutral,neutral,General/Miscellaneous
Need a one-bedroom apartment near Bashundhara,Affectionate-Run-199,2,0,2025-01-27 19:47:21,bangladesh,0.1,0.4,neutral,neutral,Housing/Real Estate
Want to find a news from 2005.,NoEscape3110,3,3,2025-01-26 09:59:43,bangladesh,0.0,0.0,neutral,neutral,General/Miscellaneous
I think someone is trying to sell my land without my consent,ovi2wise,12,9,2025-01-20 14:00:29,bangladesh,0.0,0.0,neutral,neutral,Shopping/Commerce
Internet in Bashundhara,susamongusdrippycat,2,1,2025-01-19 21:58:31,bangladesh,0.0,0.0,neutral,neutral,Technology/Gadgets
"Jatrabari Massacre, 5 August, 2024. ",Environmental-Ad-344,194,134,2025-01-12 15:19:53,bangladesh,0.0,0.0,neutral,neutral,General/Miscellaneous
Local ISP Speed &amp; Internet Package in Bashundhara Residential Area,TBM1000,5,0,2025-01-11 11:01:51,bangladesh,0.0,0.0,neutral,neutral,Technology/Gadgets
After 5th August ,Realistic_Shake6823,0,11,2024-12-11 00:07:02,bangladesh,0.0,0.0,neutral,neutral,General/Miscellaneous
Help needed!!,Next-Lime3036,2,0,2024-12-10 15:12:32,bangladesh,0.0,0.0,neutral,neutral,General/Miscellaneous
Chinmoy arrest and how to entice a riot 101 : presented by Yunus shorkar ,SeniorObligation6330,5,16,2024-11-27 14:12:03,bangladesh,-0.05,0.0,neutral,neutral,General/Miscellaneous
Chattogram Chinmoy Krishna Protest Thread &amp; Update,ktmxyt,41,52,2024-11-26 18:39:09,bangladesh,0.0,0.0,neutral,neutral,General/Miscellaneous
A leaked proof of BAL requesting Indian aid to kill from back in 2013.,ktmxyt,1,1,2024-11-23 02:29:13,bangladesh,0.0,0.0,neutral,neutral,General/Miscellaneous
Why did jatrabari see so many deaths in july?,Single_Fig_5624,2,5,2024-11-19 00:33:40,bangladesh,0.5,0.5,positive,neutral,Food/Dining
Coaching for olevels,Rxspberries_,9,4,2024-11-17 16:34:02,bangladesh,0.0,0.0,neutral,neutral,General/Miscellaneous
Coaching for o'level  ,Rxspberries_,3,2,2024-11-17 16:26:36,bangladesh,0.0,0.0,neutral,neutral,General/Miscellaneous
"Child Musa, who was shot in uprising, finally opens his eyes after 4 months of treatment",MunzerTopu,63,1,2024-11-17 00:14:04,bangladesh,0.0,1.0,neutral,neutral,"Food/Dining, Healthcare/Medical"
I Need some Food review in JFP/Bashundhara RA,uzumaki_uchiha14,2,0,2024-11-11 22:23:50,bangladesh,0.0,0.0,neutral,neutral,Food/Dining
what happened on july 19th,Single_Fig_5624,3,13,2024-11-08 02:03:05,bangladesh,0.0,0.0,neutral,neutral,Technology/Gadgets
Anyone here from jatrabari area,Single_Fig_5624,0,2,2024-10-31 01:28:03,bangladesh,0.0,0.0,neutral,neutral,General/Miscellaneous
This nation can not read.,Clouded_Aim,0,14,2024-10-20 22:56:50,bangladesh,0.0,0.0,neutral,neutral,General/Miscellaneous
how did protestors break the curfew on august 5th? (36th july),Single_Fig_5624,10,11,2024-08-25 03:00:09,bangladesh,0.0,0.0,neutral,neutral,General/Miscellaneous
A rant about Islamists claiming the entire Revolution as if it's their Dad's property.,Tanksfly1939,85,34,2024-08-20 14:47:52,bangladesh,0.0,0.625,neutral,neutral,Housing/Real Estate
When will we bring justice to Muniya?,Rashiq69,49,28,2024-08-16 02:01:23,bangladesh,0.0,0.0,neutral,neutral,General/Miscellaneous
Hypocrisy among us in the current context of recent attacks on minorities.,DoodhBhaat,155,49,2024-08-11 23:56:27,bangladesh,0.0,0.325,neutral,neutral,Housing/Real Estate
Is khilgaon safe right now?,_jimi_hendrix_,5,3,2024-08-08 14:12:07,bangladesh,0.39285714285714285,0.5178571428571428,positive,neutral,General/Miscellaneous
The Last Hours of Dictator Hasina: A Tale of Desperation,Hsanity,8,1,2024-08-06 13:59:01,bangladesh,0.0,0.06666666666666667,neutral,neutral,General/Miscellaneous
Why is Bashundhara Kings Women's team not called the Bashundhara Queens? ,Roqfort,28,11,2024-07-14 04:47:22,bangladesh,0.0,0.0,neutral,neutral,Food/Dining
Need hospital suggestions for pregnant women ,Saitama2042,6,2,2024-05-28 19:50:47,bangladesh,0.3333333333333333,0.5,positive,neutral,Healthcare/Medical
Reliable tech shops in Bashundhara City?,Zen_003,4,2,2024-04-13 13:27:44,bangladesh,0.0,0.0,neutral,trust,"Technology/Gadgets, Shopping/Commerce"
Best internet service provider in the Bashundhara area?,PhilosopherPutrid843,2,1,2024-04-04 14:59:36,bangladesh,1.0,0.3,positive,joy,"Technology/Gadgets, Services/Professional"
Where can I play table tennis around Gulshan/Bashundhara,tarif88,1,0,2024-03-30 20:40:14,bangladesh,0.0,0.0,neutral,neutral,General/Miscellaneous
We have too many road signs placed with malicious intent,TomMarvoloRd,34,6,2024-03-19 14:49:15,bangladesh,0.5,0.5,positive,neutral,Travel/Transportation
AirBnB or Hotels for Room Dates in Bashundhara,Head-Associate6431,4,12,2024-01-17 02:23:35,bangladesh,0.0,0.0,neutral,neutral,Travel/Transportation
Some restaurants to visit during weekends,Brave-Guest-4254,3,4,2024-01-13 13:56:33,bangladesh,0.0,0.0,neutral,neutral,Food/Dining
Thoughts on this decision to not sell cigarettes to women?,No-Invite1267,78,104,2024-01-10 11:46:23,bangladesh,0.0,0.0,neutral,neutral,Shopping/Commerce
DMC student poses as 21 yr old girl to market his shady Discord group,Better-Cake8790,9,3,2023-12-26 19:02:26,bangladesh,-0.075,0.4125,neutral,neutral,Shopping/Commerce
Oversized T-shirts in Bashundhara City,ifad_,2,2,2023-12-16 00:44:00,bangladesh,0.0,0.0,neutral,neutral,General/Miscellaneous
How do I reach Baridhara?,Budget-Fish3373,5,6,2023-12-14 13:31:06,bangladesh,0.0,0.0,neutral,neutral,General/Miscellaneous
Best internet provider in Bashundhara?,JustaBSJfan,2,2,2023-11-26 23:43:02,bangladesh,1.0,0.3,positive,joy,Technology/Gadgets
"Best Combat Gym In Khilgaon, Taltola Area",Azmain29,5,0,2023-11-12 18:13:53,bangladesh,1.0,0.3,positive,joy,Sports/Recreation
Best place to buy refurbished or used iphones?,IGPIGEON,5,5,2023-11-05 22:52:11,bangladesh,1.0,0.3,positive,joy,"Technology/Gadgets, Shopping/Commerce"
"Best ISP in Khilgaon, Taltola",Azmain29,2,2,2023-10-31 19:03:04,bangladesh,1.0,0.3,positive,joy,General/Miscellaneous
Looking to Buy an iPad Pro M2 256GB - Where's the Best Place?,Delicious-Writer-210,4,6,2023-10-29 13:56:30,bangladesh,1.0,0.3,positive,joy,Shopping/Commerce
"Do or die match, lets support our country",agunergola2,13,5,2023-10-16 22:25:09,bangladesh,0.0,0.0,neutral,neutral,General/Miscellaneous
Need help for choose isp,LopsidedStar8719,2,9,2023-09-19 20:23:56,bangladesh,0.0,0.0,neutral,neutral,General/Miscellaneous
Vote for Bashundhara Kings team to be included in FIFA 24,0resutidder,6,0,2023-07-13 14:54:33,bangladesh,0.0,0.0,neutral,neutral,Food/Dining
Need help in transportation from Bashundhara block F to BracU,DaddyMaster010,0,3,2023-05-28 19:02:42,bangladesh,0.0,0.0,neutral,neutral,Travel/Transportation
An entity more powerful than our government,whyallusernamesare,38,24,2023-05-22 16:04:29,bangladesh,0.4,0.75,positive,neutral,Politics/Government
Anyone wish to meet me tomorrow?,tirednibba247,1,0,2023-04-22 03:15:10,bangladesh,0.0,0.0,neutral,neutral,General/Miscellaneous
Which online stores have delivery service in Bashundhara R/A?,dailmar,12,6,2023-04-06 15:36:04,bangladesh,0.0,0.0,neutral,neutral,"Shopping/Commerce, Services/Professional"
Audi launches Electric Vehicle charging station in Tejgaon,ktmxyt,8,4,2023-03-30 15:41:06,bangladesh,0.0,0.0,neutral,neutral,General/Miscellaneous
HELP!!,Extension-Iron9782,1,8,2022-10-26 01:25:01,bangladesh,0.0,0.0,neutral,neutral,General/Miscellaneous
good ol' bashundhara khata.,SmoothAd8796,21,5,2022-08-07 00:47:29,bangladesh,0.7,0.6000000000000001,positive,joy,General/Miscellaneous
Going to the barber to get a haircut is a nightmare in this country,tazvedr45,1,13,2022-07-06 02:07:20,bangladesh,0.0,0.0,neutral,neutral,General/Miscellaneous
Date,h1tler_feet,5,23,2022-02-24 00:35:11,bangladesh,0.0,0.0,neutral,neutral,General/Miscellaneous
Did we actually hang the Rajakars responsible for '71,NeverG1veUp1000,0,20,2022-02-07 21:46:30,bangladesh,0.1,0.325,neutral,neutral,General/Miscellaneous
"Fireworks, Lalmatia",TahsinTariq,16,2,2022-01-01 15:10:09,bangladesh,0.0,0.0,neutral,neutral,Education/Career
This lifespring guy is sus,Animus_Ex_Machina,13,18,2021-12-30 08:31:33,bangladesh,0.0,0.0,neutral,neutral,General/Miscellaneous
"Shadhinota shombho - right beside shahbag, everyone should visit! Historical place, i love the open and green space!",yasserius,27,5,2021-12-29 19:47:53,bangladesh,0.12142857142857141,0.3871428571428571,positive,joy,Relationships/Social
Living alone at Dhanmondi,kebz1234,9,8,2021-10-10 00:17:26,bangladesh,0.0,0.0,neutral,neutral,General/Miscellaneous
Foreign Student Questions,rutnafar,30,21,2021-10-06 20:49:20,bangladesh,-0.125,0.125,negative,neutral,General/Miscellaneous
"Without mentioning age or date of birth, how old are you?",ParityBit0110011,27,54,2021-07-16 13:09:59,bangladesh,0.1,0.2,neutral,neutral,General/Miscellaneous
Moghbazar explosion: Fire service DG primarily suspecting gas leakage,babushka,8,1,2021-06-28 02:16:24,bangladesh,0.4,0.5,positive,neutral,Services/Professional
Garments workers clash with police at Tejgaon after police fires bullets and tear gas shells at the workers' movement in demand of arrears of salaries and bonuses; 8 workers severely injured from firing,sheikhnews,129,18,2021-03-18 20:11:57,bangladesh,0.0,0.0,neutral,neutral,"Food/Dining, Education/Career, Politics/Government"
How did the current regime manage to stay in power for so long?,susmithhh,6,4,2021-03-04 01:20:01,bangladesh,-0.025,0.4,neutral,neutral,Housing/Real Estate
Mass protests against Noakhali gang rape in Shahbag.,jamaljcd,21,2,2020-10-05 16:24:23,bangladesh,0.0,0.0,neutral,neutral,General/Miscellaneous
"Are there any good boxing gyms near Mohammadpur, Lalmatia, Dhanmondi or Badda?",DeFancyKebab,2,0,2020-09-19 19:43:08,bangladesh,0.39999999999999997,0.5,positive,joy,Sports/Recreation
Have any of you radically changed your political views since childhood?,bgd_guy,9,31,2020-09-11 13:00:38,bangladesh,0.0,0.1,neutral,neutral,General/Miscellaneous
What is wrong with the laptop market?,RED818,8,2,2020-09-03 01:33:32,bangladesh,-0.5,0.9,negative,neutral,"Technology/Gadgets, Shopping/Commerce"
"Are there any boxing gyms, or mma gyms near Badda, Mohammadpur or Lalmatia that is willing to teach a 15 year old boy, 5'7.5 in height and 63 kg.",DeFancyKebab,0,0,2020-08-21 14:06:45,bangladesh,0.15,0.44999999999999996,positive,anger,"Food/Dining, Sports/Recreation"
Why is Awami League appeasing Hefazat-e-Islam?,bgd_guy,20,17,2020-07-30 21:09:43,bangladesh,0.0,0.0,neutral,neutral,Technology/Gadgets
How to negotiate with Apartment developers ?,sfsoak,11,6,2020-07-16 19:07:32,bangladesh,0.0,0.0,neutral,neutral,Housing/Real Estate
"Bashundhara to turn 4 convention centres into 5,000 bed hospital",rambobilai,19,1,2020-03-30 02:12:37,bangladesh,0.0,0.0,neutral,neutral,Healthcare/Medical
Moghbazar Road,takubaba,3,0,2019-08-22 22:15:41,bangladesh,0.0,0.0,neutral,neutral,Travel/Transportation
Bashundhara City Shopping Complex decorated for Pohela Boishakh,minhazTechy,79,5,2019-04-23 11:32:54,bangladesh,-0.3,0.4,negative,neutral,Shopping/Commerce
"Today at Bashundhara R/A. Another road accident, Another life gone.",hellcat_010,9,3,2019-03-19 14:34:18,bangladesh,0.0,0.0,neutral,neutral,Travel/Transportation
Live facebook feed - Clashes at bashundhara,Suvtropics,8,5,2018-08-06 15:18:32,bangladesh,0.13636363636363635,0.5,positive,neutral,General/Miscellaneous
Specialised fish market opened in Jatrabari,takubaba,3,0,2017-12-30 18:12:28,bangladesh,0.0,0.0,neutral,neutral,Shopping/Commerce
Relief Work for Flood victims,rambobilai,11,7,2017-08-18 22:33:05,bangladesh,0.0,0.0,neutral,neutral,Education/Career
Moghbazar-Mouchak Flyover opened to traffic,takubaba,6,7,2016-09-16 08:28:29,bangladesh,0.0,0.0,neutral,neutral,Travel/Transportation
Smoke still coming out of Bashundhara City shopping complex,thebadconsultant,4,2,2016-08-21 15:56:43,bangladesh,-0.3,0.4,negative,neutral,Shopping/Commerce
[Politics] Annisul Huq wanted to shift Karwan Bazaar to Jatrabari &amp; Gabtoli for months?,pani-hoi-jol,3,1,2016-05-02 11:55:02,bangladesh,0.0,0.0,neutral,neutral,Politics/Government
Khaleda charged with Jatrabari arson attack,rmuktader,2,0,2015-05-06 22:30:56,bangladesh,0.0,0.0,neutral,neutral,General/Miscellaneous
Blood donation required for wounded in Savar.,rambobilai,10,0,2013-04-24 17:43:04,bangladesh,0.0,0.0,neutral,neutral,General/Miscellaneous
24 hours @ Shahbag (time lapse),rambobilai,6,0,2013-02-27 23:33:57,bangladesh,0.0,0.0,neutral,neutral,General/Miscellaneous
Shahbag Movement - The Expatriate Perspective,rambobilai,2,0,2013-02-12 21:23:38,bangladesh,0.0,0.0,neutral,neutral,General/Miscellaneous
Please Help Me Regarding Sunglasses!!,SpinachDesigner3346,1,4,2025-11-19 16:37:38,dhaka,0.0,0.0,neutral,neutral,Housing/Real Estate
"Dear Shahbagis, you can seek justice and still achieve a death sentence.",ahmad_musaffa,0,49,2025-11-17 15:40:02,dhaka,0.0,0.0,neutral,neutral,Food/Dining
Early morning GOOD breakfast spot at JamunaxBashundhara gate.,NeighborhoodCute6742,2,5,2025-11-16 01:18:08,dhaka,0.39999999999999997,0.45000000000000007,positive,joy,Food/Dining
Place to stay for 2 months Bashundhara R/A,dark_98_rider,5,2,2025-11-14 12:59:33,dhaka,0.0,0.0,neutral,neutral,General/Miscellaneous
Looking for a gym,Apprehensive-Comb365,5,9,2025-11-14 04:23:16,dhaka,0.0,0.0,neutral,neutral,Sports/Recreation
Anybody interested to watch Demon Slayer or Chainsaw Man??,Apprehensive-Comb365,2,5,2025-11-13 23:34:38,dhaka,0.25,0.5,positive,neutral,General/Miscellaneous
Best AFFORDABLE gym in Bashundhara?,m0sala,3,8,2025-11-12 14:53:50,dhaka,1.0,0.3,positive,joy,Sports/Recreation
Best pizza place near bashundhara,Active-Importance937,1,3,2025-11-09 20:10:31,dhaka,0.55,0.35,positive,joy,Food/Dining
Bashundhara?,Kurou-Mamonogatari,251,21,2025-11-08 16:59:20,dhaka,0.0,0.0,neutral,neutral,General/Miscellaneous
Studio Apartments for rent in Banani or Bashundhara,AbbreviationsKey8859,1,0,2025-11-07 23:47:02,dhaka,0.0,0.0,neutral,neutral,Housing/Real Estate
Studio Apartment for Rent in Banani or Bashundhara,AbbreviationsKey8859,2,2,2025-11-07 23:17:01,dhaka,0.0,0.0,neutral,neutral,Housing/Real Estate
What should I do about my stammering?(Totlami),kindred_eldtrich,1,2,2025-11-06 18:40:03,dhaka,0.0,0.0,neutral,neutral,General/Miscellaneous
Which hotel should i stay at in Bashundhara?,sanelde_senior,2,19,2025-11-06 04:43:13,dhaka,0.0,0.0,neutral,neutral,Travel/Transportation
Information needed,Every_Push_5326,4,4,2025-11-05 01:20:13,dhaka,0.0,0.0,neutral,neutral,General/Miscellaneous
"Hello, i want to learn how to swim, where can i learn how to swim in Bashundhara or Gulshan?",steezyguac,6,12,2025-11-03 14:21:16,dhaka,0.0,0.0,neutral,neutral,General/Miscellaneous
Phone got stolen,ActOk8589,2,5,2025-11-03 06:33:08,dhaka,0.0,0.0,neutral,neutral,Technology/Gadgets
A0 size printing place in or near Dhanmondi,Ashik80,5,9,2025-11-02 16:30:30,dhaka,0.1,0.4,neutral,neutral,General/Miscellaneous
Gym equipment shop near Bashundhara.,Tomat0_Lover,4,2,2025-11-02 15:41:09,dhaka,0.1,0.4,neutral,neutral,"Shopping/Commerce, Sports/Recreation"
Co-working space near Bashundhara RA?,EasternDog5265,2,0,2025-11-02 13:16:07,dhaka,0.1,0.4,neutral,neutral,Education/Career
Anyone studied in Mahanagar ideal school back in kindergarten?,chronicallyeepyetc,2,0,2025-11-02 09:14:06,dhaka,0.45,0.5,positive,neutral,Education/Career
Stolen Iphone,Prettybatw,3,1,2025-10-31 01:38:14,dhaka,0.0,0.0,neutral,neutral,Technology/Gadgets
"[Offering Physics, Chemistry &amp; Math Coaching | Khilgaon Area | Need Some Guidance 🙌]",shourid44,3,0,2025-10-30 19:31:16,dhaka,0.0,0.0,neutral,neutral,General/Miscellaneous
Couple friendly location,No_Inspector6625,0,11,2025-10-27 21:35:52,dhaka,0.375,0.5,positive,neutral,Relationships/Social
Internet connection,Physical_Biscotti257,2,4,2025-10-25 18:54:31,dhaka,0.0,0.0,neutral,neutral,Technology/Gadgets
"Looking for a quiet place to study, preferably a café or library near Bashundhara R/A.",ais_21,3,1,2025-10-25 08:43:17,dhaka,0.05,0.3666666666666667,neutral,neutral,Education/Career
Is it safe to travel alone to Keraniganj near Ati Bazar in the evening to meet my girlfriend,ResponsibleFudge8955,3,5,2025-10-25 02:57:25,dhaka,0.3,0.45,positive,neutral,"Travel/Transportation, Relationships/Social"
Where can I fix my Iphone 13 pro max green display issue?,monkthatwiz,1,6,2025-10-24 12:11:14,dhaka,-0.2,0.3,negative,neutral,Technology/Gadgets
CSL Training Feedback,anonymous4008,1,0,2025-10-22 11:45:40,dhaka,0.0,0.0,neutral,neutral,General/Miscellaneous
Food places in Bashundhara RA,Sam_Rohan,3,4,2025-10-21 04:39:33,dhaka,0.0,0.0,neutral,neutral,Food/Dining
Earthquake survival plan,Deshimockingbird,13,20,2025-10-20 07:16:12,dhaka,0.0,0.0,neutral,neutral,General/Miscellaneous
Need a Maths (hsc) tutor in Bashundhara R/A,No-Sundae7503,1,1,2025-10-16 23:03:44,dhaka,0.0,0.0,neutral,neutral,General/Miscellaneous
Help post,Artistic-Factor-8000,1,0,2025-10-16 17:09:03,dhaka,0.0,0.0,neutral,neutral,General/Miscellaneous
Help Regarding Research Paper Writing &amp; Publication,Least-Champion-9012,1,2,2025-10-15 14:10:51,dhaka,0.0,0.0,neutral,neutral,General/Miscellaneous
Looking for a good coaching centre in Khilgaon (Class 11–12 Commerce),Flashy-Carpet5995,2,1,2025-10-12 22:11:00,dhaka,0.7,0.6000000000000001,positive,joy,General/Miscellaneous
A surprise for Mom,bluemasterplayz,48,49,2025-10-11 16:25:15,dhaka,0.0,0.0,neutral,surprise,General/Miscellaneous
Is it safe for a girl to watch a movie alone in Bashundhara Cineplex?,Pleasant_Ad1655,34,56,2025-10-11 15:29:33,dhaka,0.5,0.5,positive,neutral,Entertainment
Help on booking a hotel near Basundhara.,Content_Confidence62,0,7,2025-10-06 19:32:24,dhaka,0.1,0.4,neutral,neutral,Travel/Transportation
To buy 3+ bedroom apartment in Bashundhara R/A,dark_98_rider,2,0,2025-10-06 04:30:28,dhaka,0.0,0.0,neutral,neutral,"Housing/Real Estate, Shopping/Commerce"
Driving training school,Toru_wata_nabe,1,1,2025-10-06 00:30:08,dhaka,0.0,0.0,neutral,neutral,Education/Career
Beauty salon,msbunny45,3,1,2025-10-05 01:21:13,dhaka,0.0,0.0,neutral,neutral,General/Miscellaneous
Moving in With my Wife,Frosty_Dingo5067,47,41,2025-10-04 18:50:37,dhaka,0.0,0.0,neutral,neutral,General/Miscellaneous
Any animal rescuers/vets here??,Beautiful_Basil2954,4,4,2025-10-04 12:08:15,dhaka,0.0,0.0,neutral,neutral,General/Miscellaneous
Wifi Company,inthelenseofsamaira,3,3,2025-10-04 00:23:24,dhaka,0.0,0.0,neutral,neutral,General/Miscellaneous
Suggest me a good Eyewear Shop,chyon47,4,9,2025-10-02 16:22:13,dhaka,0.7,0.6000000000000001,positive,joy,Shopping/Commerce
"Mazeda or Circle, best isp in khilgaon area",Soft_Bodybuilder1709,1,2,2025-10-01 12:48:42,dhaka,1.0,0.3,positive,joy,General/Miscellaneous
Which ISP customer service and line is better in Bashundhara?,Throat_Secret,1,0,2025-09-30 22:27:58,dhaka,0.5,0.5,positive,neutral,Services/Professional
Has anyone heard of this restaurant?,Striker_5924,13,8,2025-09-28 04:12:32,dhaka,0.0,0.0,neutral,neutral,Food/Dining
Need some comfy office/ gaming chair recommendation,Fun_Blackberry_864,2,1,2025-09-27 16:51:19,dhaka,0.0,0.0,neutral,trust,Technology/Gadgets
How far the perception for Mirpur has changed especially after metro as of 2025 ?,Own-Procedure-637,4,19,2025-09-24 23:18:02,dhaka,0.05,1.0,neutral,neutral,Travel/Transportation
Studio Apartment in Dhanmondi or Bashundhara.,glooshieslooshie69,2,9,2025-09-23 14:56:07,dhaka,0.0,0.0,neutral,neutral,Housing/Real Estate
Guitar Repair places,pea_tea2106,2,5,2025-09-23 13:53:52,dhaka,0.0,0.0,neutral,neutral,"Technology/Gadgets, Services/Professional"
Which college should I go,zalepen0,6,7,2025-09-19 02:17:16,dhaka,0.0,0.0,neutral,neutral,Education/Career
Looking for honest ISP reviews in Tejgaon East Nakhalpara – worth switching from Carnival?,Proud-Thanks-9208,1,0,2025-09-13 11:56:15,dhaka,0.44999999999999996,0.5,positive,trust,General/Miscellaneous
People in Bashundhara R/A,After_Foundation_997,3,5,2025-09-12 01:41:51,dhaka,0.0,0.0,neutral,neutral,General/Miscellaneous
Flat rent near khilgaon or basabo,ethanography,2,2,2025-09-12 00:49:33,dhaka,0.037500000000000006,0.2625,neutral,neutral,Housing/Real Estate
Looking to teach for Nsu Admission Test.,GrapeJUICE101,1,0,2025-09-10 23:18:23,dhaka,0.0,0.0,neutral,neutral,Food/Dining
Jatrabari to Gulshan/Banani by bus,FamousLunch2776,2,3,2025-09-10 10:12:12,dhaka,0.0,0.0,neutral,neutral,Travel/Transportation
Looking for a aesthetic cafe near jfp or around bashundhara,Flat-Summer-4438,3,1,2025-09-06 22:48:24,dhaka,0.1,0.4,neutral,neutral,Food/Dining
MY GF IS VISITING ME,Serious_Tension_3500,0,20,2025-09-04 01:16:12,dhaka,0.0,0.0,neutral,neutral,General/Miscellaneous
What’s the one place in this city that feels a little less insufferable to you?,Numerous-Laugh1040,17,14,2025-09-03 16:09:01,dhaka,-0.17708333333333331,0.2833333333333333,negative,neutral,General/Miscellaneous
Looking for a room to rent,AbyssRanger007,2,4,2025-09-01 22:21:27,dhaka,0.0,0.0,neutral,neutral,Housing/Real Estate
iPhone 12 Pro upgrade – price idea &amp; shop recommendations,Intelligent-Delay-95,2,0,2025-08-31 11:35:16,dhaka,0.0,0.0,neutral,trust,"Technology/Gadgets, Shopping/Commerce"
How to get meds without prescription?,Fabulous-Fly8174,0,12,2025-08-30 11:27:33,dhaka,0.0,0.0,neutral,neutral,General/Miscellaneous
Anyone to hangout or coffee adda,dark_couple_bd,3,1,2025-08-30 10:58:01,dhaka,0.0,0.0,neutral,neutral,General/Miscellaneous
"Rant: Bashundhara R/A is an absolutely horrendous neighborhood. Why is it so ""hyped""?",throwlol134,111,71,2025-08-26 16:17:03,dhaka,0.2,0.9,positive,neutral,General/Miscellaneous
SELLING FLAT!!!!!!!!!,megatonowo,0,13,2025-08-24 12:16:48,dhaka,-0.1862645149230957,0.125,negative,neutral,"Housing/Real Estate, Shopping/Commerce"
Looking for study cafés in khilgaon,odhorah,1,0,2025-08-23 18:54:52,dhaka,0.0,0.0,neutral,neutral,Education/Career
Cool lit coffees,badfaroosh,5,0,2025-08-22 12:31:54,dhaka,0.35,0.65,positive,neutral,General/Miscellaneous
Struggling Dad Begging for Help: Seeking Job Opportunities,sunny_sun92,215,68,2025-08-20 09:12:50,dhaka,0.0,0.0,neutral,neutral,Education/Career
Surprised at how much Tejgaon has changed,Dhakaiya91,187,21,2025-08-16 23:21:07,dhaka,0.15000000000000002,0.55,positive,surprise,General/Miscellaneous
"How to know whether unofficial android phone is new or unused, and suggest some best reliable shops from where I can buy my new android phone",tarkesman,1,0,2025-08-16 20:30:04,dhaka,0.42424242424242414,0.403030303030303,positive,joy,"Technology/Gadgets, Shopping/Commerce"
Any buses running from Dhanmondi to Rampura or Gulshan?,MisterPotato437,1,3,2025-08-16 17:42:22,dhaka,0.0,0.0,neutral,neutral,Travel/Transportation
Looking for a good dermatologist around Shantinagar/Malibagh,machinegunnedburger,3,5,2025-08-15 22:15:36,dhaka,0.7,0.6000000000000001,positive,joy,Healthcare/Medical
Best Budget-Friendly Gym in Bashundhara R/A ?,EngineWinter9286,1,2,2025-08-15 14:16:06,dhaka,1.0,0.3,positive,joy,"Sports/Recreation, Relationships/Social"
Need a Reliable Human to Make Your Life Easier? I’m Your Guy.,psycho_sif,4,18,2025-08-15 00:03:03,dhaka,0.0,0.1,neutral,trust,General/Miscellaneous
Trsuted Shop for buying phone 📱,moreintoFling,2,16,2025-08-10 19:11:54,dhaka,0.0,0.0,neutral,neutral,"Technology/Gadgets, Shopping/Commerce"
Please Help,Forward_Leather_5733,2,2,2025-08-09 00:33:12,dhaka,0.0,0.0,neutral,neutral,Housing/Real Estate
Had a tough time on the metro today,Puzzleheaded-Hat6548,14,25,2025-08-07 15:51:42,dhaka,-0.3888888888888889,0.8333333333333334,negative,neutral,Travel/Transportation
Would you rather buy clothes from local market or look for brands?,wastedwashingmachine,5,20,2025-08-07 08:53:15,dhaka,0.0,0.0,neutral,neutral,Shopping/Commerce
Looking for libaray for study near Govt . science college tejgaon,Glum-Leg-4174,1,0,2025-08-06 17:21:12,dhaka,0.1,0.4,neutral,neutral,Education/Career
"Post SSC student, need advice.",ComfortableRoll9178,2,20,2025-08-04 20:04:35,dhaka,0.0,0.0,neutral,neutral,General/Miscellaneous
"Tough decisions to make, need guidance.",ComfortableRoll9178,1,3,2025-08-04 20:02:18,dhaka,-0.3888888888888889,0.8333333333333334,negative,neutral,General/Miscellaneous
Is iub a good uni? (Doing bba),8ushch,8,20,2025-08-03 23:10:58,dhaka,0.7,0.6000000000000001,positive,joy,General/Miscellaneous
Where can I find water flosser shop?,Wild-Advantage4953,3,0,2025-07-29 19:26:46,dhaka,0.0,0.0,neutral,neutral,Shopping/Commerce
Any students here doing part-time work near Bashundhara? Need guidance!!!,Fit_Alternative_2774,2,8,2025-07-28 05:48:26,dhaka,0.1953125,0.4,positive,neutral,Education/Career
Parks for afternoon chilling in Bashundhara R/A,Nix_Gamesss,1,0,2025-07-27 21:58:19,dhaka,-0.5,0.9,negative,neutral,General/Miscellaneous
Starting Fresh in Bashundhara — Send Prayers (and Advice)🙃,NoAd9144,5,2,2025-07-27 14:49:31,dhaka,0.15,0.3,positive,neutral,General/Miscellaneous
"Help me select college please (SSC 25, GPA 4.78)",It_Laggs,6,4,2025-07-26 20:34:16,dhaka,0.0,0.0,neutral,neutral,"Housing/Real Estate, Education/Career"
Best places to fix headphone,Proper-Sheep,1,5,2025-07-25 17:51:43,dhaka,1.0,0.3,positive,joy,Technology/Gadgets
"Looking for Affordable &amp; Quality DTF Printing &amp; Heat Pressing Near Khilgaon, Motijheel, or Malibagh.",Ari_the_pixel_ninja,1,0,2025-07-24 18:11:00,dhaka,0.1,0.4,neutral,neutral,Food/Dining
college suggestions,cheeryybombs,3,2,2025-07-23 22:02:10,dhaka,0.0,0.0,neutral,neutral,Education/Career
Where to buy Dumbbells?,machinegunnedburger,2,5,2025-07-19 17:57:42,dhaka,0.0,0.0,neutral,anger,Shopping/Commerce
Ielts,Realistic_Put_1452,1,4,2025-07-19 13:28:56,dhaka,0.0,0.0,neutral,neutral,General/Miscellaneous
"The protesters are throwing rocks, that’s why the coordinator’s forces are ordering to shoot the protesters and dump their bodies. This is exactly how they carried out the Gopalganj massacre.",New_Edge360,3,0,2025-07-19 12:30:26,dhaka,0.25,0.25,positive,neutral,General/Miscellaneous
Orphaned Kittens in Search for a new home,snakesyle16,19,3,2025-07-17 17:02:43,dhaka,0.13636363636363635,0.45454545454545453,positive,neutral,General/Miscellaneous
suggest some cafe/restaurants in khilgaon for private time,Mahmudul_Hasan27,0,7,2025-07-17 02:46:14,dhaka,0.0,0.375,neutral,neutral,Food/Dining
Restaurants/Buffets,Rare-Painting2799,1,1,2025-07-17 01:48:33,dhaka,0.0,0.0,neutral,neutral,Food/Dining
Two Orphan Kittens are looking for a Loving Home.,snakesyle16,42,3,2025-07-16 19:48:43,dhaka,0.6,0.95,positive,neutral,General/Miscellaneous
Need information on dumbbells,Anxious-Plankton-570,3,8,2025-07-16 17:43:13,dhaka,0.0,0.0,neutral,anger,General/Miscellaneous
Need Help With Choosing College!,notnonchalantbutyeah,1,9,2025-07-16 11:58:10,dhaka,0.0,0.0,neutral,neutral,Education/Career
Should I take Business administration if I am weak in math?,Emad_341,7,2,2025-07-15 23:18:21,dhaka,-0.375,0.625,negative,neutral,Travel/Transportation
Swimming,KeyAdvice5346,1,5,2025-07-15 18:06:16,dhaka,0.0,0.0,neutral,neutral,Sports/Recreation
Kittens Up for Adoption.,snakesyle16,46,12,2025-07-15 17:18:36,dhaka,0.0,0.0,neutral,neutral,General/Miscellaneous
Best internet provider near Moghbazar / Malibagh?,hrafia,2,3,2025-07-14 13:08:57,dhaka,0.55,0.35,positive,joy,Technology/Gadgets
Accidentally bought 4 tickets for wrong cinema,Global_Baseball3571,6,7,2025-07-13 15:38:19,dhaka,-0.5,0.9,negative,neutral,Healthcare/Medical
Need suggestion for a clinic or hospital,zuras76,2,0,2025-07-13 10:03:22,dhaka,0.0,0.0,neutral,neutral,Healthcare/Medical
Gym Buddy,Popular-Star-7675,2,1,2025-07-13 04:55:40,dhaka,0.0,0.0,neutral,neutral,Sports/Recreation
Don't ignore.,mtinbd,99,52,2025-07-12 15:19:00,dhaka,0.0,0.0,neutral,neutral,General/Miscellaneous
Safe couple cabin restaurant suggestions needed,Broad_Huckleberry509,1,0,2025-07-10 18:41:06,dhaka,0.5,0.5,positive,neutral,"Food/Dining, Relationships/Social"
Question for IQ users,dest_v18,1,3,2025-07-10 15:21:46,dhaka,0.0,0.0,neutral,neutral,General/Miscellaneous
Bashundhara Residential Area- Fuchka - AC,Unhappy-Pop-6002,1,2,2025-07-10 11:17:46,dhaka,0.0,0.0,neutral,neutral,General/Miscellaneous
Dating spots,Maleficent-Map5805,44,86,2025-07-09 13:10:24,dhaka,0.0,0.0,neutral,neutral,Relationships/Social
Hiji biji,RoyalIce8426,1,9,2025-07-08 19:52:42,dhaka,0.0,0.0,neutral,neutral,General/Miscellaneous
Where can i learn tennis with a coach?,tahmed7bd,4,2,2025-07-07 23:49:18,dhaka,0.0,0.0,neutral,neutral,General/Miscellaneous
Perfume Suggestion for Male,carelesssswhisperrrr,13,15,2025-07-06 00:38:28,dhaka,0.0,0.1,neutral,neutral,General/Miscellaneous
Where can I find good quality ergonomic/gaming chair in cheap price?,Mikoyane,1,2,2025-07-05 20:49:48,dhaka,0.55,0.65,positive,joy,"Technology/Gadgets, Shopping/Commerce"
Why I've Changed!,tahmed7bd,7,19,2025-07-04 00:43:53,dhaka,0.0,0.0,neutral,neutral,General/Miscellaneous
Looking for a RESTRICTED FEMALE MASTER BEDROOM in Bashundhara RA from September (with a PET),Specific_Anteater193,1,1,2025-07-03 15:49:41,dhaka,0.0,0.16666666666666666,neutral,neutral,General/Miscellaneous
Gold's gym,Ok-Return-5394,1,2,2025-07-03 11:55:25,dhaka,0.0,0.0,neutral,neutral,Sports/Recreation
Place recommendation in bashundhara for some private time,Anonymous33698,3,3,2025-07-02 23:59:52,dhaka,0.0,0.375,neutral,trust,General/Miscellaneous
I saw a 47-page report from the Crisis Research Center about the torture on police officers. I couldn’t finish it the first day I tried—my head started spinning. পুলিশের উপর নির্যাতন নিয়ে ক্রাইসিস রিসার্চ সেন্টারের একটি ৪৭ পৃষ্ঠার রিপোর্ট দেখেছি। আমি প্রথমদিন দেখতে গিয়ে পুরোটা শেষ করতে পারিনি। মাথা,New_Edge360,2,29,2025-07-02 10:31:58,dhaka,0.075,0.21666666666666667,neutral,neutral,Politics/Government
A level Cambridge teacher suggestion in Dhanmondi area,kacchiBiriyaniRocks,1,5,2025-07-01 14:10:13,dhaka,0.0,0.0,neutral,neutral,Food/Dining
"News from the 'Shaheed Gazette' of the July – The Sacrifice of the ""Martyrs"" – Part 1,",New_Edge360,0,1,2025-07-01 13:00:38,dhaka,0.0,0.0,neutral,neutral,General/Miscellaneous
bashundhara RA,No-Back1343,14,13,2025-07-01 00:29:14,dhaka,0.0,0.0,neutral,neutral,General/Miscellaneous
Opening a new coaching center,Opening-Ad4437,2,3,2025-06-29 21:54:32,dhaka,0.018181818181818174,0.2772727272727273,neutral,neutral,General/Miscellaneous
Which one is better,PRICEFORAND,2,9,2025-06-25 17:42:16,dhaka,0.5,0.5,positive,neutral,General/Miscellaneous
"PLS HELP URGENT,i am confused abt which phone to buy",little_aesthetic52,2,11,2025-06-23 00:01:24,dhaka,-0.4,0.7,negative,neutral,"Technology/Gadgets, Shopping/Commerce"
"Information regarding delivery man person (flexible- part time, Bashundhara RA)",QBeeTas,1,1,2025-06-21 17:02:55,dhaka,0.0,0.0,neutral,neutral,General/Miscellaneous
Need Suggestion to find e book reader,Glittering-Tear-8017,1,2,2025-06-19 22:57:03,dhaka,0.0,0.0,neutral,neutral,General/Miscellaneous
Best route for fantasy kingdom,Neat-Slide379,1,5,2025-06-16 22:32:27,dhaka,1.0,0.3,positive,joy,General/Miscellaneous
Breakfast recommendation at Dhanmondi,shams_nobee,2,5,2025-06-15 23:02:06,dhaka,0.0,0.0,neutral,trust,Food/Dining
Best internet service providerin Mirpur 6?,Silly_Paramedic_8101,1,2,2025-06-14 11:54:00,dhaka,1.0,0.3,positive,joy,"Technology/Gadgets, Services/Professional"
way to bashundhara r/a,slushw,1,16,2025-06-11 06:59:57,dhaka,0.0,0.0,neutral,neutral,General/Miscellaneous
Gym,Mindless-Panic-4290,3,2,2025-05-31 20:34:08,dhaka,0.0,0.0,neutral,neutral,Sports/Recreation
Need to socialize,Flimsy-Celebration35,1,2,2025-05-31 11:53:55,dhaka,0.0,0.0,neutral,neutral,Relationships/Social
Doctor suggestion,ExtremeAd4217,2,0,2025-05-29 18:01:20,dhaka,0.0,0.0,neutral,neutral,Healthcare/Medical
Justice system: reformed or the same as before?,Zetafunction64,1,2,2025-05-28 10:39:46,dhaka,0.0,0.125,neutral,neutral,General/Miscellaneous
Slamner flat theke biral baccha falaise,raiyan_khan01,26,19,2025-05-27 13:42:54,dhaka,-0.025,0.125,neutral,neutral,Housing/Real Estate
Apartment for bachelor/student,CharlieSwarper192,2,4,2025-05-26 02:20:56,dhaka,0.0,0.0,neutral,neutral,Housing/Real Estate
Where can I find reliable LPG distributors for machinery use?,Anushirvan,1,0,2025-05-26 01:36:58,dhaka,0.0,0.0,neutral,trust,General/Miscellaneous
Gym inside bashundhara R/A,International-Bid218,2,2,2025-05-23 14:40:54,dhaka,0.0,0.0,neutral,neutral,Sports/Recreation
Suggestion for Bokhari Restaurant,SaltAd7389,1,1,2025-05-20 09:00:38,dhaka,0.0,0.0,neutral,neutral,Food/Dining
Gift delivery,Intelligent_Door_478,1,0,2025-05-15 14:28:29,dhaka,0.0,0.0,neutral,neutral,General/Miscellaneous
Robi wifi vs Gp wifi,Sufficient-Duty6248,2,1,2025-05-15 02:08:15,dhaka,0.0,0.0,neutral,neutral,General/Miscellaneous
"I am deeply pleased with today's anti-Awami League movement. At last, the July Movement has returned to those to whom it originally belonged. আমি খুবই খুশি হয়েছি আজকের আওয়ামী বিরোধী আন্দোলন দেখে। ফাইনালি এই জুলাই আন্দোলন টা যাদের ছিলো একচুয়েলি তাদের কাছেই ফেরত এসেছে।",New_Edge360,6,5,2025-05-10 15:45:44,dhaka,0.2916666666666667,0.6055555555555555,positive,neutral,Housing/Real Estate
Traffic at Shahbag Now,Competitive-Sun-6084,1,6,2025-05-10 14:39:34,dhaka,0.0,0.0,neutral,neutral,Travel/Transportation
Suggest phone,zalepen0,1,4,2025-05-09 18:30:44,dhaka,0.0,0.0,neutral,neutral,Technology/Gadgets
Source of Entertainment,carelesssswhisperrrr,3,6,2025-05-07 12:19:49,dhaka,0.0,0.0,neutral,neutral,Entertainment
Second hand iphone,Silly-Golf-6427,2,19,2025-05-06 18:15:44,dhaka,0.0,0.0,neutral,neutral,Technology/Gadgets
SELF DEFENSE FOR WOMEN (boxing),hyacintff,31,51,2025-05-06 17:09:01,dhaka,0.0,0.0,neutral,neutral,General/Miscellaneous
Coffee shop recommendations!,carelesssswhisperrrr,4,6,2025-05-04 13:17:15,dhaka,0.0,0.0,neutral,trust,Shopping/Commerce
Jobs around Bashundhara,Perfect-Potato7640,1,2,2025-05-04 04:14:09,dhaka,0.0,0.0,neutral,neutral,Education/Career
Places to car date,want_gf_head,0,14,2025-05-03 03:36:30,dhaka,0.0,0.0,neutral,neutral,General/Miscellaneous
Places to go for a date,Warm_Cash_3402,2,6,2025-05-01 04:42:28,dhaka,0.0,0.0,neutral,neutral,General/Miscellaneous
Any boxing gyms near khilgaon?,Mr-Terror99,3,4,2025-04-28 23:19:17,dhaka,0.1,0.4,neutral,neutral,Sports/Recreation
Need a Place for 30 people,Any_Number_9932,1,4,2025-04-28 21:59:46,dhaka,0.0,0.0,neutral,neutral,General/Miscellaneous
Furniture in Bashundhara RA,carelesssswhisperrrr,2,1,2025-04-27 19:49:38,dhaka,0.0,0.0,neutral,neutral,General/Miscellaneous
what are some Food that you would want to be sold at cheap price?,QBeeTas,4,13,2025-04-26 17:08:53,dhaka,0.4,0.7,positive,neutral,"Food/Dining, Shopping/Commerce"
Any places in Bashundha R/A for roomdate?,peraltahere,0,16,2025-04-26 04:43:10,dhaka,0.0,0.0,neutral,neutral,General/Miscellaneous
In need of a job,KeyAdvice5346,2,1,2025-04-25 23:41:17,dhaka,0.0,0.0,neutral,neutral,Education/Career
Anyone in Baridhara DOHS/Gulshan/Banani/Bashundhara up for cycling during evenings/weekends?,NumerousCow4,1,0,2025-04-22 14:37:26,dhaka,0.0,0.0,neutral,neutral,General/Miscellaneous
Need ENT &amp; Eye Specialist Recommendations,abcrafsan,2,1,2025-04-21 20:19:13,dhaka,0.0,0.0,neutral,trust,General/Miscellaneous
Need help recovering stolen Phone,Ridwan_Rabby,1,2,2025-04-20 21:53:59,dhaka,0.0,0.0,neutral,neutral,Technology/Gadgets
Regarding studying law,IcyAbbreviations2054,3,3,2025-11-20 22:58:00,bangladesh,0.0,0.0,neutral,neutral,"Education/Career, Politics/Government"
About BracU EEE,onisadat_712005,4,1,2025-11-18 17:53:48,bangladesh,0.0,0.0,neutral,neutral,General/Miscellaneous
IBA DU,999baseballs,5,10,2025-11-15 20:29:02,bangladesh,0.0,0.0,neutral,neutral,General/Miscellaneous
AAUB Admission,Kurou-Mamonogatari,6,2,2025-11-11 14:27:33,bangladesh,0.0,0.0,neutral,neutral,General/Miscellaneous
A DU professor filed a case against her being harassed online. And this is the response of tareq zias bodyguard,maybe_not_andy,4,1,2025-11-11 07:50:21,bangladesh,0.0,0.0,neutral,neutral,Shopping/Commerce
Seeking partner in crime,Advanced_Budget7301,11,14,2025-11-08 20:46:52,bangladesh,0.0,0.0,neutral,neutral,General/Miscellaneous
EEE Job related Question.,Impressive_Cup_9271,3,3,2025-11-04 15:09:17,bangladesh,0.0,0.4,neutral,neutral,Education/Career
Is it better to do EEE in BracU or AIUB?,onisadat_712005,5,4,2025-11-02 21:57:00,bangladesh,0.5,0.5,positive,neutral,General/Miscellaneous
PRIVATE UNIS,Soul_Sniper_26,9,7,2025-11-01 23:31:12,bangladesh,0.0,0.375,neutral,neutral,General/Miscellaneous
Studying bachelors in Germany,pritho108,2,1,2025-11-01 01:56:58,bangladesh,0.0,0.0,neutral,neutral,Education/Career
Wanting to study in Biotech or Biochem.,Consistent_Bell_7124,8,2,2025-10-31 21:03:29,bangladesh,0.0,0.0,neutral,neutral,"Technology/Gadgets, Education/Career"
Suffering from destructions,lionel_messi77,5,16,2025-10-25 20:10:14,bangladesh,0.0,0.0,neutral,sadness,General/Miscellaneous
Choosing University,Odd_Lobster_8804,3,2,2025-10-24 13:17:40,bangladesh,0.0,0.0,neutral,neutral,Education/Career
Average Bhai from Buet,BlacksmithFun3821,0,0,2025-10-23 16:26:19,bangladesh,-0.15,0.39999999999999997,negative,neutral,General/Miscellaneous
Wedding Ring to Escape Rape Case,AtikulIslam4142,63,5,2025-10-22 20:05:21,bangladesh,0.0,0.0,neutral,neutral,Relationships/Social
Why did Mostakim Ahmed the buet radical got away with his intention to murder all minorities?,Feisty_Ostrich_608,44,36,2025-10-22 19:52:02,bangladesh,0.0,0.0,neutral,neutral,General/Miscellaneous
CUCSU Shibir candidate Akash Das says the victim is also to be blamed in the recent BUET rape case,AntiAgent006,126,71,2025-10-22 18:33:02,bangladesh,-0.037500000000000006,0.15,neutral,neutral,General/Miscellaneous
Regarding the BUET incident and our stance on the matter,ImperialOverlord,119,21,2025-10-22 13:10:25,bangladesh,0.0,0.0,neutral,neutral,General/Miscellaneous
Why Are People So Polarized?,fogrampercot,63,65,2025-10-22 07:12:57,bangladesh,0.0,0.0,neutral,neutral,General/Miscellaneous
"For everyone who’s clueless about what’s happening, here’s the context.",StuckintheTraffic,490,308,2025-10-22 03:04:49,bangladesh,0.0,0.0,neutral,neutral,Technology/Gadgets
How did Shreeshanto Roy from BUET do these things without being noticed?,Astronomy_Boy,39,50,2025-10-22 01:49:55,bangladesh,0.0,0.0,neutral,neutral,General/Miscellaneous
About my admission,onisadat_712005,3,6,2025-10-18 00:28:55,bangladesh,0.0,0.0,neutral,neutral,General/Miscellaneous
Justice for Mohosina atik,Mundane_Extension132,24,7,2025-10-17 21:06:15,bangladesh,0.0,0.0,neutral,neutral,General/Miscellaneous
How to get scholarship in NSU?,washin_machine_heart,4,1,2025-10-16 13:57:09,bangladesh,0.0,0.0,neutral,neutral,General/Miscellaneous
Need advice for transitioning to AI/ML field.,Horny_priest8366,0,2,2025-10-12 14:33:20,bangladesh,0.0,0.0,neutral,neutral,General/Miscellaneous
Can I get into buet?,Many_Confusion_2513,3,0,2025-10-06 21:18:44,bangladesh,0.0,0.0,neutral,neutral,General/Miscellaneous
Why is it so hard to find sincerity in today’s marriage market?,Inside_Cucumber_591,30,32,2025-10-05 21:00:24,bangladesh,-0.2916666666666667,0.5416666666666666,negative,sadness,"Shopping/Commerce, Relationships/Social"
Second Timer in admission test,Left-Guidance-3191,3,5,2025-10-04 23:48:01,bangladesh,0.0,0.0,neutral,neutral,General/Miscellaneous
Private university admission information help -,many_years_,2,2,2025-10-03 15:17:51,bangladesh,0.0,0.375,neutral,neutral,Education/Career
Credit transfer/Drop out,Independent_Nothing3,2,2,2025-09-29 00:05:19,bangladesh,0.0,0.0,neutral,neutral,General/Miscellaneous
Any tips for applying to CERN Summer Student Program 2026?,Quick-Interest-6807,3,4,2025-09-23 21:40:15,bangladesh,0.0,0.0,neutral,neutral,Technology/Gadgets
DU Admission For English Medium Student,Own_Gold_6574,2,7,2025-09-21 20:06:13,bangladesh,0.0,0.0,neutral,neutral,General/Miscellaneous
What if I don't choose DU or BUET for CSE?,Abir_Islam,2,7,2025-09-20 15:42:16,bangladesh,0.0,0.0,neutral,neutral,General/Miscellaneous
Need advice,Gold-Tomato-3484,9,7,2025-09-20 02:20:29,bangladesh,0.0,0.0,neutral,neutral,General/Miscellaneous
A critical analysis of Jamaat's popularity...,Even-Broccoli7361,2,2,2025-09-18 22:20:40,bangladesh,0.0,0.8,neutral,neutral,General/Miscellaneous
About freetime,Sungodnika04,12,23,2025-09-14 00:24:20,bangladesh,0.0,0.0,neutral,neutral,General/Miscellaneous
Udvash engineering position in daily exam not satisfying,Reasonable-Eye6699,3,0,2025-09-13 01:38:35,bangladesh,-0.125,0.5,negative,neutral,Education/Career
Looking for HSC 2027 Study Buddies for Engineering Prep,Proof_Willingness486,2,1,2025-09-12 18:33:15,bangladesh,0.0,0.0,neutral,neutral,Education/Career
DUCSU 2025 - Analysis Of Shibir's Landslide Victory And Aftermath,fogrampercot,12,13,2025-09-12 03:40:24,bangladesh,0.0,0.0,neutral,neutral,General/Miscellaneous
I am from DU. Ask me anything,Sexy_onion_17,0,8,2025-09-11 23:46:22,bangladesh,0.0,0.0,neutral,neutral,General/Miscellaneous
Khuni ekhono tar laash ke bhalobashe,KopaShamsur,3,10,2025-09-11 20:25:07,bangladesh,0.0,0.0,neutral,neutral,General/Miscellaneous
Shibir and DUCSU,Just_A_Chill_Guy2414,0,7,2025-09-11 10:57:59,bangladesh,0.0,0.0,neutral,neutral,General/Miscellaneous
Why Shibir-backed candidates won the Ducsu polls,Alone-Attention-2139,8,1,2025-09-10 23:04:53,bangladesh,0.0,0.0,neutral,neutral,General/Miscellaneous
"""baap ka beta, sipahi ka ghora""",KopaShamsur,47,6,2025-09-10 19:42:06,bangladesh,0.0,0.0,neutral,neutral,General/Miscellaneous
When went wrong with NCP politics?,saynotodumbfukery,5,17,2025-09-10 11:30:15,bangladesh,-0.5,0.9,negative,neutral,Politics/Government
Feels like a rerun of 2024 US election!,Mammoth-Buyer-6939,12,11,2025-09-10 10:37:01,bangladesh,0.0,0.0,neutral,neutral,Politics/Government
Girls. WTF ?,eyesarepotato565,131,142,2025-09-10 03:01:38,bangladesh,-0.5,1.0,negative,neutral,General/Miscellaneous
ডাকসু এবং অন্যান্য নির্বাচনে ছাত্র শিবিরকে ভোট দিবেন যে কারণে,fogrampercot,83,41,2025-09-07 20:15:02,bangladesh,0.0,0.0,neutral,neutral,General/Miscellaneous
Admission Question,Abir_Islam,4,1,2025-09-07 19:07:47,bangladesh,0.0,0.0,neutral,neutral,General/Miscellaneous
Online Coaching Platform,FrenzyCEE,2,1,2025-09-05 14:18:59,bangladesh,0.0,0.0,neutral,neutral,Shopping/Commerce
What to do?,Farhanhabib_87,5,6,2025-08-23 19:04:24,bangladesh,0.0,0.0,neutral,neutral,General/Miscellaneous
Shibir Promotion on Mirza Galim,RazzmatazzStrict,0,12,2025-08-22 17:19:10,bangladesh,0.0,0.0,neutral,neutral,General/Miscellaneous
How to prepare for BRACU entrance exam,creep_pal,5,9,2025-08-16 17:26:59,bangladesh,0.0,0.0,neutral,neutral,Education/Career
Question about Spring 2026 semester end date for B.Sc. Architecture at BRAC,milkshake-4242,2,0,2025-08-07 05:01:00,bangladesh,0.0,0.0,neutral,neutral,General/Miscellaneous
Were Kader Mollah and other executed or jailed Jamaat leaders truly guilty of committing war crimes?,tdoteditz_exe,29,49,2025-08-06 17:51:23,bangladesh,-0.3125,0.6875,negative,neutral,General/Miscellaneous
How is IB curriculum for English Medium students?,Evening_Chair3570,3,6,2025-08-02 17:29:12,bangladesh,0.0,0.0,neutral,neutral,General/Miscellaneous
"NSU vs BRAC, Best one for Economics?",Worth-Gene,4,6,2025-08-01 08:16:07,bangladesh,1.0,0.3,positive,joy,General/Miscellaneous
NSU cse vs AIUB cse!,Shaker_Afiq-111,2,4,2025-07-31 14:45:21,bangladesh,0.0,0.0,neutral,neutral,General/Miscellaneous
How easy would it be to get into Physics major at BracU this Fall?,Shot_Bowl_2680,2,0,2025-07-29 11:09:41,bangladesh,0.24791666666666667,0.6666666666666667,positive,neutral,General/Miscellaneous
"NSU,IUB or BRAC to go for bba?",Sad-Double602,2,5,2025-07-29 00:33:16,bangladesh,0.0,0.0,neutral,neutral,General/Miscellaneous
BRAC/NSU/AIUB for CSE?,MRC2RULES,2,7,2025-07-28 15:12:21,bangladesh,0.0,0.0,neutral,neutral,General/Miscellaneous
Admission Enquiry,Square_Warning4223,2,3,2025-07-28 14:45:58,bangladesh,0.0,0.0,neutral,neutral,General/Miscellaneous
Help,Plus-Feedback-1096,2,2,2025-07-27 23:36:22,bangladesh,0.0,0.0,neutral,neutral,General/Miscellaneous
Join as Co-founder,Natural_Hedgehog_287,5,15,2025-07-27 19:23:18,bangladesh,0.0,0.0,neutral,neutral,General/Miscellaneous
Second Bachelor's,TangerineNeonLights_,2,0,2025-07-19 18:11:26,bangladesh,0.0,0.0,neutral,neutral,General/Miscellaneous
Buet admission,ParsleyLow8147,0,7,2025-07-18 20:58:26,bangladesh,0.0,0.0,neutral,neutral,General/Miscellaneous
What are good backups while targeting for IBA admission,diddozy,3,3,2025-07-17 18:32:39,bangladesh,0.7,0.6000000000000001,positive,joy,General/Miscellaneous
Need post-hsc admission guideline.,onedirectionadoptme,6,3,2025-07-14 23:52:21,bangladesh,0.0,0.0,neutral,neutral,General/Miscellaneous
"Planning a Food Cart. Need Advice on Menu, Location, and Setup",Agile_Ad7635,3,1,2025-07-12 20:32:52,bangladesh,0.0,0.0,neutral,neutral,Food/Dining
Does ssc gpa matters in university admission?,tdoteditz_exe,5,7,2025-07-11 19:30:47,bangladesh,0.0,0.0,neutral,neutral,Education/Career
What's the Source of Institutional Pride?,Pro_Fullstack,64,68,2025-07-07 01:28:35,bangladesh,0.0,0.0,neutral,neutral,General/Miscellaneous
NSU Civil Engineering,laltomato05,3,10,2025-07-06 17:13:25,bangladesh,0.0,0.0,neutral,neutral,General/Miscellaneous
BIG NEWS: BUET Graduate Ridwan Noor Nafis Named Finalist in Global Architecture Competition,Agile_Ad7635,34,2,2025-07-04 01:43:04,bangladesh,0.0,0.05,neutral,neutral,General/Miscellaneous
Need guidance: Bangla-medium CSE graduate planning to sit for O/A Levels as a private candidate to apply for DU (Economics/Applied Math),TheJackedN3rd,2,1,2025-07-01 17:53:20,bangladesh,0.0,0.375,neutral,neutral,Technology/Gadgets
DU A Unit GPA Requirement,kjamwokao,2,1,2025-06-27 14:56:08,bangladesh,0.0,0.0,neutral,neutral,General/Miscellaneous
Best private university for humanities students?,Worth-Gene,2,1,2025-06-25 16:46:29,bangladesh,0.5,0.3375,positive,joy,Education/Career
Best private university for humanities students?,Worth-Gene,2,4,2025-06-24 21:23:57,bangladesh,0.5,0.3375,positive,joy,Education/Career
Career guide,soul_ofdarkandlight,3,0,2025-06-24 01:40:42,bangladesh,0.0,0.0,neutral,neutral,Education/Career
Private UNI admission resources,kindred_eldtrich,5,6,2025-06-22 12:27:42,bangladesh,0.0,0.375,neutral,neutral,General/Miscellaneous
Should I Leave NSU EEE For A Double Major In Economics and Anthropology?,Original_Bother_7440,6,1,2025-06-20 11:45:06,bangladesh,0.03125,0.25,neutral,neutral,General/Miscellaneous
Guys are there theory questions too in BUET and CUET admissions test? Or only mcq?,Ok-Company282,7,11,2025-06-19 23:40:43,bangladesh,0.0,1.0,neutral,neutral,General/Miscellaneous
The Silent Commander: Farewell to Mustafa Mohsin Montu,TasinMAHDI,12,2,2025-06-16 13:32:19,bangladesh,0.0,0.1,neutral,neutral,General/Miscellaneous
।BBA,mud_98,4,4,2025-06-13 23:57:52,bangladesh,0.0,0.0,neutral,neutral,General/Miscellaneous
I didn’t get into my dream university — and I’m still struggling to move on.,MalihaTanvi,4,8,2025-06-13 21:44:32,bangladesh,0.0,0.0,neutral,neutral,Education/Career
DU student takes his own life after being falsely accused of blasphemy and labeled an atheist,Cezanne_,108,55,2025-06-10 13:15:02,bangladesh,0.09999999999999995,0.8,neutral,neutral,General/Miscellaneous
It could be so much more..🥀,ramsosmaach,29,8,2025-05-31 21:06:57,bangladesh,0.2,0.2,positive,neutral,General/Miscellaneous
Admission for EM people,Specialist-Shoe-5880,7,8,2025-05-30 09:45:43,bangladesh,0.0,0.0,neutral,neutral,General/Miscellaneous
Need help regarding thesis survey,Haunting_Distance199,3,0,2025-05-26 13:51:58,bangladesh,0.0,0.0,neutral,neutral,General/Miscellaneous
Who dafak develops these university websites?,sanelde_senior,18,14,2025-05-25 23:25:36,bangladesh,0.0,0.0,neutral,neutral,Education/Career
Confused Between Public and Private Universities.,Deep-Neighborhood356,2,10,2025-05-21 04:39:11,bangladesh,-0.13333333333333333,0.38055555555555554,negative,neutral,General/Miscellaneous
A terrible experience at regional Passport office (Keraniganj),No-Movie-1089,6,15,2025-05-20 20:40:54,bangladesh,-1.0,1.0,negative,anger,General/Miscellaneous
"Mahfuz Alam — The Most Brilliant, Yet Most Unpopular Leader of the July Movement",Distinct-Hold7796,0,36,2025-05-17 15:51:56,bangladesh,0.6333333333333333,0.6666666666666666,positive,joy,General/Miscellaneous
Is it mandatory to answer from my compulsory subject at HSC (biology) in DU admission tests?,megaeonise,7,2,2025-05-16 22:41:40,bangladesh,-0.16666666666666666,0.3333333333333333,negative,neutral,General/Miscellaneous
"Shammo murder: Chhatra Dal locks DU academic, administrative buildings demanding whole-day mourning",Alone-Attention-2139,7,0,2025-05-15 21:17:11,bangladesh,0.0,0.0,neutral,neutral,Housing/Real Estate
Which universities offer open credit for CSE?,M_Levinson,2,9,2025-05-15 13:34:47,bangladesh,0.0,0.5,neutral,neutral,General/Miscellaneous
How important is GPA 5 on HSC exam,diddozy,4,14,2025-05-14 16:36:57,bangladesh,0.4,1.0,positive,neutral,Education/Career
CSE or BBA for moving abroad,GeneralSadaf,2,1,2025-05-13 03:08:24,bangladesh,0.0,0.0,neutral,neutral,"Education/Career, Travel/Transportation"
DU students sing national anthem in protest over Shahbagh incident | The Daily Star,ImperialOverlord,36,7,2025-05-13 01:28:29,bangladesh,0.0,0.0,neutral,neutral,General/Miscellaneous
Studying abroad (Australia),North-Sweet-1717,2,2,2025-05-11 20:00:36,bangladesh,0.0,0.0,neutral,neutral,"Education/Career, Travel/Transportation"
is Pure Math really as impossible a subject as people claim?,echothewoodnymph_,6,21,2025-05-10 06:36:58,bangladesh,-0.2063492063492063,0.611111111111111,negative,neutral,General/Miscellaneous
Are the SAT and North South University Admission Exams the Same?,Previous_Visual_5757,3,4,2025-05-05 14:16:22,bangladesh,0.0,0.125,neutral,neutral,Education/Career
Are the SAT and North South University Admission Exams the Same?,Previous_Visual_5757,2,0,2025-05-04 02:52:03,bangladesh,0.0,0.125,neutral,neutral,Education/Career
Asif Mahmud takes admission test for Masters in NSU,Vite699,23,8,2025-04-26 22:43:04,bangladesh,0.0,0.0,neutral,neutral,General/Miscellaneous
Proud ঢাবিয়ান,failure_as_a_sperm,169,39,2025-04-23 07:47:50,bangladesh,0.8,1.0,positive,neutral,General/Miscellaneous
Ongoing Student Protest at KUET,Artistically_numb,23,2,2025-04-22 14:35:18,bangladesh,0.0,0.0,neutral,neutral,General/Miscellaneous
"বিশ্ববিদ্যালয়, বিষয় ও ক্যারিয়ার",Bongiomorpha_Perseus,4,2,2025-04-21 22:34:50,bangladesh,0.0,0.0,neutral,neutral,General/Miscellaneous
NSU vs BRAC for CSE.,Interesting_Kale_700,1,8,2025-04-18 14:15:00,bangladesh,0.0,0.0,neutral,neutral,General/Miscellaneous
Anyone knows about the M.Sc in Material Science program of BUET?,TheRedditsImam,2,1,2025-04-16 16:07:15,bangladesh,0.0,0.0,neutral,neutral,General/Miscellaneous
"CSE Master admission tips and suggestions please / buet, du, ju",Sabhos29dm,8,1,2025-04-12 04:37:45,bangladesh,0.0,0.0,neutral,neutral,Housing/Real Estate
MSc in Management of Technology at Buet,Impossible_Vast_8814,7,9,2025-04-11 13:14:00,bangladesh,0.0,0.0,neutral,neutral,Technology/Gadgets
DU Fine Arts Dept Prepares Bamboo Sculpture of Fallen ‘Dictator’ for Noboborsho Rally,ultrahex007,50,11,2025-04-09 00:17:16,bangladesh,0.4166666666666667,0.5,positive,neutral,General/Miscellaneous
NSU Student Lifestyle,rayhan_stoic,2,4,2025-04-08 14:32:40,bangladesh,0.0,0.0,neutral,neutral,General/Miscellaneous
BRAC or NSU for CS/CSE?,WhateverArsehole,4,16,2025-04-07 21:36:49,bangladesh,0.0,0.0,neutral,neutral,General/Miscellaneous
Brac or NSU for CS/CSE?,WhateverArsehole,3,4,2025-04-07 21:20:09,bangladesh,0.0,0.0,neutral,neutral,General/Miscellaneous
"Serial killings on 3 places, pieces packed in carton boxes",VapeyMoron,52,12,2025-04-04 23:19:15,bangladesh,0.0,0.0,neutral,neutral,General/Miscellaneous
Subject Choice,Old_Basil_4445,3,1,2025-03-31 13:43:52,bangladesh,-0.16666666666666666,0.3333333333333333,negative,neutral,General/Miscellaneous
I need some mental support,JakeGyllenHaalz,14,20,2025-03-29 03:00:54,bangladesh,-0.1,0.2,neutral,neutral,General/Miscellaneous
BCL Cadre Nokib Ashraf Chowdhury has made abusive and inflammatory remarks about NSU student who distributed iftar to Bihari people.,redwanhossain6333,128,79,2025-03-28 21:58:18,bangladesh,0.0,0.0,neutral,neutral,Travel/Transportation
Awami League supporter openly issuing rape threats to an NSU student,ultrahex007,1,2,2025-03-28 14:06:47,bangladesh,0.0,0.5,neutral,fear,Food/Dining
Du Eee and Robotics Review,Pretend_Ad26,1,2,2025-03-25 16:46:10,bangladesh,0.0,0.0,neutral,neutral,General/Miscellaneous
New lore in town: BSL regrets helping Hasbat,VapeyMoron,34,11,2025-03-24 21:53:36,bangladesh,0.018181818181818174,0.32727272727272727,neutral,neutral,General/Miscellaneous
Is it possible to do good in hsc after wasting too much time? Or is it just a dumb dream?,tdoteditz_exe,5,6,2025-03-21 22:34:00,bangladesh,0.13124999999999998,0.575,positive,joy,General/Miscellaneous
I’m Feeling So Lost in My University Life — I Don’t Know What to Do Anymore.,elvinbarton,5,2,2025-03-20 12:46:43,bangladesh,0.0,0.0,neutral,neutral,Education/Career
Should I try for NSU or take admission in KUET?,Puzzleheaded-Car9317,2,5,2025-03-15 15:42:36,bangladesh,0.0,0.0,neutral,neutral,General/Miscellaneous
Planning to Shift to A levels from NCTB(ssc25)- My goal is DU IBA / USA and backup is Brac/NSU. Seeking Advice from DU IBA’s NCTB to A levels Shift.,TahmeedSayaan,3,21,2025-03-15 08:15:38,bangladesh,0.0,0.0,neutral,neutral,General/Miscellaneous
What's ur opinion on DU criminology dept's professor?,No-Income8933,8,11,2025-03-09 17:46:06,bangladesh,0.0,0.0,neutral,neutral,General/Miscellaneous
How can I find a tuition?,According-Teach-9600,2,2,2025-03-09 05:01:38,bangladesh,0.0,0.0,neutral,neutral,General/Miscellaneous
DU student harassment: Library staff Arnab suspended,BubblyContribution60,25,0,2025-03-08 23:16:46,bangladesh,0.0,0.0,neutral,neutral,General/Miscellaneous
Du subject choice list advice,tasdikagainghehehe,5,3,2025-03-08 14:22:16,bangladesh,-0.16666666666666666,0.3333333333333333,negative,neutral,General/Miscellaneous
During July revolution vs After July revolution,announcement35,94,13,2025-03-07 01:40:28,bangladesh,0.0,0.0,neutral,neutral,General/Miscellaneous
"DU Student Harassment Victim Receives Rape-Murder Threats, Case Withdrawn",Cezanne_,65,9,2025-03-07 00:03:46,bangladesh,-0.07500000000000001,0.05,neutral,fear,Food/Dining
DU stutent withdraws eve teasing case facing threats of rape and murder,QuakeWok,29,3,2025-03-06 23:34:32,bangladesh,0.0,0.0,neutral,fear,Food/Dining
"Mob besieges, storms Shahbagh Police Station demanding release of man arrested for harassing female DU student",jodhod1,69,27,2025-03-06 05:53:05,bangladesh,0.0,0.16666666666666666,neutral,neutral,"Housing/Real Estate, Politics/Government"
BracU/AIUB CSe or NSU CSE,_raihan_09,2,4,2025-03-05 00:00:53,bangladesh,0.0,0.0,neutral,neutral,General/Miscellaneous
"I am kind of in a rut, need experienced advice",Shimanta_1405,5,0,2025-03-04 18:21:59,bangladesh,0.7,0.9,positive,neutral,General/Miscellaneous
Is there any hope,One-Ferret-4203,6,4,2025-02-26 19:36:57,bangladesh,0.0,0.0,neutral,neutral,General/Miscellaneous
Legitimacy and the true factors of going abroad for study purposes.,Embarrassed-Plant74,3,1,2025-02-25 11:23:34,bangladesh,0.35,0.65,positive,neutral,"Education/Career, Travel/Transportation"
'We express solidarity with protests held at DU last night': Hasnat | The Daily Star,ImperialOverlord,12,2,2025-02-24 22:47:38,bangladesh,0.0,0.03333333333333333,neutral,neutral,General/Miscellaneous
What books should I study for BRACU engineering dpt?,Virtual-One-2358,5,3,2025-02-24 21:13:17,bangladesh,0.0,0.0,neutral,neutral,Education/Career
Which books do I need to study for BracU engineering dept,Calm-Dish6389,2,0,2025-02-24 20:49:46,bangladesh,0.0,0.0,neutral,neutral,Education/Career
DU protests and demand resignation of the Home Advisor Jahangir,VapeyMoron,1,4,2025-02-24 03:38:19,bangladesh,0.0,0.0,neutral,neutral,General/Miscellaneous
Anyone from DU IBA?,Driver_Kenobi2004,1,1,2025-02-22 01:34:12,bangladesh,0.0,0.0,neutral,neutral,General/Miscellaneous
How's Uttara university,tasdikagainghehehe,3,2,2025-02-22 00:29:48,bangladesh,0.0,0.0,neutral,neutral,Education/Career
Am I a fool to be hopeful in my current situation?,Big-Chain3182,11,3,2025-02-19 14:14:29,bangladesh,0.0,0.4,neutral,neutral,Housing/Real Estate
Shibir volunteering and assisting admission candidates,minhazul98535,67,55,2025-02-15 14:30:13,bangladesh,0.0,0.0,neutral,neutral,General/Miscellaneous
Help!,Shahriar-Sakib18,8,3,2025-02-10 23:02:29,bangladesh,0.0,0.0,neutral,neutral,General/Miscellaneous
"Bangla Outlook,Ali Riaz,Soros,Photo-Shahidu",Haunting_Piccolo_514,7,8,2025-02-10 16:16:08,bangladesh,0.0,0.0,neutral,neutral,General/Miscellaneous
BracU Anthropology info needed,probablysleepingggg,3,0,2025-02-10 03:00:21,bangladesh,0.0,0.0,neutral,neutral,General/Miscellaneous
Are midtier universities worth it?,tasdikagainghehehe,4,4,2025-02-09 23:05:14,bangladesh,0.3,0.1,positive,neutral,General/Miscellaneous
How Hard is the Grading Policy of North South University?,Ok_Guava8067,5,2,2025-01-30 17:31:35,bangladesh,-0.2916666666666667,0.5416666666666666,negative,sadness,"Education/Career, Politics/Government"
সাভার গণহত্যা: হাসিনা পালানোর পরের ৬ ঘণ্টা | Savar Massacre | 5 August 2024 | Prothom Alo,Environmental-Ad-344,4,2,2025-01-30 01:42:36,bangladesh,0.0,0.0,neutral,neutral,General/Miscellaneous
Leaked phonecall between Tarique Rahman and DU pro-VC,Which_Parfait_2166,1,2,2025-01-29 14:46:14,bangladesh,0.0,0.0,neutral,neutral,Technology/Gadgets
"DU, 7 colleges part ways at last | The Daily Star",ImperialOverlord,11,1,2025-01-28 01:44:45,bangladesh,0.0,0.03333333333333333,neutral,neutral,Education/Career
"Students of 7 colleges give 4 hrs for resignation of DU pro-VC, 5 other demands",DangerousRefuse2982,18,7,2025-01-27 13:05:15,bangladesh,-0.125,0.375,negative,neutral,Education/Career
"Students of DU, 7 colleges clash late into night | The Daily Star",ImperialOverlord,13,0,2025-01-27 12:40:29,bangladesh,-0.15,0.3,negative,neutral,Education/Career
Need help regarding what Uni to study for,Sad-Double602,4,5,2025-01-25 11:51:24,bangladesh,0.0,0.0,neutral,neutral,Education/Career
Story of Medical Admission ,Alternative_Bad_1366,12,12,2025-01-17 22:10:55,bangladesh,0.0,0.0,neutral,neutral,General/Miscellaneous
Did anyone else get the 'B' unit admit card for DU admission,nutallergy8452,2,5,2025-01-14 18:27:10,bangladesh,0.0,0.0,neutral,neutral,General/Miscellaneous
Unease at DU campus as some incidents reek of vigilantism,jodhod1,19,6,2025-01-07 13:46:19,bangladesh,0.0,0.0,neutral,neutral,General/Miscellaneous
Looking for a Part Time/ Full time job.,iamnoman18,3,1,2025-11-18 11:00:12,dhaka,0.35,0.55,positive,neutral,Education/Career
I am getting really depressed because of this,Icey-cold,42,35,2025-11-18 02:05:00,dhaka,0.2,0.2,positive,sadness,General/Miscellaneous
MBA Options (Is Jagannath the right choice for me?),Mysterious_Many007,2,13,2025-11-17 10:09:46,dhaka,0.2857142857142857,0.5357142857142857,positive,neutral,General/Miscellaneous
Which BUTEX Textile Engineering Department Should My Younger Brother Choose? Need Honest Advice,Redwanul-Haque2467,6,8,2025-11-16 23:00:13,dhaka,0.3,0.45,positive,trust,General/Miscellaneous
is this good for a 11th grader?,Majestic_Search4740,7,6,2025-11-16 19:35:09,dhaka,0.7,0.6000000000000001,positive,joy,General/Miscellaneous
NSU RETAKE,Spiritual_Scene634,1,4,2025-11-16 13:11:04,dhaka,0.0,0.0,neutral,neutral,General/Miscellaneous
Suggestion for higher education,abid0506,0,3,2025-11-16 11:18:11,dhaka,0.25,0.5,positive,neutral,General/Miscellaneous
Du IBA,999baseballs,0,7,2025-11-15 20:33:28,dhaka,0.0,0.0,neutral,neutral,General/Miscellaneous
Is IBA really safe from all the political Chaos at DU and other public unis,Efficient_Divide_448,5,6,2025-11-14 12:17:28,dhaka,0.09375,0.2604166666666667,neutral,neutral,General/Miscellaneous
advice about studying abroad for film/VFX after freelance career,NationalSelection773,9,2,2025-11-11 23:34:09,dhaka,0.0,0.0,neutral,neutral,"Education/Career, Travel/Transportation, Entertainment"
"How much difference does studying in public universities make, compared to private?",NastyBlisters,20,46,2025-11-09 14:41:56,dhaka,0.06666666666666667,0.21388888888888888,neutral,neutral,Education/Career
Looking for internship to add to my CV,Illustrious_Snow_314,3,5,2025-11-08 15:28:06,dhaka,0.0,0.0,neutral,neutral,Education/Career
NSU previous year's admission questions?,Kurou-Mamonogatari,2,0,2025-11-08 00:35:12,dhaka,-0.16666666666666666,0.16666666666666666,negative,neutral,General/Miscellaneous
I need help making a tier list of bba programmes,Leading-Sandwich-534,1,0,2025-11-07 15:22:53,dhaka,0.0,0.0,neutral,neutral,General/Miscellaneous
Need a job,BadLuckUnlimited,10,18,2025-11-07 03:32:16,dhaka,0.0,0.0,neutral,neutral,Education/Career
I NEED HELP!!!,Hail_Hifler_911,1,3,2025-11-06 21:09:17,dhaka,0.0,0.0,neutral,neutral,General/Miscellaneous
How to crack DU Law in 30 days?,South_Pilot_1438,4,16,2025-11-05 19:20:05,dhaka,0.0,0.0,neutral,neutral,Politics/Government
How to start learning Video editing and Digital Marketing from scratch?,Safe-Cabinet-469,3,5,2025-11-04 20:49:18,dhaka,0.0,0.0,neutral,neutral,"Shopping/Commerce, Education/Career"
I'm kind of derailed right now and how can I get back on track?,sabab_1639,3,6,2025-11-04 19:03:56,dhaka,0.29523809523809524,0.4785714285714286,positive,neutral,General/Miscellaneous
Now that BUET has 600 marks...,CarrotPlus631,19,15,2025-11-04 02:37:04,dhaka,0.0,0.0,neutral,neutral,General/Miscellaneous
Class times of Bsc courses in NSU &amp; BRACU,hasinishraque,2,2,2025-11-03 10:29:13,dhaka,0.0,0.0,neutral,neutral,Education/Career
Admission Phase...,GurWide6589,2,0,2025-11-03 08:49:47,dhaka,0.0,0.0,neutral,neutral,General/Miscellaneous
Need admission guideline,brush_of_art,2,3,2025-11-03 01:10:24,dhaka,0.0,0.0,neutral,neutral,General/Miscellaneous
No one cares about cats in BracU ?,Kim_KongNog,4,5,2025-11-02 19:26:46,dhaka,0.0,0.0,neutral,neutral,General/Miscellaneous
Can DU IBA be a better option than DU A unit?,Certain_Instance5192,9,58,2025-11-02 15:58:06,dhaka,0.5,0.5,positive,neutral,General/Miscellaneous
Is my cousin manipulative?,kindred_eldtrich,59,64,2025-11-02 14:08:22,dhaka,0.0,0.0,neutral,neutral,General/Miscellaneous
Wanting to study in Biotech or Biochem.,Consistent_Bell_7124,3,1,2025-11-02 13:36:27,dhaka,0.0,0.0,neutral,neutral,"Technology/Gadgets, Education/Career"
Need help guys!,Overall-Poetry-9021,2,6,2025-11-02 10:33:18,dhaka,0.0,0.0,neutral,neutral,General/Miscellaneous
Need advice for DU admission (B Unit),Strange-Tooth-3788,3,3,2025-11-01 14:02:31,dhaka,0.0,0.0,neutral,neutral,General/Miscellaneous
Should I quit my college?,Technical-Rush-2991,22,50,2025-10-31 14:40:05,dhaka,0.0,0.0,neutral,neutral,Education/Career
"Are advanced book [,Hc verma, Chaya prakashani etc ] &amp; advanced concepts needed for securing ranked among the Top 50 in BUET Admission Test?",Vegetable-Music3598,1,16,2025-10-31 02:39:57,dhaka,0.43333333333333335,0.5666666666666667,positive,neutral,General/Miscellaneous
BracU Admission Related,GrandSpray5334,3,2,2025-10-31 01:33:46,dhaka,0.0,0.4,neutral,neutral,General/Miscellaneous
HELP,ahnaf1131,4,8,2025-10-31 00:44:03,dhaka,0.0,0.0,neutral,neutral,General/Miscellaneous
Hostel suggestion,nafi_thebest,2,3,2025-10-30 22:06:44,dhaka,0.0,0.0,neutral,neutral,General/Miscellaneous
Du admission guideline,Responsible_Way2518,5,2,2025-10-30 18:14:56,dhaka,0.0,0.0,neutral,neutral,General/Miscellaneous
Anyone from brac university?,shady_girl66,7,19,2025-10-29 07:51:00,dhaka,0.0,0.0,neutral,neutral,Education/Career
B category university for masters abroad,GeneralSadaf,3,2,2025-10-29 00:28:34,dhaka,0.0,0.0,neutral,neutral,"Education/Career, Travel/Transportation"
Is it hard to balance work and NSU study?,fsornab,2,3,2025-10-28 19:51:06,dhaka,-0.2916666666666667,0.5416666666666666,negative,sadness,Education/Career
Buet 25-26,Manfigure,2,2,2025-10-27 14:13:07,dhaka,0.0,0.0,neutral,neutral,General/Miscellaneous
Du-b unit,No_Tart_2572,4,11,2025-10-26 19:30:58,dhaka,0.0,0.0,neutral,neutral,General/Miscellaneous
Life Advice: Be a Nerd or an Extremely Hard Worker.,_War_Daddy,181,42,2025-10-26 16:14:56,dhaka,-0.2916666666666667,0.5416666666666666,negative,sadness,Education/Career
Buet admission,Worldly_Put4468,2,7,2025-10-26 16:12:11,dhaka,0.0,0.0,neutral,neutral,General/Miscellaneous
BUET admission test viva,Windy-Orbits,3,12,2025-10-25 19:14:08,dhaka,0.0,0.0,neutral,neutral,General/Miscellaneous
Advise on topics I can use for a composition on mysoginy,Agrahayan,6,6,2025-10-25 01:15:43,dhaka,0.0,0.0,neutral,neutral,General/Miscellaneous
Need suggestion with current financial situation.,Iori3310,4,15,2025-10-24 19:07:25,dhaka,0.0,0.2,neutral,neutral,Housing/Real Estate
Extreme demotivation,Every-Ad5012,11,36,2025-10-23 23:04:07,dhaka,-0.125,1.0,negative,neutral,General/Miscellaneous
Help,Willing-Physics6397,4,2,2025-10-23 10:47:25,dhaka,0.0,0.0,neutral,neutral,General/Miscellaneous
NSU scholarship preparation,Defiant_Flounder5696,3,5,2025-10-22 16:41:03,dhaka,0.0,0.0,neutral,neutral,General/Miscellaneous
Need some admission advice,FAB__XD,1,13,2025-10-22 11:24:50,dhaka,0.0,0.0,neutral,neutral,General/Miscellaneous
Anyone commuting from Dhanmondi to (AIUB / NSU / IUB)?,Rahi_55,3,1,2025-10-21 19:46:56,dhaka,0.0,0.0,neutral,neutral,General/Miscellaneous
Which private university has the better English department?,yuriiixyz,5,8,2025-10-21 12:14:30,dhaka,0.16666666666666666,0.2916666666666667,positive,neutral,Education/Career
Data Science Masters Suggestions,Due_Permission_7837,4,3,2025-10-21 11:07:44,dhaka,0.0,0.0,neutral,neutral,General/Miscellaneous
"Need help choosing a non-science subject in BRACU/EWU/NSU/AIUB (SSC 5.00, HSC 4.67)",yuriiixyz,4,12,2025-10-21 02:08:03,dhaka,-0.16666666666666666,0.3333333333333333,negative,neutral,General/Miscellaneous
"Are private universities like BRAC and NSU actually raising their standards, or are students just less prepared now?",Bubbly_Yesterday_420,11,15,2025-10-20 23:35:02,dhaka,-0.05555555555555555,0.18055555555555555,neutral,neutral,General/Miscellaneous
IS IT WORTH STUDYING IM GERMANY FOR ENGINEERING AS AN ENGLISH MEDIUM STUDENT,Soul_Sniper_26,2,2,2025-10-20 20:49:27,dhaka,0.15,0.05,positive,neutral,Education/Career
Is it over for me?,PollutionOwn2232,7,2,2025-10-20 00:21:39,dhaka,0.0,0.0,neutral,neutral,General/Miscellaneous
Teachers for hsc and admission,Numerous-Ordinary-43,1,2,2025-10-19 15:26:07,dhaka,0.0,0.0,neutral,neutral,Food/Dining
MALAYSIAN UNI VS BRAC OR NSU,wavefun_333,8,17,2025-10-19 12:46:51,dhaka,0.0,0.0,neutral,neutral,General/Miscellaneous
Does university ranking matter when pursuing a master’s abroad?,Embarrassed-Break127,7,8,2025-10-19 10:27:31,dhaka,0.0,0.0,neutral,neutral,"Education/Career, Travel/Transportation"
Need suggestions for du b unit,Born-Lettuce572,5,5,2025-10-19 02:33:14,dhaka,0.0,0.0,neutral,neutral,General/Miscellaneous
Need help and advice for DU A unit admission.,filthy-otaku,3,5,2025-10-19 02:04:56,dhaka,0.0,0.0,neutral,neutral,General/Miscellaneous
Need help with buet admission,Mima_rin_,2,4,2025-10-19 01:43:42,dhaka,0.0,0.0,neutral,neutral,General/Miscellaneous
Viva,Glittering-Mix5021,2,4,2025-10-18 16:17:51,dhaka,0.0,0.0,neutral,neutral,General/Miscellaneous
How else should I practice for buet?,CarrotPlus631,4,3,2025-10-18 11:14:57,dhaka,0.0,0.0,neutral,neutral,General/Miscellaneous
BUET A LEVEL THRESHOLD,Lopsided-Vanilla9925,3,4,2025-10-18 02:31:22,dhaka,0.0,0.0,neutral,neutral,General/Miscellaneous
Is EEE worth it in IUB?,Anxsuii,3,8,2025-10-18 01:20:07,dhaka,0.3,0.1,positive,neutral,General/Miscellaneous
University suggestion for Economics,Professional_Rock_22,4,2,2025-10-18 00:21:51,dhaka,0.0,0.0,neutral,neutral,Education/Career
Private university suggestion for Economics,Professional_Rock_22,2,0,2025-10-17 23:57:27,dhaka,0.0,0.375,neutral,neutral,Education/Career
How to get scholarship?!!,HungryHall5,0,7,2025-10-17 12:19:46,dhaka,0.0,0.0,neutral,neutral,General/Miscellaneous
Enquire about DU B unit admission,Born-Lettuce572,4,9,2025-10-17 00:25:02,dhaka,0.0,0.0,neutral,neutral,General/Miscellaneous
Textile in Aust and BBA in NSU,rihad_mahmud,1,2,2025-10-16 23:40:05,dhaka,0.0,0.0,neutral,neutral,General/Miscellaneous
How to get scholarship in NSU?,washin_machine_heart,5,2,2025-10-16 13:58:18,dhaka,0.0,0.0,neutral,neutral,General/Miscellaneous
Can i sit for the BUET exam?,ahnaf1131,4,12,2025-10-16 11:14:57,dhaka,0.0,0.0,neutral,neutral,Education/Career
Anyone from NSU??,Sea-Hair3700,5,3,2025-10-16 02:46:48,dhaka,0.0,0.0,neutral,neutral,General/Miscellaneous
Eco vs BBA at NSU — need opinions,PretendImportance458,3,5,2025-10-15 21:49:08,dhaka,0.0,0.0,neutral,neutral,General/Miscellaneous
Suggest please.....,Ibn-Abdullah,1,2,2025-10-15 07:49:10,dhaka,0.0,0.0,neutral,neutral,Housing/Real Estate
Physics or CS in DU?,QuantumVoid37,5,15,2025-10-14 23:53:10,dhaka,0.0,0.0,neutral,neutral,General/Miscellaneous
Contemplating whether I should really prepare for the iba examination.,Rushdia444,2,3,2025-10-14 19:17:32,dhaka,0.2,0.2,positive,neutral,Education/Career
why is it so difficult to get into iba even though the syllabus is relatively straightforward?,fortyskinshit,20,9,2025-10-14 04:25:52,dhaka,-0.0625,0.6875,neutral,sadness,Travel/Transportation
How to start prepping for iba du if you’re in college.u,Rushdia444,5,12,2025-10-13 13:10:06,dhaka,0.0,0.0,neutral,neutral,Education/Career
Need advice for transitioning to AI/ML field.,Horny_priest8366,1,0,2025-10-12 14:36:55,dhaka,0.0,0.0,neutral,neutral,General/Miscellaneous
Mom ruining my brother's life,FrontBeautiful644,69,37,2025-10-11 20:30:59,dhaka,0.0,0.0,neutral,neutral,General/Miscellaneous
ADMISSION TEST,ComprehensiveBox996,5,21,2025-10-11 18:27:10,dhaka,0.0,0.0,neutral,neutral,General/Miscellaneous
Should I go for CSE in 2025?,Farhanhabib_87,2,15,2025-10-10 20:11:54,dhaka,0.0,0.0,neutral,neutral,General/Miscellaneous
unethical private uni admission,taeejo,0,4,2025-10-09 22:22:36,dhaka,0.0,0.375,neutral,neutral,General/Miscellaneous
Pre owned Microsoft surface laptop 4 any good?,Ok-Town-1261,1,0,2025-10-09 12:38:20,dhaka,0.7,0.6000000000000001,positive,joy,Technology/Gadgets
Any tips to get 1digit rank in BUET,sappy12234456,5,23,2025-10-09 11:07:36,dhaka,-0.8,0.9,negative,neutral,General/Miscellaneous
Uttara to Keraniganj shortest route,zohaer,1,1,2025-10-09 11:06:43,dhaka,0.0,0.0,neutral,neutral,General/Miscellaneous
mba/masters,Expensive_Swim8379,1,5,2025-10-09 01:27:29,dhaka,0.0,0.0,neutral,neutral,General/Miscellaneous
বাংলাদেশে একজন ছাত্র বা বেকার ছেলের জন্য কতটা সহায়ক বা সহনীয়? বাংলাদেশের ভবিষ্যৎ কি অন্ধকার?,Bilag-1,6,3,2025-10-08 23:43:20,dhaka,0.0,0.0,neutral,neutral,General/Miscellaneous
Running location,No-Product7005,2,0,2025-10-08 10:12:07,dhaka,0.0,0.0,neutral,neutral,General/Miscellaneous
private university suggestions,Academic_Ad_9620,5,27,2025-10-07 09:48:29,dhaka,0.0,0.375,neutral,neutral,Education/Career
Can I get into buet?,Many_Confusion_2513,21,44,2025-10-06 21:15:50,dhaka,0.0,0.0,neutral,neutral,General/Miscellaneous
Any senior who can help me out?,Prior_Ad1406,1,3,2025-10-06 15:07:45,dhaka,0.0,0.0,neutral,neutral,General/Miscellaneous
Why do top potential guys leave high-paying private jobs for govt jobs?,Complex-9723,66,53,2025-10-06 11:35:36,dhaka,0.16666666666666666,0.625,positive,neutral,Education/Career
About the Recent NSU Incident,AncientBasiIisk,58,71,2025-10-06 04:03:53,dhaka,0.0,0.25,neutral,neutral,General/Miscellaneous
Is there anyone who cracked buet depite being a below average student?,xenon_gx,8,24,2025-10-06 01:41:15,dhaka,-0.15,0.39999999999999997,negative,neutral,General/Miscellaneous
Need a living place for 3-4 people for 4 days.,Mr_Sophistication__,1,4,2025-10-05 19:58:59,dhaka,0.0,0.0,neutral,neutral,General/Miscellaneous
Help,Glittering-Mix5021,3,3,2025-10-04 10:03:14,dhaka,0.0,0.0,neutral,neutral,General/Miscellaneous
Universities that accept 7 year study gap,QualityKoala871,5,1,2025-10-04 05:24:20,dhaka,0.0,0.0,neutral,neutral,Education/Career
Which insurance plan would be best for me?,Environmental_Ad9456,5,6,2025-10-04 03:43:04,dhaka,1.0,0.3,positive,joy,General/Miscellaneous
How much does a student from BUET earn per month from tuition and teaching stuff?,Reasonable-Eye6699,25,39,2025-10-03 21:11:18,dhaka,0.2,0.2,positive,neutral,Food/Dining
Private university admission information help -,many_years_,2,2,2025-10-03 15:13:24,dhaka,0.0,0.375,neutral,neutral,Education/Career
Which private uni will be best for (EEE) for bachelors?,Windy-Orbits,1,13,2025-10-02 20:33:57,dhaka,0.5,0.3375,positive,joy,General/Miscellaneous
I Feel Frustrated and Depressed about My Future,Best-Watercress4753,16,15,2025-10-02 00:31:18,dhaka,-0.35,0.1625,negative,anger,General/Miscellaneous
"As a 17 year old, what should I really do?",Agrahayan,2,1,2025-10-01 19:29:55,dhaka,0.15000000000000002,0.2,positive,neutral,General/Miscellaneous
Any IBA aspirants here?,AffogatoCafe,1,2,2025-10-01 19:19:10,dhaka,0.0,0.0,neutral,neutral,General/Miscellaneous
Cost of living,Cobra6906,4,14,2025-09-30 04:46:16,dhaka,0.0,0.0,neutral,neutral,Shopping/Commerce
Looking for online part-time jobs,daisukekanbe321,1,0,2025-09-29 21:08:31,dhaka,0.0,0.0,neutral,neutral,"Shopping/Commerce, Education/Career"
It’s now a plan by Yunus and his government that Jamaat will come into power in February,HelicopterLong2342,78,69,2025-09-29 07:35:47,dhaka,0.0,0.0,neutral,neutral,Politics/Government
Help needed for my NSU exam,Perfect-Product-7277,3,3,2025-09-27 01:24:45,dhaka,0.0,0.0,neutral,neutral,Education/Career
Private public bias in marriage,Great-Object1436,2,9,2025-09-26 05:40:30,dhaka,0.0,0.22083333333333333,neutral,neutral,Relationships/Social
#Savemymaster'sdegree!!,No-Lynx-6045,3,2,2025-09-25 23:50:28,dhaka,0.0,0.0,neutral,neutral,General/Miscellaneous
Is there a way to manage uni expenses on my own,PotatoMoney6765,8,15,2025-09-22 20:14:46,dhaka,0.6,1.0,positive,neutral,General/Miscellaneous
English Lit at NSU?,brownniteowl_31,1,0,2025-09-21 10:45:28,dhaka,0.0,0.0,neutral,neutral,General/Miscellaneous
Should i go abroad for undergraduate or masters?,LEGEND_7777,7,20,2025-09-20 19:34:29,dhaka,0.0,0.0,neutral,neutral,"Education/Career, Travel/Transportation"
University options,Anxsuii,2,11,2025-09-20 13:43:25,dhaka,0.0,0.0,neutral,neutral,Education/Career
Is there a way to manage uni expenses on my own,PotatoMoney6765,8,17,2025-09-20 03:01:31,dhaka,0.6,1.0,positive,neutral,General/Miscellaneous
Need help/advice,Gold-Tomato-3484,6,16,2025-09-20 00:02:16,dhaka,0.0,0.0,neutral,neutral,General/Miscellaneous
What should I do? HSC -2025,OkCounter2793,2,4,2025-09-19 18:27:08,dhaka,0.0,0.0,neutral,neutral,General/Miscellaneous
What is the best future possible for a mid level student from a middle class family?,Crowned_XD,3,4,2025-09-19 03:38:16,dhaka,0.2,0.28500000000000003,positive,joy,Relationships/Social
IBA exam date?,ahnaf1131,4,4,2025-09-19 01:39:41,dhaka,0.0,0.0,neutral,neutral,Education/Career
ACADEMIC HELP.,PRAISED-01,4,8,2025-09-18 11:02:50,dhaka,0.0,0.0,neutral,neutral,General/Miscellaneous
Should I drop out of BUET?,ItchyTranslator2244,173,145,2025-09-18 07:13:32,dhaka,0.0,0.0,neutral,neutral,General/Miscellaneous
Seeking Advice on Private University Admission Test,Low_Ground_5077,2,2,2025-09-17 10:42:38,dhaka,0.0,0.375,neutral,neutral,Education/Career
Advice on which online courses to take for private university admission,noorbeer,1,2,2025-09-16 16:55:01,dhaka,0.0,0.375,neutral,neutral,"Shopping/Commerce, Education/Career"
Can you point me out some concrete problems with Shibir/Jamat?,ImTahrim,38,141,2025-09-16 12:37:42,dhaka,0.15000000000000002,0.30000000000000004,positive,neutral,General/Miscellaneous
Looking for tuitions,Academic_Cod_7039,1,0,2025-09-15 16:09:12,dhaka,0.0,0.0,neutral,neutral,General/Miscellaneous
Politics and Public universities,serialgooner696,45,57,2025-09-15 14:31:52,dhaka,0.0,0.06666666666666667,neutral,neutral,Politics/Government
seeking remote jobs,Terrible_Mud_7057,1,1,2025-09-15 10:11:17,dhaka,-0.1,0.2,neutral,neutral,Education/Career
Admission phase.,Clear-External-3135,4,6,2025-09-15 03:23:37,dhaka,0.0,0.0,neutral,neutral,General/Miscellaneous
"Anyone got ""Focus"" sheets for sale?",kachakathal2219,2,2,2025-09-14 23:02:51,dhaka,0.0,0.0,neutral,neutral,General/Miscellaneous
About freetime,Sungodnika04,2,1,2025-09-14 00:19:32,dhaka,0.0,0.0,neutral,neutral,General/Miscellaneous
How is ULAB??,peekaboo4three,2,1,2025-09-13 23:56:45,dhaka,0.0,0.0,neutral,neutral,General/Miscellaneous
Why ppl r so obsessed with DUCSU,Vivid-Attitude1799,1,7,2025-09-13 20:00:15,dhaka,-0.5,1.0,negative,neutral,General/Miscellaneous
Suggest me some books for private university admission,hasinishraque,3,1,2025-09-13 19:24:33,dhaka,0.0,0.375,neutral,neutral,Education/Career
Udvash engineering position in daily exam not satisfying,Reasonable-Eye6699,0,7,2025-09-13 01:14:55,dhaka,-0.125,0.5,negative,neutral,Education/Career
Ratrace and Admission,Crowned_XD,1,1,2025-09-12 23:44:14,dhaka,0.0,0.0,neutral,neutral,General/Miscellaneous
explanation,Solid-Secretary-44,3,7,2025-09-12 05:26:28,dhaka,0.0,0.0,neutral,neutral,General/Miscellaneous
"To my liberal friends, shibir...",_average_man_,41,52,2025-09-12 04:22:37,dhaka,0.0,0.0,neutral,neutral,Relationships/Social
English Lit Program at NSU,brownniteowl_31,3,6,2025-09-12 01:32:14,dhaka,0.0,0.0,neutral,neutral,General/Miscellaneous
Why did female students voted in a surprisingly huge amount for Shibir?,Ok-Grapefruit-6532,19,45,2025-09-11 22:46:20,dhaka,0.19999999999999998,0.5333333333333333,positive,surprise,General/Miscellaneous
How Shibir Won Ducsu?,Political_egg,8,18,2025-09-11 18:46:40,dhaka,0.0,0.0,neutral,neutral,General/Miscellaneous
Shibir is attracting me like a magnet,UpperMeal3875,0,36,2025-09-11 17:16:04,dhaka,0.0,0.0,neutral,neutral,General/Miscellaneous
Freedom of speech and whatever the hell goes on in front of DU,ConstructionGlad4331,2,3,2025-09-11 09:16:56,dhaka,0.0,0.0,neutral,anger,General/Miscellaneous
It's not politics but please answer my question if you know.,Windy-Orbits,1,0,2025-09-11 01:00:55,dhaka,0.0,0.0,neutral,neutral,"Housing/Real Estate, Politics/Government"
Counter Narrative (DUCSU),Worldly_Yellow_6115,8,29,2025-09-10 15:01:04,dhaka,0.0,0.0,neutral,neutral,General/Miscellaneous
মানুষ মূলত শিবির...,astra_t,22,13,2025-09-10 15:00:36,dhaka,0.0,0.0,neutral,neutral,General/Miscellaneous
What's so surprising?,ironic_XD69,102,72,2025-09-10 14:08:45,dhaka,0.7,0.5,positive,surprise,General/Miscellaneous
Opportunities to go abroad for higher studies after dropping out,Difficult-Draft9441,1,2,2025-09-10 13:48:51,dhaka,0.25,0.5,positive,neutral,"Education/Career, Travel/Transportation"
Now that shibir has won..,Fantastic-Freedom754,160,505,2025-09-10 11:06:30,dhaka,0.0,0.0,neutral,neutral,General/Miscellaneous
A shame for the nation and our people also the future,Longjumping-Boot-713,198,345,2025-09-10 07:30:49,dhaka,0.0,0.125,neutral,neutral,General/Miscellaneous
How do I apply for NSU scholarship after first semester (no admission scholarship)?,Emotional_Yak7423,2,2,2025-09-09 19:54:35,dhaka,0.25,0.3333333333333333,positive,neutral,Technology/Gadgets
NSU admission prep,dumb__head33,2,3,2025-09-09 08:05:54,dhaka,0.0,0.0,neutral,neutral,General/Miscellaneous
Whats the difference between NDC students and normal college students?,Defiant_Shirt_6441,3,10,2025-09-08 00:10:17,dhaka,0.15,0.6499999999999999,positive,neutral,Education/Career
help related studies for hsc 2027,dhoopneel,1,2,2025-09-07 23:42:10,dhaka,0.0,0.4,neutral,neutral,General/Miscellaneous
“HSC ’27 Science – Can I rely on free YouTube playlists for both HSC &amp; admission prep?”,_K1b1ra_,2,6,2025-09-07 16:56:26,dhaka,0.4,0.8,positive,neutral,General/Miscellaneous
MSC in Data science after BBA,Responsible-Gear-208,2,3,2025-09-07 16:00:39,dhaka,0.0,0.0,neutral,neutral,General/Miscellaneous
How many marks do you need in NSU admission test for LLB?,Sufficient-Skin-1695,3,2,2025-09-06 16:03:56,dhaka,0.5,0.5,positive,neutral,General/Miscellaneous
ssc result 4.22 হয়ে buet এ কি admission exam দিতে পারবো?,robertlussy,2,3,2025-09-05 23:39:54,dhaka,0.0,0.0,neutral,neutral,Education/Career
Online Coaching Platform,FrenzyCEE,3,2,2025-09-05 07:28:02,dhaka,0.0,0.0,neutral,neutral,Shopping/Commerce
Seeking Advice: Can I Re-Apply to BRAC University in a Different Department After Academic Cancellation?,Apprehensive-Net3087,4,0,2025-09-05 02:17:57,dhaka,0.0,0.3,neutral,neutral,"Housing/Real Estate, Technology/Gadgets, Education/Career"
NSU TESOL vs Brac TESOL (Masters),holatics,1,0,2025-09-03 22:49:29,dhaka,0.0,0.0,neutral,neutral,General/Miscellaneous
Buet eligibility,AwarenessFragrant218,0,9,2025-09-02 15:59:42,dhaka,0.0,0.0,neutral,neutral,General/Miscellaneous
What is the minimum cgpa requirement to get shortlisted for a university lacturur position?,Anxious-Advantage374,9,30,2025-09-02 10:58:12,dhaka,0.0,0.0,neutral,neutral,Education/Career
About admission,Baby_No_PP,1,1,2025-09-01 22:53:31,dhaka,0.0,0.0,neutral,neutral,General/Miscellaneous
Productivity,SamiulArian69,5,7,2025-08-31 18:33:47,dhaka,0.0,0.0,neutral,neutral,Shopping/Commerce
Bracu to gulistan,troubled_dad,2,5,2025-08-31 17:05:30,dhaka,0.0,0.0,neutral,neutral,General/Miscellaneous
Help a brother out…,Zestyclose_Relief_61,2,10,2025-08-31 00:34:35,dhaka,0.0,0.0,neutral,neutral,General/Miscellaneous
CS from Bracu vs CS from IUB which one is better?,Affectionate_Long774,2,3,2025-08-30 18:45:38,dhaka,0.5,0.5,positive,neutral,General/Miscellaneous
Calling all the EM students who studies at BUET/ gave admission exams,Tall_Committee_2243,2,2,2025-08-29 12:19:15,dhaka,0.0,0.0,neutral,neutral,Education/Career
"Here to vent and release all the stress, also need solid advice",SpendOk8872,16,77,2025-08-28 01:21:10,dhaka,0.0,0.1,neutral,neutral,Housing/Real Estate
How to overcome from academic regrets?,ivyIllusions238,29,54,2025-08-27 16:07:55,dhaka,-0.05,0.1,neutral,neutral,General/Miscellaneous
Advice for an Psychology Aspirant SSC-25 Graduate?,Personal-Calendar974,3,1,2025-08-27 04:49:29,dhaka,0.0,0.0,neutral,neutral,General/Miscellaneous
Is it worth spending 15 lacs at a top level private university if I get the chance to study at a mid level public?,roronoa_zoro_11111,28,38,2025-08-27 02:01:09,dhaka,0.16,0.20833333333333334,positive,neutral,Education/Career
WANNA KNOW ABOUT JNU,Competitive-Rate-951,7,12,2025-11-16 21:10:31,bangladesh,0.0,0.0,neutral,neutral,General/Miscellaneous
Help,mizzy_001,3,6,2025-11-11 16:45:58,bangladesh,0.0,0.0,neutral,neutral,General/Miscellaneous
Question about EWU English Department,Adept-Asparagus-1021,2,1,2025-09-04 17:26:51,bangladesh,0.0,0.0,neutral,neutral,General/Miscellaneous
Some questions regarding on Ahsanullah University,onisadat_712005,3,1,2025-09-03 18:17:05,bangladesh,0.0,0.0,neutral,neutral,Education/Career
From AUST to Tesla: Samiha Mustabin Begins New Role as Process Engineer.,El-che-Alif,29,11,2025-07-14 23:57:03,bangladesh,0.13636363636363635,0.45454545454545453,positive,neutral,General/Miscellaneous
Feeling gulity about not being able to stop eve teasing &amp; why we as a nation become this much judgemental to tease and harasse any women wearing saree??,Bubbly_Review_4932,232,77,2025-06-21 23:12:03,bangladesh,0.35,0.4125,positive,neutral,Food/Dining
Anyone know where can I find espresso 57 in cheap. In new market area. I am going to drink it with milk,KhondokarIbrahim,7,1,2025-06-17 21:18:14,bangladesh,0.2681818181818182,0.5772727272727273,positive,neutral,Shopping/Commerce
Where do I find good a good nanny?,ovi2wise,9,19,2025-06-15 17:31:08,bangladesh,0.7,0.6000000000000001,positive,joy,General/Miscellaneous
From where can I can get cargo pants? @Dhanmondi,Own_Antelope_7019,0,8,2025-05-20 05:15:44,bangladesh,0.0,0.0,neutral,neutral,General/Miscellaneous
need some help finding beads,minty_pwanda,4,1,2025-05-16 21:17:24,bangladesh,0.0,0.0,neutral,neutral,General/Miscellaneous
DATA SCIENCE IN AIUB,wthhminx,3,1,2025-05-10 21:14:49,bangladesh,0.0,0.0,neutral,neutral,General/Miscellaneous
How good is AIUB's CNCS (Computer Network And Cyber Security) program really?,Atom_X9,3,1,2025-05-06 03:32:50,bangladesh,0.44999999999999996,0.4,positive,joy,"Technology/Gadgets, Education/Career"
Selling brain to cash,More_Cut7480,4,0,2025-04-21 21:33:42,bangladesh,0.0,0.0,neutral,neutral,Shopping/Commerce
Is Ewu English department good?,Visible-Issue5345,3,2,2025-03-17 02:29:29,bangladesh,0.35,0.30000000000000004,positive,joy,General/Miscellaneous
Does Public vs Private Really Matter in Engineering Jobs? (Need Advice from Alumni),sonothamin112,2,4,2025-03-15 23:55:57,bangladesh,0.06666666666666667,0.21388888888888888,neutral,neutral,Education/Career
IUB students' underwater vehicle shows promise for industrial applications in maritime ecology and security,Careless_Success_282,6,0,2025-03-03 18:37:57,bangladesh,0.0,0.0,neutral,neutral,"Technology/Gadgets, Entertainment"
Career Suggestion,No_Necessary_5021,7,2,2025-02-09 21:17:13,bangladesh,0.0,0.0,neutral,neutral,Education/Career
How much longer will the Jamuna Future Park main road constructions last?,SignificantYam5015,4,0,2025-02-05 16:34:41,bangladesh,0.09166666666666667,0.18125,neutral,neutral,Travel/Transportation
At least eight policemen were injured in an attack by dozens of men on a convoy of New Market Police Station in an alleged attempt to snatch a Chhatra Dal leader arrested over the hacking of a businessman,VapeyMoron,31,13,2025-01-24 20:25:05,bangladesh,-0.08787878787878789,0.3181818181818182,neutral,neutral,"Shopping/Commerce, Travel/Transportation, Politics/Government"
Did Chinmay Das  actually commit sedition???Does any one have a video or a close up shot of the flag hoisted at new market ctg? Fact check is needed on this. [OC],itsnightmare_here,0,3,2025-01-10 04:26:30,bangladesh,0.06818181818181818,0.2772727272727273,neutral,neutral,Shopping/Commerce
"NSU vs EWU vs DIU --Which one is best for ""CSE""?",joysutradhar_,3,1,2024-12-23 11:08:06,bangladesh,1.0,0.3,positive,joy,General/Miscellaneous
Are Private Uni students being targeted?,relapse_rif,5,8,2024-12-17 23:46:02,bangladesh,0.0,0.375,neutral,neutral,General/Miscellaneous
Engineering application help,MaxDialga,4,1,2024-11-20 17:38:39,bangladesh,0.0,0.0,neutral,neutral,Technology/Gadgets
Credit Card Use for shopping ,GIS71,3,2,2024-10-23 13:21:26,bangladesh,0.0,0.0,neutral,neutral,Shopping/Commerce
Bus route Mohakhali to AIUB,DemiGhost0,4,3,2024-10-21 19:11:28,bangladesh,0.0,0.0,neutral,neutral,Travel/Transportation
Can anyone tell me some places where I can get things in retail &amp; wholesale price?,Emad_341,3,4,2024-10-19 15:30:26,bangladesh,0.0,0.0,neutral,neutral,Shopping/Commerce
Tried to plot Hatirjheel and surrounding areas [OC],redwanhossain6333,3,4,2024-10-17 02:57:22,bangladesh,0.0,0.0,neutral,neutral,General/Miscellaneous
Information regarding new market,ponyo_thalassophile,2,0,2024-10-13 09:01:03,bangladesh,0.13636363636363635,0.45454545454545453,positive,neutral,Shopping/Commerce
Is economics better in UIU or IUB?,invisiblereader4951,2,4,2024-10-12 17:25:12,bangladesh,0.5,0.5,positive,neutral,General/Miscellaneous
"How can i apply for law in BRACU, after graduating from another university? ",invisiblereader4951,3,1,2024-10-12 16:57:30,bangladesh,0.0,0.0,neutral,neutral,"Technology/Gadgets, Education/Career, Politics/Government"
Aust theke graduation korar por graduate ra kemon salary te job start kore?,rihad_mahmud,3,1,2024-09-30 19:59:40,bangladesh,0.0,0.0,neutral,neutral,Education/Career
Need advice ,october_83,2,2,2024-09-30 11:55:45,bangladesh,0.0,0.0,neutral,neutral,General/Miscellaneous
Transfer credits from AIUB to BRACU? thoughts?,lubdhak_31,1,5,2024-08-28 17:30:11,bangladesh,0.0,0.0,neutral,neutral,General/Miscellaneous
Preparing for EWU,OddYogurtcloset7613,0,0,2024-06-26 19:19:45,bangladesh,0.0,0.0,neutral,neutral,General/Miscellaneous
"Which Uni will be better for Mechanical/civil Engineering, Aust or IUT?",Usual-Banana-4340,2,3,2024-06-22 14:03:19,bangladesh,0.5,0.5,positive,neutral,General/Miscellaneous
College Suggestions [GPA-4.83],Sauce_Is_Life,1,0,2024-05-30 00:08:45,bangladesh,0.0,0.0,neutral,neutral,Education/Career
Suggestions for dorji/tailor who handles men's clothing around Dhanmondi area.,houdini0724,5,2,2024-05-28 16:21:27,bangladesh,0.0,0.0,neutral,neutral,General/Miscellaneous
AIUB CSE or Public University's any subject,afsanabid_anik,3,6,2024-05-25 13:25:04,bangladesh,-0.08333333333333333,0.19999999999999998,neutral,neutral,Education/Career
"Shops like techmarvels,computer mania are they good?",averagedude_2023,2,0,2024-05-17 00:07:17,bangladesh,0.7,0.6000000000000001,positive,joy,"Technology/Gadgets, Shopping/Commerce"
How do i prepare for EWU?,OddYogurtcloset7613,2,2,2024-05-15 15:41:30,bangladesh,0.0,0.0,neutral,neutral,General/Miscellaneous
Does AIUB provide offer letter?,the_tempest_84,2,2,2024-05-14 14:02:37,bangladesh,0.0,0.0,neutral,neutral,General/Miscellaneous
IUT Civil Engineering or Brac CSE,nabilalam_10,0,3,2024-05-11 03:40:56,bangladesh,0.0,0.0,neutral,neutral,General/Miscellaneous
Private University For getting Engineering Degree,Southern-Explorer616,0,7,2024-04-25 21:04:08,bangladesh,0.0,0.375,neutral,neutral,Education/Career
Unsure on where to head towards now.,yeeehow,2,11,2024-03-30 11:32:52,bangladesh,0.0,0.0,neutral,neutral,General/Miscellaneous
Please provide a logical suggestion for a probation student,Muftasimul_Dhrubo,17,15,2024-03-28 13:52:31,bangladesh,0.25,0.25,positive,neutral,Housing/Real Estate
Everything Wrong With Lifespring,Better-Cake8790,72,20,2024-01-19 21:23:16,bangladesh,-0.5,0.9,negative,neutral,General/Miscellaneous
can i take cse in IUB uni?,_rafflewaffle,1,6,2024-01-18 20:02:26,bangladesh,0.0,0.0,neutral,neutral,General/Miscellaneous
Aiub or Iub for CE,LegitimateAd9539,2,10,2023-11-23 22:57:39,bangladesh,0.0,0.0,neutral,neutral,General/Miscellaneous
Mohakhali to Jagannath university and vice versa.,NAF1R,1,2,2023-11-06 23:49:10,bangladesh,0.0,0.0,neutral,neutral,Education/Career
NSU IUB admission requirements,-missdior,0,3,2023-10-14 03:18:16,bangladesh,0.0,0.0,neutral,neutral,General/Miscellaneous
"Should I buy ""used"" phones from Jamuna Future Park?",Asmkhalid101,8,10,2023-09-03 15:35:13,bangladesh,0.0,0.125,neutral,neutral,"Technology/Gadgets, Shopping/Commerce"
Can I expect a better future by studying IPE at AUST?,GALEEB_101,1,2,2023-08-29 13:38:21,bangladesh,0.25,0.3125,positive,neutral,Education/Career
HSTU CSE or AUST CSE,Say__my__name__,1,9,2023-08-20 16:30:06,bangladesh,0.0,0.0,neutral,neutral,General/Miscellaneous
I'm in 4rd yr in economics. What'll be my potential job field? In banks only? Does cgpa really matters for my sector? I'm currently in ewu cg 2.65,CharityHead9076,0,10,2023-08-20 13:59:22,bangladesh,0.05,0.65,neutral,neutral,"Housing/Real Estate, Education/Career"
Best brands or shops at Jamuna Future Park,Large-Problem7630,1,0,2023-08-10 10:00:56,bangladesh,0.5,0.2125,positive,joy,Shopping/Commerce
"International Club or any other ""club"" for that matter.",Slow-Significance113,4,1,2023-07-27 00:57:36,bangladesh,-0.0625,0.1875,neutral,neutral,General/Miscellaneous
A good gift shop like Miniso but Cheaper,Calm_Finance_6996,3,2,2023-07-24 20:57:42,bangladesh,0.7,0.6000000000000001,positive,joy,Shopping/Commerce
Hopefully people wouldn't mind over these images! Tried to draw Hatirjheel and its surrounding areas using two different python packages.,redwanhossain6333,16,0,2023-05-21 11:35:20,bangladesh,0.0,0.6,neutral,neutral,Housing/Real Estate
Will the contractor whose incompetence led to the fire of new market be charged?,MyNam3lsJ3ff,2,0,2023-04-15 23:16:17,bangladesh,0.13636363636363635,0.45454545454545453,positive,neutral,Shopping/Commerce
AIUB or BRAC for CSE,redditcarouselart,1,14,2023-04-01 17:25:12,bangladesh,0.0,0.0,neutral,neutral,General/Miscellaneous
[ Removed by Reddit ],Afff95,10,20,2023-03-18 21:55:31,bangladesh,0.0,0.0,neutral,neutral,General/Miscellaneous
CSE or MIS in NSU ?,Master-Side-6887,2,12,2023-03-18 19:44:34,bangladesh,0.0,0.0,neutral,neutral,General/Miscellaneous
I Love My Country (Happy Victory Day!),protoy12,52,40,2022-12-16 15:33:38,bangladesh,0.75,0.8,positive,joy,"Technology/Gadgets, Relationships/Social"
NSU or AIUB for cse ?,lubdhak_31,6,13,2022-11-15 12:44:59,bangladesh,0.0,0.0,neutral,neutral,General/Miscellaneous
Why isn't there that many good universities offering Textile Engineering in our textile industry led economy?,cthulhouette,20,23,2022-08-02 19:53:15,bangladesh,0.6,0.55,positive,joy,General/Miscellaneous
Solar-powered cold storage design by IUB students win gold in UK,Due-Stuff9151,5,2,2022-06-23 20:15:56,bangladesh,0.10000000000000003,0.7,positive,neutral,General/Miscellaneous
Where can I find old board textbooks from 1995-2010?,Rar34943,9,5,2022-06-15 14:53:27,bangladesh,0.1,0.2,neutral,neutral,General/Miscellaneous
how important are admission tests for private uni?,h1tler_feet,0,4,2022-05-26 19:08:54,bangladesh,0.2,0.6875,positive,neutral,General/Miscellaneous
BRAC/AIUB which is the best for CSE?,ifazrOadkill,12,23,2022-03-21 17:36:16,bangladesh,1.0,0.3,positive,joy,General/Miscellaneous
Anything more I should know about Ahsanullah University of Science and Technology?,cthulhouette,5,0,2022-02-16 10:37:40,bangladesh,0.5,0.5,positive,neutral,"Technology/Gadgets, Education/Career"
Can anyone explain me the process of BRAC University undergraduate admission?,SharifdotG,2,11,2021-11-25 13:57:02,bangladesh,0.0,0.0,neutral,neutral,Education/Career
"Looking for reasonable shopping Place near Mirpur 10,11,12",mikasa_tr,3,2,2021-11-03 15:25:48,bangladesh,0.15000000000000002,0.5,positive,neutral,Shopping/Commerce
Will the roller coaster at Jamuna Future Park ever become functional again.,No_Alternative314,4,3,2021-09-27 16:32:25,bangladesh,0.0,0.125,neutral,neutral,General/Miscellaneous
Higher study in Canada,Debashish37,22,7,2021-08-03 02:12:07,bangladesh,0.25,0.5,positive,neutral,Education/Career
Where can I buy football jerseys and not get scammed?,needsomeadvicebd,30,23,2021-06-18 10:51:18,bangladesh,0.0,0.0,neutral,neutral,"Shopping/Commerce, Sports/Recreation"
Sunrise over Hatirjheel and a bit of Music,drabir,2,0,2020-12-01 11:32:09,bangladesh,0.0,0.0,neutral,neutral,Entertainment
IUB student wins Wellcome Sanger Institute Prize 2019,rambobilai,23,0,2019-05-17 23:18:48,bangladesh,0.3,0.2,positive,neutral,General/Miscellaneous
Hatirjheel,creativeia2702,7,2,2019-01-12 01:06:16,bangladesh,0.0,0.0,neutral,neutral,General/Miscellaneous
Hatirjheel,creativeia2702,36,5,2018-11-02 01:14:54,bangladesh,0.0,0.0,neutral,neutral,General/Miscellaneous
Chhatro League attacking at the EWU university,CMRC23,51,4,2018-08-06 11:25:45,bangladesh,0.0,0.0,neutral,neutral,Education/Career
A rainy day @ Hatirjheel,creativeia2702,22,4,2018-05-25 08:07:46,bangladesh,0.0,0.0,neutral,neutral,General/Miscellaneous
Beside my home. @ Hatirjheel,creativeia2702,31,14,2018-05-24 20:51:56,bangladesh,0.0,0.0,neutral,neutral,General/Miscellaneous
Luxurious Porsche abandoned at Hatirjheel,takubaba,4,1,2017-04-10 13:39:42,bangladesh,0.0,0.0,neutral,neutral,General/Miscellaneous
Eight girls have embarked on the journey of employment and have been selling tickets of tourist buses run by HR Transport Agency at the Hatirjheel Project area.,takubaba,1,0,2016-11-09 17:12:53,bangladesh,0.0,0.0,neutral,neutral,"Shopping/Commerce, Travel/Transportation"
Sunset at Hatirjheel | Flickr,pani-hoi-jol,9,1,2016-11-04 00:07:55,bangladesh,0.0,0.0,neutral,neutral,General/Miscellaneous
diabetes and exercise_ Morning Exercise_ Hatirjheel provati sangho Exerc...,MashiurRahamn,2,0,2016-05-29 11:36:52,bangladesh,0.0,0.0,neutral,neutral,Sports/Recreation
Jamuna Future Park,russelljohn,7,2,2013-10-31 09:47:01,bangladesh,0.0,0.125,neutral,neutral,General/Miscellaneous
Excel Training Centers in Dhanmondi/New Market with Microsoft Certification,hard2resist,3,1,2025-11-18 10:55:59,dhaka,0.0,0.0,neutral,neutral,Shopping/Commerce
Textile Engineering,Funny-Ad-2513,2,5,2025-11-15 12:53:33,dhaka,0.0,0.0,neutral,neutral,General/Miscellaneous
Gym equipments store,Advanced_Budget7301,2,5,2025-11-10 20:32:38,dhaka,0.0,0.0,neutral,neutral,"Shopping/Commerce, Sports/Recreation"
"Does anyone remember about Vebco, Premium AC bus service",United-Life7473,6,0,2025-11-01 21:40:16,dhaka,0.0,0.0,neutral,neutral,"Travel/Transportation, Services/Professional"
French Cuff Shirts,BookshopRunner,2,4,2025-10-26 11:09:48,dhaka,0.0,0.0,neutral,neutral,General/Miscellaneous
Career advice,Both_Reindeer7707,2,6,2025-10-23 13:45:39,dhaka,0.0,0.0,neutral,neutral,Education/Career
Try &amp; share feedback on our product,Any-Interaction-3192,22,14,2025-10-23 02:40:06,dhaka,0.0,0.0,neutral,neutral,Shopping/Commerce
Anyone doing MSc in CSE at BRAC or EWU university?,Bonito_Flakez,3,5,2025-10-21 20:53:08,dhaka,0.0,0.0,neutral,neutral,Education/Career
Civil engineering,booboobana,1,9,2025-10-18 11:08:20,dhaka,0.0,0.0,neutral,neutral,General/Miscellaneous
Any good place for food in Jamuna future park?,Jashore2005,1,1,2025-10-13 00:33:07,dhaka,0.35,0.36250000000000004,positive,joy,Food/Dining
Aust cse/EEE vs Sust Chemistry,LowSpecialist2814,2,8,2025-10-04 21:25:37,dhaka,0.0,0.0,neutral,neutral,General/Miscellaneous
need help regarding metro rail,SwordfishHealthy3565,2,7,2025-10-01 22:22:43,dhaka,0.0,0.0,neutral,neutral,Travel/Transportation
From badda to new market,i_am_broke_haha,1,2,2025-09-30 23:12:00,dhaka,0.13636363636363635,0.45454545454545453,positive,anger,Shopping/Commerce
Shirt suggestions,EnvironmentalFill939,2,7,2025-09-29 23:17:55,dhaka,0.0,0.0,neutral,neutral,General/Miscellaneous
Shirts,Kim_KongNog,2,4,2025-09-27 16:44:22,dhaka,0.0,0.0,neutral,neutral,General/Miscellaneous
"Where can I thrift Halter tops, Tube tops, Tank tops??",MysteriousHat4371,1,4,2025-09-23 17:27:08,dhaka,0.0,0.0,neutral,neutral,General/Miscellaneous
NIKE shoes in Jamuna?,AJ_3428,0,11,2025-09-22 18:08:05,dhaka,0.0,0.0,neutral,neutral,Shopping/Commerce
A Good Feeling,No-unluck-13,20,12,2025-09-22 02:50:51,dhaka,0.7,0.6000000000000001,positive,joy,General/Miscellaneous
Want to earn as a student.,zahinian,11,3,2025-09-20 09:15:38,dhaka,0.0,0.0,neutral,neutral,General/Miscellaneous
Winter drippy jackets and where to get them?,Agile-Ad-920,2,8,2025-09-20 00:01:42,dhaka,0.0,0.0,neutral,neutral,General/Miscellaneous
Feeling stuck with my Amazon affiliate site – looking for advice,Vforvegeto,1,3,2025-09-17 19:11:54,dhaka,0.0,0.0,neutral,neutral,General/Miscellaneous
Need guideline for BBA studies,scarlettespeaking,1,0,2025-09-12 15:32:12,dhaka,0.0,0.0,neutral,neutral,General/Miscellaneous
IUB admission test,hasinishraque,1,0,2025-09-11 20:00:33,dhaka,0.0,0.0,neutral,neutral,General/Miscellaneous
JOB Suggestion.,No_Necessary_5021,3,13,2025-09-11 15:31:24,dhaka,0.0,0.0,neutral,neutral,Education/Career
Engineering,booboobana,3,3,2025-09-06 22:35:30,dhaka,0.0,0.0,neutral,neutral,General/Miscellaneous
I GOT CSE IN EWU . BUT CONFUSED ABOUT GETTING ADMITTED,Fluid-Cockroach2767,13,44,2025-09-06 11:50:57,dhaka,-0.4,0.7,negative,neutral,General/Miscellaneous
Suggestions on getting tuition,Rahi_55,2,0,2025-09-05 19:40:39,dhaka,0.0,0.0,neutral,neutral,General/Miscellaneous
Mechanical engineering,booboobana,3,6,2025-09-05 09:49:41,dhaka,0.0,0.0,neutral,neutral,General/Miscellaneous
Anyone from AUST here? Need advice for Spring admission test!,Frequent-Sun9971,1,1,2025-09-04 14:02:57,dhaka,0.0,0.0,neutral,neutral,General/Miscellaneous
Need advice about a private uni,sahednoor,1,12,2025-09-03 15:54:31,dhaka,0.0,0.375,neutral,neutral,General/Miscellaneous
Aiub eee,booboobana,5,8,2025-09-01 20:28:34,dhaka,0.0,0.0,neutral,neutral,General/Miscellaneous
Tution,QuietWeek3598,4,5,2025-08-31 18:52:18,dhaka,0.0,0.0,neutral,neutral,General/Miscellaneous
Which university should i apply?,Coolcrisp_02,4,8,2025-08-26 02:38:16,dhaka,0.0,0.0,neutral,neutral,"Technology/Gadgets, Education/Career"
UIU or IUB for CSE? Admission test dates clash,Vforvegeto,2,6,2025-08-20 21:09:52,dhaka,0.0,0.0,neutral,neutral,General/Miscellaneous
Help me choose uni,ZealousidealUnion951,1,11,2025-08-19 18:23:18,dhaka,0.0,0.0,neutral,neutral,General/Miscellaneous
Cost for BBA,HungryHall5,18,35,2025-08-11 14:00:09,dhaka,0.0,0.0,neutral,neutral,Shopping/Commerce
BBA or CA/ACCA,CharmingDistrict4834,1,3,2025-08-10 02:34:29,dhaka,0.0,0.0,neutral,neutral,General/Miscellaneous
thrifting in new market area,Main-Grab-2759,3,1,2025-08-09 12:17:08,dhaka,0.13636363636363635,0.45454545454545453,positive,neutral,Shopping/Commerce
EEE IN EWU,Consistent-World1157,3,3,2025-08-08 18:11:11,dhaka,0.0,0.0,neutral,neutral,General/Miscellaneous
BRAC vs AIUB for EEE,Rahi_55,1,13,2025-08-07 04:13:28,dhaka,0.0,0.0,neutral,neutral,General/Miscellaneous
CSE vs Computer Network and Cyber Security,TrBaap,2,3,2025-08-03 21:13:58,dhaka,0.0,0.0,neutral,neutral,"Technology/Gadgets, Education/Career"
I need suggestion about my future,Individual_Ikri7683,12,14,2025-08-03 21:01:25,dhaka,0.0,0.125,neutral,neutral,General/Miscellaneous
AIUB cse vs NSU cse,Shaker_Afiq-111,1,1,2025-07-31 14:37:24,dhaka,0.0,0.0,neutral,neutral,General/Miscellaneous
NSU cse vs AIUB cse,Shaker_Afiq-111,3,4,2025-07-31 14:25:13,dhaka,0.0,0.0,neutral,neutral,General/Miscellaneous
"NSU,IUB or BRAC to go for bba?",Sad-Double602,3,9,2025-07-29 00:32:53,dhaka,0.0,0.0,neutral,neutral,General/Miscellaneous
BRAC/NSU/AIUB for CSE?,MRC2RULES,2,10,2025-07-28 15:12:57,dhaka,0.0,0.0,neutral,neutral,General/Miscellaneous
EWU,RazzmatazzStrict,2,1,2025-07-20 20:35:09,dhaka,0.0,0.0,neutral,neutral,General/Miscellaneous
Yall know where I can find kirby merch,Gold_was_here,1,0,2025-07-14 11:35:02,dhaka,0.0,0.0,neutral,neutral,General/Miscellaneous
Which uni should I choose,Beneficial_Memory_66,1,6,2025-06-25 18:21:39,dhaka,0.0,0.0,neutral,neutral,General/Miscellaneous
Looking for job,Sufficient_Profile86,2,1,2025-06-18 10:54:32,dhaka,0.0,0.0,neutral,neutral,Education/Career
Any AUSTian available here?,Poindexter_oo7,0,16,2025-06-18 08:44:32,dhaka,0.4,0.4,positive,neutral,General/Miscellaneous
IS AIUB BSC. COMPUTER NETWORKING AND CYBERSECURITY WORTH IT?,MarketingOk6578,1,2,2025-06-16 20:11:27,dhaka,0.3,0.1,positive,neutral,"Technology/Gadgets, Education/Career"
Is AIUB EEE worth it?,Timely-Ad-6573,5,6,2025-06-15 20:03:43,dhaka,0.3,0.1,positive,neutral,General/Miscellaneous
Du English vs Private BBA,NotaTokusatsuFanboy,6,19,2025-06-14 21:35:31,dhaka,0.0,0.1875,neutral,neutral,General/Miscellaneous
"BBA in Aust, a good choice?",mud_98,3,2,2025-06-13 23:51:39,dhaka,0.7,0.6000000000000001,positive,joy,General/Miscellaneous
Mechanical Engineering Faltu,Kiriyogi_To_534,7,12,2025-06-09 05:18:20,dhaka,0.0,0.0,neutral,neutral,General/Miscellaneous
Coaching for LLB students?,7uckingMadMan,1,1,2025-06-03 19:24:01,dhaka,0.0,0.0,neutral,neutral,General/Miscellaneous
EWU CSE,Raged_pumpkin__,5,10,2025-05-30 02:11:21,dhaka,0.0,0.0,neutral,neutral,General/Miscellaneous
Need a part time jobs / tuitions,SufficientGood1450,2,6,2025-05-30 00:29:12,dhaka,0.0,0.0,neutral,neutral,Education/Career
আমি একজন admission candidate 😢,Fun-Associate1876,0,7,2025-05-26 08:00:24,dhaka,0.0,0.0,neutral,neutral,General/Miscellaneous
MBA,Character_Camera5220,1,1,2025-05-21 23:02:18,dhaka,0.0,0.0,neutral,neutral,General/Miscellaneous
Which the best mid ranger private uni? Not so expensive uni,oxmaroon03,1,1,2025-05-21 03:21:28,dhaka,0.125,0.34375,positive,joy,General/Miscellaneous
Help me!!!,No_Necessary_5021,31,26,2025-05-19 15:06:22,dhaka,0.0,0.0,neutral,neutral,General/Miscellaneous
Shadows of Shyamoli,Substantial_Raisin24,7,3,2025-05-19 08:03:23,dhaka,0.0,0.0,neutral,neutral,General/Miscellaneous
SAT for AIUB,ExaminationOver3154,2,1,2025-05-18 22:49:13,dhaka,0.0,0.0,neutral,neutral,General/Miscellaneous
Midnight at Hatirjheel,Substantial_Raisin24,2,5,2025-05-17 05:26:53,dhaka,0.0,0.0,neutral,neutral,General/Miscellaneous
Which private uni do you think I should choose based on their environment? AIUB or IUB,InfamousBandicoot594,2,1,2025-05-15 16:05:55,dhaka,0.0,0.375,neutral,neutral,General/Miscellaneous
Is worth paying more for NSU/BracU/AIUB CSE?,tasin71,3,8,2025-05-15 03:29:54,dhaka,0.4,0.3,positive,neutral,General/Miscellaneous
Anyone from MS Maths at AUST?,Remarkable-Pair-6779,2,0,2025-05-13 18:14:01,dhaka,0.0,0.0,neutral,neutral,General/Miscellaneous
Aust admission date fall + spring 2025,Fairuza_12,1,2,2025-05-12 21:15:48,dhaka,0.0,0.0,neutral,neutral,General/Miscellaneous
Nsu cse vs Aust eee vs Brac cse,cosmic_wizard_x,2,8,2025-05-12 20:19:13,dhaka,0.0,0.0,neutral,neutral,General/Miscellaneous
Want to study abroad but have little to no idea about where to start. I need some serious advice!,maxxsens,1,12,2025-05-09 12:08:28,dhaka,-0.3020833333333333,0.5833333333333333,negative,neutral,"Education/Career, Travel/Transportation"
I am 20M. I need friends xD,001pulsar,1,2,2025-05-06 20:45:34,dhaka,0.0,0.0,neutral,neutral,Relationships/Social
"Can't decide, need help",broareyouokay,8,19,2025-05-05 10:07:31,dhaka,0.0,0.0,neutral,neutral,General/Miscellaneous
"What's the ""New Market"" for technology?",xTurbo21,2,3,2025-05-03 10:14:41,dhaka,0.13636363636363635,0.45454545454545453,positive,neutral,"Technology/Gadgets, Shopping/Commerce"
What kinds of places are closed on 1st May?,naPHYSICbal,1,0,2025-04-28 19:54:16,dhaka,-0.1,0.1,neutral,neutral,General/Miscellaneous
IUB CSE VS EWU CSE,Putrid_Cover3905,2,3,2025-04-20 16:13:40,dhaka,0.0,0.0,neutral,neutral,General/Miscellaneous
EWU/DIU/AIUB,SadCod2291,3,17,2025-04-19 20:08:21,dhaka,0.0,0.0,neutral,neutral,General/Miscellaneous
EWU. Yeah or nah?,Affectionate_Part657,3,31,2025-04-19 10:03:17,dhaka,0.0,0.0,neutral,neutral,General/Miscellaneous
Ongoing *negligble* street harassment,Mammoth_Practice_635,21,20,2025-04-18 02:13:26,dhaka,0.0,0.0,neutral,neutral,General/Miscellaneous
Quiet places in jamuna?,Capital_Use8229,0,5,2025-04-17 20:44:42,dhaka,0.0,0.3333333333333333,neutral,neutral,General/Miscellaneous
IUB admission,Embarrassed-Mark8142,1,2,2025-04-16 18:55:22,dhaka,0.0,0.0,neutral,neutral,General/Miscellaneous
Need help choosing between Aiub and Ewu,V_der,3,9,2025-04-14 19:05:11,dhaka,0.0,0.0,neutral,neutral,General/Miscellaneous
Is it worth switching universities just for an easier CGPA?,One-Shame3030,2,6,2025-04-13 11:58:16,dhaka,0.3,0.1,positive,neutral,General/Miscellaneous
Which is better university?,Both_Huckleberry4020,3,11,2025-04-08 21:35:26,dhaka,0.5,0.5,positive,neutral,Education/Career
DU Math or Ahsanullah EEE?,echothewoodnymph_,3,39,2025-04-03 11:09:25,dhaka,0.0,0.0,neutral,neutral,General/Miscellaneous
how to prepare for architecture in the upcoming spring test of aust,SandOverall2451,2,7,2025-03-25 08:03:38,dhaka,0.0,0.0,neutral,neutral,General/Miscellaneous
Student banking account with no interest and best facilities.,Solid_Forever3082,15,56,2025-03-23 18:22:07,dhaka,1.0,0.3,positive,joy,General/Miscellaneous
Seeking help,liza_031,1,5,2025-03-23 09:32:46,dhaka,0.0,0.0,neutral,neutral,General/Miscellaneous
Deshe kino ovab e nai,Mobile_Hearing5882,29,63,2025-03-22 05:34:30,dhaka,0.0,0.0,neutral,neutral,General/Miscellaneous
"NSU, BRAC Admission tests",Tozo40k,2,10,2025-03-21 16:07:49,dhaka,0.0,0.0,neutral,neutral,General/Miscellaneous
"Choosing the Right University and Subject - AIUB, NSU, or IUB?",kyanosaurous,0,15,2025-03-17 11:05:22,dhaka,0.05952380952380952,0.43452380952380953,neutral,neutral,Education/Career
Does Public vs Private Really Matter in Engineering Jobs? (Need Advice from Alumni),sonothamin112,5,5,2025-03-15 23:40:48,dhaka,0.06666666666666667,0.21388888888888888,neutral,neutral,Education/Career
Bracu or aust,Ragee4567,2,8,2025-03-15 06:07:24,dhaka,0.0,0.0,neutral,neutral,General/Miscellaneous
Industrial and production Engineers how much you guys earning,rihad_mahmud,7,19,2025-03-12 22:17:57,dhaka,0.2,0.2,positive,neutral,Shopping/Commerce
Baggy Jeans and Drop shoulder tees,GoodConsequence1176,3,6,2025-03-10 19:39:27,dhaka,0.0,0.0,neutral,neutral,General/Miscellaneous
Where can I find this kind of pallet?,erikayui,5,3,2025-03-08 13:15:42,dhaka,0.6,0.9,positive,neutral,General/Miscellaneous
1000 taka is literally nothing,Mobile_Hearing5882,97,63,2025-03-05 19:02:23,dhaka,0.0,0.0,neutral,neutral,General/Miscellaneous
EWU Data science program,OcelotAmbitious7292,4,6,2025-03-04 14:01:06,dhaka,0.0,0.0,neutral,neutral,General/Miscellaneous
Need suggestions,godsuya132,3,9,2025-02-16 17:54:15,dhaka,0.0,0.0,neutral,neutral,General/Miscellaneous
Tuition,Technical-Force-7969,3,3,2025-02-16 00:19:52,dhaka,0.0,0.0,neutral,neutral,General/Miscellaneous
Is Aust good for IPE and ME,Tetronomical,1,2,2025-02-12 20:43:25,dhaka,0.7,0.6000000000000001,positive,joy,General/Miscellaneous
Hostel / Hotel Recommendation Near AUST for a 1-2 Day Stay.,Delicious-Sir2255,0,1,2025-02-10 13:31:33,dhaka,0.1,0.4,neutral,trust,Travel/Transportation
Career Suggestion,No_Necessary_5021,1,5,2025-02-09 21:18:38,dhaka,0.0,0.0,neutral,neutral,Education/Career
Advice on buying first laptop,Inevitable_Line_2857,1,12,2025-02-08 10:24:52,dhaka,0.25,0.3333333333333333,positive,neutral,"Technology/Gadgets, Shopping/Commerce"
WHICH PRIVATE UNIVERSITY IS THE BEST?,Tall-You732,3,17,2025-02-02 02:26:17,dhaka,0.5,0.3375,positive,joy,Education/Career
Admission for NSU/IUB BBA after Alvls,VariousWitness2018,3,2,2025-01-27 21:09:49,dhaka,0.0,0.0,neutral,neutral,General/Miscellaneous
Anyone knows where can I unlock a Country Locked Android phone?,Nomad_772,2,1,2025-01-22 00:52:26,dhaka,0.0,0.0,neutral,neutral,Technology/Gadgets
Is New Market good for men’s clothing?,Arman666,1,8,2025-01-11 20:45:47,dhaka,0.41818181818181815,0.5272727272727273,positive,joy,Shopping/Commerce
Anyone from iub,Obvious_Statement131,5,9,2025-01-05 00:16:20,dhaka,0.0,0.0,neutral,neutral,General/Miscellaneous
Not having friends ,Mobile_Hearing5882,1,3,2024-12-28 22:35:24,dhaka,0.0,0.0,neutral,neutral,Relationships/Social
"NSU vs EWU vs DIU --Which one is best for ""CSE""?",joysutradhar_,4,71,2024-12-23 11:07:19,dhaka,1.0,0.3,positive,joy,General/Miscellaneous
Best Private University For BBA,WittyThinker,2,10,2024-12-21 20:00:19,dhaka,0.5,0.3375,positive,joy,Education/Career
Which one is better?,Existing_Piglet705,2,15,2024-12-20 03:08:28,dhaka,0.5,0.5,positive,neutral,General/Miscellaneous
অবশ্যই এরা ব্রেনওয়াশড সাইকোপ্যাথ,relapse_rif,77,28,2024-12-18 16:56:58,dhaka,0.0,0.0,neutral,neutral,General/Miscellaneous
Are Private Uni students being targeted?,relapse_rif,24,20,2024-12-17 23:39:29,dhaka,0.0,0.375,neutral,neutral,General/Miscellaneous
Can anyone confirm whether Bashundhara City Shopping Complex is open today?,pulokjk,1,1,2024-12-16 13:36:55,dhaka,-0.15,0.45,negative,neutral,Shopping/Commerce
Can I make 20k+ per month as an undergraduate student at a private university?,SaltyInvestigator980,0,6,2024-12-12 13:26:23,dhaka,0.0,0.375,neutral,neutral,Education/Career
Give me advice!!!!,WorthThick3934,15,39,2024-12-11 10:52:17,dhaka,0.0,0.0,neutral,neutral,General/Miscellaneous
IUB BBA,Longjumping_Prize790,1,6,2024-11-22 03:24:23,dhaka,0.0,0.0,neutral,neutral,General/Miscellaneous
ODC 101:,machinegunnedburger,85,40,2024-11-19 12:58:01,dhaka,0.0,0.0,neutral,neutral,General/Miscellaneous
regret of not studying in medical college ,kissedbyhoon,8,31,2024-11-17 20:31:24,dhaka,0.0,0.0,neutral,neutral,Education/Career
Panicking ,shanewaz10,2,2,2024-10-27 11:11:43,dhaka,0.0,0.0,neutral,fear,General/Miscellaneous
Any Aiubian Here??,Silly-Tea-1230,1,1,2024-10-20 03:09:45,dhaka,0.0,0.0,neutral,neutral,General/Miscellaneous
Can anyone tell me some places where I can get things in retail &amp; wholesale price?,Emad_341,6,0,2024-10-18 21:34:09,dhaka,0.0,0.0,neutral,neutral,Shopping/Commerce
Bashundhara City's Chief Security Officer Major (Rtd) Rabiul,PsychologicalWest162,14,9,2024-10-12 23:38:48,dhaka,0.0625,0.5,neutral,neutral,General/Miscellaneous
Clothingbusiness,Practical-Pay-489,1,5,2024-10-06 01:35:53,dhaka,0.0,0.0,neutral,neutral,Travel/Transportation
Do I really need gpa 5 to get into private uni?,Suspicious-Tax-1432,9,23,2024-09-30 20:09:14,dhaka,0.1,0.2875,neutral,neutral,General/Miscellaneous
Iub CSE or Ewu CSE ,shahrear2345,2,2,2024-09-21 11:47:10,dhaka,0.0,0.0,neutral,neutral,General/Miscellaneous
Need Private University Teacher's Salary information,Mysterious_Natural55,2,2,2024-09-19 06:29:08,dhaka,0.0,0.375,neutral,neutral,"Food/Dining, Education/Career"
Financial suggestions ,Practical-Pay-489,7,12,2024-09-19 03:11:54,dhaka,0.0,0.0,neutral,neutral,General/Miscellaneous
Business talk,Easy-Face-3603,7,26,2024-09-18 22:29:39,dhaka,0.0,0.0,neutral,neutral,Travel/Transportation
Looking for oversized shirts,yourboimti,1,0,2024-09-06 00:47:50,dhaka,0.0,0.0,neutral,neutral,General/Miscellaneous
where should i go if i want to buy a laptop.,Nyonom777,0,8,2024-08-31 19:58:44,dhaka,0.0,0.0,neutral,neutral,"Technology/Gadgets, Shopping/Commerce"
Ideas for future ,Fresh_Wolverine_4223,13,17,2024-08-29 23:48:39,dhaka,0.0,0.125,neutral,neutral,General/Miscellaneous
Aiub ,Professional_Fan4661,1,0,2024-08-20 16:12:16,dhaka,0.0,0.0,neutral,neutral,General/Miscellaneous
So? Aren’t we expecting to get something that we ourselves didn’t earn?,AristotleNicomachus,36,10,2024-08-05 23:35:33,dhaka,0.0,0.0,neutral,neutral,General/Miscellaneous
"For those who thinks it's over, it's not ",BIBjaw,78,4,2024-07-29 02:21:21,dhaka,0.0,0.0,neutral,neutral,General/Miscellaneous
Should I go for a second time?,Signal-Hearing-3557,11,5,2024-07-25 07:36:54,dhaka,0.0,0.0,neutral,neutral,General/Miscellaneous
what would be your best advice to a 20 year CSE freshman?? ,Express_Initiative10,18,24,2024-07-13 17:56:01,dhaka,1.0,0.3,positive,joy,General/Miscellaneous
Looking for gymwear ,Agitated_Assistant_,3,14,2024-07-11 03:30:21,dhaka,0.0,0.0,neutral,neutral,Sports/Recreation
IPE or CSE for graduation,Worldly_Yellow_6115,2,7,2024-07-07 16:54:45,dhaka,0.0,0.0,neutral,neutral,General/Miscellaneous
Suggest me a shop to sell my phone ASAP,Realistic-Age9085,2,8,2024-07-07 16:31:48,dhaka,0.0,0.0,neutral,neutral,"Technology/Gadgets, Shopping/Commerce"
I need a partime job or tution badly,Royal_Green_5962,19,8,2024-07-04 19:17:33,dhaka,-0.6999999999999998,0.6666666666666666,negative,anger,Education/Career
AUST Question Bank,laalchaadudhchaa,2,1,2024-06-27 20:22:56,dhaka,0.0,0.0,neutral,neutral,General/Miscellaneous
Confused with life ;/,Hot_Skirt1586,0,4,2024-06-26 21:45:34,dhaka,-0.4,0.7,negative,neutral,General/Miscellaneous
College Suggestions [GPA-4.83],Sauce_Is_Life,3,4,2024-05-30 00:10:12,dhaka,0.0,0.0,neutral,neutral,Education/Career
টক শোর নামে যা চলছে বাংলাদেশে | সস্তা জনপ্রিয়তা বনাম সম্মান | The Dark Side of Talk Shows | TSC,Dragonking_Earth,0,9,2025-06-08 12:13:12,bangladesh,-0.15,0.4,negative,neutral,Entertainment
There’s no transparency,ahmedgotthecrack,59,20,2024-09-05 07:14:42,bangladesh,0.0,0.0,neutral,neutral,General/Miscellaneous
Heartwarming to see so many little kids donating whatever they had from their plastic piggy banks. This was captured at the TSC Relief Collection Booth,abcrafsan,73,7,2024-08-24 10:32:46,bangladesh,0.15625,0.5,positive,anger,General/Miscellaneous
How far back can you trace your ancestors?,ThinkingPugnator,19,151,2024-03-10 17:07:02,bangladesh,0.05,0.5,neutral,neutral,General/Miscellaneous
A walk from TSC to Boi Mela,banglaonline,3,0,2024-02-27 01:44:53,bangladesh,0.0,0.0,neutral,neutral,General/Miscellaneous
যেভাবে আদিরূপ পেল হাম্মামখানা | Lalbagh Fort Hammamkhana | The Cultural History of Lalbagh Fort,grbprogenitor,5,0,2023-12-03 15:52:33,bangladesh,0.1,0.1,neutral,neutral,General/Miscellaneous
"TSC, DU",TahsinTariq,76,4,2023-11-13 16:32:22,bangladesh,0.0,0.0,neutral,neutral,General/Miscellaneous
Today's Rain and TSC,iver_v,16,15,2023-03-19 21:45:36,bangladesh,0.0,0.0,neutral,neutral,General/Miscellaneous
The Shallow Analysis for a Tragic Accident,yakinrubaiyat,3,1,2023-01-08 22:45:58,bangladesh,-0.5416666666666666,0.625,negative,neutral,General/Miscellaneous
Lalbagh Fort,panic_structure,12,7,2022-07-27 09:09:28,bangladesh,0.0,0.0,neutral,neutral,General/Miscellaneous
"Free Game development workshop in TSC, DU. Everyone’s invited.",Wood-Peck,29,5,2022-06-20 13:23:08,bangladesh,0.0,0.6000000000000001,neutral,neutral,"Shopping/Commerce, Education/Career, Sports/Recreation"
Ahsan Manzil,Sushmoy07,33,18,2019-08-03 00:33:07,bangladesh,0.0,0.0,neutral,neutral,General/Miscellaneous
Ahsan Manzil,takubaba,1,1,2017-03-24 16:00:47,bangladesh,0.0,0.0,neutral,neutral,General/Miscellaneous
Lalbagh fort,takubaba,11,1,2016-11-20 21:04:53,bangladesh,0.0,0.0,neutral,neutral,General/Miscellaneous
Ahsan Manzil,takubaba,7,0,2016-11-14 17:54:15,bangladesh,0.0,0.0,neutral,neutral,General/Miscellaneous
Brewing up Addas at TSC,takubaba,3,0,2016-10-13 17:42:16,bangladesh,0.0,0.0,neutral,neutral,General/Miscellaneous
Lalbagh Fort,takubaba,6,0,2016-04-11 18:20:20,bangladesh,0.0,0.0,neutral,neutral,General/Miscellaneous
Authorities demolish Lalbagh Fort wall to build car park,ThatGuyBadIdeas,8,5,2015-06-28 17:47:18,bangladesh,0.0,0.0,neutral,neutral,General/Miscellaneous
A question for girlies who are expert in churis,Entire-Budget-5126,15,8,2025-09-18 17:35:08,dhaka,0.0,0.0,neutral,neutral,General/Miscellaneous
"Almost fainted in the metro today, grateful for kind strangers",SentientSideChara,178,19,2025-07-19 19:49:22,dhaka,0.6,0.9,positive,neutral,Travel/Transportation
"Planning a Food Cart. Need Advice on Menu, Location (TSC?), and Setup",Agile_Ad7635,11,16,2025-07-12 20:32:00,dhaka,0.0,0.0,neutral,neutral,Food/Dining
Ahsan Manzil,Shibluarif,0,1,2025-06-11 10:35:16,dhaka,0.0,0.0,neutral,neutral,General/Miscellaneous
Anyone out there who knows or you know someone who is fluent in Korean or Japanese Language?,Beeemh,1,0,2025-01-26 06:35:22,dhaka,0.0,0.0,neutral,neutral,General/Miscellaneous
Ahsan Manzil ticket,tallgyal,1,4,2024-12-19 00:55:56,dhaka,0.0,0.0,neutral,neutral,General/Miscellaneous
Alphabet Dating,SnooCalculations291,29,50,2024-11-17 11:05:09,dhaka,0.0,0.0,neutral,neutral,Relationships/Social
ভারত না জানিয়ে বাঁধ খুললে সম্পর্ক সেখান থেকেই নির্ধারিত হবে' | Sarjis in TSC | jamuna TV,Blackdavil163609,0,9,2024-08-27 20:07:18,dhaka,0.0,0.0,neutral,neutral,General/Miscellaneous
"Best local spots to visit, chill and EAT!",EliteApricot,3,2,2024-06-29 04:37:16,dhaka,0.5,0.15,positive,joy,Food/Dining
I need free counseling as soon as possible,0killmeNOT,2,0,2024-05-21 19:54:43,dhaka,0.2,0.9,positive,neutral,General/Miscellaneous
How to buy the ticket online for Ahsan Manzil Museum? Visa card payment function is not enabled,Buscando2016,3,0,2022-05-01 00:57:00,dhaka,0.0,0.0,neutral,neutral,"Shopping/Commerce, Travel/Transportation"
One of my relative's liver is failing and doctor has suggested liver transplantation. Any suggestions???,MushfiqurRF,5,3,2025-09-26 02:11:35,bangladesh,0.0,0.0,neutral,neutral,Healthcare/Medical
Travel during elections,EstablishmentBrief90,5,3,2025-09-24 22:29:20,bangladesh,0.0,0.0,neutral,neutral,"Travel/Transportation, Politics/Government"
Seeking advice to get rid of excessive sweating,ais_21,8,14,2025-09-23 11:53:52,bangladesh,-0.25,1.0,negative,neutral,Food/Dining
Travel video ideas?,clarkeanator,2,3,2025-09-22 03:34:27,bangladesh,0.0,0.0,neutral,neutral,Travel/Transportation
Is my college worth it?,cocodew77,2,3,2025-09-20 12:18:11,bangladesh,0.3,0.1,positive,neutral,Education/Career
IELTS exam center,Ok_Masterpiece_2336,2,2,2025-09-20 00:09:54,bangladesh,-0.1,0.1,neutral,neutral,Education/Career
Kitten Rescue Urgent!!!!,mahin1374,6,2,2025-09-18 12:12:03,bangladesh,0.0,0.0,neutral,neutral,General/Miscellaneous
E bike questions,Own-Cranberry-324,3,4,2025-09-17 23:06:45,bangladesh,0.0,0.0,neutral,neutral,General/Miscellaneous
Name Correction Affidavit Process for SSC and HSC Certificates - Need Some Guidance,Select-Day-873,4,0,2025-09-17 18:20:16,bangladesh,0.0,0.0,neutral,neutral,General/Miscellaneous
New at Narayanganj City &amp; Help me Survive,No_Firefighter_4964,2,10,2025-09-15 14:13:20,bangladesh,0.13636363636363635,0.45454545454545453,positive,neutral,General/Miscellaneous
Need help finding Platform/Elevator shoes,rejuk70kg,3,2,2025-09-14 11:05:09,bangladesh,0.0,0.0,neutral,neutral,Shopping/Commerce
Gift Suggestion,Midnight-Syntax_007,4,5,2025-09-13 21:02:44,bangladesh,0.0,0.0,neutral,neutral,General/Miscellaneous
Gift Suggestion,Midnight-Syntax_007,0,1,2025-09-13 01:29:48,bangladesh,0.0,0.0,neutral,neutral,General/Miscellaneous
Kinda proud of this pic I took a couple of days ago,ComfyNeo,81,7,2025-09-12 20:30:31,bangladesh,0.8,1.0,positive,neutral,Relationships/Social
"Bangla gamers, any advice for a ps5 player?",ComfyNeo,3,5,2025-09-12 19:47:24,bangladesh,0.0,0.0,neutral,neutral,Sports/Recreation
If you seek fund for your school/college/university education you may knock me,RunAffectionate1997,9,3,2025-09-11 02:36:50,bangladesh,0.0,0.0,neutral,neutral,Education/Career
Can I study BSc in Computer Science in Australia with a 4-year Diploma in Engineering (Computer Science &amp; Technology)?,ArthurXP002,5,2,2025-09-11 02:13:35,bangladesh,0.0,0.0,neutral,neutral,"Technology/Gadgets, Education/Career"
Seeking,Budget-Row9313,2,2,2025-09-10 14:32:14,bangladesh,0.0,0.0,neutral,neutral,General/Miscellaneous
Attempt BCS or Try to move abroad ?,weirdcomponent,10,12,2025-09-09 12:58:37,bangladesh,0.0,0.0,neutral,neutral,"Education/Career, Travel/Transportation"
How do you consistently help yourself to be good all alone?,dhonbolsen,9,5,2025-09-08 20:49:06,bangladesh,0.475,0.42500000000000004,positive,joy,General/Miscellaneous
Why do our national subreddits have such low member counts?,the-machine-m4n,53,85,2025-09-08 19:21:39,bangladesh,0.0,0.4,neutral,neutral,General/Miscellaneous
Advice on purchasing domestic air ticket?,theuptownpunk,2,3,2025-09-08 14:42:17,bangladesh,0.0,0.1,neutral,neutral,General/Miscellaneous
Need advice: finding it hard to deal with my mindset about women,OrneryExpression6918,11,65,2025-09-07 11:48:28,bangladesh,-0.2916666666666667,0.5416666666666666,negative,sadness,General/Miscellaneous
seeking advice about taking a decision in life,ArachnidMotor1538,4,5,2025-09-06 02:38:21,bangladesh,0.0,0.0,neutral,neutral,General/Miscellaneous
Need advice on English spoken proficiency,Saitama2042,3,3,2025-09-05 00:15:35,bangladesh,0.0,0.0,neutral,neutral,General/Miscellaneous
Advice please,aabrarwho,3,0,2025-09-04 13:13:04,bangladesh,0.0,0.0,neutral,neutral,Housing/Real Estate
Need to rush the process of name changing in SSC &amp; HSC certificates !!!,Key_Astronaut_7893,2,1,2025-09-03 00:44:10,bangladesh,0.0,0.0,neutral,neutral,General/Miscellaneous
How to check if my unofficial phone is new or not?,PilotHere,3,2,2025-09-02 17:19:37,bangladesh,0.13636363636363635,0.45454545454545453,positive,neutral,Technology/Gadgets
"Looking for sources of high quality chains, hoops &amp; metals for jewellery making",nanjeba_borno,2,0,2025-08-28 13:51:24,bangladesh,0.16,0.54,positive,neutral,General/Miscellaneous
Best Soup in town?,Almostfamous_02,5,9,2025-11-19 21:14:31,dhaka,1.0,0.3,positive,joy,Food/Dining
Let's talk about new year resolutions,theboyisdivine,1,9,2025-11-19 21:06:28,dhaka,0.13636363636363635,0.45454545454545453,positive,neutral,General/Miscellaneous
"Favourite Restaurants in Dhanmondi, Panthapath, Elephant Road.",999baseballs,2,9,2025-11-19 20:41:37,dhaka,0.0,0.0,neutral,neutral,"Food/Dining, Travel/Transportation"
Book recommendation on music theory,Rough_Insurance6722,9,3,2025-11-19 20:32:49,dhaka,0.0,0.0,neutral,trust,Entertainment
Need Someone,cxcuser,0,14,2025-11-19 20:16:26,dhaka,0.0,0.0,neutral,neutral,General/Miscellaneous
Need someone,Unusual-Bit-6296,8,39,2025-11-19 19:32:54,dhaka,0.0,0.0,neutral,neutral,General/Miscellaneous
Fb page posting pics of women without consent,jasontoddloverr,57,30,2025-11-19 18:36:52,dhaka,0.0,0.0,neutral,neutral,General/Miscellaneous
TRAVEL CLUBS,Mundane-Apartment-10,9,8,2025-11-19 17:46:38,dhaka,0.0,0.0,neutral,neutral,Travel/Transportation
Have anyone face this issue with uber?,readit_bd,4,5,2025-11-19 17:38:29,dhaka,0.0,0.0,neutral,neutral,General/Miscellaneous
Have you used the ALLJOBS service by Teletalk? This is such a buggy website / app. I can't login to my account for the past 1 hour,the-machine-m4n,1,0,2025-11-19 17:37:08,dhaka,-0.125,0.375,negative,neutral,"Technology/Gadgets, Education/Career, Services/Professional"
Where to sell perfume?,ElectronicValue8056,6,11,2025-11-19 17:29:07,dhaka,0.0,0.0,neutral,neutral,Shopping/Commerce
Need suggestions,diviaterun,2,8,2025-11-19 16:50:52,dhaka,0.0,0.0,neutral,neutral,General/Miscellaneous
Any BUTEXIAN ?,Funny-Ad-2513,1,5,2025-11-19 16:14:49,dhaka,0.0,0.0,neutral,neutral,General/Miscellaneous
Let's talk and do something,Top-Slide-4095,6,34,2025-11-19 16:02:01,dhaka,0.0,0.0,neutral,neutral,General/Miscellaneous
Advice,DriveHeavy5045,8,13,2025-11-19 15:55:58,dhaka,0.0,0.0,neutral,neutral,General/Miscellaneous
Syllabus Completion Problem,rion__2036,3,4,2025-11-19 15:55:44,dhaka,0.0,0.0,neutral,neutral,Travel/Transportation
Need Relationship advice,TacoChair07,14,25,2025-11-19 15:44:32,dhaka,0.0,0.0,neutral,neutral,Relationships/Social
Does this look like a Hindu goddess?,Infinite-Sector-8694,151,200,2025-11-19 15:22:51,dhaka,0.0,0.0,neutral,neutral,General/Miscellaneous
Need information about ordering something,Astral_Modulator709,3,13,2025-11-19 15:18:35,dhaka,0.0,0.0,neutral,neutral,General/Miscellaneous
gift for cousins from australia (and restaurant recs),sleepislife25,9,31,2025-11-19 15:18:26,dhaka,0.0,0.0,neutral,neutral,Food/Dining
Entrepreneurship &amp; Sales  Book Suggestions !,anderslio9,2,9,2025-11-19 14:53:02,dhaka,0.0,0.0,neutral,neutral,General/Miscellaneous
এই টাইপ প্যান্ট কোথায় পাবো?,Puzzleheaded-Hat6548,24,34,2025-11-19 14:32:12,dhaka,0.0,0.0,neutral,neutral,General/Miscellaneous
Need help from BBA students,Outside_Raspberry587,2,1,2025-11-19 13:48:30,dhaka,0.0,0.0,neutral,neutral,General/Miscellaneous
Taking A levels as a private candidate,Upper-Berry213,8,20,2025-11-19 13:30:13,dhaka,0.0,0.375,neutral,neutral,General/Miscellaneous
anxious about future,frustratedcigs,5,10,2025-11-19 12:49:23,dhaka,-0.125,0.5625,negative,fear,General/Miscellaneous
need study partner,Diligent_Hunt7245,3,0,2025-11-19 12:41:47,dhaka,0.0,0.0,neutral,neutral,Education/Career
🎯 Join Our Freelance Transcription Team at Quantigo AI!,Academic_Flamingo250,0,3,2025-11-19 12:30:47,dhaka,0.0,0.0,neutral,neutral,Food/Dining
National bank,No_Tailor2427,4,1,2025-11-19 11:38:06,dhaka,0.0,0.0,neutral,neutral,General/Miscellaneous
Male waxing,BreakfastAutomatic52,14,26,2025-11-19 11:33:44,dhaka,0.0,0.1,neutral,neutral,General/Miscellaneous
any pharmacy owners here?,Plastic_Comedian_615,1,9,2025-11-19 11:06:36,dhaka,0.0,0.0,neutral,neutral,General/Miscellaneous
Recommend a watch for men,Ok_Temperature1414,8,26,2025-11-19 10:16:02,dhaka,0.0,0.0,neutral,trust,General/Miscellaneous
Dhanmondi Lake this morning — who else loves morning walks here,Embarrassed-Law6338,20,3,2025-11-19 10:00:33,dhaka,0.0,0.0,neutral,joy,Relationships/Social
Denim jeans,CalligrapherWest4585,5,9,2025-11-19 09:20:42,dhaka,0.0,0.0,neutral,neutral,General/Miscellaneous
Online platforms where I can buy used smartphones,superkafooo,5,5,2025-11-19 08:57:06,dhaka,0.0,0.0,neutral,neutral,"Technology/Gadgets, Shopping/Commerce"
Radiohead hoodie,Individual-Ad-9678,3,1,2025-11-19 07:53:30,dhaka,0.0,0.0,neutral,neutral,General/Miscellaneous
A level CAIE,Hot-Effective5484,3,2,2025-11-19 07:29:04,dhaka,0.0,0.0,neutral,neutral,General/Miscellaneous
BNP er good side ashole ki?,hackerbong,4,54,2025-11-19 06:55:58,dhaka,0.7,0.6000000000000001,positive,joy,General/Miscellaneous
Attempting to Resell My Ticket,meetnyself,1,0,2025-11-19 05:20:07,dhaka,0.0,0.0,neutral,neutral,Shopping/Commerce
Smartphone without AI features?,Outrageous-Being7136,6,5,2025-11-19 01:16:41,dhaka,0.0,0.0,neutral,neutral,"Food/Dining, Technology/Gadgets"
Suggest a good doctor for treating hairfall,UnicornFromAlaska,3,7,2025-11-19 01:01:40,dhaka,0.7,0.6000000000000001,positive,joy,"Food/Dining, Healthcare/Medical"
Shopping,PostHoliday9789,4,4,2025-11-19 01:00:26,dhaka,0.0,0.0,neutral,neutral,Shopping/Commerce
where to fix roadbikes?,DrySuspect5165,2,1,2025-11-19 00:58:35,dhaka,0.0,0.0,neutral,neutral,Travel/Transportation
Life mistakes..,RadoanIslamEthan,10,7,2025-11-19 00:41:11,dhaka,0.0,0.0,neutral,neutral,General/Miscellaneous
Dad's Birthday,unfrared,7,3,2025-11-19 00:02:43,dhaka,0.0,0.0,neutral,neutral,General/Miscellaneous
How do i pass HSC ICT?,nimbus2346,1,42,2025-11-18 22:55:55,dhaka,0.0,0.0,neutral,neutral,General/Miscellaneous
Suggest stores to buy unofficial iphone,amnesia_luck,3,10,2025-11-18 22:47:02,dhaka,0.0,0.0,neutral,neutral,"Technology/Gadgets, Shopping/Commerce"
are actually reliable birth control pills available in this city?,Proof-Mousse6951,5,20,2025-11-18 22:21:13,dhaka,0.2,0.25,positive,trust,General/Miscellaneous
Keychains,AffectionateTie8130,4,6,2025-11-18 21:35:47,dhaka,0.0,0.0,neutral,neutral,General/Miscellaneous
20(F),cat-woman2005,0,11,2025-11-18 21:33:59,dhaka,0.0,0.0,neutral,neutral,General/Miscellaneous
How much marks and where my placement should be if I want to get IR (international relation) in BUP FSSS?,Levi_BD,1,0,2025-11-18 20:49:31,dhaka,0.1,0.1,neutral,neutral,General/Miscellaneous
Cloudflare Blocked?,aunnyglitch,20,28,2025-11-18 20:05:29,dhaka,0.0,0.0,neutral,neutral,General/Miscellaneous
A little support!,jasontoddloverr,2,3,2025-11-18 20:05:16,dhaka,-0.234375,0.5,negative,neutral,General/Miscellaneous
Is this flight connection too risky? Need advice.,meetnyself,1,4,2025-11-18 19:57:03,dhaka,0.0,0.0,neutral,fear,Travel/Transportation
How to make greek yogurt from Aarong tok doi? Please help,Resident_Ad9808,4,20,2025-11-18 19:33:56,dhaka,0.0,0.0,neutral,neutral,Housing/Real Estate
Asking for suggestion for male skincare product,_t_gallant_,3,5,2025-11-18 19:30:59,dhaka,0.0,0.1,neutral,neutral,Shopping/Commerce
Streaming App,Ark_rivia,1,3,2025-11-18 19:21:27,dhaka,0.0,0.0,neutral,neutral,Technology/Gadgets
New year resolution suggestions,Famous_Meringue1818,6,10,2025-11-18 19:15:22,dhaka,0.13636363636363635,0.45454545454545453,positive,neutral,General/Miscellaneous
Hasina's death sentence,Ok_Big530,0,6,2025-11-18 19:13:19,dhaka,0.0,0.0,neutral,neutral,Food/Dining
Men beauty,Mobile_Hearing5882,25,103,2025-11-18 18:27:44,dhaka,0.0,0.0,neutral,neutral,General/Miscellaneous
Government of the pressure group by the pressure group for the pressure group,RazzmatazzStrict,4,2,2025-11-18 16:45:54,dhaka,0.0,0.0,neutral,neutral,Politics/Government
All you can eat Buffet,whatevermeme,19,26,2025-11-18 16:44:34,dhaka,0.0,0.0,neutral,neutral,Food/Dining
Bank loan,Previous-Chocolate99,3,8,2025-11-18 16:40:47,dhaka,0.0,0.0,neutral,neutral,General/Miscellaneous
Dinner Set &amp; Womens Jewellery,Careful_Storm_3665,3,6,2025-11-18 16:36:12,dhaka,0.0,0.0,neutral,neutral,Food/Dining
Software engineering,PotatoMoney6765,3,10,2025-11-18 15:08:37,dhaka,0.0,0.0,neutral,neutral,Technology/Gadgets
do ways of making money online really exist? i need serious help. (please no khalid farhan type of advice),unplugged_________,10,19,2025-11-18 14:43:46,dhaka,-0.06666666666666665,0.43333333333333335,neutral,neutral,"Housing/Real Estate, Shopping/Commerce"
Give me your top ragebait,Ok_Temperature1414,28,76,2025-11-18 14:13:12,dhaka,0.5,0.5,positive,neutral,General/Miscellaneous
Need hotel recommendations in Banani - unmarried couple,ArthurMorgan_47,24,65,2025-11-18 13:59:43,dhaka,0.0,0.0,neutral,trust,"Travel/Transportation, Relationships/Social"
I'm curious,Deep_While_3960,2,2,2025-11-18 13:48:18,dhaka,-0.1,1.0,neutral,surprise,General/Miscellaneous
জার্নালিং,Aegon_TargaryanII,13,10,2025-11-18 13:45:20,dhaka,0.0,0.0,neutral,neutral,General/Miscellaneous
“৯০-এর দশকের ঢাকা—অতীতের শহরের এক মুহূর্ত 📸”,Embarrassed-Law6338,33,2,2025-11-18 13:27:31,dhaka,0.0,0.0,neutral,neutral,General/Miscellaneous
Best flower shops,dengxiety,7,5,2025-11-18 13:25:41,dhaka,1.0,0.3,positive,joy,Shopping/Commerce
C-B unit Bangla,t1tu_ez4ence,2,1,2025-11-18 12:37:42,dhaka,0.0,0.0,neutral,neutral,General/Miscellaneous
CU vs RU,Abdullah715279,3,17,2025-11-18 12:13:43,dhaka,0.0,0.0,neutral,neutral,General/Miscellaneous
Books,grey_maverick,1,1,2025-11-18 11:50:05,dhaka,0.0,0.0,neutral,neutral,General/Miscellaneous
Study MBA!,Extension_Gene_5600,3,5,2025-11-18 10:48:55,dhaka,0.0,0.0,neutral,neutral,Education/Career
Trusted source to donate online?,SpecialistLow1164,3,7,2025-11-18 10:33:51,dhaka,0.0,0.0,neutral,trust,Shopping/Commerce
Had anyone buy smartphone from aliexpress if did let me know your opinion,Forward_Initial_5138,3,7,2025-11-18 10:08:19,dhaka,0.0,0.0,neutral,neutral,"Technology/Gadgets, Shopping/Commerce"
Need advice on what to do..for life..career..etc😭,One-Breakfast-3410,3,8,2025-11-18 09:55:43,dhaka,0.0,0.0,neutral,neutral,Education/Career
Need Suggestions for Budget-Friendly Book Sites,Jumpy-Selection-7728,7,3,2025-11-18 09:25:27,dhaka,0.0,0.0,neutral,neutral,Relationships/Social
Can anyone recommend a place to repair headphone near or close to Dhanmondi?,DisSapo1ntment,2,2,2025-11-18 06:47:48,dhaka,0.1,0.4,neutral,trust,"Technology/Gadgets, Services/Professional"
A level students,Hot-Effective5484,7,4,2025-11-18 05:14:35,dhaka,0.0,0.0,neutral,neutral,General/Miscellaneous
Kinda unemployed,smolcatfis,12,13,2025-11-18 04:41:03,dhaka,0.0,0.0,neutral,neutral,General/Miscellaneous
Need One plus 15,MentionAdmirable1902,2,1,2025-11-18 04:37:24,dhaka,0.0,0.0,neutral,neutral,General/Miscellaneous
Afraid to attend job interview,Great-Object1436,3,7,2025-11-18 04:07:46,dhaka,-0.6,0.9,negative,fear,Education/Career
Please recommend me a shop/page that can bring thr Fisher Price DJ Table for Kids at lowest price from USA!,AnirbanPaca,1,3,2025-11-18 02:50:10,dhaka,0.0,0.0,neutral,trust,"Housing/Real Estate, Shopping/Commerce"
Hair salon/parlor suggestions,MacaroonNo3569,3,3,2025-11-18 01:58:54,dhaka,0.0,0.0,neutral,neutral,General/Miscellaneous
how to gain experience early,SwordfishHealthy3565,3,2,2025-11-18 00:44:33,dhaka,0.1,0.3,neutral,neutral,General/Miscellaneous
"Where can I find good quality shoes, particularly block heels?",AnirbanPaca,4,6,2025-11-18 00:28:23,dhaka,0.4333333333333333,0.4666666666666667,positive,joy,Shopping/Commerce
Hasina's verdict,AggressiveRange6553,1,1,2025-11-18 00:25:59,dhaka,0.0,0.0,neutral,neutral,General/Miscellaneous
Need help with a 'theory of sets' mathematical problem.,Nipu2,4,5,2025-11-18 00:01:31,dhaka,0.0,0.0,neutral,neutral,General/Miscellaneous
"আছি, কিন্তু যেন নেই।",Mean-Spinach7355,9,14,2025-11-17 23:58:26,dhaka,0.0,0.0,neutral,neutral,General/Miscellaneous
We need to talk about the border killing issue happening at the Indian border.,kindred_eldtrich,26,11,2025-11-17 23:42:51,dhaka,0.0,0.0,neutral,neutral,Technology/Gadgets
Awami League 🥱,rohanur69,0,8,2025-11-17 23:27:27,dhaka,0.0,0.0,neutral,neutral,General/Miscellaneous
Pantheon?,aunnyglitch,2,6,2025-11-17 22:17:29,dhaka,0.0,0.0,neutral,neutral,General/Miscellaneous
Bhawal resort / Any resort for couple,Glittering-Tear-8017,9,55,2025-11-17 22:12:58,dhaka,0.0,0.0,neutral,neutral,Relationships/Social
I need suggestion from senior of mbbs student of any Divisional Medical,PaintingCreepy5444,7,3,2025-11-17 22:05:06,dhaka,0.0,0.0,neutral,neutral,General/Miscellaneous
অনলাইন কোচিং,Street_Event_2631,1,5,2025-11-17 21:45:12,dhaka,0.0,0.0,neutral,neutral,General/Miscellaneous
medical aspirant next year,closetedluvergurl,2,1,2025-11-17 21:18:34,dhaka,0.0,0.0,neutral,neutral,General/Miscellaneous
Secret garden as a wedding venue?,swan_lake81,4,0,2025-11-17 21:17:18,dhaka,-0.4,0.7,negative,neutral,Relationships/Social
Getting flowers for my gf,Eastern-Look-8143,5,13,2025-11-17 20:12:46,dhaka,0.0,0.0,neutral,neutral,General/Miscellaneous
help me figure out,Frequent_Craft5676,8,38,2025-11-17 20:11:54,dhaka,0.0,0.0,neutral,neutral,General/Miscellaneous
Chittagong Port Update,RazzmatazzStrict,8,15,2025-11-17 19:49:14,dhaka,0.0,0.0,neutral,neutral,General/Miscellaneous
Is there any place at mirpur other than cafes for hangout?,tasara-panda-09020,6,7,2025-11-17 19:01:39,dhaka,-0.125,0.375,negative,neutral,Food/Dining
how are people affording to study outside,Temporary_Heart1018,65,87,2025-11-17 18:20:20,dhaka,0.0,0.05,neutral,neutral,Education/Career
I’m tired of struggling… but I’m still trying. Need some honest advice.,nafisa_q,10,22,2025-11-17 17:41:33,dhaka,0.09999999999999998,0.8,neutral,trust,General/Miscellaneous
Shower Gel,Sparrow_tora_999,20,25,2025-11-17 17:36:41,dhaka,0.0,0.0,neutral,neutral,Entertainment
Asking for opinion,PracticalGur7035,15,23,2025-11-17 17:10:38,dhaka,0.0,0.0,neutral,neutral,General/Miscellaneous
MTO,Candid-Ad-1951,3,4,2025-11-17 17:04:15,dhaka,0.0,0.0,neutral,neutral,General/Miscellaneous
Sheikh Hasina's Judgement,RazzmatazzStrict,5,90,2025-11-17 16:52:23,dhaka,0.0,0.0,neutral,neutral,General/Miscellaneous
Hard time,Puzzleheaded_Mine992,6,6,2025-11-17 16:51:50,dhaka,-0.2916666666666667,0.5416666666666666,negative,sadness,General/Miscellaneous
Ladies: hair parlor?,TurbulentCup5219,6,9,2025-11-17 16:06:46,dhaka,0.0,0.0,neutral,neutral,General/Miscellaneous
Testaurants like Izakaya,999baseballs,2,9,2025-11-17 15:59:21,dhaka,0.0,0.0,neutral,neutral,General/Miscellaneous
Is a foldable laptop table actually useful?,Suspicious_Cheek3878,4,5,2025-11-17 15:32:01,dhaka,0.3,0.0,positive,neutral,Technology/Gadgets
Just to know how you guys figure it out.,Abir_Islam,2,18,2025-11-17 15:24:19,dhaka,0.0,0.0,neutral,neutral,General/Miscellaneous
Twilight at 60kmph,Equivalent_Doubt_969,20,1,2025-11-17 14:39:55,dhaka,0.0,0.0,neutral,neutral,General/Miscellaneous
Sending sensitive medicine like Insulin to Madaripur (Village),7uckingMadMan,5,2,2025-11-17 14:09:15,dhaka,0.1,0.9,neutral,neutral,Healthcare/Medical
Bachelors in china,LilNoirito,5,8,2025-11-17 13:34:32,dhaka,0.0,0.0,neutral,neutral,General/Miscellaneous
Perfume suggestion under 2000 taka,_parrot_king0,13,12,2025-11-17 13:24:04,dhaka,0.0,0.0,neutral,neutral,General/Miscellaneous
Hangout place suggetion!,Equal-Love-4701,3,1,2025-11-17 13:23:15,dhaka,0.0,0.0,neutral,neutral,General/Miscellaneous
Need simple healthy meals I can cook alone.,Due_Calligrapher2742,11,10,2025-11-17 13:01:33,dhaka,0.25,0.4285714285714286,positive,neutral,Healthcare/Medical
মেট্রো,Master-Asparagus7789,2,4,2025-11-17 11:04:35,dhaka,0.0,0.0,neutral,neutral,General/Miscellaneous
My Android Cellphone got stolen.,Iori3310,6,11,2025-11-17 08:23:11,dhaka,0.0,0.0,neutral,neutral,Technology/Gadgets
Effective support system,No-Scientist-8273,7,8,2025-11-17 03:13:18,dhaka,0.6,0.8,positive,neutral,General/Miscellaneous
Music Band suggestions??,IMSALTY-Real,1,10,2025-11-17 02:50:02,dhaka,0.0,0.0,neutral,neutral,Entertainment
Do you believe in jinn? I want to hear your real experiences,Last-Engineering-649,50,130,2025-11-17 02:36:30,dhaka,0.2,0.30000000000000004,positive,trust,General/Miscellaneous
How to deal with emotionally and physically abusive father during admission phase,strangerthings8989,4,5,2025-11-17 02:03:25,dhaka,0.0,0.39642857142857146,neutral,neutral,Travel/Transportation
Can deliverymen see what you have ordered?,Legitimate_Sky5632,4,3,2025-11-17 01:54:54,dhaka,0.0,0.0,neutral,neutral,General/Miscellaneous
NID Permanent Address Correction,CaffineIsGood,7,1,2025-11-17 01:45:26,dhaka,0.0,0.0,neutral,neutral,General/Miscellaneous
How do you deal with Anxiety?,SquareProtonWave,6,10,2025-11-17 01:32:13,dhaka,0.0,0.0,neutral,neutral,General/Miscellaneous
MAT(25-26),Interesting-Bag-3210,5,9,2025-11-17 00:58:40,dhaka,0.0,0.0,neutral,neutral,General/Miscellaneous
Can you tell me about BRTA?,internet_godfather,6,4,2025-11-17 00:58:09,dhaka,0.0,0.0,neutral,neutral,General/Miscellaneous
Asking for Marriage to Wali,GoingHypersonic,11,8,2025-11-17 00:38:58,dhaka,0.0,0.0,neutral,neutral,Relationships/Social
ডিবেট শিখার কোনো অর্গানাইজেশন ঢাকায় আছে?,Total_Advertising975,5,11,2025-11-16 23:10:12,dhaka,0.0,0.0,neutral,neutral,General/Miscellaneous
Farmgate to BAF Shaheen Kurmitola,Twha_Khan,2,6,2025-11-16 22:56:58,dhaka,0.0,0.0,neutral,neutral,General/Miscellaneous
Laptop Issue,Longjumping-Fly-480,3,2,2025-11-16 22:28:19,dhaka,0.0,0.0,neutral,neutral,Technology/Gadgets
Suggestion on buying mechanical Keebs.,Flat_Age_5777,2,5,2025-11-16 21:47:25,dhaka,0.0,0.0,neutral,neutral,Shopping/Commerce
Coding Partner,ElegantSwimmer3726,5,26,2025-11-16 21:38:14,dhaka,0.0,0.0,neutral,neutral,General/Miscellaneous
Gym Flings!,Almostfamous_02,41,58,2025-11-16 21:10:37,dhaka,0.0,0.0,neutral,neutral,Sports/Recreation
Casio buying,Mahmud_Emon,3,3,2025-11-16 21:07:55,dhaka,0.0,0.0,neutral,neutral,Shopping/Commerce
I WANNA KNOW ABOUT JAGANNATH UNIVERSITY,Competitive-Rate-951,28,50,2025-11-16 20:59:00,dhaka,0.0,0.0,neutral,neutral,Education/Career
"I’m soft, I’m tired, I’m trying and that’s enough. My heart is loud, even if my presence isn’t.",h_sadia,24,12,2025-11-16 20:46:28,dhaka,-0.05000000000000001,0.5874999999999999,neutral,neutral,General/Miscellaneous
How to start?,Physical-Fact-7191,7,6,2025-11-16 20:09:16,dhaka,0.0,0.0,neutral,neutral,General/Miscellaneous
Want to learn to cook,LessTell,12,21,2025-11-16 20:06:26,dhaka,0.0,0.0,neutral,neutral,General/Miscellaneous
Attempting,WasteCrow8280,0,23,2025-11-16 19:35:17,dhaka,0.0,0.0,neutral,neutral,General/Miscellaneous
how do i make money?,StrangeFile8991,19,38,2025-11-16 19:25:39,dhaka,0.0,0.0,neutral,neutral,General/Miscellaneous
Medical emergency 🦺,Hot-Tangerine3979,6,6,2025-11-16 19:18:37,dhaka,0.0,0.0,neutral,neutral,General/Miscellaneous
Earbuds Battery Replacement ( Soundpeats Capsule 3 pro),Advanced_Budget7301,2,4,2025-11-16 17:58:39,dhaka,0.0,0.0,neutral,neutral,Food/Dining
আমি বই পড়তে খুব ভালোবাসি। কিন্তু আমার ইংলিশ স্কুল লাইফ তেমন স্ট্রং ছিল না—তাই কিছু ইংলিশ বই বুঝতে সমস্যা হয়।,zawad_zarirrr,0,27,2025-11-16 17:41:18,dhaka,0.0,0.0,neutral,neutral,General/Miscellaneous
Gym location,redwizzardalastor,2,1,2025-11-16 16:24:59,dhaka,0.0,0.0,neutral,neutral,Sports/Recreation
"Where do I buy authentic shampoos, deodorants and lotions?",External_Pen4135,3,2,2025-11-16 16:14:34,dhaka,0.5,0.75,positive,trust,Shopping/Commerce
টাকা বাদে জীবনে কোন একটা জিনিস আপনি সবচেয়ে বেশি চান?,Aaliynah550,43,133,2025-11-16 15:59:18,dhaka,0.0,0.0,neutral,neutral,General/Miscellaneous
I need suggestions on male skincare products?,kindred_eldtrich,2,28,2025-11-16 14:15:41,dhaka,0.0,0.1,neutral,neutral,Shopping/Commerce
Guitar,garlicbread0_0,3,16,2025-11-16 13:58:06,dhaka,0.0,0.0,neutral,neutral,General/Miscellaneous
Perfumes,omerhabib44,4,16,2025-11-16 12:50:35,dhaka,0.0,0.0,neutral,neutral,General/Miscellaneous
CBT for intrusive thoughts,aurora_100,7,10,2025-11-16 12:49:45,dhaka,0.0,0.0,neutral,neutral,General/Miscellaneous
When will HSC happen?,Mean_Common_5269,3,8,2025-11-16 12:31:54,dhaka,0.0,0.0,neutral,neutral,Technology/Gadgets
Life of a loser,Mysterious-Fly-9194,30,51,2025-11-16 11:40:28,dhaka,0.0,0.0,neutral,neutral,General/Miscellaneous
Self enjoyment,ElegantSteak7738,5,79,2025-11-16 11:19:40,dhaka,0.0,0.0,neutral,neutral,General/Miscellaneous
Where can I find cakes that taste amazing and have creative designs?,callmeIFTY,6,10,2025-11-16 10:37:09,dhaka,0.55,0.95,positive,joy,Food/Dining
অনেক বাংলাদেশি অভিবাসীর সবচেয়ে বড় বাধা প্রায়ই তাদের নিজের কমিউনিটিই হয়। একটি সাম্প্রতিক ঘটনা দেখিয়েছে—কীভাবে একজন লোক ব্যক্তিগত বিরোধের কারণে নতুনদের সাহায্য করার জন্য তৈরি একটি সাপোর্ট গ্রুপকে নিজের ইচ্ছামতো গেটকিপিং করছিল। বিষয়টি জানার পরও সিনিয়র সদস্যরা গুরুত্ব দিয়ে দেখেননি,jbttss,3,6,2025-11-16 10:32:02,dhaka,0.0,0.0,neutral,neutral,General/Miscellaneous
Lonely,Top-Slide-4095,5,27,2025-11-16 10:31:02,dhaka,-0.09999999999999998,0.7,neutral,neutral,General/Miscellaneous
PPT expert needed.,raj_monir15,5,8,2025-11-16 09:26:29,dhaka,0.0,0.0,neutral,neutral,General/Miscellaneous
Is there any local bus route using T.T.Para Underpass?,Treasure_Crusho,1,1,2025-11-16 08:28:46,dhaka,0.0,0.0,neutral,neutral,Travel/Transportation
Anybody have a good ayer mach or corsula recipe?,Maximum-Evening3904,2,1,2025-11-16 07:31:30,dhaka,0.7,0.6000000000000001,positive,joy,General/Miscellaneous
Winter clothes,itzfaria,5,9,2025-11-16 03:30:21,dhaka,0.0,0.0,neutral,neutral,Shopping/Commerce
Struggling as an Artist,peedeepeesucks,6,10,2025-11-16 02:56:11,dhaka,0.0,0.0,neutral,neutral,General/Miscellaneous
Do guys find girls with nose piercings attractive?,sabia__,56,133,2025-11-16 01:43:15,dhaka,0.8,1.0,positive,neutral,General/Miscellaneous
Does anyone else think that people of this generation is intellectually poor?,Outrageous-Being7136,42,51,2025-11-16 01:06:59,dhaka,-0.4,0.6,negative,neutral,General/Miscellaneous
Random question,Dizzy_Sky_3350,31,148,2025-11-16 00:23:46,dhaka,-0.5,0.5,negative,neutral,General/Miscellaneous
CA ki khub hard?,light_yagami004,5,7,2025-11-15 23:17:25,dhaka,-0.2916666666666667,0.5416666666666666,negative,sadness,General/Miscellaneous
I GOT FIRED FROM MY JOB AT THE FIRST DAY,goinnbackto505,299,207,2025-11-15 21:49:52,dhaka,0.25,0.3333333333333333,positive,neutral,Education/Career
Web series,Responsible_Ad8408,2,6,2025-11-15 21:38:17,dhaka,0.0,0.0,neutral,neutral,General/Miscellaneous
Need advise,Shorkarjak,0,6,2025-11-15 21:31:01,dhaka,0.0,0.0,neutral,neutral,General/Miscellaneous
Opinions on Rajshahi Uiversity?,noorbeer,2,1,2025-11-15 21:13:34,dhaka,0.0,0.0,neutral,neutral,General/Miscellaneous
Remote Video Editor Wanted,Arman_hossainalif,6,1,2025-11-15 20:59:54,dhaka,-0.1,0.2,neutral,neutral,General/Miscellaneous
Financial Suggestions,RespectFull4922,2,7,2025-11-15 20:34:10,dhaka,0.0,0.0,neutral,neutral,General/Miscellaneous
Any good lighter er dokan?,ivodidalha,1,3,2025-11-15 19:53:07,dhaka,0.7,0.6000000000000001,positive,joy,General/Miscellaneous
Suggest me a trusted service center for desktop motherboard in Multiplan/IDB,gigamind_sajid,3,1,2025-11-15 19:22:52,dhaka,-0.1,0.1,neutral,trust,Services/Professional
The truth about Delwar Hossain Sayeedi,_syhumm_,0,12,2025-11-15 18:41:02,dhaka,0.0,0.0,neutral,neutral,General/Miscellaneous
Volunteering,Trick_Copy_5402,3,10,2025-11-15 18:18:17,dhaka,0.0,0.0,neutral,neutral,General/Miscellaneous
Can I use a phone-taken photo (edited for formality) for university applications?,Extension_Force7563,3,5,2025-11-15 18:03:12,dhaka,0.0,0.0,neutral,neutral,"Technology/Gadgets, Education/Career"
গীজার (geyser) কিনতে চাচ্ছি,Select-Day-873,9,23,2025-11-15 17:46:00,dhaka,0.0,0.0,neutral,neutral,General/Miscellaneous
Does Milestone College charge extra fees for taking a TC?,Minimum-Afternoon323,3,1,2025-11-15 17:38:32,dhaka,0.0,0.1,neutral,neutral,Education/Career
when being deulu is the only solution,Odd_Science208,3,1,2025-11-15 17:33:40,dhaka,0.0,1.0,neutral,neutral,General/Miscellaneous
how to get thailand visa by december,mehehuuuuh,4,1,2025-11-15 17:19:51,dhaka,0.0,0.0,neutral,neutral,Travel/Transportation
প্রথমবার থাইল্যান্ড,Single-Cat8043,9,10,2025-11-15 17:18:52,dhaka,0.0,0.0,neutral,neutral,General/Miscellaneous
should i change schools and take commerce?,vernoniestacos,4,3,2025-11-15 17:11:09,dhaka,0.0,0.0,neutral,neutral,Education/Career
indoor plants,Ruthmila,5,5,2025-11-15 16:13:48,dhaka,0.0,0.0,neutral,neutral,General/Miscellaneous
F1,IllustriousArmy7201,23,33,2025-11-15 16:07:37,dhaka,0.0,0.0,neutral,neutral,General/Miscellaneous
2026 Referendum (গণভোট),Ark_rivia,14,13,2025-11-15 15:59:06,dhaka,0.0,0.0,neutral,neutral,General/Miscellaneous
Ideology,IllustriousArmy7201,2,15,2025-11-15 14:58:58,dhaka,0.0,0.0,neutral,neutral,General/Miscellaneous
"My grandfather (Nana) told my mom when she was a child that laughing too loudly would make her sinful and made her recite an Arabic verse whenever she laughed. Even normal laughter made her stop midway and quickly recite the verse, believing she had sinned.",the-machine-m4n,70,38,2025-11-15 14:40:15,dhaka,0.3208333333333333,0.5375,positive,neutral,General/Miscellaneous
Am I experiencing PTSD after the earthquake?,Infinite-Sector-8694,6,9,2025-11-22 22:52:24,dhaka,0.0,0.0,neutral,neutral,General/Miscellaneous
Animals during earthquake,ReplacementEarly5784,5,3,2025-11-22 21:05:56,dhaka,0.0,0.0,neutral,neutral,General/Miscellaneous
Confused!! HSC-26,Alternative_Lake9445,6,11,2025-11-21 10:25:03,dhaka,-0.625,0.7,negative,neutral,General/Miscellaneous
NCP is shit fake !,Hot_Key2000,153,101,2025-11-21 08:02:31,dhaka,-0.4125,0.9,negative,neutral,General/Miscellaneous
Explosions by square hosptial 4:30 ish pm,noticeofseizure,7,3,2025-11-17 16:49:30,dhaka,0.0,0.0,neutral,neutral,General/Miscellaneous
Trimmer suggetion,Suvojit_Sarker,0,11,2025-11-15 14:30:21,dhaka,0.0,0.0,neutral,neutral,General/Miscellaneous
Dog walking jobs?,Lopsided-Vanilla9925,4,2,2025-11-15 13:58:58,dhaka,0.0,0.0,neutral,neutral,Education/Career
Higher Study in USA,Greedy_for_attention,9,21,2025-11-15 13:56:55,dhaka,0.25,0.5,positive,neutral,Education/Career
A hypothetical situation,Lopsided-Sun-904,0,17,2025-11-15 13:27:39,dhaka,0.0,0.0,neutral,neutral,General/Miscellaneous
Will GTX 750ti 2gb be a good deal at 4000 taka?,Sanwarhosen,0,18,2025-11-15 13:18:54,dhaka,0.7,0.6000000000000001,positive,joy,General/Miscellaneous
💇🏿‍♂️Where can i do Dread locks and how much it costs,MajesticAside4012,1,5,2025-11-15 13:06:02,dhaka,0.2,0.2,positive,neutral,Shopping/Commerce
How do i start?,itsokaybutyes,1,14,2025-11-15 12:58:50,dhaka,0.0,0.0,neutral,neutral,General/Miscellaneous
VPS / RDP under 15$/year,Tricky-Design-8982,0,4,2025-11-15 11:31:07,dhaka,0.0,0.0,neutral,neutral,General/Miscellaneous
pop culture,IllustriousArmy7201,1,0,2025-11-15 11:22:55,dhaka,0.0,0.0,neutral,neutral,General/Miscellaneous
any pet food shop owners / pages want to import authentic Royal Canin Wetfood?,Plastic_Comedian_615,2,0,2025-11-15 10:56:26,dhaka,0.5,0.75,positive,trust,"Food/Dining, Shopping/Commerce"
Car for commercial use,Working-Piece-9165,3,3,2025-11-15 10:13:03,dhaka,0.0,0.0,neutral,neutral,General/Miscellaneous
"Should I Do a Master’s/PhD Abroad? Average Student, No Passion, Married, and Scared to Go Alone",IDidTry-003,7,7,2025-11-15 09:58:30,dhaka,0.05,0.32499999999999996,neutral,fear,"Education/Career, Travel/Transportation"
i want to change my name. how much it would cost me in court?,StrangeFile8991,30,39,2025-11-15 09:50:17,dhaka,0.2,0.2,positive,neutral,Shopping/Commerce
দ্বিধার অবসান চাই,Mkhasan280,1,1,2025-11-15 09:34:01,dhaka,0.0,0.0,neutral,neutral,General/Miscellaneous
The call of universe,IllustriousArmy7201,6,9,2025-11-15 08:04:29,dhaka,0.0,0.0,neutral,neutral,General/Miscellaneous
If anyone know about quantitative content analysis please share your knowledge with me,miku_miuuu,3,1,2025-11-15 06:11:36,dhaka,0.0,0.0,neutral,neutral,Housing/Real Estate
Wife is very mean and rude to other,Swimming_Crew_5054,125,86,2025-11-15 03:23:15,dhaka,-0.27708333333333335,0.6229166666666667,negative,neutral,General/Miscellaneous
Some advice for 1st year uni student for life and upcoming future,nirobaction,2,4,2025-11-15 02:30:32,dhaka,0.0,0.125,neutral,neutral,General/Miscellaneous
Kind of stuck in my own thoughts,BitSignificant6707,3,4,2025-11-15 02:25:36,dhaka,0.6,0.95,positive,neutral,General/Miscellaneous
SOP/Motivation letter,MissionOlive257,4,3,2025-11-15 02:22:40,dhaka,0.0,0.0,neutral,neutral,General/Miscellaneous
How can I archive all comments from a Facebook post?,No-Volume2455,3,2,2025-11-15 02:05:36,dhaka,0.0,0.0,neutral,neutral,General/Miscellaneous
Who will win?,ughnaf,3,1,2025-11-15 00:08:18,dhaka,0.8,0.4,positive,neutral,General/Miscellaneous
jacket,Poseidon-005,3,4,2025-11-14 23:52:38,dhaka,0.0,0.0,neutral,neutral,General/Miscellaneous
i need your suggestions!,totothecatto,13,22,2025-11-14 23:25:15,dhaka,0.0,0.0,neutral,neutral,General/Miscellaneous
do universities here accept just 2 a level subjects?,Slight-Flight-9364,3,7,2025-11-14 23:21:02,dhaka,0.0,0.0,neutral,neutral,General/Miscellaneous
Lil help needed with a university survey for an assignment,Impossible-Fail336,3,0,2025-11-14 22:55:19,dhaka,0.0,0.0,neutral,neutral,Education/Career
"Desh e thekeo dekhsi, desher baire thekeo dekhsi, I recommend never being born",heavygrin,74,17,2025-11-14 22:24:10,dhaka,0.0,0.0,neutral,trust,General/Miscellaneous
"Mood swings , Anger issues",Dismal-Ad-9648,3,5,2025-11-14 22:04:46,dhaka,-0.7,0.2,negative,neutral,General/Miscellaneous
So..I took some pictures,Gold_Pipe9289,69,14,2025-11-14 22:03:40,dhaka,0.0,0.0,neutral,neutral,General/Miscellaneous
ISP Around Hatirpool,Dismal-Ad-9648,1,0,2025-11-14 22:02:06,dhaka,0.0,0.0,neutral,neutral,General/Miscellaneous
"Anyone applied to US knows if we need 9,10,11,12th result",Ok_Design2355,3,2,2025-11-14 21:49:22,dhaka,0.0,0.0,neutral,neutral,Technology/Gadgets
Is vaping really that bad?,dii_hann,0,20,2025-11-14 21:33:34,dhaka,-0.24999999999999992,0.43333333333333335,negative,anger,General/Miscellaneous
how does game rental pages work?,1kyst,2,1,2025-11-14 21:28:00,dhaka,-0.4,0.4,negative,neutral,"Housing/Real Estate, Education/Career, Sports/Recreation"
Motivation ✴️✨,Jumpy-Selection-7728,12,36,2025-11-14 21:15:56,dhaka,0.0,0.0,neutral,neutral,General/Miscellaneous
Need suggestions,Mkhasan280,33,35,2025-11-14 20:33:31,dhaka,0.0,0.0,neutral,neutral,General/Miscellaneous
Swimming Lessons in Mirpur,Existential_Dread_GG,3,4,2025-11-14 20:26:55,dhaka,0.0,0.0,neutral,neutral,Sports/Recreation
Mon kharap,Outside_Raspberry587,18,116,2025-11-14 20:26:21,dhaka,0.0,0.0,neutral,neutral,General/Miscellaneous
Driving training and licences,CautiousAd6705,6,10,2025-11-14 19:32:54,dhaka,0.0,0.0,neutral,neutral,General/Miscellaneous
Stress relief,Jumpy-Selection-7728,7,35,2025-11-14 18:36:44,dhaka,0.0,0.0,neutral,neutral,General/Miscellaneous
Need psychiatrist,Ok-Youth4228,11,20,2025-11-14 17:13:40,dhaka,0.0,0.0,neutral,neutral,Healthcare/Medical
Business ideas 💡,No-Diver1470,4,3,2025-11-14 16:21:20,dhaka,0.0,0.0,neutral,neutral,Travel/Transportation
random November 3:24 PM thought,Extension_Force7563,17,44,2025-11-14 15:25:04,dhaka,-0.5,0.5,negative,neutral,General/Miscellaneous
Need stores that can solder to fix my controller (Ps5 controller),ElectronicValue8056,4,3,2025-11-14 14:04:03,dhaka,0.0,0.0,neutral,neutral,Shopping/Commerce
Home workout/ GYM,Apprehensive-Comb365,1,5,2025-11-14 13:18:55,dhaka,0.0,0.0,neutral,neutral,"Education/Career, Sports/Recreation"
$5000 USD Cash for Student Visa (Initial Expense) - Best Rate at City Bank?,Worldly-Toe5476,5,3,2025-11-14 13:03:24,dhaka,0.5,0.15,positive,joy,Travel/Transportation
"In our country, can no person legally (on paper) write themselves as non-religious? And can't two non-religious people legally marry without any hassle? What does our law say?",the-machine-m4n,66,48,2025-11-14 13:02:45,dhaka,0.2,0.2,positive,neutral,"Politics/Government, Services/Professional"
Where can I sell old cloths?,LightCyndr14,0,6,2025-11-14 12:49:37,dhaka,0.1,0.2,neutral,neutral,Shopping/Commerce
Can someone attend HSC for a fourth time?,Frequent-Tie-6681,2,4,2025-11-14 12:23:33,dhaka,0.0,0.0,neutral,neutral,General/Miscellaneous
Laptop recommendation to run Linux based OS,Minute-Flatworm1669,10,37,2025-11-14 11:52:55,dhaka,0.0,0.0,neutral,trust,Technology/Gadgets
Which payment gateway do you prefer for ecommerce?,Drawing-Live,5,9,2025-11-14 11:40:04,dhaka,0.0,0.0,neutral,neutral,General/Miscellaneous
Where can i find mikasa red scarf?,nil_nickel,10,9,2025-11-14 11:37:44,dhaka,0.0,0.0,neutral,neutral,General/Miscellaneous
Basabo Buddho Mondir,CodeAndCorrelation,116,12,2025-11-14 10:55:35,dhaka,0.0,0.0,neutral,neutral,General/Miscellaneous
Where to buy shoes?,ChocolateAromatic648,4,15,2025-11-14 08:20:44,dhaka,0.0,0.0,neutral,neutral,Shopping/Commerce
Daraz er 11.11 campaign e keu ki kisu kinsen?,Select-Day-873,3,1,2025-11-14 02:21:28,dhaka,0.0,0.0,neutral,neutral,General/Miscellaneous
Where can i buy these sort of sneakers🙂,sad_sugar_7,8,17,2025-11-14 01:23:01,dhaka,0.0,0.0,neutral,neutral,Shopping/Commerce
Suggestions for Air Purifier for bedroom,Ok_Shelter8239,3,2,2025-11-14 01:11:49,dhaka,0.0,0.0,neutral,neutral,General/Miscellaneous
How to import watch?,SMBSAlif,1,3,2025-11-14 00:47:46,dhaka,0.0,0.0,neutral,neutral,General/Miscellaneous
CHAPPED LIP!!!!!,Both_Development4690,4,28,2025-11-14 00:33:07,dhaka,0.0,0.0,neutral,neutral,Technology/Gadgets
"Suggest me some 11.11 headphone,keyboard and mouse deals",deletedusssr,0,3,2025-11-14 00:32:26,dhaka,0.0,0.0,neutral,neutral,Technology/Gadgets
Hair Fall Product - minoxidil review,Kim_KongNog,2,5,2025-11-13 23:46:55,dhaka,0.0,0.0,neutral,neutral,Shopping/Commerce
