title,author,upvotes,comments,date,subreddit,polarity,subjectivity,sentiment,emotion,topics
Is There Any Photobooths For Couples in Dhaka??,DebtLess2374,1,0,2025-11-23 11:48:49,bangladesh,0.0,0.0,neutral,neutral,"Housing/Real Estate, Relationships/Social"
Bangladesh’s winter air pollution isn’t just “ours” it’s blowing in from India.,Stunning-Walk7366,17,5,2025-11-23 10:26:44,bangladesh,0.09481292517006802,0.4475340136054422,neutral,neutral,"Housing/Real Estate, Technology/Gadgets, Food/Dining, Shopping/Commerce, Travel/Transportation, Sports/Recreation, Infrastructure/Urban"
"Urgent Help: Best Path to Complete HSC in 1 Year as a Private Candidate in Dhaka (4-Year Gap, Night Job 9 PM-6 AM)",IK_Khan,1,0,2025-11-22 20:11:08,bangladesh,0.15791666666666668,0.49000000000000005,positive,neutral,"Housing/Real Estate, Technology/Gadgets, Education/Career, Travel/Transportation"
Dhaka-19 : Nafsin Mehanaz Azireen - Bihari?,badfaroosh,0,9,2025-11-22 19:17:25,bangladesh,0.175,0.525,positive,neutral,"Housing/Real Estate, Technology/Gadgets"
Another earthquake hits Bangladesh. 3 times under 32 hours,Plastic_Repeat_995,31,13,2025-11-22 18:55:47,bangladesh,0.09999999999999999,0.27777777777777773,neutral,fear,"Housing/Real Estate, Food/Dining, Sports/Recreation, Infrastructure/Urban"
Need a badminton friend,Ambitious-Cut2858,3,2,2025-11-22 18:34:44,bangladesh,0.0,0.0,neutral,anger,"Technology/Gadgets, Relationships/Social, Sports/Recreation"
Need suggestions regarding the public universities in Bangladesh? Are they worth it???,mahmid_,3,3,2025-11-22 17:19:40,bangladesh,0.11819073083778968,0.5550237670825907,positive,joy,"Housing/Real Estate, Technology/Gadgets, Education/Career, Shopping/Commerce, Travel/Transportation, Relationships/Social, Sports/Recreation, Politics/Government, Infrastructure/Urban"
Another earthquake hits Dhaka,Plastic_Repeat_995,21,12,2025-11-22 13:12:57,bangladesh,-0.05,0.2,neutral,neutral,"Housing/Real Estate, Technology/Gadgets"
Cracks found at multiple Dhaka metro stations after quake despite DMTCL safety assurances,PrintRealistic6750,31,11,2025-11-22 13:02:49,bangladesh,0.0,0.0,neutral,neutral,"Housing/Real Estate, Infrastructure/Urban"
Where can I find a Nintendo 3DS near Dhaka?,Ok_Junket_5751,1,1,2025-11-22 00:13:57,bangladesh,-0.023958333333333318,0.446875,neutral,neutral,"Housing/Real Estate, Shopping/Commerce, Sports/Recreation"
"As Dhaka experiences an earthquake with a very close epicentre, here's what to do during any future earthquake or aftershock",tajul_islam,8,0,2025-11-21 15:14:26,bangladesh,0.0,0.0,neutral,neutral,Housing/Real Estate
3 pedestrians crushed to death as building railing collapses in Old Dhaka during morning quake,Necessary-Hunt6104,21,2,2025-11-21 12:19:09,bangladesh,0.0,0.0,neutral,neutral,"Housing/Real Estate, Technology/Gadgets, Food/Dining"
Earthquake in Dhaka!!,Phinixprono1234,5,3,2025-11-21 10:45:11,bangladesh,0.2857142857142857,0.5357142857142857,positive,neutral,Housing/Real Estate
NIRAPAD Alliance Just Launched: A Major National Effort for Mental Health &amp; Cyber Safety 🇧🇩,LopsidedDistance6686,1,1,2025-11-21 08:40:09,bangladesh,0.13928571428571426,0.38482142857142854,positive,trust,"Housing/Real Estate, Technology/Gadgets, Education/Career, Health/Medical, Travel/Transportation"
July Uprising's iconic 'saluting rickshaw-puller' Sujon collects NCP nomination form from Dhaka-8,Necessary-Hunt6104,62,58,2025-11-20 20:24:11,bangladesh,0.0,0.0,neutral,neutral,Housing/Real Estate
I was a patient of three different mental health rehab facilities including Pabna mental hospital. AMA.,Old_Mechanic9,5,6,2025-11-20 05:49:02,bangladesh,-0.2,0.3,negative,neutral,"Housing/Real Estate, Health/Medical, Shopping/Commerce, Relationships/Social"
বাংলাদেশের ফুটবল স্টেডিয়ামের চারদিকে এতো বিশাল খালি জায়গা থাকে কেন? যেখানে আধুনিক বিশ্বের কোনো স্টেডিয়ামে এমনটা দেখা যায় না।,Massivehit,6,12,2025-11-19 15:54:57,bangladesh,0.0,0.0,neutral,neutral,"Housing/Real Estate, Technology/Gadgets"
gift for cousins from australia (and restaurant recs),sleepislife25,3,1,2025-11-19 15:33:21,bangladesh,0.16428571428571428,0.32142857142857145,positive,joy,"Technology/Gadgets, Food/Dining, Travel/Transportation"
HISTORIC VICTORY FOR THE COUNTRY!!!,Plastic_Repeat_995,66,9,2025-11-18 22:50:10,bangladesh,0.21488095238095237,0.30476190476190484,positive,trust,"Housing/Real Estate, Technology/Gadgets, Travel/Transportation, Relationships/Social, Sports/Recreation"
Bangladesh wins,HinduShibir,218,12,2025-11-18 22:49:47,bangladesh,0.2833333333333334,0.27142857142857146,positive,neutral,"Housing/Real Estate, Sports/Recreation"
"Looking to Donate Books in Dhaka , Any Suggestions?",panic_structure,5,1,2025-11-18 22:24:55,bangladesh,0.125,0.05,positive,neutral,"Housing/Real Estate, Technology/Gadgets, Education/Career"
Bd domestic flights,zsk471,3,1,2025-11-18 17:06:01,bangladesh,-0.040625,0.321875,neutral,neutral,"Housing/Real Estate, Technology/Gadgets, Shopping/Commerce, Travel/Transportation"
Wake up Bangladeshis,Hot-Point-4090,2,1,2025-11-18 13:39:20,bangladesh,0.12886460981699074,0.4024588286493049,positive,joy,"Housing/Real Estate, Technology/Gadgets, Education/Career, Food/Dining, Shopping/Commerce, Travel/Transportation, Sports/Recreation, Politics/Government"
Passport Correction and Renewal in BD,Sensitive_Win_9094,5,3,2025-11-18 13:01:38,bangladesh,0.125,0.4166666666666667,positive,neutral,"Housing/Real Estate, Technology/Gadgets, Politics/Government"
"Protibastob from Dhaka Comics - An anthology of comics from various underrated artists, I love these artists so much, they're deserve so much more recognition, and I love the way Bangla comics is going, maybe one day it will become a world famous genre like manga",yasserius,6,0,2025-11-18 12:54:50,bangladesh,0.0,0.0,neutral,neutral,"Housing/Real Estate, Relationships/Social"
Looking for a Job.,iamnoman18,5,0,2025-11-18 11:01:00,bangladesh,-0.11666666666666664,0.3361111111111111,negative,anger,"Housing/Real Estate, Technology/Gadgets, Education/Career, Shopping/Commerce, Travel/Transportation, Sports/Recreation"
Your Top 5 Trusted Phone Shops in Dhaka,Electrical_Example28,8,4,2025-11-18 07:05:16,bangladesh,0.14375,0.33125,positive,trust,"Housing/Real Estate, Technology/Gadgets, Shopping/Commerce"
Can anyone recommend a place to repair headphone near or close to Dhanmondi?,DisSapo1ntment,6,1,2025-11-18 06:48:37,bangladesh,0.0,0.0,neutral,neutral,Technology/Gadgets
VoA for Dhaka Inbound from Different Country,Infinitoid,2,1,2025-11-18 02:23:06,bangladesh,0.0,0.0,neutral,neutral,Housing/Real Estate
Best place to live in Bangladesh?,Scared_of_Jobs,3,7,2025-11-17 15:30:51,bangladesh,0.18517561983471076,0.47992424242424253,positive,joy,"Housing/Real Estate, Technology/Gadgets, Education/Career, Food/Dining, Health/Medical, Travel/Transportation, Infrastructure/Urban"
Visa on arrival questions,CompetitiveCat8220,2,2,2025-11-16 09:12:32,bangladesh,0.0375,0.2003205128205128,neutral,trust,"Housing/Real Estate, Travel/Transportation"
Gulshan Is Not Dhaka,Atel_mamu,5,0,2025-11-16 08:27:55,bangladesh,0.0,0.0,neutral,neutral,Housing/Real Estate
Trying to collect foreign currency notes — where can I actually get my first ones in Dhaka?,Inevitable-Koala6828,5,1,2025-11-15 22:52:37,bangladesh,0.065702947845805,0.28270975056689335,neutral,trust,"Housing/Real Estate, Technology/Gadgets, Education/Career, Shopping/Commerce, Travel/Transportation"
Which restaurant would it be in Dhaka?,Saif10ali,112,36,2025-11-15 20:39:13,bangladesh,0.0,0.0,neutral,neutral,"Housing/Real Estate, Food/Dining"
How Yunus Deceived BNP at the Last Minute,Alone-Attention-2139,35,35,2025-11-15 18:31:25,bangladesh,0.051388888888888894,0.44861111111111107,neutral,trust,"Technology/Gadgets, Sports/Recreation, Politics/Government"
Places to get the best Mishti around Dhaka?,clarkeanator,7,8,2025-11-15 12:53:03,bangladesh,0.2604166666666667,0.3666666666666667,positive,neutral,"Housing/Real Estate, Technology/Gadgets, Travel/Transportation, Infrastructure/Urban"
DOT INTERNET 525 tk package,Leather-Lawyer-5026,3,0,2025-11-14 14:35:37,bangladesh,0.1,0.4,neutral,neutral,"Technology/Gadgets, Sports/Recreation"
Buying a 2nd hand flat in banani Dhaka.,Miserable-Bed3514,2,1,2025-11-14 03:11:50,bangladesh,-0.01,0.45,neutral,neutral,"Housing/Real Estate, Shopping/Commerce, Politics/Government"
"Dhaka today.... No, more like everyday.",biscute2077,8,0,2025-11-13 21:24:47,bangladesh,0.07500000000000001,0.6000000000000001,neutral,joy,"Housing/Real Estate, Relationships/Social"
Property inheritance to our child who is not a Bangladeshi citizen.,Hawk_KL01,18,15,2025-11-12 17:12:51,bangladesh,0.007142857142857148,0.3262987012987013,neutral,joy,"Housing/Real Estate, Technology/Gadgets, Travel/Transportation, Relationships/Social, Politics/Government"
Its abt outfit,rrrihaaa,7,4,2025-11-12 01:12:08,bangladesh,0.07093399025217208,0.500990675990676,neutral,joy,"Housing/Real Estate, Technology/Gadgets, Education/Career, Shopping/Commerce, Sports/Recreation"
A Bangladeshi couple who died in the 9/11 attacks.,Maverick_00x,557,54,2025-11-11 15:31:13,bangladesh,0.30000000000000004,0.45,positive,neutral,"Housing/Real Estate, Technology/Gadgets, Education/Career, Relationships/Social"
What if Bangladesh actually had high-speed trains(250-350km/hour)?,SheehabMuhammad,16,35,2025-11-11 01:06:11,bangladesh,0.14124922696351266,0.295578231292517,positive,neutral,"Housing/Real Estate, Technology/Gadgets, Education/Career, Travel/Transportation, Infrastructure/Urban"
"If you had 6 months rent-free in a prime Gulshan/Banani duplex, how would you use it to build a business?",Anushirvan,6,7,2025-11-11 00:28:17,bangladesh,0.20208333333333334,0.6302083333333334,positive,joy,"Housing/Real Estate, Education/Career, Shopping/Commerce, Travel/Transportation"
Buffet suggestions in Dhaka,Few-Pumpkin3842,5,0,2025-11-10 21:26:24,bangladesh,0.0,0.0,neutral,neutral,"Housing/Real Estate, Education/Career, Food/Dining, Relationships/Social"
Peace agreement before GTA VI,Sweaty_Topic8036,13,1,2025-11-10 21:13:17,bangladesh,0.0,0.0,neutral,neutral,"Housing/Real Estate, Education/Career"
Trusted Gaming Laptop store in Dhaka,Expert-Access7844,3,5,2025-11-10 18:43:46,bangladesh,0.4666666666666666,0.4000000000000001,positive,joy,"Housing/Real Estate, Technology/Gadgets, Shopping/Commerce"
"Over a hundred primary school teachers were injured as police used batons, sound grenades, tear gas, and water cannons",Plastic_Repeat_995,15,3,2025-11-10 16:44:44,bangladesh,0.1,0.3125,neutral,neutral,"Housing/Real Estate, Education/Career, Politics/Government"
Where else to sell my smartphones?,Select-Day-873,2,0,2025-11-10 16:34:42,bangladesh,0.209375,0.259375,positive,trust,"Housing/Real Estate, Technology/Gadgets, Shopping/Commerce"
Crude bombs exploded at four separate locations in Dhaka this morning (10 November),Plastic_Repeat_995,13,8,2025-11-10 16:06:55,bangladesh,-0.06499999999999999,0.63,neutral,neutral,"Housing/Real Estate, Technology/Gadgets, Health/Medical, Travel/Transportation, Politics/Government, Infrastructure/Urban"
‼️Crude bombs exploded at 4 locations in Dhaka,AtikulIslam4142,80,25,2025-11-10 15:37:37,bangladesh,-0.06428571428571427,0.5642857142857143,neutral,neutral,"Housing/Real Estate, Technology/Gadgets, Health/Medical, Travel/Transportation, Sports/Recreation, Politics/Government, Infrastructure/Urban"
⚠️ Top-listed criminal shot dead in broad daylight,AtikulIslam4142,185,44,2025-11-10 14:55:29,bangladesh,-0.13078703703703706,0.343287037037037,negative,neutral,"Housing/Real Estate, Technology/Gadgets, Education/Career, Food/Dining, Health/Medical, Relationships/Social, Sports/Recreation, Politics/Government, Infrastructure/Urban"
Any querier service to send iPad outside Dhaka.,muaz_moss,7,3,2025-11-10 07:03:44,bangladesh,-0.16666666666666666,0.5833333333333334,negative,neutral,"Housing/Real Estate, Technology/Gadgets, Infrastructure/Urban"
Sending a 20 kg parcel from Dhaka to Budapest — any affordable and reliable courier options?,PrimaryInspection969,6,1,2025-11-09 23:27:17,bangladesh,0.09642857142857143,0.31428571428571433,neutral,neutral,"Housing/Real Estate, Technology/Gadgets"
Animal rescue/shelter in Dhaka?,Tall_Monster,7,2,2025-11-09 21:13:06,bangladesh,-0.09375,0.28846153846153844,neutral,neutral,Housing/Real Estate
"Will contest election from Dhaka, resignation depends on govt's decision: Asif Mahmud",PrintRealistic6750,22,12,2025-11-09 19:32:34,bangladesh,0.0,0.0,neutral,neutral,"Housing/Real Estate, Politics/Government"
"A peanut seller counts his loss as his Tk3,000....",Plastic_Repeat_995,124,6,2025-11-09 15:56:35,bangladesh,0.3694444444444444,0.4666666666666666,positive,neutral,"Housing/Real Estate, Education/Career, Shopping/Commerce, Politics/Government"
"Students of Ideal, Dhaka colleges reach peace agreement; City College missing from truce effort",Necessary-Hunt6104,82,24,2025-11-09 15:53:45,bangladesh,0.0,0.0,neutral,neutral,"Housing/Real Estate, Education/Career, Infrastructure/Urban"
My 28 months baby still not talking :(,Fancy-Day3847,32,17,2025-11-09 14:43:02,bangladesh,0.1565986394557823,0.5409863945578232,positive,fear,"Housing/Real Estate, Technology/Gadgets, Health/Medical, Sports/Recreation"
Need suggestions for Resort near Dhaka (for Honeymoon),Maybe_some,5,5,2025-11-09 10:55:24,bangladesh,0.17222222222222225,0.4351851851851852,positive,neutral,"Housing/Real Estate, Relationships/Social"
Pari Bibi's mausoleum at Lalbagh fort. Dhaka (1967) #viral #OldDhaka #Ol...,Sea-Test1273,3,1,2025-11-09 08:42:45,bangladesh,0.0,0.0,neutral,neutral,Housing/Real Estate
Anyone using Finasteride or Minoxidil? Need advice and good doctor recommendations,pulokjk,7,9,2025-11-08 23:36:09,bangladesh,0.15403726708074536,0.5053830227743271,positive,anger,"Housing/Real Estate, Technology/Gadgets, Food/Dining, Health/Medical, Travel/Transportation, Relationships/Social"
Need advice,Fragrant_Drop7397,6,3,2025-11-08 22:31:26,bangladesh,0.25,0.375,positive,neutral,"Housing/Real Estate, Technology/Gadgets, Shopping/Commerce"
Best place for cataract surgery in Dhaka?,Available-Ad-1014,5,1,2025-11-07 21:14:11,bangladesh,0.7,0.6000000000000001,positive,joy,"Housing/Real Estate, Health/Medical"
My Story,Budget_Platform_3736,47,37,2025-11-07 13:35:35,bangladesh,0.014680549335721748,0.43973391550977764,neutral,joy,"Housing/Real Estate, Technology/Gadgets, Education/Career, Food/Dining, Health/Medical, Travel/Transportation, Relationships/Social, Sports/Recreation, Infrastructure/Urban"
Anyone studying criminology at university of dhaka?,faceittiger1142,3,0,2025-11-07 02:39:13,bangladesh,0.0,0.0,neutral,neutral,"Housing/Real Estate, Education/Career, Relationships/Social"
Massacre in Dhaka!,Gold1Smith,24,25,2025-11-06 17:12:20,bangladesh,0.09999999999999999,0.3833333333333333,neutral,neutral,"Housing/Real Estate, Food/Dining"
Looking for information about old/public libraries in Dhaka for a Wikimedia GLAM project,Yahya_b,3,0,2025-11-06 02:41:55,bangladesh,0.1767857142857143,0.34404761904761905,positive,neutral,"Housing/Real Estate, Technology/Gadgets, Education/Career, Infrastructure/Urban"
Easy entry to Europe as a masters student.,canttellumyname,4,1,2025-11-06 00:32:58,bangladesh,0.1918997668997669,0.4397435897435897,positive,joy,"Housing/Real Estate, Education/Career, Travel/Transportation, Relationships/Social, Politics/Government"
Easy entry to Europe as a masters student.,canttellumyname,3,2,2025-11-06 00:32:53,bangladesh,0.1918997668997669,0.4397435897435897,positive,joy,"Housing/Real Estate, Education/Career, Travel/Transportation, Relationships/Social, Politics/Government"
Perfume Decants are a scam,azim-_-,4,7,2025-11-06 00:18:20,bangladesh,-0.11000000000000001,0.46,negative,neutral,"Housing/Real Estate, Shopping/Commerce"
Want a home rent in dhaka,Upset-Pay3295,2,2,2025-11-06 00:12:30,bangladesh,0.0,0.0,neutral,neutral,Housing/Real Estate
"wanna go to sylhet for tour with friends from dhaka, need suggestions and advices",Top-Pen-9698,3,3,2025-11-05 16:47:18,bangladesh,0.075,0.325,neutral,trust,"Housing/Real Estate, Technology/Gadgets, Travel/Transportation, Relationships/Social, Infrastructure/Urban"
Probe blames pilot error for Milestone crash; all Air Force training to shift outside Dhaka,PrintRealistic6750,55,25,2025-11-05 16:36:41,bangladesh,0.0,0.0,neutral,neutral,"Housing/Real Estate, Technology/Gadgets, Travel/Transportation"
Why doesn’t Bangladesh have a soft power strategy?,Lampedusan,24,29,2025-11-05 11:02:18,bangladesh,0.19791666666666666,0.3753472222222222,positive,joy,"Housing/Real Estate, Technology/Gadgets, Food/Dining, Shopping/Commerce, Relationships/Social, Sports/Recreation, Infrastructure/Urban"
Bangladesh travel for uk female and Nepali boy in January ?,Soft-Dance-8601,5,5,2025-11-05 03:55:50,bangladesh,0.23875000000000002,0.4220833333333334,positive,joy,"Housing/Real Estate, Technology/Gadgets, Education/Career, Travel/Transportation, Relationships/Social"
Delivery Service For My Home Bakery,DirectTone1689,3,5,2025-11-04 23:36:50,bangladesh,0.0,0.55,neutral,joy,"Housing/Real Estate, Food/Dining, Shopping/Commerce, Infrastructure/Urban"
"ফ্যাক্টরি পুড়ে, বিমানবন্দর পুড়ে, নির্বাচন দিয়ে বাঁচান: বিটিএমএ সভাপতি | BTMA | Dhaka | Somoy TV",maifee,7,1,2025-11-04 19:40:09,bangladesh,0.0,0.0,neutral,neutral,Housing/Real Estate
"BAF Shaheen College, Dhaka",Plastic_Repeat_995,18,2,2025-11-04 15:22:45,bangladesh,0.0,0.0,neutral,neutral,"Housing/Real Estate, Education/Career"
Chittagong University W or L?,Soul_Sniper_26,1,17,2025-11-04 01:07:16,bangladesh,0.014285714285714282,0.4047619047619047,neutral,sadness,"Housing/Real Estate, Technology/Gadgets, Education/Career, Shopping/Commerce, Infrastructure/Urban"
BNP candidates for JS polls: Who’s in the race for which seat in Dhaka?,PrintRealistic6750,5,2,2025-11-03 23:44:16,bangladesh,0.0,0.0,neutral,neutral,"Housing/Real Estate, Food/Dining, Politics/Government"
"Anybody got the ""Dhaka Racing 2003"" game?",VapeyMoron,7,3,2025-11-03 23:28:32,bangladesh,0.10499999999999998,0.7066666666666667,positive,neutral,"Housing/Real Estate, Technology/Gadgets, Sports/Recreation"
BNP's Shafiqul Islam likely to face Jamaat chief Shafiqur in Dhaka-15,PrintRealistic6750,21,7,2025-11-03 19:56:45,bangladesh,0.0,0.0,neutral,neutral,"Housing/Real Estate, Politics/Government"
Need advice on future plans for studying Physics.,the_wave_equation,4,0,2025-11-02 21:08:34,bangladesh,0.048813131313131315,0.3666666666666666,neutral,joy,"Housing/Real Estate, Technology/Gadgets, Education/Career, Food/Dining, Infrastructure/Urban"
The Daily Star Caught Red-Handed using AI-written Article,AtikulIslam4142,63,19,2025-11-02 18:19:22,bangladesh,0.0,0.0,neutral,neutral,"Housing/Real Estate, Technology/Gadgets, Shopping/Commerce, Infrastructure/Urban"
আমি Windows &amp; Android user.,seowithriazul,5,2,2025-11-01 08:39:38,bangladesh,0.367003367003367,0.4153198653198653,positive,neutral,"Housing/Real Estate, Technology/Gadgets, Shopping/Commerce, Sports/Recreation"
Any advice on getting a new passport quickly considering my restrictions?,Oryuuu,3,0,2025-10-31 22:45:39,bangladesh,0.07587412587412587,0.37342657342657337,neutral,trust,"Housing/Real Estate, Education/Career"
‘No one stood up for her’: Bus helper arrested for hitting woman,fogrampercot,53,13,2025-10-31 16:35:59,bangladesh,0.024404761904761905,0.22636054421768706,neutral,sadness,"Housing/Real Estate, Technology/Gadgets, Travel/Transportation"
is Killing FAIR?,Basic-Put-1927,4,6,2025-10-31 05:18:35,bangladesh,0.15937500000000002,0.5447382478632479,positive,neutral,"Housing/Real Estate, Technology/Gadgets, Education/Career, Food/Dining, Infrastructure/Urban"
Where can I find 99% Isopropyl alcohol in Dhaka?,Expert_Point_7816,6,4,2025-10-31 01:53:43,bangladesh,0.0,0.0,neutral,neutral,"Housing/Real Estate, Technology/Gadgets"
Dhaka University's admission notice mentions Hijras as disabled,AntiAgent006,23,16,2025-10-30 21:55:31,bangladesh,0.0,0.0,neutral,neutral,"Housing/Real Estate, Education/Career"
Mercury ke medicine hisebe sell kortese,Fluid-Tour-2129,81,32,2025-10-30 20:07:01,bangladesh,0.0,0.0,neutral,neutral,"Technology/Gadgets, Health/Medical, Shopping/Commerce"
‘৫ আগস্টে আমরা পুলিশ মেরে ঝুলিয়ে রেখেছি’,AtikulIslam4142,27,2,2025-10-30 18:16:37,bangladesh,-0.05555555555555555,0.1888888888888889,neutral,sadness,"Housing/Real Estate, Technology/Gadgets, Food/Dining, Politics/Government, Infrastructure/Urban"
Best thrifting place in Dhaka??,DebtLess2374,5,1,2025-10-30 16:45:34,bangladesh,0.9,0.525,positive,joy,"Housing/Real Estate, Food/Dining"
Japan-based grocery stores,VTorch,2,0,2025-10-30 11:05:48,bangladesh,-0.033333333333333326,0.45,neutral,joy,"Food/Dining, Shopping/Commerce"
"Anyone you did kidney surgery at Bangladesh Specialized Hospital, 21 Mirpur Rd. https://bdspecializedhospital.com/  ? is this good hospital for kidney tumor removal?",Suspicious-Ad-2444,3,1,2025-10-30 01:00:26,bangladesh,0.7,0.6000000000000001,positive,joy,Health/Medical
Suggestions needed,FarhanAyan_,2,0,2025-10-29 23:48:26,bangladesh,0.0,0.0,neutral,neutral,"Housing/Real Estate, Technology/Gadgets, Shopping/Commerce"
Suggestions needed,FarhanAyan_,2,0,2025-10-29 23:38:51,bangladesh,0.0,0.0,neutral,neutral,"Housing/Real Estate, Technology/Gadgets, Shopping/Commerce"
visited Bangladesh,loserinlifee,18,3,2025-10-29 20:54:50,bangladesh,0.39166666666666666,0.8,positive,neutral,"Housing/Real Estate, Food/Dining, Travel/Transportation"
Challenges in Policing (part 2): Those who provide security live without dignity,AtikulIslam4142,19,4,2025-10-29 19:02:01,bangladesh,-0.01550671550671551,0.31820818070818074,neutral,surprise,"Housing/Real Estate, Technology/Gadgets, Education/Career, Food/Dining, Travel/Transportation, Relationships/Social, Politics/Government"
পোশাক নিয়ে কটুক্তিকারীকে জুতাপেটা করলেন তরুণী,AtikulIslam4142,207,93,2025-10-29 16:50:00,bangladesh,0.1125,0.25944940476190476,positive,trust,"Housing/Real Estate, Technology/Gadgets, Food/Dining, Travel/Transportation, Sports/Recreation, Politics/Government, Infrastructure/Urban"
Have you ever realized you loved someone too late?,Interesting_Age306,10,6,2025-10-29 15:34:01,bangladesh,0.03138528138528137,0.46195887445887446,neutral,joy,"Technology/Gadgets, Education/Career, Travel/Transportation, Relationships/Social"
Challenges in Policing (part 1): Inside the broken funding of BD police,AtikulIslam4142,10,2,2025-10-28 20:06:52,bangladesh,0.09351190476190477,0.3813392857142857,neutral,neutral,"Housing/Real Estate, Technology/Gadgets, Food/Dining, Travel/Transportation, Politics/Government, Infrastructure/Urban"
Need participants for a study,notkafka311,2,0,2025-10-28 01:09:51,bangladesh,0.11357142857142857,0.5185714285714286,positive,neutral,"Housing/Real Estate, Technology/Gadgets, Education/Career, Health/Medical, Infrastructure/Urban"
Abduction or staged drama?,AtikulIslam4142,29,31,2025-10-28 01:05:53,bangladesh,0.015357142857142857,0.325297619047619,neutral,joy,"Housing/Real Estate, Technology/Gadgets, Food/Dining, Health/Medical, Shopping/Commerce, Travel/Transportation, Relationships/Social, Sports/Recreation, Politics/Government"
What are the best options for inter district travel?,Nayuist,1,5,2025-10-27 20:35:08,bangladesh,0.3,0.1,positive,neutral,"Housing/Real Estate, Technology/Gadgets, Travel/Transportation"
Is your family’s income halal?,United-Life7473,19,50,2025-10-27 19:55:45,bangladesh,0.12222222222222222,0.4083333333333334,positive,joy,"Housing/Real Estate, Technology/Gadgets, Education/Career, Travel/Transportation, Relationships/Social, Politics/Government"
WHAT IS YOUR THOUGHT ABOUT FARMGATE METRO RAIL INCIDENT,Flat_South_8384,6,1,2025-10-27 11:25:20,bangladesh,-0.010937500000000017,0.39895833333333336,neutral,neutral,"Housing/Real Estate, Technology/Gadgets, Education/Career, Food/Dining, Travel/Transportation, Relationships/Social, Infrastructure/Urban"
"Why is the Comilla, Noakhali and Chandpur regions so densely populated, outside of Dhaka region? I thought the whole Barisal and Khulna divisions were more dense",maproomzibz,20,9,2025-10-27 10:32:55,bangladesh,0.0,0.0,neutral,neutral,Housing/Real Estate
Halloween events in dhaka,No_idea_duh,2,0,2025-10-27 04:55:49,bangladesh,0.0,0.0,neutral,neutral,Housing/Real Estate
"Does anyone know where can I apply for learning boxing/ Muay thai near Mirpur,Dhaka?",Baked_Pan798,2,1,2025-10-27 02:26:57,bangladesh,0.225,0.6,positive,neutral,"Housing/Real Estate, Technology/Gadgets"
Need recommendation of some trustworthy construction/ development companies in Dhaka?,jobie1267,3,1,2025-10-26 18:05:15,bangladesh,0.3682954545454546,0.47250000000000003,positive,joy,"Housing/Real Estate, Technology/Gadgets, Food/Dining, Infrastructure/Urban"
Pedestrian killed as bearing pad falls from Farmgate metro station; train operations suspended,Necessary-Hunt6104,67,10,2025-10-26 13:49:13,bangladesh,0.0,0.0,neutral,neutral,"Technology/Gadgets, Travel/Transportation, Infrastructure/Urban"
Dhaka Metro costs 5 times India's: Jica review sought to cut millions,Necessary-Hunt6104,69,23,2025-10-26 11:35:12,bangladesh,0.0,0.0,neutral,neutral,"Housing/Real Estate, Infrastructure/Urban"
Wanna start a paintball business,SiaM_AhameD21,30,6,2025-10-25 21:54:04,bangladesh,0.4267857142857143,0.5761904761904761,positive,neutral,"Housing/Real Estate, Technology/Gadgets, Shopping/Commerce, Travel/Transportation, Politics/Government"
Indian Transit Visa for Bangladeshi,lonelykidfrom2006,6,1,2025-10-25 13:50:48,bangladesh,0.017559523809523806,0.22797619047619047,neutral,neutral,"Housing/Real Estate, Technology/Gadgets, Shopping/Commerce, Travel/Transportation"
"Is it safe to go in a room date in hotels in Dhanmondi? Especially, Nandini?",Embarrassed_Bison_50,4,0,2025-10-25 12:21:57,bangladesh,0.4375,0.5,positive,trust,Relationships/Social
"As a Hindu Bangladeshi, it's so hard to have conversations with people about Bangladesh",LeadingSea6037,107,28,2025-10-25 11:54:42,bangladesh,-0.05783265555992828,0.5194324194324195,neutral,anger,"Housing/Real Estate, Technology/Gadgets, Food/Dining, Travel/Transportation, Relationships/Social, Politics/Government, Infrastructure/Urban"
What are your honest thoughts on marriage in Bangladesh today?,BirdApprehensive9273,16,22,2025-10-25 05:15:55,bangladesh,0.19666666666666668,0.5783333333333334,positive,neutral,"Housing/Real Estate, Education/Career, Relationships/Social"
Looking for someone to play badminton with in Uttara 🏸,BirdApprehensive9273,5,1,2025-10-25 03:53:52,bangladesh,0.115625,0.3375,positive,anger,Sports/Recreation
Anyone here who can help me visit a church in Dhaka?,Worldly_Yellow_6115,3,10,2025-10-25 00:27:48,bangladesh,0.4166666666666667,0.8296296296296296,positive,joy,"Housing/Real Estate, Travel/Transportation, Relationships/Social"
Need Suggestions for Men’s Salons in Dhaka,NoPerception9519,4,1,2025-10-24 16:07:01,bangladesh,0.85,0.45000000000000007,positive,joy,"Housing/Real Estate, Technology/Gadgets"
Looking for therapist near Dhanmondi,wanderluststuckhome,2,4,2025-10-23 19:39:28,bangladesh,0.20583333333333337,0.5325,positive,joy,"Technology/Gadgets, Education/Career, Health/Medical"
Why is Bangladesh so shitty?,Vigilante-225,50,49,2025-10-23 09:24:56,bangladesh,0.06111111111111109,0.48888888888888893,neutral,joy,"Housing/Real Estate, Technology/Gadgets"
Try plastickothay,Any-Interaction-3192,4,1,2025-10-23 02:49:18,bangladesh,0.15873015873015872,0.32738095238095244,positive,joy,"Housing/Real Estate, Education/Career, Food/Dining, Shopping/Commerce"
Buying an apartment in dhaka,Superzues09,6,10,2025-10-22 13:02:05,bangladesh,0.21392045454545452,0.45000000000000007,positive,neutral,"Housing/Real Estate, Food/Dining, Shopping/Commerce, Relationships/Social, Infrastructure/Urban"
Seeking Suggestions for places to Settle-Down,eddieJK1630,4,4,2025-10-22 12:48:25,bangladesh,0.13652116402116402,0.46264550264550264,positive,neutral,"Housing/Real Estate, Technology/Gadgets, Education/Career, Food/Dining, Infrastructure/Urban"
Looking Suggestion for extra large size men clothes in Dhaka.,ais_21,6,12,2025-10-22 09:05:36,bangladesh,0.21194805194805194,0.5070061517429939,positive,joy,"Housing/Real Estate, Technology/Gadgets, Shopping/Commerce"
Why the r/Dhaka is almost twice as big as r/Bangladesh?,Plastic_Repeat_995,11,38,2025-10-22 08:30:32,bangladesh,-0.1,1.0,neutral,neutral,Housing/Real Estate
"Rajuk College, Dhaka admission exam 2025",Silly-Bed2231,5,3,2025-10-20 22:55:50,bangladesh,0.01666666666666667,0.3138888888888889,neutral,neutral,"Housing/Real Estate, Technology/Gadgets, Education/Career, Food/Dining, Travel/Transportation"
Electronics recycling,Maleficent_Silver560,3,0,2025-10-20 19:26:55,bangladesh,0.3,0.35,positive,trust,"Housing/Real Estate, Technology/Gadgets"
Is RETINA a Jamaati organization?,NoSpeaker324,39,24,2025-10-20 17:56:03,bangladesh,0.17136752136752137,0.4555555555555555,positive,anger,"Housing/Real Estate, Technology/Gadgets, Education/Career, Health/Medical, Shopping/Commerce, Sports/Recreation, Politics/Government"
Awful Experience,snythxox,10,0,2025-10-20 16:46:24,bangladesh,0.2125,0.4895833333333333,positive,neutral,"Housing/Real Estate, Technology/Gadgets, Education/Career, Food/Dining, Health/Medical, Relationships/Social"
"🪔 Kali Puja Vibes — Looking for a Travel Partner (Dhaka, Oct 20)",dhumketu69,0,8,2025-10-20 05:51:26,bangladesh,0.2818939393939394,0.49287878787878786,positive,joy,"Housing/Real Estate, Food/Dining, Travel/Transportation, Infrastructure/Urban"
Imagine if Dhaka still looked like this...,maproomzibz,117,32,2025-10-20 01:47:40,bangladesh,0.0,0.0,neutral,neutral,Housing/Real Estate
"Journalist beaten, phone smashed at BNP's Gulshan office",Necessary-Hunt6104,31,6,2025-10-19 21:33:56,bangladesh,0.0,0.0,neutral,neutral,"Technology/Gadgets, Food/Dining, Politics/Government"
Jagannath University student found dead in Old Dhaka building,Necessary-Hunt6104,23,2,2025-10-19 20:27:04,bangladesh,0.0,0.0,neutral,neutral,"Housing/Real Estate, Education/Career"
Dhaka grants full tax break on Rooppur debt repayment to Russia’s Rosatom subsidiary,Necessary-Hunt6104,4,2,2025-10-19 15:51:10,bangladesh,0.0,0.0,neutral,neutral,Housing/Real Estate
Looking for open minded affordable psychiatrists who specialize in adhd and autism in Dhaka.,Andromeda-K-,6,3,2025-10-18 23:15:29,bangladesh,0.135,0.51,positive,neutral,"Housing/Real Estate, Relationships/Social"
"Dhaka airport fire: Businesses fear over $1 billion impact on imports, exports",Necessary-Hunt6104,33,3,2025-10-18 22:51:45,bangladesh,0.0,0.0,neutral,neutral,"Housing/Real Estate, Technology/Gadgets, Travel/Transportation"
Looking for like minded people!,Sam_Monsterclaw,37,47,2025-10-18 21:24:14,bangladesh,0.3057017543859649,0.47236842105263155,positive,joy,"Housing/Real Estate, Technology/Gadgets, Education/Career, Food/Dining, Health/Medical, Shopping/Commerce, Travel/Transportation, Relationships/Social, Infrastructure/Urban"
Multiple major fires in a week—something feels off about what’s happening in Bangladesh,ultrahex007,309,71,2025-10-18 20:55:38,bangladesh,0.04206349206349206,0.342063492063492,neutral,neutral,"Technology/Gadgets, Travel/Transportation"
"Anyone worked at Truck Lagbe (Dhaka Head Office, Mohakhali)? Need honest feedback before my interview",Equal_Perspective230,3,2,2025-10-18 20:43:55,bangladesh,0.159375,0.28750000000000003,positive,neutral,"Housing/Real Estate, Technology/Gadgets, Education/Career, Relationships/Social, Sports/Recreation"
More flights diverted to Ctg as Dhaka airport shuts down after cargo zone fire,maifee,5,1,2025-10-18 17:47:22,bangladesh,0.0,0.0,neutral,neutral,"Housing/Real Estate, Technology/Gadgets, Travel/Transportation"
Fire at Dhaka airport's cargo section; Connecting the dots; Why does this whole thing feel so orchestrated?,Status_Revolution_25,7,3,2025-10-18 17:24:53,bangladesh,0.015909090909090907,0.4522727272727272,neutral,joy,"Housing/Real Estate, Technology/Gadgets, Food/Dining, Shopping/Commerce, Travel/Transportation, Sports/Recreation"
Seeking doctor recommendation for PCOS,nasia_musarat,5,1,2025-10-18 16:04:37,bangladesh,0.14131652661064428,0.32770415858651153,positive,neutral,"Housing/Real Estate, Technology/Gadgets, Health/Medical, Shopping/Commerce, Sports/Recreation, Infrastructure/Urban"
Is the internet in Dhaka fast and stable for video calls?,78523985210,4,5,2025-10-18 13:46:52,bangladesh,-0.375,0.4,negative,neutral,"Housing/Real Estate, Technology/Gadgets, Travel/Transportation"
Struggles as an English medium student,Recent_Carry810,3,0,2025-10-18 10:22:53,bangladesh,0.05749999999999998,0.4577777777777777,neutral,joy,"Housing/Real Estate, Technology/Gadgets, Education/Career, Food/Dining, Travel/Transportation, Relationships/Social, Sports/Recreation"
Made a simple news aggregator for staying updated about Bangladesh 🇧🇩,namkhalinai,9,6,2025-10-18 07:15:30,bangladesh,0.24248737373737375,0.4549512987012987,positive,joy,"Housing/Real Estate, Technology/Gadgets, Education/Career, Travel/Transportation, Relationships/Social, Sports/Recreation, Infrastructure/Urban"
Jobless for 10 months now.. Anyone else going through a similar struggle?,Condizero,15,8,2025-10-18 00:59:14,bangladesh,0.052536886190732345,0.44136671185487775,neutral,joy,"Housing/Real Estate, Technology/Gadgets, Education/Career, Food/Dining, Health/Medical, Shopping/Commerce, Travel/Transportation, Relationships/Social, Sports/Recreation, Infrastructure/Urban"
HSC 2025 Dhaka Board Ranking,Consistent-Rule-3720,2,0,2025-10-17 17:33:00,bangladesh,-0.11250000000000002,0.6017857142857143,negative,neutral,"Housing/Real Estate, Technology/Gadgets, Education/Career"
"Between typical private universities in dhaka and public universities in chittagong, which are the best?",tdoteditz_exe,3,3,2025-10-17 17:08:35,bangladesh,0.25999999999999995,0.5083333333333334,positive,joy,"Housing/Real Estate, Technology/Gadgets, Sports/Recreation, Infrastructure/Urban"
"Got GPA 4.92 (Physics 180, Chemistry 185, Math 151, English A-) — Should I continue Engineering or move to University A Unit?",Fantastic-Permit-383,3,4,2025-10-17 16:18:08,bangladesh,-0.05416666666666667,0.2791666666666667,neutral,neutral,"Housing/Real Estate, Technology/Gadgets, Education/Career"
Reality of the Hsc Result,anonimosus12,11,10,2025-10-16 21:39:19,bangladesh,0.12738095238095237,0.44675925925925924,positive,joy,"Housing/Real Estate, Technology/Gadgets, Education/Career, Food/Dining, Shopping/Commerce, Infrastructure/Urban"
Trusted Smartphone Shop in Dhaka?,Left_Application293,3,2,2025-10-16 21:08:49,bangladesh,0.075,0.15,neutral,trust,"Housing/Real Estate, Technology/Gadgets, Shopping/Commerce"
Anyone ever received mail/letters from overseas thru post office?,lonelykidfrom2006,2,1,2025-10-16 21:01:32,bangladesh,0.2285714285714286,0.40714285714285714,positive,neutral,"Housing/Real Estate, Technology/Gadgets, Education/Career, Relationships/Social, Politics/Government, Infrastructure/Urban"
Looking for a laptop repair shop in Multiplan Center (or near Dhanmondi),VForValhalla-,3,3,2025-10-16 14:39:48,bangladesh,-0.1,0.45,neutral,neutral,"Technology/Gadgets, Shopping/Commerce"
From Nimtoli 2010 to Mirpur 2025 – how many more fires will it take for Dhaka to wake up?,Redwanul-Haque2467,10,1,2025-10-16 09:32:48,bangladesh,-0.016666666666666666,0.27976190476190477,neutral,neutral,"Housing/Real Estate, Technology/Gadgets, Infrastructure/Urban"
Whats the deal with Stalls in Rabindra Sharabar in Dhanmondi,Ajwad6969,5,0,2025-10-15 23:49:39,bangladesh,-0.025,0.23333333333333334,neutral,neutral,"Housing/Real Estate, Technology/Gadgets, Infrastructure/Urban"
Best place for hair transplant?,Odd-Machine189,3,1,2025-10-15 19:19:33,bangladesh,0.5,0.43333333333333335,positive,neutral,"Housing/Real Estate, Technology/Gadgets, Health/Medical"
who is up for hangouts in dhaka,No_idea_duh,5,24,2025-10-15 16:11:12,bangladesh,0.08896103896103895,0.4941558441558441,neutral,neutral,"Housing/Real Estate, Travel/Transportation, Relationships/Social"
RMG workers block road in Uttara's Rajlokkhi over due wages,Necessary-Hunt6104,36,2,2025-10-15 12:49:35,bangladesh,0.0,0.0,neutral,neutral,"Education/Career, Infrastructure/Urban"
Relationship advice,Famous_Divide6434,10,29,2025-10-15 11:29:13,bangladesh,0.11945075757575756,0.4050000000000001,positive,joy,"Housing/Real Estate, Technology/Gadgets, Education/Career, Food/Dining, Travel/Transportation, Relationships/Social, Sports/Recreation"
Mirpur fire,GarbageOk5239,34,8,2025-10-14 22:49:30,bangladesh,-0.08787878787878789,0.6333333333333333,neutral,sadness,"Housing/Real Estate, Technology/Gadgets, Education/Career"
Please suggest a good private hospital in Dhaka for treating Heart related illness,da-chooozen-one,4,2,2025-10-14 14:31:56,bangladesh,0.4,0.41500000000000004,positive,neutral,"Housing/Real Estate, Food/Dining, Health/Medical"
I wanna study bachelor in abroad help me 🙏🏻,ilovemybmwx5,1,7,2025-10-13 23:35:33,bangladesh,0.2424603174603175,0.5023809523809524,positive,neutral,"Housing/Real Estate, Technology/Gadgets, Education/Career, Health/Medical, Sports/Recreation, Infrastructure/Urban"
App that offers cheap meals in BD,Whole-Tie4978,9,8,2025-10-12 19:47:20,bangladesh,0.24500000000000002,0.4225,positive,joy,"Technology/Gadgets, Education/Career, Food/Dining, Shopping/Commerce, Sports/Recreation"
Wtf is happening in Bangladesh?,General-Dog4722,62,55,2025-10-11 19:45:52,bangladesh,0.21554112554112553,0.6752380952380952,positive,joy,"Housing/Real Estate, Technology/Gadgets, Education/Career, Food/Dining, Politics/Government"
"Energy adviser blames section of politicians, businessmen for crisis in gas sector",Shot-Addendum-809,4,2,2025-10-11 16:30:35,bangladesh,0.14166666666666666,0.4625000000000001,positive,trust,"Housing/Real Estate, Technology/Gadgets, Travel/Transportation, Sports/Recreation, Infrastructure/Urban"
"Need a Part-Time Personal Assistant (Dhaka-Based, Remote)",ovosmans89,10,17,2025-10-11 11:54:05,bangladesh,0.2225,0.4175,positive,joy,"Housing/Real Estate, Technology/Gadgets, Education/Career, Food/Dining, Travel/Transportation, Infrastructure/Urban"
[AskMeAnything] Hello CS undergrads and recent grads!,Consistent_Deer5403,8,27,2025-10-10 18:41:20,bangladesh,0.015025252525252525,0.36173400673400674,neutral,neutral,"Housing/Real Estate, Technology/Gadgets, Education/Career, Travel/Transportation, Sports/Recreation, Infrastructure/Urban"
Places to go for a nightout drive in dhaka,Showmik27,8,5,2025-10-10 05:15:19,bangladesh,0.3666666666666667,0.625,positive,joy,"Housing/Real Estate, Food/Dining, Relationships/Social"
Shia in puran dhaka,Better_tqas,1,0,2025-10-10 04:56:21,bangladesh,-0.10833333333333332,0.35833333333333334,negative,neutral,Housing/Real Estate
"Help Me Pick a 43"" TV Under 50K Taka (Dhaka Buyers — Need Your Real Advice!)",drkaly,3,6,2025-10-09 22:57:19,bangladesh,0.20342455163883735,0.4696351267779839,positive,joy,"Housing/Real Estate, Technology/Gadgets, Shopping/Commerce, Relationships/Social, Sports/Recreation"
Bangladeshi cuisine,No-Plate-113,11,10,2025-10-09 14:52:16,bangladesh,0.1979993386243386,0.5154927248677248,positive,joy,"Housing/Real Estate, Technology/Gadgets, Education/Career, Food/Dining, Health/Medical, Shopping/Commerce, Travel/Transportation, Relationships/Social, Infrastructure/Urban"
Seeking tour guidance,Certain-Chemical470,6,3,2025-10-08 05:22:02,bangladesh,0.16596638655462187,0.46974789915966375,positive,neutral,"Housing/Real Estate, Technology/Gadgets, Education/Career, Travel/Transportation, Relationships/Social"
“Have 5 mins? Help a fellow student finish his thesis on AI in education 😅”,Cautious-Ad8495,4,0,2025-10-08 04:56:19,bangladesh,0.16571428571428573,0.5685714285714285,positive,joy,"Housing/Real Estate, Technology/Gadgets, Education/Career, Food/Dining, Travel/Transportation, Relationships/Social"
Safe areas to rent for a few days in Dhaka,HappyBlackbirdLOL,2,1,2025-10-07 21:26:58,bangladesh,0.15000000000000002,0.275,positive,trust,"Housing/Real Estate, Technology/Gadgets, Infrastructure/Urban"
Horrible experience at Dhaka to Dubai flight with emirates,Former-Type1623,63,35,2025-10-07 17:09:50,bangladesh,-0.14027777777777775,0.5690972222222221,negative,anger,"Housing/Real Estate, Technology/Gadgets, Travel/Transportation"
How does the stock market work in Bangladesh? (Beginner here),EngineWinter9286,4,0,2025-10-07 02:28:20,bangladesh,0.292929292929293,0.3542087542087542,positive,neutral,"Housing/Real Estate, Technology/Gadgets, Education/Career, Shopping/Commerce"
Booze: DHK or COX,YourFavNemesis,2,1,2025-10-06 16:55:22,bangladesh,0.1,0.4,neutral,trust,"Housing/Real Estate, Shopping/Commerce"
"I'm looking for the absolute best ISP for online gaming in Shewrapara, Mirpur Dhaka. Don't suggest Dot , absolute Garbage.",GunsAndRozer,2,0,2025-10-06 13:29:39,bangladesh,0.14375,0.39999999999999997,positive,neutral,"Housing/Real Estate, Technology/Gadgets, Sports/Recreation"
Lovely people with tats! Show off!,Sea_Conversation123,4,27,2025-10-06 08:55:08,bangladesh,0.35000000000000003,0.7666666666666667,positive,sadness,"Housing/Real Estate, Technology/Gadgets, Relationships/Social"
I (26M) was invited to Bangladesh by someone I met while traveling,Fantastic_Dust_5926,44,21,2025-10-06 07:18:15,bangladesh,0.22343073593073592,0.3687770562770563,positive,joy,"Housing/Real Estate, Technology/Gadgets, Travel/Transportation, Relationships/Social, Sports/Recreation"
I think I finally understand why Indians get so much hate and why many Bangladeshis dislike them,forgotten-daoist,313,139,2025-10-05 23:09:24,bangladesh,-0.02724358974358974,0.452518315018315,neutral,anger,"Housing/Real Estate, Technology/Gadgets, Relationships/Social"
Looking for a Bengali &amp; Turkish-speaking local guide in Dhaka 🇧🇩🇹🇷,Erenymk1017,4,2,2025-10-05 21:56:34,bangladesh,0.13333333333333333,0.16666666666666666,positive,neutral,"Housing/Real Estate, Shopping/Commerce, Travel/Transportation, Infrastructure/Urban"
Looking for info about British Council Bangladesh IELTS courses and teacher training,imtiaz_12,2,3,2025-10-05 19:41:32,bangladesh,0.07450980392156863,0.35441176470588237,neutral,neutral,"Housing/Real Estate, Technology/Gadgets, Education/Career, Shopping/Commerce, Travel/Transportation"
Can I take my vape,NefariousnessThat317,0,13,2025-10-04 13:23:06,bangladesh,0.18888888888888888,0.43333333333333335,positive,fear,"Housing/Real Estate, Technology/Gadgets, Education/Career, Travel/Transportation"
Spineless justice system of bangladesh,Due_Butterfly_2114,9,2,2025-10-04 00:54:17,bangladesh,0.022222222222222223,0.20555555555555557,neutral,neutral,"Housing/Real Estate, Technology/Gadgets, Travel/Transportation, Politics/Government, Infrastructure/Urban"
Safe places for Bangladeshi girl expats to live in Dhaka for a month?,motiontosleep,6,14,2025-10-03 18:08:57,bangladesh,0.15,0.3,positive,trust,"Housing/Real Estate, Travel/Transportation"
Is it high time we should detach ourselves from this cursed country?,Due_Butterfly_2114,24,12,2025-10-03 13:29:44,bangladesh,0.16833333333333336,0.5483333333333333,positive,anger,"Housing/Real Estate, Technology/Gadgets, Travel/Transportation, Infrastructure/Urban"
Any Duolingo users here in Dhaka?,Far-Following3742,7,11,2025-10-02 01:17:53,bangladesh,0.125,0.325,positive,joy,"Housing/Real Estate, Relationships/Social"
Can you suggest me the best ISP (Internet Service Provider) in Dhaka,Mindless_Rest_9284,2,2,2025-10-01 16:10:59,bangladesh,0.0,0.0,neutral,neutral,"Housing/Real Estate, Technology/Gadgets"
HOW TO GET INDIAN MEDICAL VISA AT PRESENT,joysutradhar_,5,9,2025-10-01 11:14:41,bangladesh,0.045340136054421776,0.4007482993197279,neutral,sadness,"Housing/Real Estate, Technology/Gadgets, Food/Dining, Health/Medical, Travel/Transportation, Politics/Government"
Help Needed: Retailer Not Returning IPS Battery Under Warranty,d33pblu7,2,1,2025-09-30 22:51:09,bangladesh,0.1625,0.3852272727272727,positive,fear,"Housing/Real Estate, Technology/Gadgets, Education/Career, Shopping/Commerce, Travel/Transportation, Infrastructure/Urban"
What are some of the best places for Street Photography in Dhaka? (Excluding Sadarghat),new-grizzly,3,2,2025-09-29 18:43:07,bangladesh,0.22500000000000003,0.5428571428571429,positive,trust,"Housing/Real Estate, Technology/Gadgets, Food/Dining, Relationships/Social"
HOW TO GET INDIAN MEDICAL VISA AT PRESENT [ Im frustrated😫 ],joysutradhar_,6,3,2025-09-28 11:52:33,bangladesh,0.045340136054421776,0.4007482993197279,neutral,sadness,"Housing/Real Estate, Technology/Gadgets, Food/Dining, Health/Medical, Travel/Transportation, Politics/Government"
Suggest a authentic Notary agency,dark_98_rider,5,0,2025-09-28 11:10:48,bangladesh,0.0,0.03333333333333333,neutral,trust,"Housing/Real Estate, Politics/Government, Infrastructure/Urban"
"No friends, loosing sanity",iam_tourist,8,5,2025-09-27 22:38:54,bangladesh,-0.18093055555555554,0.5977777777777777,negative,sadness,"Housing/Real Estate, Technology/Gadgets, Education/Career, Travel/Transportation, Relationships/Social, Sports/Recreation, Infrastructure/Urban"
Good knee specialist in Dhaka?,DeltaOmega88,4,5,2025-09-27 11:05:38,bangladesh,0.7,0.6000000000000001,positive,joy,"Housing/Real Estate, Technology/Gadgets, Health/Medical, Travel/Transportation, Politics/Government"
Metro rail,PenKindly2513,2,0,2025-11-23 11:46:04,dhaka,0.0,0.0,neutral,neutral,"Technology/Gadgets, Infrastructure/Urban"
CA as a non commerce background student,NumerousCow4,2,0,2025-11-23 11:15:39,dhaka,0.10833333333333332,0.5216666666666667,positive,joy,Education/Career
How to learn computer repair in Bangladesh? Do I need to be a CSE student?,FarAmbassador6015,3,0,2025-11-23 11:13:19,dhaka,0.25,0.3333333333333333,positive,neutral,"Technology/Gadgets, Education/Career, Travel/Transportation"
The purity culture in this country frustrates me,Separate-Apartment-8,27,33,2025-11-23 10:34:26,dhaka,-0.024722222222222225,0.5191666666666667,neutral,neutral,General
Earthquake and the Media!,Mehran_Uzumaki,13,7,2025-11-23 09:38:26,dhaka,0.06666666666666667,0.7666666666666666,neutral,neutral,General
"Best places for making out in Merul Badda zone, near BRAC University",_not__your__type_,0,17,2025-11-23 09:06:45,dhaka,0.16249999999999998,0.5375,positive,joy,Education/Career
What can I do?,gunpowder2025,1,0,2025-11-23 03:48:37,dhaka,-0.00779220779220779,0.43357142857142855,neutral,fear,"Housing/Real Estate, Technology/Gadgets, Education/Career, Sports/Recreation, Infrastructure/Urban"
Trusted sites to order stuff from usa?,skeletal_sniper,3,4,2025-11-23 02:59:24,dhaka,1.0,0.3,positive,neutral,Shopping/Commerce
Since winter is almost here dark brown people of bd drop your hardest fits,iSellFemboys69420,3,10,2025-11-23 02:58:03,dhaka,-0.10555555555555556,0.3,negative,neutral,"Technology/Gadgets, Sports/Recreation"
New Facist is loading,RazzmatazzStrict,3,1,2025-11-23 02:21:14,dhaka,0.0,0.0,neutral,neutral,General
Study for Architecture,Ok_Veterinarian9266,8,3,2025-11-23 01:23:52,dhaka,0.0,0.2625,neutral,neutral,"Housing/Real Estate, Education/Career, Infrastructure/Urban"
Fear mongering- How much of it is true?,rainy-icee,22,18,2025-11-23 00:41:36,dhaka,0.09351851851851851,0.46111111111111114,neutral,joy,General
Is depression something to brag about???,LiteratureStrange450,28,33,2025-11-23 00:05:59,dhaka,0.022815981832375275,0.35345658439920735,neutral,sadness,"Housing/Real Estate, Technology/Gadgets, Education/Career, Health/Medical, Shopping/Commerce, Relationships/Social, Sports/Recreation, Politics/Government"
Evening Master’s courses at KU,Puzzleheaded_Mine992,1,0,2025-11-22 23:18:04,dhaka,0.1,0.0,neutral,neutral,"Education/Career, Shopping/Commerce"
Phone Stolen at Airport Railway Station,Clear-Stop-1087,1,0,2025-11-22 23:12:20,dhaka,0.13277777777777777,0.352037037037037,positive,joy,"Housing/Real Estate, Technology/Gadgets, Food/Dining, Travel/Transportation, Sports/Recreation"
Earthquake and fear mongering by News outlets,sadn_,10,5,2025-11-22 23:07:08,dhaka,-0.03869047619047618,0.5148809523809523,neutral,trust,"Technology/Gadgets, Food/Dining"
Posture problem - Any good treatment in Dhaka?,LessTell,1,0,2025-11-22 23:04:25,dhaka,-0.4799999999999999,0.5761904761904761,negative,anger,"Housing/Real Estate, Technology/Gadgets, Food/Dining, Health/Medical"
Are these actually foreshocks or aftershocks??,Cold-Mess3019,6,7,2025-11-22 22:24:43,dhaka,0.21336805555555555,0.5111111111111112,positive,neutral,Technology/Gadgets
SSC 26 need help,DrySuspect5165,2,1,2025-11-22 22:02:06,dhaka,-0.0011111111111111126,0.2677777777777778,neutral,neutral,General
how are you guys dealing with the paranoia and anxiety about earthquakes,NextTopWhoever,8,26,2025-11-22 22:01:58,dhaka,0.11624999999999999,0.3716666666666667,positive,neutral,"Housing/Real Estate, Technology/Gadgets, Education/Career"
Career dilemma,Flimsy_Rope_781,4,8,2025-11-22 21:58:21,dhaka,0.19999999999999998,0.4041666666666666,positive,joy,"Education/Career, Relationships/Social"
road bikes koi thik kore?,DrySuspect5165,2,0,2025-11-22 21:46:14,dhaka,0.0,0.0,neutral,neutral,"Housing/Real Estate, Infrastructure/Urban"
Where to find a civil/structural engineer?,ChocolateAromatic648,3,1,2025-11-22 21:27:53,dhaka,0.17727272727272728,0.4666666666666666,positive,trust,"Housing/Real Estate, Technology/Gadgets, Travel/Transportation"
Need Advice...HSC-26,Alternative_Lake9445,2,4,2025-11-22 21:22:54,dhaka,0.0,0.5,neutral,neutral,"Technology/Gadgets, Sports/Recreation"
Need advice on how to be financially self-reliant,Exotic-Chair-6960,2,0,2025-11-22 21:16:36,dhaka,0.33854166666666674,0.5104166666666666,positive,neutral,Technology/Gadgets
A question (especially to hsc 25) regarding practicals,Mean_Common_5269,0,7,2025-11-22 21:13:54,dhaka,-0.225,0.6000000000000001,negative,neutral,Education/Career
How can i move forward respectfully when my family doesn't support my small online business idea?,n_artistic,8,9,2025-11-22 20:39:56,dhaka,-0.02,0.5666666666666667,neutral,fear,"Technology/Gadgets, Food/Dining, Travel/Transportation, Relationships/Social"
Earthquake!,Bulky_Penalty1027,13,19,2025-11-22 20:23:21,dhaka,-0.225,0.9,negative,fear,Housing/Real Estate
"Urgent Help: Best Path to Complete HSC in 1 Year as a Private Candidate in Dhaka (4-Year Gap, Night Job 9 PM-6 AM)",IK_Khan,2,0,2025-11-22 20:05:38,dhaka,0.15791666666666668,0.49000000000000005,positive,neutral,"Housing/Real Estate, Technology/Gadgets, Education/Career, Travel/Transportation"
Hi people....,No_Tailor2427,7,10,2025-11-22 19:48:43,dhaka,0.0,0.0,neutral,neutral,Technology/Gadgets
3 earthquaks in one day,Watch-Recent,17,17,2025-11-22 19:38:40,dhaka,0.06634199134199134,0.41230158730158734,neutral,anger,"Housing/Real Estate, Technology/Gadgets"
Are these recent tremors foreshocks or aftershocks?,ruhul0,20,24,2025-11-22 18:50:37,dhaka,-0.13333333333333328,0.7222222222222222,negative,anger,General
Earthquake Alert App,Mahfuz-shihab,2,20,2025-11-22 18:39:47,dhaka,0.0,0.0,neutral,neutral,Technology/Gadgets
Sayedabad Bus Terminal,Advanced_Budget7301,1,6,2025-11-22 18:21:42,dhaka,0.4,0.4,positive,anger,"Technology/Gadgets, Travel/Transportation"
Earthquake Again?,Due_Fly_6934,63,71,2025-11-22 18:11:58,dhaka,-0.3333333333333333,0.5,negative,neutral,Technology/Gadgets
Quake round 2 &amp; 3,humble_akhBD,19,18,2025-11-22 18:10:38,dhaka,0.028124999999999983,0.47500000000000003,neutral,joy,Technology/Gadgets
Another small earthquake?,Massive-Bank3059,16,18,2025-11-22 18:10:00,dhaka,0.0,0.0,neutral,neutral,General
I think there was a aftershock just now,No_0ne_1m,30,51,2025-11-22 18:09:42,dhaka,0.0,0.0,neutral,neutral,General
Daraz refund on card,def-not-dev,4,1,2025-11-22 17:57:11,dhaka,-0.3999999999999999,0.6055555555555555,negative,anger,"Technology/Gadgets, Shopping/Commerce"
Politics of BNP after August 5,RazzmatazzStrict,2,2,2025-11-22 17:57:07,dhaka,0.0,0.0,neutral,neutral,Politics/Government
Best online perfume store,Josephpainster,3,8,2025-11-22 17:31:21,dhaka,0.29333333333333333,0.4,positive,trust,"Housing/Real Estate, Technology/Gadgets, Shopping/Commerce"
Suggestions for Gym (Gents Only),GhostSunless,2,3,2025-11-22 17:05:25,dhaka,0.32,0.78,positive,joy,"Technology/Gadgets, Travel/Transportation"
My rideshare biker left me on the road but took the bike with him. I was still sitting… mentally.,Medium_Push8841,90,27,2025-11-22 16:54:03,dhaka,0.14181286549707603,0.4564327485380117,positive,neutral,"Housing/Real Estate, Technology/Gadgets, Health/Medical, Travel/Transportation, Relationships/Social, Sports/Recreation, Politics/Government, Infrastructure/Urban"
Need information regarding this,Foreign_Hat_3852,2,1,2025-11-22 16:45:57,dhaka,0.17142857142857143,0.4271428571428572,positive,neutral,Education/Career
He didn’t leave on his own,WasteCrow8280,10,31,2025-11-22 16:29:51,dhaka,0.6,1.0,positive,neutral,General
English Medium Schools.,Grouchy-Put7676,5,4,2025-11-22 16:21:14,dhaka,0.11000000000000001,0.25,positive,neutral,Education/Career
Dark circles,Ashamed_Elephant8047,2,8,2025-11-22 16:05:51,dhaka,-0.16666666666666666,0.4666666666666666,negative,neutral,General
How do I get my HSC certificates and transcript?,pandemonium10,1,2,2025-11-22 16:00:34,dhaka,0.0,0.3375,neutral,neutral,"Technology/Gadgets, Education/Career, Infrastructure/Urban"
where can i find niqab with burkha/abaya the cheapest in dhaka?,Particular_Weird_616,2,8,2025-11-22 15:21:33,dhaka,0.2875,0.6416666666666667,positive,neutral,"Housing/Real Estate, Technology/Gadgets, Shopping/Commerce, Infrastructure/Urban"
Dhaka lifestyle অনুযায়ী স্টুডেন্টদের কোন স্কিল শিখলে side-income সবচেয়ে সহজে শুরু হয়?,Aaliynah550,10,13,2025-11-22 14:23:24,dhaka,0.0,0.0,neutral,neutral,Housing/Real Estate
What's the best minoxidil brand ?,NoPapercrowns,2,15,2025-11-22 14:06:00,dhaka,0.17714285714285713,0.4871428571428571,positive,neutral,"Technology/Gadgets, Health/Medical"
Found these cracks in my wall after the recent earthquake. Should I be worried?,MasaniYasin,183,68,2025-11-22 13:31:22,dhaka,0.1288888888888889,0.5955555555555556,positive,neutral,General
Information on liver disease specialists,notkafka311,2,2,2025-11-22 12:44:39,dhaka,0.0,0.4,neutral,neutral,"Housing/Real Estate, Food/Dining, Health/Medical"
Earthquake again in Gazipur,No-unluck-13,24,24,2025-11-22 12:44:29,dhaka,0.4666666666666666,0.6333333333333333,positive,trust,"Housing/Real Estate, Technology/Gadgets"
চট্টগ্রাম লালদিয়া বন্দর বিদেশি কোম্পানির হাতে ব্যাপারে আপনার কি মনে হয়?,Cool_Reflection9165,8,33,2025-11-22 12:29:20,dhaka,0.0,0.0,neutral,neutral,General
Help please,Abrar72,7,4,2025-11-22 11:58:08,dhaka,-0.10000000000000002,0.20000000000000004,negative,neutral,"Housing/Real Estate, Shopping/Commerce"
Suggest an AdBlock for my Android.,realfahimislam,6,12,2025-11-22 11:41:16,dhaka,0.17569444444444446,0.5388888888888889,positive,joy,"Education/Career, Food/Dining, Relationships/Social"
any thinkpad users?,Outrageous_Big4236,4,4,2025-11-22 11:36:40,dhaka,0.15,0.45,positive,neutral,General
Best Tour Place Suggestions for Couples in December,Captain_Sparrow07,2,7,2025-11-22 11:09:34,dhaka,1.0,0.3,positive,neutral,"Travel/Transportation, Relationships/Social"
how safe are the Travela private rooms nowadays?,sahab_436,1,2,2025-11-22 11:00:52,dhaka,0.0,0.0,neutral,neutral,Travel/Transportation
Where i can sell my used clothes? (Male),Extension_Gene_5600,7,4,2025-11-22 10:09:34,dhaka,0.125,0.45,positive,neutral,Shopping/Commerce
Looking for a place to live,Wooden-Ferret-21,2,0,2025-11-22 10:06:17,dhaka,0.021645021645021644,0.4047619047619048,neutral,neutral,Housing/Real Estate
Feeling Burnt Out From All Sides,Altruistic-Drama447,15,8,2025-11-22 10:05:30,dhaka,0.06333333333333332,0.3513333333333333,neutral,anger,"Housing/Real Estate, Technology/Gadgets, Education/Career, Food/Dining, Relationships/Social, Sports/Recreation"
[HSC ’27] Should I Hire a Tutor or Join a Batch? Need an advice,EuphoricGeneral3848,4,6,2025-11-22 09:54:00,dhaka,-0.27499999999999997,0.4354166666666667,negative,anger,General
Need you at Westin today.,ridkc,17,4,2025-11-22 08:52:39,dhaka,0.3242424242424242,0.503030303030303,positive,joy,"Housing/Real Estate, Technology/Gadgets, Food/Dining, Relationships/Social"
who are some cool leading actresses in Bangladesh right now?,CampaignNo3050,0,1,2025-11-22 08:51:20,dhaka,0.0,0.3,neutral,neutral,General
Looking for gym suggestions,Girthious_MAXIMUS_IV,2,1,2025-11-22 08:46:29,dhaka,0.23958333333333334,0.3197916666666667,positive,joy,"Housing/Real Estate, Technology/Gadgets, Travel/Transportation, Relationships/Social, Sports/Recreation"
Trying to learn business but damn… it’s harder than I thought,MrMahin,5,3,2025-11-22 02:48:51,dhaka,0.14197012138188608,0.4175536881419234,positive,neutral,"Housing/Real Estate, Shopping/Commerce, Travel/Transportation"
How to control myself,Traditional_Box474,7,8,2025-11-22 02:38:29,dhaka,-0.06913492063492063,0.4118901098901099,neutral,anger,"Housing/Real Estate, Technology/Gadgets, Education/Career"
Earthquake Expert,RazzmatazzStrict,2,0,2025-11-22 02:05:17,dhaka,0.0,0.0,neutral,neutral,General
Hello,Both_Development4690,8,44,2025-11-22 01:45:00,dhaka,0.35,0.65,positive,trust,Relationships/Social
Share your call centre work experience,General_Pineapple_28,4,1,2025-11-22 01:26:44,dhaka,0.25833333333333336,0.7666666666666666,positive,neutral,"Technology/Gadgets, Education/Career"
Perfumes suggestion,According_Row5640,3,19,2025-11-22 01:23:55,dhaka,0.0375,0.4071428571428571,neutral,neutral,"Technology/Gadgets, Shopping/Commerce, Sports/Recreation, Infrastructure/Urban"
What country &amp; Master’s course to apply for?,GrandGuava,2,0,2025-11-22 00:51:03,dhaka,0.017565035273368605,0.42924382716049386,neutral,anger,"Technology/Gadgets, Education/Career, Shopping/Commerce, Travel/Transportation, Sports/Recreation, Infrastructure/Urban"
Where can I buy an effective mosquito spray?,Pall_umbra,5,9,2025-11-22 00:03:40,dhaka,0.1,0.4,neutral,neutral,Shopping/Commerce
Has an earthquake ever struck so close to Dhaka before?,game_preacher,6,2,2025-11-21 23:20:39,dhaka,0.0,0.0,neutral,neutral,"Housing/Real Estate, Technology/Gadgets, Education/Career, Food/Dining, Travel/Transportation"
"Face 5 shades darker than body, Help me fix this shi fr",Deep_Childhood_6729,7,23,2025-11-21 23:13:09,dhaka,-0.1,0.4323832417582418,neutral,neutral,"Housing/Real Estate, Technology/Gadgets, Education/Career, Shopping/Commerce"
Please help!!,Budget_Ad_1684,5,3,2025-11-21 22:26:55,dhaka,-0.03540598290598291,0.5499786324786325,neutral,joy,Education/Career
Share your earthquake story.,Status_Revolution_25,23,51,2025-11-21 22:21:10,dhaka,0.2375,0.6375,positive,neutral,General
Moving to Dhaka,Spirited-Gas2859,3,2,2025-11-21 22:00:54,dhaka,0.06142857142857142,0.42198979591836744,neutral,neutral,"Housing/Real Estate, Technology/Gadgets, Education/Career, Food/Dining, Health/Medical, Relationships/Social, Infrastructure/Urban"
Credit/ Debit cards,PsychologicalFun1314,2,15,2025-11-21 21:53:28,dhaka,0.15833333333333333,0.525,positive,neutral,Education/Career
Couple restaurant in Sylhet,silverstone14,1,8,2025-11-21 21:32:21,dhaka,0.0,0.0,neutral,neutral,"Food/Dining, Relationships/Social, Infrastructure/Urban"
Need Book/Self-Study Resources Suggestion- Please Help if you can.,__deepto,3,2,2025-11-21 21:20:53,dhaka,0.19,0.185,positive,joy,"Technology/Gadgets, Education/Career, Food/Dining"
Suggestion for Business,Yousuf_2752,4,1,2025-11-21 21:11:24,dhaka,0.0,0.4,neutral,neutral,"Housing/Real Estate, Travel/Transportation"
18f i got called in for an interview as a waitress,Amazing_Concept_2568,24,50,2025-11-21 21:07:13,dhaka,0.0,0.0,neutral,neutral,"Housing/Real Estate, Technology/Gadgets, Education/Career, Food/Dining"
Looking for a tutor,Low-Example1,1,1,2025-11-21 20:41:23,dhaka,0.06666666666666667,0.06666666666666667,neutral,neutral,Education/Career
Earthquake-Aftershocks,rion__2036,11,13,2025-11-21 19:39:03,dhaka,-0.5,0.625,negative,anger,General
Today's earthquake,astra_t,15,24,2025-11-21 19:37:27,dhaka,0.024999999999999998,0.5484848484848485,neutral,anger,"Housing/Real Estate, Technology/Gadgets, Travel/Transportation, Sports/Recreation"
A-team er Khela ke ke dekhsen?,VariousSherbert2563,1,9,2025-11-21 19:36:11,dhaka,-0.16666666666666666,0.7333333333333334,negative,anger,"Technology/Gadgets, Sports/Recreation"
A stray but friendly cat issue,Mkhasan280,3,13,2025-11-21 19:29:35,dhaka,0.03125,0.5666666666666667,neutral,fear,"Housing/Real Estate, Technology/Gadgets, Food/Dining, Health/Medical, Shopping/Commerce, Relationships/Social"
আজকের ভুমিকম্প আর আমি (জীবন থেকে নেয়া),BothPresentation539,45,32,2025-11-21 18:54:14,dhaka,0.0,0.0,neutral,neutral,General
Best psychiatrist for maladaptive daydreaming,SheRuminates,12,29,2025-11-21 17:08:01,dhaka,0.1050324675324675,0.5710714285714287,positive,joy,"Housing/Real Estate, Technology/Gadgets, Education/Career, Food/Dining, Shopping/Commerce, Travel/Transportation, Infrastructure/Urban"
Online ticket,Jazzlike-Ad-2261,2,2,2025-11-21 16:53:26,dhaka,0.0,0.5,neutral,neutral,General
A Controversial Question to Girls here!,SpinachDesigner3346,74,52,2025-11-21 16:46:11,dhaka,0.16944444444444443,0.30833333333333335,positive,neutral,"Relationships/Social, Politics/Government, Infrastructure/Urban"
A deathtrap.,hachiware333,29,14,2025-11-21 15:48:05,dhaka,0.0062500000000000056,0.40625,neutral,trust,"Housing/Real Estate, Technology/Gadgets, Food/Dining, Infrastructure/Urban"
next earthquake?,Maximum-Evening3904,4,3,2025-11-21 15:46:27,dhaka,-0.18333333333333332,0.4861111111111111,negative,anger,Food/Dining
If you had to rank all the political parties how would you rank them?,hackerbong,4,47,2025-11-21 15:26:54,dhaka,0.0,0.46666666666666673,neutral,neutral,Politics/Government
Are smartphones from Bangladeshi brands worth buying?,ScarredFace45,6,6,2025-11-21 14:45:07,dhaka,0.3,0.1,positive,neutral,"Technology/Gadgets, Shopping/Commerce"
How bad was the Earthquake?,SpeeedFreee,25,53,2025-11-21 14:22:00,dhaka,2.0816681711721685e-17,0.4208333333333333,neutral,anger,Technology/Gadgets
Loser!,ambivert_person,9,32,2025-11-21 14:07:24,dhaka,0.0,0.0,neutral,neutral,General
Ages from 24-30 is one of the hardest stages of life,ILikeYourMomAndSis,7,6,2025-11-21 13:26:25,dhaka,0.032355967078189295,0.5606481481481482,neutral,sadness,"Housing/Real Estate, Technology/Gadgets, Education/Career, Food/Dining, Travel/Transportation, Relationships/Social, Sports/Recreation"
Earthquake,wastedwashingmachine,0,19,2025-11-21 13:17:42,dhaka,0.0,0.1,neutral,fear,General
Earthquake and Guilt Tripping,AdvantageNorth1032,187,134,2025-11-21 12:51:20,dhaka,-0.05166666666666666,0.29333333333333333,neutral,neutral,"Technology/Gadgets, Travel/Transportation, Sports/Recreation"
Today's earthquake,Empress-Of-Tabbies,12,10,2025-11-21 12:50:07,dhaka,0.0,0.0,neutral,neutral,General
Negative news,No_Tailor2427,9,16,2025-11-21 12:20:43,dhaka,-0.2,0.30000000000000004,negative,neutral,Health/Medical
Power of Attorney,d33pblu7,3,1,2025-11-21 12:18:45,dhaka,-0.4,0.6,negative,neutral,"Technology/Gadgets, Infrastructure/Urban"
Earthquake,Achilles2729,5,2,2025-11-21 12:14:57,dhaka,0.0,0.0,neutral,neutral,General
When is the next earthquake?,JsdJoys_729,18,42,2025-11-21 12:11:11,dhaka,0.0,0.0,neutral,neutral,Technology/Gadgets
Which is safer?,Worldly-Fill-5282,14,20,2025-11-21 12:01:41,dhaka,0.2961616161616162,0.45777777777777773,positive,trust,"Housing/Real Estate, Infrastructure/Urban"
Severe Earthquake in Narsingdi,ProfileOriginal3865,8,4,2025-11-21 11:54:05,dhaka,0.5,0.5,positive,trust,General
I hope everybody's okay,Dry_Extension6091,71,36,2025-11-21 11:47:39,dhaka,0.0,0.05,neutral,fear,Technology/Gadgets
Earthquake alerts on iPhone,Mehran_Uzumaki,16,20,2025-11-21 11:31:58,dhaka,0.25,0.45,positive,trust,"Housing/Real Estate, Technology/Gadgets"
Earthquake: A building just beside the one I stay in got damaged,atikshakur,26,12,2025-11-21 11:02:34,dhaka,0.0,0.0,neutral,neutral,"Housing/Real Estate, Education/Career, Infrastructure/Urban"
Earthquake!!!,Automatic355,32,20,2025-11-21 10:56:13,dhaka,0.13333333333333333,0.4777777777777778,positive,neutral,"Housing/Real Estate, Technology/Gadgets"
Crazy earthquake in Dhaka,Unhappyflowerr,72,49,2025-11-21 10:46:19,dhaka,0.16818181818181818,0.35,positive,fear,Housing/Real Estate
Estimated magnitude 5.2 earthquake,humble_akhBD,153,206,2025-11-21 10:42:37,dhaka,0.7,0.6000000000000001,positive,joy,Technology/Gadgets
How do you maintain mental health in a private university environment where people feel double-faced and toxic?,x0verdose,15,21,2025-11-21 10:29:17,dhaka,-0.042156862745098035,0.488235294117647,neutral,neutral,"Technology/Gadgets, Education/Career, Health/Medical, Relationships/Social"
Best orthodontist in Dhaka ( for braces),chocolate_icecreamm,3,4,2025-11-21 10:05:49,dhaka,0.48333333333333334,0.46666666666666673,positive,joy,"Housing/Real Estate, Technology/Gadgets"
Vacancy post for a marketing agency,Bored_Panda36,2,1,2025-11-21 08:57:07,dhaka,0.02397787397787398,0.40309644059644056,neutral,neutral,"Housing/Real Estate, Technology/Gadgets, Education/Career, Food/Dining, Shopping/Commerce"
how to remember biology,Embarrassed_Tip_41,4,6,2025-11-21 07:13:11,dhaka,-0.04583333333333332,0.31666666666666665,neutral,neutral,"Technology/Gadgets, Education/Career"
Curse!,GlitchShot-7,13,10,2025-11-21 05:59:28,dhaka,0.32916666666666666,0.47500000000000003,positive,neutral,Technology/Gadgets
Car Discussion subreddit!,notjustrafa,4,2,2025-11-21 05:05:00,dhaka,0.6,0.9,positive,neutral,Food/Dining
Bangladeshis living in Stockholm?,That_Mood_656,4,5,2025-11-21 04:26:45,dhaka,0.0,0.0,neutral,neutral,General
Payoneer safe or nah?,PotatoMoney6765,4,2,2025-11-21 03:21:42,dhaka,0.0,0.0,neutral,neutral,Technology/Gadgets
Any bengali people living in rome rn,Beginning-Bar-1138,3,3,2025-11-21 03:02:59,dhaka,0.2857142857142857,0.5357142857142857,positive,neutral,General
How is she even in jail? Is push in her fault?,Old_Mechanic9,3,5,2025-11-21 02:55:00,dhaka,0.0,0.0,neutral,neutral,Technology/Gadgets
Custom Hoodie/ Jacket for my dept,walpurgis088,4,1,2025-11-21 02:09:20,dhaka,0.0,0.0,neutral,neutral,Technology/Gadgets
Value for money pod,Intelligent_Ease4494,1,3,2025-11-21 01:42:56,dhaka,0.25,0.5125,positive,neutral,"Shopping/Commerce, Relationships/Social"
Money,Aggressive-Tooth-231,6,7,2025-11-21 01:21:58,dhaka,-0.6999999999999998,0.6666666666666666,negative,anger,Health/Medical
Help!,Global-Scientist2235,0,9,2025-11-21 01:18:05,dhaka,-0.08333333333333333,0.5833333333333334,neutral,neutral,"Technology/Gadgets, Shopping/Commerce"
Whoop User anyone?,Chance-Antelope8806,0,5,2025-11-21 00:24:07,dhaka,0.0,0.0,neutral,neutral,General
Should I buy Iphone 13 rn?,dummybubble_,6,16,2025-11-21 00:22:16,dhaka,-0.3125,0.35,negative,neutral,"Technology/Gadgets, Shopping/Commerce"
where can i find it?,Delicious_Plane_4809,2,3,2025-11-21 00:15:38,dhaka,0.0,0.0,neutral,neutral,General
Ansys  help,Poseidon-005,6,0,2025-11-20 23:48:32,dhaka,0.7,0.6000000000000001,positive,joy,General
Earbuds Suggestion,rakibul_hasan_nishat,3,0,2025-11-20 23:20:25,dhaka,0.44999999999999996,0.4,positive,joy,"Food/Dining, Shopping/Commerce"
How to get free classes of udvash? ?,Existing-Being-2789,3,8,2025-11-20 22:58:19,dhaka,0.029166666666666674,0.49583333333333335,neutral,neutral,General
BD bank AD or private bank MTO?,NoAd9144,4,3,2025-11-20 22:58:00,dhaka,0.05000000000000001,0.5214285714285715,neutral,neutral,"Housing/Real Estate, Technology/Gadgets, Education/Career"
Best Law faculty after DU,IcyAbbreviations2054,6,14,2025-11-20 22:56:47,dhaka,0.20625,0.42708333333333337,positive,joy,"Housing/Real Estate, Education/Career, Politics/Government"
Good Cook?,aunnyglitch,11,25,2025-11-20 22:44:58,dhaka,0.5,0.5,positive,neutral,General
"জয় বাংলা, ফা-সি এবার সামলা। নৌকার বিটে নতুন গান | Joy Bangla Song Reverse",melodeathGR,2,0,2025-11-20 22:25:43,dhaka,0.0,0.0,neutral,neutral,General
Looking for some quick gigs to earn money,PsychologicalAge8927,2,9,2025-11-20 22:25:42,dhaka,0.0,0.0,neutral,neutral,Education/Career
For hire! Work from home!,systematicallydead,0,7,2025-11-20 22:02:03,dhaka,0.171875,0.5875,positive,neutral,"Housing/Real Estate, Technology/Gadgets, Education/Career, Shopping/Commerce"
Bangladeshi students in Australia,Prudent_Resort_1038,5,24,2025-11-20 20:48:05,dhaka,0.18055555555555555,0.49444444444444446,positive,joy,"Housing/Real Estate, Technology/Gadgets, Education/Career, Food/Dining"
Learning video editing from scratch.,Ghost_FS9,15,9,2025-11-20 20:20:11,dhaka,-0.3,0.6,negative,neutral,"Technology/Gadgets, Education/Career"
Research Paper Survey Questionnaire,FarhanIslam,3,0,2025-11-20 20:18:40,dhaka,0.15,0.475,positive,neutral,"Technology/Gadgets, Education/Career"
iFarmer. Is it good or scam?,zke14,3,5,2025-11-20 20:14:26,dhaka,0.0,0.0,neutral,neutral,General
Some thought on textile engineering,nirobaction,1,0,2025-11-20 20:13:50,dhaka,0.0,0.0,neutral,neutral,General
Thinking of Visiting Ispahani Eye Hospital — How’s the Queue &amp; Service?,Suspicious_Cheek3878,4,6,2025-11-20 20:11:52,dhaka,0.15875,0.5800000000000001,positive,joy,"Health/Medical, Travel/Transportation"
Bangladeshi students in Canada.is it actually worth it? Need honest advice.,pikaa_pika,5,30,2025-11-20 20:11:04,dhaka,0.17594696969696969,0.27291666666666664,positive,joy,"Housing/Real Estate, Education/Career, Food/Dining"
Music,Ok_Entrepreneur_2812,3,5,2025-11-20 19:59:04,dhaka,0.7,0.6000000000000001,positive,joy,General
Where in Dhaka can i get these type of jackect/shacket? Exacyly emon design i lagbe solid color er moddhe kono likha likhi / company er logo cholbe na,Sparrow_tora_999,1,5,2025-11-20 19:47:14,dhaka,0.0,0.0,neutral,neutral,Housing/Real Estate
Best Places for a quiet solo stay in this winter?,InevitableHot1851,1,6,2025-11-20 19:18:14,dhaka,0.0,0.0,neutral,neutral,Sports/Recreation
Does feminism exist in Jamaat?,fatal-rose-3047,45,86,2025-11-20 18:45:13,dhaka,-0.12045454545454545,0.515909090909091,negative,neutral,"Housing/Real Estate, Technology/Gadgets, Education/Career, Travel/Transportation, Relationships/Social"
How do you grow from solo freelancer to an actual business in Bangladesh?,Rare_Environment5752,10,37,2025-11-20 18:36:44,dhaka,0.10416666666666669,0.45,positive,joy,"Housing/Real Estate, Technology/Gadgets, Education/Career, Travel/Transportation"
Cheese suggestion for pizza,Professional-Tiger57,3,2,2025-11-20 18:32:28,dhaka,0.19166666666666665,0.6583333333333333,positive,joy,General
Suggest me Gelato Places,Known_Ad_7748,2,3,2025-11-20 16:33:34,dhaka,0.0,0.0,neutral,neutral,General
Recommendations for good hair cut &amp; hair color places in Bogra?,Zed18_,3,2,2025-11-20 15:54:44,dhaka,0.17250000000000001,0.5800000000000001,positive,neutral,"Technology/Gadgets, Shopping/Commerce"
Vitamin D,No_Tailor2427,6,33,2025-11-20 13:58:43,dhaka,0.0,0.0,neutral,sadness,General
Is 256 GB enough or should I get 512 GB,No-Volume2455,8,56,2025-11-20 13:52:23,dhaka,0.15833333333333333,0.6981481481481482,positive,neutral,"Housing/Real Estate, Technology/Gadgets, Shopping/Commerce"
Ostad's c#. Net core course review,lonely-Catto,1,2,2025-11-20 13:33:48,dhaka,0.1375,0.2375,positive,neutral,Education/Career
Does anyone know any Chinese Importer?,SalaryImpressive7469,1,5,2025-11-20 13:21:12,dhaka,0.125,0.19166666666666665,positive,neutral,"Technology/Gadgets, Shopping/Commerce"
creatine suggestions,ziszaman,0,13,2025-11-20 13:10:41,dhaka,0.575,0.5125000000000001,positive,neutral,"Food/Dining, Shopping/Commerce"
Do you consider carrying phone as a student illegal?,SE9A,7,13,2025-11-20 13:02:09,dhaka,-0.09440586249908287,0.5665859564164646,neutral,trust,"Housing/Real Estate, Technology/Gadgets, Education/Career, Travel/Transportation, Sports/Recreation, Infrastructure/Urban"
I (Male 18) am looking for bengali friends so I can keep learning the language,AverageUselessdude,9,8,2025-11-20 12:57:11,dhaka,0.274538961038961,0.49853463203463205,positive,joy,"Technology/Gadgets, Education/Career, Food/Dining, Health/Medical, Relationships/Social, Sports/Recreation"
Confused on how to earn money as a young female,JealousCompote4509,4,44,2025-11-20 12:37:40,dhaka,0.34062499999999996,0.775,positive,joy,"Housing/Real Estate, Education/Career"
Tech Guy Seeks Roommate/Benefactor - Skills for Rent!,hossainbillal,2,0,2025-11-20 12:27:52,dhaka,0.13225,0.4415,positive,neutral,"Housing/Real Estate, Technology/Gadgets, Education/Career, Shopping/Commerce, Travel/Transportation, Relationships/Social, Infrastructure/Urban"
"Toggi fun world, Bashundhara Shopping mall",Holiday_Fee6722,7,1,2025-11-20 12:23:47,dhaka,0.2333333333333333,0.20000000000000004,positive,neutral,"Shopping/Commerce, Relationships/Social"
Bachelors in South Korea,LilNoirito,8,14,2025-11-20 12:01:31,dhaka,0.2816666666666667,0.6766666666666667,positive,neutral,"Housing/Real Estate, Education/Career, Travel/Transportation"
Is there any way to study cse in Bangladesh without passing h.math,Nate_Higger-san,3,21,2025-11-20 11:13:59,dhaka,-0.05714285714285716,0.5666666666666667,neutral,anger,"Technology/Gadgets, Education/Career"
Wanna sell my Intel Arc A750 8GB,Illustrious_Coat_462,2,9,2025-11-20 07:42:22,dhaka,0.153,0.285,positive,neutral,"Technology/Gadgets, Shopping/Commerce"
Psychologist,Square-Box-1043,4,2,2025-11-20 07:16:53,dhaka,0.7,0.6000000000000001,positive,joy,"Education/Career, Relationships/Social"
Hotel Review,Technical-Midnight73,2,1,2025-11-20 06:10:43,dhaka,0.0,0.25,neutral,neutral,Relationships/Social
I was in three different rehab mental health facilities including Pabna mental hospital. AMA.,Old_Mechanic9,50,49,2025-11-20 05:46:13,dhaka,-0.2,0.3,negative,neutral,"Housing/Real Estate, Health/Medical, Shopping/Commerce, Relationships/Social"
Proud Son of Rajakar,RazzmatazzStrict,3,0,2025-11-20 03:48:21,dhaka,0.0,0.0,neutral,neutral,General
Which will be the All-rounder?,Environmental_Cry214,1,19,2025-11-20 02:49:47,dhaka,0.28279220779220776,0.4964285714285714,positive,joy,"Technology/Gadgets, Shopping/Commerce"
Cool date/hangout spots in Dhaka,ei_white,3,3,2025-11-20 02:46:45,dhaka,0.26964285714285713,0.46904761904761905,positive,joy,"Housing/Real Estate, Food/Dining, Travel/Transportation"
got into a harassment for no reason,Beneficial_Mouse_279,41,72,2025-11-20 02:24:23,dhaka,-0.34166666666666656,0.6583333333333333,negative,anger,Technology/Gadgets
"Arrival of New Shahriar, Govt should award him Independence Award.",RazzmatazzStrict,1,0,2025-11-20 01:51:38,dhaka,0.0,0.0,neutral,neutral,General
Goth fashion for men in Bangladesh?,notjustrafa,8,3,2025-11-20 01:27:55,dhaka,0.06666666666666667,0.47322485207100584,neutral,joy,"Housing/Real Estate, Technology/Gadgets, Education/Career, Food/Dining, Relationships/Social"
where to buy ps5 and how much?,StrangeFile8991,8,19,2025-11-20 01:24:02,dhaka,0.2375,0.425,positive,neutral,"Housing/Real Estate, Shopping/Commerce"
Fingerprint issue at NID office. Any help from people who faced this before?,Sanim-99,2,1,2025-11-20 01:22:41,dhaka,0.14583333333333334,0.41875,positive,neutral,"Technology/Gadgets, Food/Dining, Travel/Transportation"
anyone know anything about music production?,frustratedcigs,5,10,2025-11-20 01:18:42,dhaka,0.0,0.0,neutral,neutral,Shopping/Commerce
Looking for a spot,BreakfastAutomatic52,3,9,2025-11-20 00:49:09,dhaka,-0.06499999999999999,0.43,neutral,neutral,"Food/Dining, Infrastructure/Urban"
Need advice,Budget_Ad_1684,4,7,2025-11-20 00:03:01,dhaka,0.35,0.48750000000000004,positive,joy,"Education/Career, Infrastructure/Urban"
thriller books,cat-woman2005,6,19,2025-11-19 23:51:43,dhaka,0.2833333333333333,0.2833333333333333,positive,neutral,Technology/Gadgets
How can I help my little brother improve his English pronunciation and spelling,ResponsibleFudge8955,9,15,2025-11-19 23:47:07,dhaka,-0.3594999999999999,0.42666666666666664,negative,anger,Education/Career
masters in US,renluvr,5,4,2025-11-19 23:45:25,dhaka,0.0,0.03333333333333333,neutral,neutral,"Housing/Real Estate, Infrastructure/Urban"
Is there any place in Bangladesh where we can do hiking?,kindred_eldtrich,2,5,2025-11-19 23:25:14,dhaka,0.0,0.75,neutral,neutral,"Travel/Transportation, Relationships/Social"
Gift ideas,PotatoMoney6765,10,6,2025-11-19 23:20:35,dhaka,0.18393939393939393,0.37,positive,neutral,"Housing/Real Estate, Shopping/Commerce, Infrastructure/Urban"
Sitcom,rifwix,7,34,2025-11-19 23:18:32,dhaka,0.03888888888888888,0.41111111111111115,neutral,neutral,Technology/Gadgets
Dhaka English Medium Schools: Playgroup Admission Info,Complete_Risk_6877,3,0,2025-11-19 23:12:59,dhaka,0.02958333333333334,0.3258333333333333,neutral,neutral,"Housing/Real Estate, Technology/Gadgets, Education/Career, Travel/Transportation, Sports/Recreation, Infrastructure/Urban"
Jobless,Adventurous_Milk_425,13,10,2025-11-19 23:12:50,dhaka,-0.4749999999999999,0.5333333333333333,negative,anger,Education/Career
career,Less_Proposal4848,1,2,2025-11-19 23:09:17,dhaka,0.17977272727272728,0.4050000000000001,positive,neutral,"Housing/Real Estate, Education/Career, Health/Medical, Relationships/Social, Infrastructure/Urban"
Advice,WasteCrow8280,3,12,2025-11-19 22:52:26,dhaka,0.0888888888888889,0.5851851851851851,neutral,neutral,Education/Career
Gift Suggetion,Suvojit_Sarker,4,3,2025-11-19 22:43:39,dhaka,0.36388888888888893,0.5,positive,neutral,"Education/Career, Relationships/Social, Infrastructure/Urban"
BRAC University’s Architecture requirements feel kinda unusual,CapsLockChaos,4,18,2025-11-19 22:28:22,dhaka,-0.11785714285714285,0.511904761904762,negative,neutral,"Housing/Real Estate, Technology/Gadgets, Education/Career, Sports/Recreation"
Explain this Bangladeshi Economy and Market related question to a less educated person.,Forgotten_Seriously,5,7,2025-11-19 22:22:43,dhaka,0.01574074074074074,0.2731481481481482,neutral,joy,"Technology/Gadgets, Shopping/Commerce"
The lawyer appointed for Sheikh Hasina in the kangaroo court.,New_Edge360,1,0,2025-11-19 22:13:51,dhaka,-0.07539682539682539,0.4520634920634921,neutral,anger,"Housing/Real Estate, Technology/Gadgets, Education/Career, Food/Dining, Travel/Transportation, Sports/Recreation, Politics/Government, Infrastructure/Urban"
Where can I download my SSC &amp; HSC marksheets online?,Acceptable-One-7793,1,7,2025-11-19 21:46:36,dhaka,0.0,0.5472222222222223,neutral,neutral,"Technology/Gadgets, Education/Career"
Why do female first-class government officers wear suits over their sarees and prefer being addressed as “Sir” instead of “Madam”?,the-machine-m4n,2,7,2025-11-19 21:16:02,dhaka,0.02,0.62,neutral,anger,Politics/Government
Looking for a place to live,Wooden-Ferret-21,5,0,2025-11-22 10:13:55,bangladesh,0.06818181818181818,0.5,neutral,neutral,Housing/Real Estate
Is getting a good partner really this hard in today’s era?,themrnotfound,10,21,2025-11-20 17:08:17,bangladesh,0.08440255731922398,0.5715939153439152,neutral,joy,"Technology/Gadgets, Food/Dining, Shopping/Commerce, Relationships/Social"
Seeking For Help,Nabanita94,5,3,2025-11-14 19:33:44,bangladesh,0.016666666666666673,0.15,neutral,neutral,"Housing/Real Estate, Technology/Gadgets"
"Looking for a quiet place to study, preferably a café or library near Bashundhara R/A.",ais_21,5,2,2025-10-25 08:44:55,bangladesh,0.24500000000000002,0.47833333333333333,positive,joy,"Technology/Gadgets, Education/Career, Travel/Transportation, Relationships/Social"
"Lt. Col. Redwan, who shot students in Rampura-Banasree in July finally arrested",ultrahex007,155,13,2025-10-22 14:50:42,bangladesh,0.0,1.0,neutral,neutral,Education/Career
Help post,Artistic-Factor-8000,2,0,2025-10-16 17:10:23,bangladesh,-0.07272727272727274,0.4606060606060606,neutral,neutral,"Housing/Real Estate, Technology/Gadgets, Education/Career"
Bangladesh vs Hong Kong: A heartbreak,Both-River-9455,23,15,2025-10-09 22:46:21,bangladesh,-0.017936945209672477,0.5698653198653201,neutral,neutral,"Housing/Real Estate, Technology/Gadgets, Food/Dining, Sports/Recreation"
"How is the situation in Dhaka right now for moderate, agnostic/atheist women? Coming from a Bangladeshi immigrant woman who left in 2012 and hasn’t been back for an extended period of time since",nymeria_the_direwolf,25,17,2025-09-21 08:01:11,bangladesh,0.03750000000000001,0.53,neutral,anger,"Housing/Real Estate, Technology/Gadgets, Relationships/Social, Infrastructure/Urban"
BNP needs to get into populist politics FAST (I’m a DU student),throwaway11152127,65,40,2025-09-19 08:00:43,bangladesh,0.092268050879162,0.4415950510394956,neutral,joy,"Housing/Real Estate, Technology/Gadgets, Education/Career, Food/Dining, Travel/Transportation, Sports/Recreation, Politics/Government, Infrastructure/Urban"
Best place to get highest quality BD cricket jerseys?,DeltaOmega88,4,4,2025-09-11 21:20:28,bangladesh,0.17997835497835496,0.4119047619047619,positive,joy,"Housing/Real Estate, Technology/Gadgets, Sports/Recreation"
He Trusted a Girl Online....Almost Paid With His Life.,ShadowProfiler-I,64,36,2025-09-11 20:33:38,bangladesh,-0.1878787878787879,0.48484848484848486,negative,neutral,"Housing/Real Estate, Technology/Gadgets, Food/Dining, Shopping/Commerce, Travel/Transportation, Relationships/Social, Politics/Government"
Are there any restaurants in Puran Dhaka that serve good bengali pork dishes?,DoodhBhaat,2,9,2025-09-01 20:54:59,bangladesh,0.0,0.0,neutral,neutral,"Housing/Real Estate, Food/Dining"
Upgrading my iPhone 12 Pro – advice on shops &amp; price in Dhaka,Intelligent-Delay-95,2,0,2025-08-31 11:37:33,bangladesh,0.17500000000000002,0.4083333333333334,positive,neutral,"Housing/Real Estate, Technology/Gadgets, Health/Medical, Shopping/Commerce, Infrastructure/Urban"
Jatrabari murder case: CID files application to keep Tawhid Afridi in jail,Alone-Attention-2139,7,0,2025-08-30 15:56:28,bangladesh,-0.1,0.2,neutral,sadness,"Technology/Gadgets, Health/Medical, Politics/Government"
SELLING LAND IN PURAN DHAKA!!!!!!!,megatonowo,1,2,2025-08-24 12:14:24,bangladesh,0.0,0.0,neutral,neutral,"Housing/Real Estate, Shopping/Commerce"
Any Shared Office or Coworking Office Space near Khilgaon / Bashabo / Banasree Area?,BlackReaper619,5,2,2025-07-29 21:38:16,bangladesh,0.23055555555555557,0.39722222222222225,positive,joy,"Technology/Gadgets, Education/Career, Food/Dining"
Need A part time job near Mohakhali/Gulshan 1/Tejgaon,Intelligent-Chard93,4,5,2025-07-29 02:44:59,bangladesh,0.09833333333333331,0.495,neutral,joy,"Education/Career, Sports/Recreation"
"Looking for Affordable &amp; Quality DTF Printing &amp; Heat Pressing Near Khilgaon, Motijheel, or Malibagh.",Ari_the_pixel_ninja,2,0,2025-07-24 18:13:30,bangladesh,0.13787878787878788,0.3484848484848485,positive,joy,"Housing/Real Estate, Technology/Gadgets, Education/Career, Food/Dining, Shopping/Commerce, Travel/Transportation"
i got 1147 marks on ssc (science) id like some college suggestions,cheeryybombs,7,25,2025-07-23 21:56:52,bangladesh,0.23512396694214874,0.6242424242424242,positive,joy,"Housing/Real Estate, Education/Career, Travel/Transportation"
Need help to forget female best friend,Hopeful-Author8162,0,19,2025-07-20 13:01:33,bangladesh,0.022727272727272724,0.5056060606060605,neutral,joy,"Housing/Real Estate, Education/Career, Relationships/Social"
Find friends,Sa_Fi12,2,8,2025-07-20 00:27:51,bangladesh,0.06818181818181818,0.3,neutral,neutral,"Housing/Real Estate, Relationships/Social"
Looking for friends,Sa_Fi12,0,4,2025-07-19 02:17:47,bangladesh,0.0,0.0,neutral,neutral,Relationships/Social
suggest some cafe/restaurants in khilgaon for private time,Mahmudul_Hasan27,0,0,2025-07-17 02:48:11,bangladesh,0.175,0.5125,positive,neutral,Food/Dining
Kittens for Adoption,snakesyle16,17,7,2025-07-16 19:44:58,bangladesh,0.15227272727272725,0.42670454545454545,positive,joy,"Housing/Real Estate, Food/Dining, Health/Medical, Relationships/Social, Sports/Recreation"
Kittens Up for Adoption.,snakesyle16,63,9,2025-07-15 17:34:25,bangladesh,0.1238095238095238,0.5077380952380953,positive,neutral,"Housing/Real Estate, Food/Dining, Health/Medical, Sports/Recreation"
Question for IQ users,dest_v18,6,1,2025-07-10 17:37:55,bangladesh,0.2333333333333333,0.2333333333333333,positive,trust,"Technology/Gadgets, Shopping/Commerce"
need help about what phone to buy and if i should buy from bangladesh,little_aesthetic52,2,0,2025-06-22 22:37:10,bangladesh,0.00952797202797203,0.4561188811188811,neutral,neutral,"Technology/Gadgets, Shopping/Commerce, Infrastructure/Urban"
Passport,Iam_Touhid,2,0,2025-06-22 11:09:41,bangladesh,0.0,1.0,neutral,neutral,Technology/Gadgets
Help Post,Abirhasan451,3,1,2025-06-22 01:34:45,bangladesh,0.0,0.0,neutral,neutral,"Food/Dining, Relationships/Social"
Justice system: reformed or the same as before?,Zetafunction64,8,6,2025-05-28 10:39:46,bangladesh,0.09908234126984128,0.3746031746031746,neutral,trust,"Technology/Gadgets, Education/Career, Sports/Recreation, Politics/Government"
Govt covered up corruption of shipping ministry calling this letter fake - Zulkarnain,VapeyMoron,20,11,2025-05-17 00:08:12,bangladesh,0.005692070275403607,0.5240622032288699,neutral,joy,"Housing/Real Estate, Technology/Gadgets, Shopping/Commerce, Politics/Government, Infrastructure/Urban"
Moving to Bangladesh for A Levels—Need Info on International Hope School &amp; Daffodil International School,IcyCauliflower2985,3,6,2025-04-24 19:38:37,bangladesh,0.1775,0.28750000000000003,positive,joy,"Housing/Real Estate, Technology/Gadgets, Education/Career, Infrastructure/Urban"
Concerns over growing corruption among Bangladeshi student leaders,JordanChappel,35,37,2025-04-24 15:26:34,bangladesh,-0.08393513052603963,0.5824396563032926,neutral,sadness,"Housing/Real Estate, Technology/Gadgets, Education/Career, Travel/Transportation, Sports/Recreation, Politics/Government, Infrastructure/Urban"
Need ENT &amp; Eye Specialist Recommendations,abcrafsan,4,0,2025-04-21 19:47:04,bangladesh,0.46388888888888896,0.5888888888888889,positive,joy,"Technology/Gadgets, Health/Medical"
Scammer maybe?,jeezy360not,8,3,2025-04-18 01:19:17,bangladesh,0.030578512396694214,0.33636363636363636,neutral,neutral,"Housing/Real Estate, Technology/Gadgets, Travel/Transportation, Relationships/Social, Politics/Government"
where to learn swimming from around old dhaka?,Remarkable_Nose_3728,6,1,2025-04-08 00:40:03,bangladesh,0.12142857142857141,0.2755952380952381,positive,neutral,Housing/Real Estate
Study spot,hunahe,2,1,2025-04-06 11:00:33,bangladesh,-0.09444444444444444,0.5166666666666667,neutral,neutral,"Housing/Real Estate, Education/Career, Food/Dining"
Should i go back to Bangladesh this summer as a Hindu woman studying abroad?,cillona363,34,78,2025-04-03 05:59:47,bangladesh,0.051103896103896096,0.3201190476190477,neutral,anger,"Housing/Real Estate, Education/Career, Travel/Transportation, Relationships/Social, Politics/Government, Infrastructure/Urban"
NCP wants to change CAS - Faham Abdus Salam's Post,VapeyMoron,17,12,2025-03-23 15:35:16,bangladesh,0.030276497695852545,0.5212147977470557,neutral,trust,"Housing/Real Estate, Technology/Gadgets, Education/Career, Shopping/Commerce, Travel/Transportation, Relationships/Social, Sports/Recreation, Politics/Government"
Any shakrain interesting story?? puran dhaka,Extra-Conclusion-140,4,1,2025-03-15 03:14:57,bangladesh,0.5,0.5,positive,neutral,"Housing/Real Estate, Technology/Gadgets"
Guy who physically assaulted and called Mob on smoking girls got arrested,VapeyMoron,1,3,2025-03-10 15:15:20,bangladesh,0.0,0.0,neutral,neutral,General
More of this please!!,Cezanne_,95,12,2025-03-10 14:11:11,bangladesh,0.0,0.0,neutral,neutral,General
Bashundhara’s Loan Rescheduling: Ahsan Mansur facilitating highway robbery in broad daylight?,Anxious_Flatworm7019,7,3,2025-03-07 21:41:06,bangladesh,0.1,0.6,neutral,neutral,"Technology/Gadgets, Relationships/Social, Infrastructure/Urban"
An armed criminal was given medical treatment and let go by Police,VapeyMoron,13,3,2025-03-06 04:12:06,bangladesh,0.12,0.31,positive,neutral,"Housing/Real Estate, Technology/Gadgets, Education/Career, Food/Dining, Health/Medical, Politics/Government"
Two Girls Getting Attacked By An Old Man and 30 Others For Smoking (Details),ssj_iftekhar9001,142,82,2025-03-03 13:51:40,bangladesh,0.1717948717948718,0.45384615384615395,positive,neutral,"Technology/Gadgets, Food/Dining, Shopping/Commerce, Relationships/Social, Infrastructure/Urban"
Am i being too paranoid? Or it is what it is?(Khilgaon fire incident),Eastern_Honeydew_474,9,2,2025-02-22 00:01:01,bangladesh,-0.25,0.45,negative,neutral,Housing/Real Estate
Horrifying fire at Khilgaon Taltola,VapeyMoron,83,7,2025-02-21 22:16:58,bangladesh,0.0,0.0,neutral,neutral,General
History of July Movement by Zulkarnain Saer,QuakeWok,1,1,2025-02-21 17:45:22,bangladesh,0.053021719259661426,0.3881794054462864,neutral,joy,"Housing/Real Estate, Technology/Gadgets, Education/Career, Food/Dining, Health/Medical, Shopping/Commerce, Relationships/Social, Sports/Recreation, Politics/Government, Infrastructure/Urban"
Need a one-bedroom apartment near Bashundhara,Affectionate-Run-199,2,0,2025-01-27 19:47:21,bangladesh,0.06666666666666667,0.20000000000000004,neutral,neutral,Housing/Real Estate
Want to find a news from 2005.,NoEscape3110,3,3,2025-01-26 09:59:43,bangladesh,0.16691176470588237,0.5861111111111111,positive,neutral,"Housing/Real Estate, Education/Career, Relationships/Social, Politics/Government, Infrastructure/Urban"
I think someone is trying to sell my land without my consent,ovi2wise,12,9,2025-01-20 14:00:29,bangladesh,0.06,0.6,neutral,joy,"Housing/Real Estate, Shopping/Commerce, Relationships/Social, Sports/Recreation"
Internet in Bashundhara,susamongusdrippycat,2,1,2025-01-19 21:58:31,bangladesh,0.5,0.35000000000000003,positive,joy,Technology/Gadgets
"Jatrabari Massacre, 5 August, 2024. ",Environmental-Ad-344,194,134,2025-01-12 15:19:53,bangladesh,-0.25,0.4,negative,neutral,General
Local ISP Speed &amp; Internet Package in Bashundhara Residential Area,TBM1000,5,0,2025-01-11 11:01:51,bangladesh,0.19659090909090907,0.36363636363636365,positive,joy,"Technology/Gadgets, Education/Career, Shopping/Commerce"
After 5th August ,Realistic_Shake6823,0,11,2024-12-11 00:07:02,bangladesh,0.11978571428571426,0.37816666666666665,positive,trust,"Housing/Real Estate, Technology/Gadgets, Food/Dining, Shopping/Commerce, Travel/Transportation, Relationships/Social, Sports/Recreation, Politics/Government"
Help needed!!,Next-Lime3036,2,0,2024-12-10 15:12:32,bangladesh,-0.07500000000000001,0.35000000000000003,neutral,fear,Technology/Gadgets
Chinmoy arrest and how to entice a riot 101 : presented by Yunus shorkar ,SeniorObligation6330,5,16,2024-11-27 14:12:03,bangladesh,0.03518518518518518,0.312037037037037,neutral,neutral,"Technology/Gadgets, Sports/Recreation, Politics/Government"
where to buy cheap xbox 360s in bangladesh,Agreeable-Cycle6438,4,2,2024-11-26 22:48:43,bangladesh,0.1,0.39999999999999997,neutral,neutral,"Housing/Real Estate, Shopping/Commerce"
Chattogram Chinmoy Krishna Protest Thread &amp; Update,ktmxyt,41,52,2024-11-26 18:39:09,bangladesh,-0.09999999999999998,0.4173611111111111,neutral,anger,"Technology/Gadgets, Health/Medical, Travel/Transportation, Politics/Government"
A leaked proof of BAL requesting Indian aid to kill from back in 2013.,ktmxyt,1,1,2024-11-23 02:29:13,bangladesh,-0.15,0.2928571428571428,negative,neutral,"Technology/Gadgets, Politics/Government"
Why did jatrabari see so many deaths in july?,Single_Fig_5624,2,5,2024-11-19 00:33:40,bangladesh,-0.2,0.4,negative,neutral,Food/Dining
Coaching for olevels,Rxspberries_,9,4,2024-11-17 16:34:02,bangladesh,1.0,0.3,positive,neutral,General
Coaching for o'level  ,Rxspberries_,3,2,2024-11-17 16:26:36,bangladesh,1.0,0.3,positive,neutral,General
"Child Musa, who was shot in uprising, finally opens his eyes after 4 months of treatment",MunzerTopu,63,1,2024-11-17 00:14:04,bangladesh,0.06875,0.3125,neutral,neutral,"Housing/Real Estate, Education/Career, Food/Dining, Health/Medical, Shopping/Commerce, Sports/Recreation, Politics/Government"
I Need some Food review in JFP/Bashundhara RA,uzumaki_uchiha14,2,0,2024-11-11 22:23:50,bangladesh,0.55,0.65,positive,joy,Food/Dining
what happened on july 19th,Single_Fig_5624,3,13,2024-11-08 02:03:05,bangladesh,0.125,0.5175,positive,joy,"Housing/Real Estate, Technology/Gadgets, Food/Dining, Health/Medical, Relationships/Social, Politics/Government"
"Who is the true proclaimer of Bangladesh’s independence, and is there any need to argue about it?",TasinMAHDI,11,11,2024-11-03 18:29:48,bangladesh,0.060098522167487685,0.3333743842364532,neutral,joy,"Housing/Real Estate, Technology/Gadgets, Education/Career, Food/Dining, Shopping/Commerce, Travel/Transportation, Relationships/Social, Sports/Recreation, Politics/Government, Infrastructure/Urban"
Anyone here from jatrabari area,Single_Fig_5624,0,2,2024-10-31 01:28:03,bangladesh,0.0,0.0,neutral,neutral,General
This nation can not read.,Clouded_Aim,0,14,2024-10-20 22:56:50,bangladesh,0.009228650137741065,0.6316460055096419,neutral,joy,"Housing/Real Estate, Technology/Gadgets, Education/Career, Politics/Government"
Sniping and Mysterious Deaths in Bangladesh,Euphoric_Ratio_8900,46,17,2024-10-08 04:37:15,bangladesh,0.023033126293995853,0.38246536072623033,neutral,anger,"Technology/Gadgets, Food/Dining"
where can i repair my ps4 in Puran Dhaka?,MonkeyDJas,2,3,2024-09-24 12:51:09,bangladesh,0.07878787878787878,0.8333333333333334,neutral,neutral,"Housing/Real Estate, Technology/Gadgets"
How can i find a budget friendly restriction less flat in Puran Dhaka,Evening_Day_4722,2,2,2024-09-21 17:56:57,bangladesh,-0.06785714285714285,0.1369047619047619,neutral,neutral,"Housing/Real Estate, Technology/Gadgets, Education/Career, Shopping/Commerce, Relationships/Social"
Looking for Couple-Friendly Restaurants with Private Cabins in Dhaka (Farmgate/Khilgaon Area),No_Location_8232,2,2,2024-09-10 17:36:41,bangladesh,0.33749999999999997,0.3583333333333334,positive,joy,"Housing/Real Estate, Technology/Gadgets, Food/Dining, Travel/Transportation, Relationships/Social"
how did protestors break the curfew on august 5th? (36th july),Single_Fig_5624,10,11,2024-08-25 03:00:09,bangladesh,0.05833333333333333,0.35486111111111107,neutral,joy,"Housing/Real Estate, Technology/Gadgets, Travel/Transportation, Sports/Recreation, Politics/Government, Infrastructure/Urban"
A rant about Islamists claiming the entire Revolution as if it's their Dad's property.,Tanksfly1939,85,34,2024-08-20 14:47:52,bangladesh,-0.0493482905982906,0.5075213675213676,neutral,anger,"Housing/Real Estate, Technology/Gadgets, Education/Career, Politics/Government, Infrastructure/Urban"
When will we bring justice to Muniya?,Rashiq69,49,28,2024-08-16 02:01:23,bangladesh,-0.0036324786324786304,0.4356837606837607,neutral,neutral,"Housing/Real Estate, Technology/Gadgets, Food/Dining, Relationships/Social, Sports/Recreation, Politics/Government"
Hypocrisy among us in the current context of recent attacks on minorities.,DoodhBhaat,155,49,2024-08-11 23:56:27,bangladesh,-0.07522577996715926,0.4330665024630541,neutral,anger,"Housing/Real Estate, Technology/Gadgets, Food/Dining, Politics/Government"
Is khilgaon safe right now?,_jimi_hendrix_,5,3,2024-08-08 14:12:07,bangladesh,0.5,0.5,positive,trust,General
The Last Hours of Dictator Hasina: A Tale of Desperation,Hsanity,8,1,2024-08-06 13:59:01,bangladesh,0.09596273291925464,0.3194616977225672,neutral,anger,"Technology/Gadgets, Education/Career, Shopping/Commerce, Travel/Transportation, Relationships/Social, Politics/Government, Infrastructure/Urban"
A Letter to Young Bangladeshis,giantskyman,100,208,2024-07-26 15:20:36,bangladesh,0.0654013273326578,0.41880388090688503,neutral,anger,"Housing/Real Estate, Technology/Gadgets, Education/Career, Food/Dining, Health/Medical, Shopping/Commerce, Travel/Transportation, Sports/Recreation, Politics/Government, Infrastructure/Urban"
"Best ISP for puran dhaka, gendaria and bikrampur",yourbasicchad,2,3,2024-07-26 07:14:35,bangladesh,0.85,0.45000000000000007,positive,joy,"Housing/Real Estate, Technology/Gadgets, Education/Career"
Why is Bashundhara Kings Women's team not called the Bashundhara Queens? ,Roqfort,28,11,2024-07-14 04:47:22,bangladesh,-0.033333333333333326,0.6638888888888889,neutral,neutral,Sports/Recreation
Need hospital suggestions for pregnant women ,Saitama2042,6,2,2024-05-28 19:50:47,bangladesh,0.25648148148148153,0.5083333333333333,positive,joy,"Health/Medical, Travel/Transportation, Relationships/Social"
best place to chill near Puran dhaka? ,Snuffy2022,2,1,2024-05-15 00:32:23,bangladesh,-0.5571428571428572,0.7785714285714285,negative,anger,Housing/Real Estate
Reliable tech shops in Bashundhara City?,Zen_003,4,2,2024-04-13 13:27:44,bangladesh,0.7,0.6000000000000001,positive,joy,"Technology/Gadgets, Shopping/Commerce, Infrastructure/Urban"
Budget gyms in Dhaka,zebrafiche,3,1,2024-04-04 18:50:36,bangladesh,0.14805194805194805,0.6857142857142857,positive,neutral,Housing/Real Estate
Best internet service provider in the Bashundhara area?,PhilosopherPutrid843,2,1,2024-04-04 14:59:36,bangladesh,0.6,0.55,positive,joy,Technology/Gadgets
What's with the low playing and park space in some areas of Dhaka?,Polo_G_Goat1999,12,2,2024-04-03 16:11:08,bangladesh,0.04848484848484848,0.5507936507936508,neutral,joy,"Housing/Real Estate, Technology/Gadgets, Education/Career, Health/Medical, Shopping/Commerce, Sports/Recreation, Infrastructure/Urban"
Where can I play table tennis around Gulshan/Bashundhara,tarif88,1,0,2024-03-30 20:40:14,bangladesh,-0.375,0.6333333333333333,negative,neutral,"Technology/Gadgets, Sports/Recreation"
We have too many road signs placed with malicious intent,TomMarvoloRd,34,6,2024-03-19 14:49:15,bangladesh,-0.16066666666666668,0.42033333333333334,negative,sadness,"Housing/Real Estate, Technology/Gadgets, Politics/Government, Infrastructure/Urban"
AirBnB or Hotels for Room Dates in Bashundhara,Head-Associate6431,4,12,2024-01-17 02:23:35,bangladesh,0.328125,0.45,positive,neutral,"Housing/Real Estate, Technology/Gadgets"
Some restaurants to visit during weekends,Brave-Guest-4254,3,4,2024-01-13 13:56:33,bangladesh,0.0,0.0,neutral,neutral,"Food/Dining, Travel/Transportation"
Thoughts on this decision to not sell cigarettes to women?,No-Invite1267,78,104,2024-01-10 11:46:23,bangladesh,0.0,0.0,neutral,neutral,Shopping/Commerce
I made some line route maps for each of the planned Dhaka Metro lines,jahinzee,119,20,2024-01-09 12:31:58,bangladesh,0.0,0.0,neutral,neutral,"Housing/Real Estate, Infrastructure/Urban"
"What are some good places to buy denim jackets in Dhaka (preferably around Gulshan, Banani or Baridhara DOHS)?",pnerd314,5,2,2023-12-31 22:17:32,bangladesh,0.35,0.36250000000000004,positive,joy,"Housing/Real Estate, Shopping/Commerce, Infrastructure/Urban"
DMC student poses as 21 yr old girl to market his shady Discord group,Better-Cake8790,9,3,2023-12-26 19:02:26,bangladesh,-0.07999999999999999,0.42666666666666664,neutral,neutral,"Housing/Real Estate, Technology/Gadgets, Education/Career, Health/Medical, Shopping/Commerce, Relationships/Social, Sports/Recreation"
Oversized T-shirts in Bashundhara City,ifad_,2,2,2023-12-16 00:44:00,bangladesh,0.0,0.0,neutral,neutral,"Shopping/Commerce, Infrastructure/Urban"
How do I reach Baridhara?,Budget-Fish3373,5,6,2023-12-14 13:31:06,bangladesh,0.2277777777777778,0.5865079365079364,positive,anger,"Housing/Real Estate, Technology/Gadgets, Education/Career, Travel/Transportation, Infrastructure/Urban"
In which floral shop can you get lilac and lavenders in dhaka?,True_Celebration_169,4,2,2023-11-29 17:16:14,bangladesh,0.0,0.0,neutral,neutral,"Housing/Real Estate, Shopping/Commerce"
Best internet provider in Bashundhara?,JustaBSJfan,2,2,2023-11-26 23:43:02,bangladesh,0.0,0.0,neutral,neutral,Technology/Gadgets
Body Painting in Dhaka street,koimia,22,5,2023-11-23 16:12:23,bangladesh,0.0,0.0,neutral,neutral,"Housing/Real Estate, Technology/Gadgets"
"Best Combat Gym In Khilgaon, Taltola Area",Azmain29,5,0,2023-11-12 18:13:53,bangladesh,0.3125,0.15625,positive,neutral,Shopping/Commerce
Best place to buy refurbished or used iphones?,IGPIGEON,5,5,2023-11-05 22:52:11,bangladesh,0.1,0.2,neutral,neutral,"Technology/Gadgets, Shopping/Commerce"
"Best ISP in Khilgaon, Taltola",Azmain29,2,2,2023-10-31 19:03:04,bangladesh,0.27999999999999997,0.5,positive,joy,Housing/Real Estate
Looking to Buy an iPad Pro M2 256GB - Where's the Best Place?,Delicious-Writer-210,4,6,2023-10-29 13:56:30,bangladesh,0.0,0.0,neutral,trust,Shopping/Commerce
"Do or die match, lets support our country",agunergola2,13,5,2023-10-16 22:25:09,bangladesh,0.0,0.0,neutral,neutral,Sports/Recreation
Need help for choose isp,LopsidedStar8719,2,9,2023-09-19 20:23:56,bangladesh,0.3,0.25,positive,trust,"Housing/Real Estate, Technology/Gadgets"
From where can I buy weight vest in Dhaka?,sGrnegan,1,1,2023-09-07 15:11:47,bangladesh,-0.09999999999999999,0.22261904761904763,neutral,neutral,"Housing/Real Estate, Shopping/Commerce, Infrastructure/Urban"
Grameenphone or Robi? Which sim operator provides good internet service in Dhaka?,sGrnegan,5,14,2023-09-06 11:33:05,bangladesh,0.1875,0.4375,positive,neutral,"Housing/Real Estate, Technology/Gadgets"
Where do i find a good orthodontist in bd?,ConsistentAct2561,3,3,2023-08-21 10:55:09,bangladesh,0.10551948051948051,0.7589285714285714,positive,neutral,Housing/Real Estate
Vote for Bashundhara Kings team to be included in FIFA 24,0resutidder,6,0,2023-07-13 14:54:33,bangladesh,0.4533333333333333,0.63,positive,joy,"Sports/Recreation, Politics/Government"
Need help in transportation from Bashundhara block F to BracU,DaddyMaster010,0,3,2023-05-28 19:02:42,bangladesh,-0.18333333333333335,0.38888888888888884,negative,neutral,"Travel/Transportation, Infrastructure/Urban"
[Football] Bangladesh Premier League champns: Bashundhara Kings,Square-Produce-3538,0,0,2023-05-27 20:40:37,bangladesh,0.0,0.0,neutral,neutral,Sports/Recreation
An entity more powerful than our government,whyallusernamesare,38,24,2023-05-22 16:04:29,bangladesh,0.04668241115609536,0.3827372919478183,neutral,joy,"Technology/Gadgets, Education/Career, Food/Dining, Shopping/Commerce, Travel/Transportation, Politics/Government"
এ কেমন 'দায়িত্বশীলতা'! | Jatrabari Incident | Dhaka News | Somoy News Analysis,Mister-Khalifa,7,8,2023-04-29 21:41:04,bangladesh,0.0,0.0,neutral,neutral,Housing/Real Estate
Anyone wish to meet me tomorrow?,tirednibba247,1,0,2023-04-22 03:15:10,bangladesh,0.27999999999999997,0.38,positive,neutral,General
Which online stores have delivery service in Bashundhara R/A?,dailmar,12,6,2023-04-06 15:36:04,bangladesh,-0.125,0.375,negative,neutral,"Housing/Real Estate, Shopping/Commerce"
I want to visit puran dhaka. Can someone suggest where to park my car?,zak_star,3,3,2023-04-03 01:11:46,bangladesh,0.0,0.0,neutral,neutral,"Housing/Real Estate, Travel/Transportation"
Audi launches Electric Vehicle charging station in Tejgaon,ktmxyt,8,4,2023-03-30 15:41:06,bangladesh,0.0,0.0,neutral,neutral,General
Recently visited Bangladesh. Some photos. Loved it.,anirbansaha782,89,12,2023-02-01 22:13:21,bangladesh,0.55,0.9,positive,neutral,"Housing/Real Estate, Technology/Gadgets, Shopping/Commerce, Travel/Transportation, Relationships/Social, Politics/Government"
Gas problem in puran dhaka,ThinkingPugnator,9,35,2023-01-17 20:58:17,bangladesh,-0.05,0.2375,neutral,neutral,"Housing/Real Estate, Technology/Gadgets"
Great Goal from Brazilian Dorielton for Bashundhara Kings in the Bangladesh Premier League,badbd09,66,7,2023-01-14 03:49:14,bangladesh,0.0,0.0,neutral,neutral,"Food/Dining, Sports/Recreation"
HELP!!,Extension-Iron9782,1,8,2022-10-26 01:25:01,bangladesh,0.2,0.2,positive,neutral,Food/Dining
good ol' bashundhara khata.,SmoothAd8796,21,5,2022-08-07 00:47:29,bangladesh,0.0,0.0,neutral,neutral,General
Where to buy authentic Anker products in Dhaka?,chonkerpotat,1,2,2022-08-03 02:12:36,bangladesh,0.2,0.525,positive,neutral,"Housing/Real Estate, Shopping/Commerce"
Best place to get Braces(Teeth straightening) in Dhaka?,AlexGaming666,7,0,2022-07-30 20:03:20,bangladesh,0.1,0.4,neutral,neutral,"Housing/Real Estate, Technology/Gadgets"
"Bangladesh's lone aviation univ prioritizes research, development",MQ-9Drone,4,0,2022-07-28 23:45:30,bangladesh,0.12419556677890015,0.41572126022126016,positive,joy,"Housing/Real Estate, Technology/Gadgets, Education/Career, Shopping/Commerce, Travel/Transportation, Sports/Recreation, Politics/Government, Infrastructure/Urban"
Going to the barber to get a haircut is a nightmare in this country,tazvedr45,1,13,2022-07-06 02:07:20,bangladesh,-0.07618861024033438,0.5393698255767221,neutral,joy,"Technology/Gadgets, Sports/Recreation"
"Bangladesh's lone aviation univ prioritises research, development",MQ-9Drone,3,2,2022-04-28 05:45:21,bangladesh,0.12634994172494177,0.4152769730269729,positive,joy,"Housing/Real Estate, Technology/Gadgets, Education/Career, Shopping/Commerce, Travel/Transportation, Sports/Recreation, Politics/Government, Infrastructure/Urban"
Location tejgaon Dhaka Bangladesh,nazmul_hasan,2,1,2022-04-05 14:16:12,bangladesh,0.0,0.0,neutral,neutral,Housing/Real Estate
Date,h1tler_feet,5,23,2022-02-24 00:35:11,bangladesh,0.3,0.2,positive,neutral,Food/Dining
Did we actually hang the Rajakars responsible for '71,NeverG1veUp1000,0,20,2022-02-07 21:46:30,bangladesh,0.05513392857142857,0.40860615079365076,neutral,surprise,"Technology/Gadgets, Education/Career, Travel/Transportation, Politics/Government, Infrastructure/Urban"
"Kittens for Adoption, i live in Puran Dhaka if you or someone you know wanna adopt a Kitten, contact me.",MonkeyDJas,58,13,2022-01-07 16:08:27,bangladesh,0.0,0.0,neutral,neutral,Housing/Real Estate
"Fireworks, Lalmatia",TahsinTariq,16,2,2022-01-01 15:10:09,bangladesh,0.0,0.0,neutral,neutral,Education/Career
This lifespring guy is sus,Animus_Ex_Machina,13,18,2021-12-30 08:31:33,bangladesh,0.029472606246799784,0.5126088069636456,neutral,anger,"Housing/Real Estate, Technology/Gadgets, Education/Career, Health/Medical, Shopping/Commerce, Travel/Transportation, Sports/Recreation, Infrastructure/Urban"
"Shadhinota shombho - right beside shahbag, everyone should visit! Historical place, i love the open and green space!",yasserius,27,5,2021-12-29 19:47:53,bangladesh,0.0,0.0,neutral,neutral,"Travel/Transportation, Relationships/Social"
Best leather jacket in the Dhaka,Niloyrans,7,7,2021-12-08 07:22:29,bangladesh,-0.08285714285714287,0.2204761904761905,neutral,neutral,"Housing/Real Estate, Food/Dining, Shopping/Commerce, Infrastructure/Urban"
Where can i buy red bull in dhaka?,nunubaka,0,1,2021-11-25 20:36:23,bangladesh,0.1,0.4,neutral,neutral,"Housing/Real Estate, Shopping/Commerce"
Suggestions for a Puran Dhaka visit,Rabbul_K96,6,6,2021-11-21 23:07:10,bangladesh,0.12625,0.485625,positive,neutral,"Housing/Real Estate, Food/Dining, Travel/Transportation"
Living alone at Dhanmondi,kebz1234,9,8,2021-10-10 00:17:26,bangladesh,0.17724867724867724,0.4978835978835979,positive,joy,"Housing/Real Estate, Education/Career, Shopping/Commerce"
Foreign Student Questions,rutnafar,30,21,2021-10-06 20:49:20,bangladesh,0.08427128427128427,0.4827380952380953,neutral,joy,"Housing/Real Estate, Technology/Gadgets, Education/Career, Health/Medical, Infrastructure/Urban"
Where Can I Attest Some documents in Dhaka?,RED818,1,5,2021-09-14 20:03:48,bangladesh,0.0,0.0,neutral,neutral,"Housing/Real Estate, Education/Career, Health/Medical"
"Without mentioning age or date of birth, how old are you?",ParityBit0110011,27,54,2021-07-16 13:09:59,bangladesh,0.5,0.5,positive,neutral,General
Moghbazar explosion: Fire service DG primarily suspecting gas leakage,babushka,8,1,2021-06-28 02:16:24,bangladesh,0.0,0.0,neutral,neutral,General
"6:35 pm, 18/05/2021, Malibagh ,Dhaka; ""গোধুলিতে ঢাকা, ঢাকা""",saikoopath,21,5,2021-05-18 18:53:28,bangladesh,0.0,0.0,neutral,neutral,Housing/Real Estate
Garments workers clash with police at Tejgaon after police fires bullets and tear gas shells at the workers' movement in demand of arrears of salaries and bonuses; 8 workers severely injured from firing,sheikhnews,129,18,2021-03-18 20:11:57,bangladesh,0.0,0.0,neutral,neutral,"Education/Career, Politics/Government"
How did the current regime manage to stay in power for so long?,susmithhh,6,4,2021-03-04 01:20:01,bangladesh,0.10023472695886486,0.4697047843599568,positive,joy,"Housing/Real Estate, Technology/Gadgets, Education/Career, Food/Dining, Shopping/Commerce, Relationships/Social, Sports/Recreation, Politics/Government, Infrastructure/Urban"
"Tomb of Pari Bibi, Lalbagh Kella, Puran Dhaka, Bangladesh",InterestingBD,150,6,2021-01-17 12:32:11,bangladesh,0.0,0.0,neutral,neutral,Housing/Real Estate
"Happy Victory Day, Bangladesh! This is Minan, vice-principal of Magnolia International School, Malibagh. The photo was taken by Shahadat Parvez, on 23rd March 2007, near Dhaka University.",mohiemen,90,2,2020-12-16 16:01:15,bangladesh,0.0,0.0,neutral,neutral,"Housing/Real Estate, Technology/Gadgets, Education/Career"
Puran Dhaka,azeltrak,91,4,2020-11-24 14:46:58,bangladesh,0.0,0.0,neutral,neutral,Housing/Real Estate
Join the Dhaka-Noakhali long march against rape and the culture of impunity in Bangladesh. It will start today morning sharp at 9:30 from Shahbag and end tomorrow in Noakhali. Hope to see you there.,jamaljcd,65,2,2020-10-16 06:39:38,bangladesh,0.0,0.0,neutral,neutral,"Housing/Real Estate, Technology/Gadgets"
Mass protests against Noakhali gang rape in Shahbag.,jamaljcd,21,2,2020-10-05 16:24:23,bangladesh,0.0,0.0,neutral,neutral,"Technology/Gadgets, Politics/Government"
"Are there any good boxing gyms near Mohammadpur, Lalmatia, Dhanmondi or Badda?",DeFancyKebab,2,0,2020-09-19 19:43:08,bangladesh,0.0,0.0,neutral,neutral,General
Have any of you radically changed your political views since childhood?,bgd_guy,9,31,2020-09-11 13:00:38,bangladesh,0.09335851571268237,0.43340059323392666,neutral,anger,"Housing/Real Estate, Technology/Gadgets, Education/Career, Food/Dining, Shopping/Commerce, Travel/Transportation, Relationships/Social, Sports/Recreation, Politics/Government, Infrastructure/Urban"
What is wrong with the laptop market?,RED818,8,2,2020-09-03 01:33:32,bangladesh,0.145,0.24,positive,neutral,"Technology/Gadgets, Shopping/Commerce, Travel/Transportation, Infrastructure/Urban"
"Are there any boxing gyms, or mma gyms near Badda, Mohammadpur or Lalmatia that is willing to teach a 15 year old boy, 5'7.5 in height and 63 kg.",DeFancyKebab,0,0,2020-08-21 14:06:45,bangladesh,0.0,0.0,neutral,neutral,General
Why is Awami League appeasing Hefazat-e-Islam?,bgd_guy,20,17,2020-07-30 21:09:43,bangladesh,0.06319444444444443,0.4020833333333333,neutral,anger,"Technology/Gadgets, Education/Career, Health/Medical, Shopping/Commerce, Sports/Recreation, Politics/Government, Infrastructure/Urban"
How to negotiate with Apartment developers ?,sfsoak,11,6,2020-07-16 19:07:32,bangladesh,0.25,0.7,positive,neutral,"Housing/Real Estate, Technology/Gadgets"
"Bashundhara to turn 4 convention centres into 5,000 bed hospital",rambobilai,19,1,2020-03-30 02:12:37,bangladesh,0.0,0.0,neutral,neutral,Health/Medical
"Foods to taste in Puran Dhaka, need suggestions",warhammer327,2,2,2020-02-20 21:09:13,bangladesh,0.2,0.2,positive,neutral,"Housing/Real Estate, Technology/Gadgets, Food/Dining, Travel/Transportation"
Moghbazar Road,takubaba,3,0,2019-08-22 22:15:41,bangladesh,0.0,0.0,neutral,neutral,Infrastructure/Urban
Bashundhara City Shopping Complex decorated for Pohela Boishakh,minhazTechy,79,5,2019-04-23 11:32:54,bangladesh,0.0,0.0,neutral,neutral,"Shopping/Commerce, Infrastructure/Urban"
Puran Dhaka from the Sky ! My first Time in the bustling historical part of Dhaka,FMItv,5,0,2019-04-21 20:07:08,bangladesh,0.0,0.0,neutral,neutral,"Housing/Real Estate, Travel/Transportation"
"Today at Bashundhara R/A. Another road accident, Another life gone.",hellcat_010,9,3,2019-03-19 14:34:18,bangladesh,0.0,0.0,neutral,neutral,Infrastructure/Urban
Live facebook feed - Clashes at bashundhara,Suvtropics,8,5,2018-08-06 15:18:32,bangladesh,0.0,0.0,neutral,neutral,Housing/Real Estate
Bangladesh needs help,asmrabbi,1,1,2018-08-05 13:55:09,bangladesh,-0.75,1.0,negative,neutral,"Housing/Real Estate, Technology/Gadgets"
"The Urban Study Group, made up of architects and local volunteers, are fighting to preserve the historic fabric of Puran Dhaka",rambobilai,3,1,2018-03-19 22:04:41,bangladesh,0.0,0.0,neutral,neutral,"Housing/Real Estate, Education/Career, Infrastructure/Urban"
Specialised fish market opened in Jatrabari,takubaba,3,0,2017-12-30 18:12:28,bangladesh,0.0,0.0,neutral,neutral,Shopping/Commerce
Relief Work for Flood victims,rambobilai,11,7,2017-08-18 22:33:05,bangladesh,0.02261904761904762,0.2690476190476191,neutral,neutral,"Housing/Real Estate, Technology/Gadgets, Education/Career, Food/Dining, Health/Medical, Relationships/Social, Sports/Recreation, Infrastructure/Urban"
Japan honours Bangladeshi ex-air chief for 1977 Tejgaon airport kidnapping negotiations,takubaba,10,0,2017-05-01 22:39:43,bangladesh,0.0,0.0,neutral,neutral,"Technology/Gadgets, Travel/Transportation"
2017 Bashundhara Bangladesh Open preview interview - Sidduker Rahman,takubaba,2,0,2017-02-01 03:42:40,bangladesh,0.0,0.0,neutral,neutral,Education/Career
Moghbazar-Mouchak Flyover opened to traffic,takubaba,6,7,2016-09-16 08:28:29,bangladesh,0.0,0.0,neutral,neutral,Infrastructure/Urban
Smoke still coming out of Bashundhara City shopping complex,thebadconsultant,4,2,2016-08-21 15:56:43,bangladesh,0.0,0.0,neutral,neutral,"Shopping/Commerce, Infrastructure/Urban"
[Politics] Annisul Huq wanted to shift Karwan Bazaar to Jatrabari &amp; Gabtoli for months?,pani-hoi-jol,3,1,2016-05-02 11:55:02,bangladesh,-0.13125,0.7409722222222221,negative,neutral,"Technology/Gadgets, Food/Dining, Shopping/Commerce, Politics/Government, Infrastructure/Urban"
Khaleda charged with Jatrabari arson attack,rmuktader,2,0,2015-05-06 22:30:56,bangladesh,0.0,0.0,neutral,neutral,General
First Bangladeshi student at NYU Tisch Film School makes short film on Shahbag and the liberation war.,rambobilai,3,0,2013-12-17 20:34:41,bangladesh,0.0,0.0,neutral,neutral,Education/Career
Blood donation required for wounded in Savar.,rambobilai,10,0,2013-04-24 17:43:04,bangladesh,0.0022642390289449124,0.32775443510737623,neutral,joy,"Housing/Real Estate, Technology/Gadgets, Education/Career, Food/Dining, Health/Medical, Relationships/Social, Sports/Recreation, Politics/Government, Infrastructure/Urban"
24 hours @ Shahbag (time lapse),rambobilai,6,0,2013-02-27 23:33:57,bangladesh,0.0,0.0,neutral,neutral,General
Shahbag Movement - The Expatriate Perspective,rambobilai,2,0,2013-02-12 21:23:38,bangladesh,0.0,0.0,neutral,neutral,General
Please Help Me Regarding Sunglasses!!,SpinachDesigner3346,1,4,2025-11-19 16:37:38,dhaka,0.06818181818181818,0.75,neutral,neutral,"Housing/Real Estate, Food/Dining, Shopping/Commerce"
"Dear Shahbagis, you can seek justice and still achieve a death sentence.",ahmad_musaffa,0,49,2025-11-17 15:40:02,dhaka,0.3428571428571428,0.5380952380952381,positive,neutral,"Technology/Gadgets, Food/Dining"
Early morning GOOD breakfast spot at JamunaxBashundhara gate.,NeighborhoodCute6742,2,5,2025-11-16 01:18:08,dhaka,0.475,0.275,positive,joy,"Technology/Gadgets, Food/Dining"
Place to stay for 2 months Bashundhara R/A,dark_98_rider,5,2,2025-11-14 12:59:33,dhaka,-0.25625,0.5979166666666667,negative,neutral,Housing/Real Estate
Looking for a gym,Apprehensive-Comb365,5,9,2025-11-14 04:23:16,dhaka,0.16227272727272726,0.44000000000000006,positive,joy,"Housing/Real Estate, Relationships/Social, Infrastructure/Urban"
Anybody interested to watch Demon Slayer or Chainsaw Man??,Apprehensive-Comb365,2,5,2025-11-13 23:34:38,dhaka,0.26748934659090906,0.4375,positive,neutral,"Housing/Real Estate, Technology/Gadgets"
Best AFFORDABLE gym in Bashundhara?,m0sala,3,8,2025-11-12 14:53:50,dhaka,0.0,0.0,neutral,neutral,General
Best pizza place near bashundhara,Active-Importance937,1,3,2025-11-09 20:10:31,dhaka,0.39166666666666666,0.5,positive,joy,Relationships/Social
Bashundhara?,Kurou-Mamonogatari,251,21,2025-11-08 16:59:20,dhaka,0.0,0.0,neutral,neutral,General
Studio Apartments for rent in Banani or Bashundhara,AbbreviationsKey8859,1,0,2025-11-07 23:47:02,dhaka,0.0,0.0,neutral,neutral,Housing/Real Estate
Studio Apartment for Rent in Banani or Bashundhara,AbbreviationsKey8859,2,2,2025-11-07 23:17:01,dhaka,0.0,0.0,neutral,neutral,Housing/Real Estate
What should I do about my stammering?(Totlami),kindred_eldtrich,1,2,2025-11-06 18:40:03,dhaka,-0.0701837158203125,0.5125000000000001,neutral,anger,"Technology/Gadgets, Health/Medical, Travel/Transportation, Relationships/Social"
Which hotel should i stay at in Bashundhara?,sanelde_senior,2,19,2025-11-06 04:43:13,dhaka,0.07142857142857142,0.4571428571428572,neutral,trust,"Housing/Real Estate, Travel/Transportation, Sports/Recreation"
This is a Dhaka Nostalgia post,Mishti_dooi,36,30,2025-11-06 01:05:30,dhaka,0.16726190476190478,0.5863095238095237,positive,joy,"Housing/Real Estate, Technology/Gadgets, Food/Dining, Sports/Recreation, Infrastructure/Urban"
Information needed,Every_Push_5326,4,4,2025-11-05 01:20:13,dhaka,0.08125,0.4479166666666667,neutral,neutral,"Housing/Real Estate, Technology/Gadgets, Shopping/Commerce"
Car rental in Dhaka,FifqoJeGay,2,1,2025-11-04 14:07:15,dhaka,0.38749999999999996,0.425,positive,joy,"Housing/Real Estate, Travel/Transportation"
"Hello, i want to learn how to swim, where can i learn how to swim in Bashundhara or Gulshan?",steezyguac,6,12,2025-11-03 14:21:16,dhaka,0.375,0.5,positive,neutral,Relationships/Social
Phone got stolen,ActOk8589,2,5,2025-11-03 06:33:08,dhaka,0.09973544973544973,0.46038359788359795,neutral,neutral,"Housing/Real Estate, Technology/Gadgets, Politics/Government"
A0 size printing place in or near Dhanmondi,Ashik80,5,9,2025-11-02 16:30:30,dhaka,-0.02987012987012987,0.5457142857142857,neutral,neutral,"Housing/Real Estate, Education/Career, Relationships/Social"
Gym equipment shop near Bashundhara.,Tomat0_Lover,4,2,2025-11-02 15:41:09,dhaka,0.1,0.4,neutral,neutral,Shopping/Commerce
Co-working space near Bashundhara RA?,EasternDog5265,2,0,2025-11-02 13:16:07,dhaka,0.1,0.4,neutral,neutral,"Housing/Real Estate, Education/Career, Food/Dining"
Anyone studied in Mahanagar ideal school back in kindergarten?,chronicallyeepyetc,2,0,2025-11-02 09:14:06,dhaka,0.24583333333333335,0.6555555555555556,positive,neutral,"Technology/Gadgets, Education/Career, Relationships/Social, Sports/Recreation"
Stolen Iphone,Prettybatw,3,1,2025-10-31 01:38:14,dhaka,0.4,0.55,positive,joy,"Housing/Real Estate, Technology/Gadgets, Relationships/Social"
"[Offering Physics, Chemistry &amp; Math Coaching | Khilgaon Area | Need Some Guidance 🙌]",shourid44,3,0,2025-10-30 19:31:16,dhaka,0.25625,0.5477678571428571,positive,joy,"Housing/Real Estate, Technology/Gadgets, Education/Career, Relationships/Social"
Need suggestions for a good chair (around 15k BDT),Disastrous_Record554,5,8,2025-10-27 23:49:03,dhaka,0.08522727272727273,0.3479256854256854,neutral,joy,"Technology/Gadgets, Education/Career, Shopping/Commerce, Relationships/Social, Sports/Recreation"
Couple friendly location,No_Inspector6625,0,11,2025-10-27 21:35:52,dhaka,0.1,0.4,neutral,neutral,"Technology/Gadgets, Relationships/Social, Infrastructure/Urban"
Internet connection,Physical_Biscotti257,2,4,2025-10-25 18:54:31,dhaka,1.0,0.3,positive,neutral,"Technology/Gadgets, Sports/Recreation"
IGCSE/IELTS students in bangladesh,Natural-Resist7920,2,2,2025-10-25 11:32:04,dhaka,-0.08333333333333333,0.6666666666666666,neutral,neutral,"Housing/Real Estate, Technology/Gadgets, Education/Career"
"Looking for a quiet place to study, preferably a café or library near Bashundhara R/A.",ais_21,3,1,2025-10-25 08:43:17,dhaka,0.24500000000000002,0.47833333333333333,positive,joy,"Technology/Gadgets, Education/Career, Travel/Transportation, Relationships/Social"
Is it safe to travel alone to Keraniganj near Ati Bazar in the evening to meet my girlfriend,ResponsibleFudge8955,3,5,2025-10-25 02:57:25,dhaka,0.06686868686868687,0.5433333333333333,neutral,fear,"Housing/Real Estate, Technology/Gadgets, Travel/Transportation, Relationships/Social"
MacBook Pro M1 kernel panic  need trusted MAC  repair/service in Dhaka that won’t rob me blind,Few-Writing-3970,3,1,2025-10-25 00:35:32,dhaka,0.15000000000000002,0.375,positive,fear,"Housing/Real Estate, Technology/Gadgets, Shopping/Commerce"
Where can I fix my Iphone 13 pro max green display issue?,monkthatwiz,1,6,2025-10-24 12:11:14,dhaka,0.07142857142857142,0.24642857142857144,neutral,joy,"Technology/Gadgets, Relationships/Social, Sports/Recreation"
CSL Training Feedback,anonymous4008,1,0,2025-10-22 11:45:40,dhaka,0.6,0.8500000000000001,positive,neutral,"Technology/Gadgets, Education/Career, Travel/Transportation"
Best Isp in puran dhaka?,mujahidul_islam,1,2,2025-10-22 01:54:12,dhaka,0.1,0.4,neutral,neutral,Housing/Real Estate
Food places in Bashundhara RA,Sam_Rohan,3,4,2025-10-21 04:39:33,dhaka,0.1962121212121212,0.34431818181818186,positive,neutral,"Technology/Gadgets, Food/Dining, Sports/Recreation, Infrastructure/Urban"
Earthquake survival plan,Deshimockingbird,13,20,2025-10-20 07:16:12,dhaka,0.006163194444444443,0.580654761904762,neutral,trust,"Housing/Real Estate, Technology/Gadgets, Food/Dining, Health/Medical, Infrastructure/Urban"
Need a Maths (hsc) tutor in Bashundhara R/A,No-Sundae7503,1,1,2025-10-16 23:03:44,dhaka,0.2041666666666667,0.43472222222222223,positive,neutral,"Housing/Real Estate, Education/Career"
Help post,Artistic-Factor-8000,1,0,2025-10-16 17:09:03,dhaka,-0.07272727272727274,0.4606060606060606,neutral,neutral,"Housing/Real Estate, Technology/Gadgets, Education/Career"
Help Regarding Research Paper Writing &amp; Publication,Least-Champion-9012,1,2,2025-10-15 14:10:51,dhaka,0.11544117647058824,0.44642156862745097,positive,neutral,"Technology/Gadgets, Education/Career, Shopping/Commerce, Travel/Transportation, Infrastructure/Urban"
Hotels in Moghbazar around 600-700 BDT ?,cum_sprayer_007,1,3,2025-10-15 01:59:45,dhaka,0.0875,0.3,neutral,neutral,"Housing/Real Estate, Food/Dining, Relationships/Social"
Looking for a good coaching centre in Khilgaon (Class 11–12 Commerce),Flashy-Carpet5995,2,1,2025-10-12 22:11:00,dhaka,0.4694444444444444,0.538888888888889,positive,joy,"Technology/Gadgets, Education/Career, Travel/Transportation"
A surprise for Mom,bluemasterplayz,48,49,2025-10-11 16:25:15,dhaka,0.08581632653061225,0.5516156462585033,neutral,neutral,"Technology/Gadgets, Shopping/Commerce, Relationships/Social, Infrastructure/Urban"
Is it safe for a girl to watch a movie alone in Bashundhara Cineplex?,Pleasant_Ad1655,34,56,2025-10-11 15:29:33,dhaka,0.17250000000000001,0.44000000000000006,positive,fear,"Food/Dining, Travel/Transportation, Relationships/Social"
Jumuah times around Dhaka,62139,1,11,2025-10-10 15:52:09,dhaka,0.0,0.06666666666666667,neutral,neutral,Housing/Real Estate
Help on booking a hotel near Basundhara.,Content_Confidence62,0,7,2025-10-06 19:32:24,dhaka,0.050378787878787884,0.35104166666666664,neutral,neutral,"Housing/Real Estate, Technology/Gadgets, Infrastructure/Urban"
To buy 3+ bedroom apartment in Bashundhara R/A,dark_98_rider,2,0,2025-10-06 04:30:28,dhaka,0.20000000000000004,0.5,positive,neutral,"Housing/Real Estate, Education/Career, Shopping/Commerce"
Driving training school,Toru_wata_nabe,1,1,2025-10-06 00:30:08,dhaka,0.0,0.0,neutral,neutral,"Technology/Gadgets, Education/Career, Travel/Transportation"
Beauty salon,msbunny45,3,1,2025-10-05 01:21:13,dhaka,0.16666666666666666,0.24166666666666667,positive,neutral,Technology/Gadgets
Dark Restaurants in Dhaka,Banger_4542,0,10,2025-10-04 22:52:45,dhaka,0.25,0.39999999999999997,positive,joy,"Housing/Real Estate, Technology/Gadgets, Food/Dining, Infrastructure/Urban"
Moving in With my Wife,Frosty_Dingo5067,47,41,2025-10-04 18:50:37,dhaka,0.15808080808080807,0.5838383838383838,positive,neutral,"Housing/Real Estate, Education/Career, Relationships/Social"
Any animal rescuers/vets here??,Beautiful_Basil2954,4,4,2025-10-04 12:08:15,dhaka,-0.024188311688311696,0.6982142857142856,neutral,sadness,"Housing/Real Estate, Technology/Gadgets, Food/Dining, Sports/Recreation"
Wifi Company,inthelenseofsamaira,3,3,2025-10-04 00:23:24,dhaka,0.4119999999999999,0.508,positive,joy,"Education/Career, Sports/Recreation"
Suggest me a good Eyewear Shop,chyon47,4,9,2025-10-02 16:22:13,dhaka,0.11948051948051948,0.3720779220779221,positive,joy,Shopping/Commerce
Can you suggest me the best ISP (Internet Service Provider) in Dhaka,Mindless_Rest_9284,2,9,2025-10-01 16:03:35,dhaka,0.13308080808080808,0.35805555555555557,positive,trust,"Housing/Real Estate, Technology/Gadgets, Education/Career"
"Mazeda or Circle, best isp in khilgaon area",Soft_Bodybuilder1709,1,2,2025-10-01 12:48:42,dhaka,0.0,0.0,neutral,neutral,General
Which ISP customer service and line is better in Bashundhara?,Throat_Secret,1,0,2025-09-30 22:27:58,dhaka,0.5,0.5,positive,neutral,General
Looking for private spots for couples in Dhaka,Wooden_Ad2367,1,0,2025-09-29 14:19:59,dhaka,0.1,0.53125,neutral,neutral,"Housing/Real Estate, Food/Dining, Relationships/Social"
Has anyone heard of this restaurant?,Striker_5924,13,8,2025-09-28 04:12:32,dhaka,0.19999999999999998,0.6999999999999998,positive,joy,"Food/Dining, Travel/Transportation, Relationships/Social, Sports/Recreation"
Need some comfy office/ gaming chair recommendation,Fun_Blackberry_864,2,1,2025-09-27 16:51:19,dhaka,0.0,0.0,neutral,neutral,Technology/Gadgets
FAMOUS FOOD IN PURAN DHAKA,OrphicStone,2,4,2025-09-26 22:15:47,dhaka,0.3333333333333333,1.0,positive,neutral,"Housing/Real Estate, Food/Dining"
How far the perception for Mirpur has changed especially after metro as of 2025 ?,Own-Procedure-637,4,19,2025-09-24 23:18:02,dhaka,-0.07045454545454545,0.575,neutral,anger,"Housing/Real Estate, Food/Dining, Sports/Recreation, Infrastructure/Urban"
Studio Apartment in Dhanmondi or Bashundhara.,glooshieslooshie69,2,9,2025-09-23 14:56:07,dhaka,-0.030357142857142846,0.19107142857142856,neutral,neutral,Housing/Real Estate
Guitar Repair places,pea_tea2106,2,5,2025-09-23 13:53:52,dhaka,0.0,0.1375,neutral,neutral,"Technology/Gadgets, Shopping/Commerce"
Which college should I go,zalepen0,6,7,2025-09-19 02:17:16,dhaka,0.12333333333333334,0.2866666666666667,positive,neutral,"Housing/Real Estate, Technology/Gadgets, Education/Career"
Swimming Clubs in Dhaka for learning,ComfortableBright638,3,0,2025-09-18 00:52:47,dhaka,0.44166666666666665,0.6000000000000001,positive,joy,Housing/Real Estate
Living and working in BD with a full-sleeve tattoo and broader sociopolitical implications (just my opinionated two cents really)...,Real-ErenYeager,37,40,2025-09-16 16:29:22,dhaka,0.11647123557984215,0.4353230633968341,positive,joy,"Housing/Real Estate, Technology/Gadgets, Education/Career, Food/Dining, Health/Medical, Travel/Transportation, Relationships/Social, Sports/Recreation, Politics/Government, Infrastructure/Urban"
Desperate Dad in Dhaka Seeking Job and Urgent Help – Father of Two Little Girls Facing Eviction and Power Cutoff,sunny_sun92,205,71,2025-09-14 14:11:06,dhaka,0.13331280788177338,0.4070710180623973,positive,joy,"Housing/Real Estate, Technology/Gadgets, Education/Career, Food/Dining, Shopping/Commerce, Travel/Transportation, Relationships/Social, Sports/Recreation, Politics/Government, Infrastructure/Urban"
Looking for honest ISP reviews in Tejgaon East Nakhalpara – worth switching from Carnival?,Proud-Thanks-9208,1,0,2025-09-13 11:56:15,dhaka,0.11604938271604939,0.39320987654320994,positive,neutral,"Housing/Real Estate, Technology/Gadgets"
People in Bashundhara R/A,After_Foundation_997,3,5,2025-09-12 01:41:51,dhaka,0.19047619047619047,0.4176190476190476,positive,trust,"Education/Career, Health/Medical, Shopping/Commerce, Relationships/Social, Sports/Recreation"
Flat rent near khilgaon or basabo,ethanography,2,2,2025-09-12 00:49:33,dhaka,0.09791666666666667,0.4375,neutral,neutral,Housing/Real Estate
Looking to teach for Nsu Admission Test.,GrapeJUICE101,1,0,2025-09-10 23:18:23,dhaka,0.4,0.4,positive,neutral,"Technology/Gadgets, Education/Career"
Jatrabari to Gulshan/Banani by bus,FamousLunch2776,2,3,2025-09-10 10:12:12,dhaka,0.11212121212121212,0.21818181818181817,positive,neutral,"Housing/Real Estate, Travel/Transportation"
Looking for a aesthetic cafe near jfp or around bashundhara,Flat-Summer-4438,3,1,2025-09-06 22:48:24,dhaka,0.475,0.45,positive,joy,"Food/Dining, Shopping/Commerce"
MY GF IS VISITING ME,Serious_Tension_3500,0,20,2025-09-04 01:16:12,dhaka,0.7,0.6000000000000001,positive,joy,"Travel/Transportation, Relationships/Social"
What’s the one place in this city that feels a little less insufferable to you?,Numerous-Laugh1040,17,14,2025-09-03 16:09:01,dhaka,-0.06302083333333333,0.35833333333333334,neutral,neutral,"Housing/Real Estate, Infrastructure/Urban"
Looking for a room to rent,AbyssRanger007,2,4,2025-09-01 22:21:27,dhaka,0.24848484848484848,0.5546296296296297,positive,trust,"Housing/Real Estate, Technology/Gadgets, Education/Career, Travel/Transportation, Infrastructure/Urban"
iPhone 12 Pro upgrade – price idea &amp; shop recommendations,Intelligent-Delay-95,2,0,2025-08-31 11:35:16,dhaka,0.17500000000000002,0.4083333333333334,positive,neutral,"Housing/Real Estate, Technology/Gadgets, Health/Medical, Shopping/Commerce, Infrastructure/Urban"
Puran Dhaka,Alarmed-Sun4941,8,5,2025-08-30 21:44:01,dhaka,0.24375,0.78125,positive,neutral,"Housing/Real Estate, Food/Dining, Travel/Transportation"
How to get meds without prescription?,Fabulous-Fly8174,0,12,2025-08-30 11:27:33,dhaka,-0.35,0.55,negative,neutral,General
Anyone to hangout or coffee adda,dark_couple_bd,3,1,2025-08-30 10:58:01,dhaka,-0.15,0.55,negative,neutral,"Food/Dining, Relationships/Social"
"Rant: Bashundhara R/A is an absolutely horrendous neighborhood. Why is it so ""hyped""?",throwlol134,111,71,2025-08-26 16:17:03,dhaka,-0.061954146177447135,0.5114827190069908,neutral,joy,"Housing/Real Estate, Technology/Gadgets, Education/Career, Food/Dining, Health/Medical, Shopping/Commerce, Travel/Transportation, Sports/Recreation, Infrastructure/Urban"
SELLING FLAT!!!!!!!!!,megatonowo,0,13,2025-08-24 12:16:48,dhaka,0.0,0.0,neutral,neutral,"Housing/Real Estate, Shopping/Commerce, Politics/Government"
Looking for study cafés in khilgaon,odhorah,1,0,2025-08-23 18:54:52,dhaka,0.25,0.275,positive,neutral,"Housing/Real Estate, Education/Career"
Cool lit coffees,badfaroosh,5,0,2025-08-22 12:31:54,dhaka,0.3,0.525,positive,joy,"Food/Dining, Shopping/Commerce"
Struggling Dad Begging for Help: Seeking Job Opportunities,sunny_sun92,215,68,2025-08-20 09:12:50,dhaka,0.11527777777777778,0.48055555555555557,positive,trust,"Housing/Real Estate, Technology/Gadgets, Education/Career, Food/Dining, Relationships/Social, Sports/Recreation, Politics/Government"
Surprised at how much Tejgaon has changed,Dhakaiya91,187,21,2025-08-16 23:21:07,dhaka,0.0,0.0,neutral,neutral,General
"How to know whether unofficial android phone is new or unused, and suggest some best reliable shops from where I can buy my new android phone",tarkesman,1,0,2025-08-16 20:30:04,dhaka,0.6,0.9,positive,trust,"Housing/Real Estate, Technology/Gadgets, Shopping/Commerce"
Any buses running from Dhanmondi to Rampura or Gulshan?,MisterPotato437,1,3,2025-08-16 17:42:22,dhaka,0.0,0.0,neutral,neutral,Travel/Transportation
Looking for a good dermatologist around Shantinagar/Malibagh,machinegunnedburger,3,5,2025-08-15 22:15:36,dhaka,0.0,0.0,neutral,neutral,General
Best Budget-Friendly Gym in Bashundhara R/A ?,EngineWinter9286,1,2,2025-08-15 14:16:06,dhaka,0.31706349206349205,0.3298840048840049,positive,neutral,"Education/Career, Relationships/Social"
Need a Reliable Human to Make Your Life Easier? I’m Your Guy.,psycho_sif,4,18,2025-08-15 00:03:03,dhaka,0.09304315476190478,0.413764880952381,neutral,sadness,"Housing/Real Estate, Technology/Gadgets, Shopping/Commerce, Travel/Transportation, Infrastructure/Urban"
Trsuted Shop for buying phone 📱,moreintoFling,2,16,2025-08-10 19:11:54,dhaka,-0.033459595959595974,0.35467171717171714,neutral,neutral,"Technology/Gadgets, Shopping/Commerce"
Please Help,Forward_Leather_5733,2,2,2025-08-09 00:33:12,dhaka,0.125,0.33749999999999997,positive,neutral,"Technology/Gadgets, Shopping/Commerce"
Had a tough time on the metro today,Puzzleheaded-Hat6548,14,25,2025-08-07 15:51:42,dhaka,-0.43333333333333335,0.5666666666666668,negative,neutral,"Technology/Gadgets, Food/Dining, Infrastructure/Urban"
Would you rather buy clothes from local market or look for brands?,wastedwashingmachine,5,20,2025-08-07 08:53:15,dhaka,-0.074,0.422,neutral,neutral,Shopping/Commerce
Looking for libaray for study near Govt . science college tejgaon,Glum-Leg-4174,1,0,2025-08-06 17:21:12,dhaka,0.1,0.4,neutral,neutral,"Education/Career, Relationships/Social"
"Post SSC student, need advice.",ComfortableRoll9178,2,20,2025-08-04 20:04:35,dhaka,0.0072823010323010435,0.5125374625374625,neutral,anger,"Housing/Real Estate, Technology/Gadgets, Education/Career"
"Tough decisions to make, need guidance.",ComfortableRoll9178,1,3,2025-08-04 20:02:18,dhaka,0.0072823010323010435,0.5125374625374625,neutral,anger,"Housing/Real Estate, Technology/Gadgets, Education/Career"
Suggest some hotels in puran Dhaka,zhmldhk,1,5,2025-08-04 19:26:34,dhaka,0.05,0.4083333333333333,neutral,anger,Housing/Real Estate
Is iub a good uni? (Doing bba),8ushch,8,20,2025-08-03 23:10:58,dhaka,0.09292929292929292,0.3703703703703704,neutral,joy,"Housing/Real Estate, Technology/Gadgets, Education/Career, Infrastructure/Urban"
Is investing in real estate in Dhaka worth it?,Odd-Departure-440,8,17,2025-08-03 02:57:00,dhaka,0.15302197802197803,0.2826923076923077,positive,neutral,"Housing/Real Estate, Technology/Gadgets, Education/Career, Shopping/Commerce, Travel/Transportation, Relationships/Social"
Where can I find water flosser shop?,Wild-Advantage4953,3,0,2025-07-29 19:26:46,dhaka,0.11607142857142858,0.4732142857142857,positive,neutral,"Housing/Real Estate, Shopping/Commerce"
Is their any place in Dhaka where I can go for a run? I live in Puran Dhaka and every street is filled with shit and litter,Ok_Taro_6601,2,3,2025-07-29 06:29:53,dhaka,0.12329545454545456,0.525,positive,neutral,"Housing/Real Estate, Technology/Gadgets, Education/Career, Food/Dining, Travel/Transportation"
Any students here doing part-time work near Bashundhara? Need guidance!!!,Fit_Alternative_2774,2,8,2025-07-28 05:48:26,dhaka,0.12728070175438597,0.3117543859649123,positive,neutral,"Housing/Real Estate, Technology/Gadgets, Education/Career, Relationships/Social"
Parks for afternoon chilling in Bashundhara R/A,Nix_Gamesss,1,0,2025-07-27 21:58:19,dhaka,0.5,0.6,positive,joy,Relationships/Social
Starting Fresh in Bashundhara — Send Prayers (and Advice)🙃,NoAd9144,5,2,2025-07-27 14:49:31,dhaka,0.21319444444444446,0.49712301587301594,positive,joy,"Housing/Real Estate, Technology/Gadgets, Education/Career, Shopping/Commerce, Relationships/Social, Infrastructure/Urban"
"Help me select college please (SSC 25, GPA 4.78)",It_Laggs,6,4,2025-07-26 20:34:16,dhaka,0.1139542160737813,0.5121739130434783,positive,joy,"Housing/Real Estate, Education/Career, Politics/Government"
Best places to fix headphone,Proper-Sheep,1,5,2025-07-25 17:51:43,dhaka,0.15833333333333333,0.5083333333333333,positive,neutral,"Technology/Gadgets, Education/Career, Shopping/Commerce"
"Looking for Affordable &amp; Quality DTF Printing &amp; Heat Pressing Near Khilgaon, Motijheel, or Malibagh.",Ari_the_pixel_ninja,1,0,2025-07-24 18:11:00,dhaka,0.13787878787878788,0.3484848484848485,positive,joy,"Housing/Real Estate, Technology/Gadgets, Education/Career, Food/Dining, Shopping/Commerce, Travel/Transportation"
Best Place to Buy Second-Hand Phones in Dhaka?,Rafi012,7,4,2025-07-24 13:06:05,dhaka,0.3625,0.4534722222222222,positive,trust,"Housing/Real Estate, Technology/Gadgets, Shopping/Commerce, Infrastructure/Urban"
college suggestions,cheeryybombs,3,2,2025-07-23 22:02:10,dhaka,0.23512396694214874,0.6242424242424243,positive,joy,"Housing/Real Estate, Education/Career, Travel/Transportation"
Where to buy Dumbbells?,machinegunnedburger,2,5,2025-07-19 17:57:42,dhaka,0.4333333333333333,0.5,positive,joy,"Technology/Gadgets, Shopping/Commerce"
Ielts,Realistic_Put_1452,1,4,2025-07-19 13:28:56,dhaka,0.55,0.35,positive,neutral,Housing/Real Estate
"The protesters are throwing rocks, that’s why the coordinator’s forces are ordering to shoot the protesters and dump their bodies. This is exactly how they carried out the Gopalganj massacre.",New_Edge360,3,0,2025-07-19 12:30:26,dhaka,0.022282608695652174,0.369332298136646,neutral,anger,"Housing/Real Estate, Technology/Gadgets, Education/Career, Food/Dining, Shopping/Commerce, Relationships/Social, Sports/Recreation, Politics/Government, Infrastructure/Urban"
Orphaned Kittens in Search for a new home,snakesyle16,19,3,2025-07-17 17:02:43,dhaka,0.06969696969696969,0.34116161616161617,neutral,neutral,"Housing/Real Estate, Food/Dining, Health/Medical, Sports/Recreation"
suggest some cafe/restaurants in khilgaon for private time,Mahmudul_Hasan27,0,7,2025-07-17 02:46:14,dhaka,0.175,0.5125,positive,neutral,Food/Dining
Restaurants/Buffets,Rare-Painting2799,1,1,2025-07-17 01:48:33,dhaka,0.3125,0.45,positive,joy,Food/Dining
Two Orphan Kittens are looking for a Loving Home.,snakesyle16,42,3,2025-07-16 19:48:43,dhaka,0.13030303030303028,0.38560606060606056,positive,joy,"Housing/Real Estate, Food/Dining, Health/Medical, Relationships/Social, Sports/Recreation"
Need information on dumbbells,Anxious-Plankton-570,3,8,2025-07-16 17:43:13,dhaka,0.03333333333333333,0.3666666666666667,neutral,neutral,"Housing/Real Estate, Health/Medical, Shopping/Commerce"
Need Help With Choosing College!,notnonchalantbutyeah,1,9,2025-07-16 11:58:10,dhaka,0.14880952380952378,0.45357142857142857,positive,neutral,"Technology/Gadgets, Education/Career"
Should I take Business administration if I am weak in math?,Emad_341,7,2,2025-07-15 23:18:21,dhaka,0.04258333333333333,0.4390833333333333,neutral,joy,"Housing/Real Estate, Technology/Gadgets, Education/Career, Travel/Transportation, Relationships/Social"
Swimming,KeyAdvice5346,1,5,2025-07-15 18:06:16,dhaka,0.1,0.4,neutral,neutral,General
Kittens Up for Adoption.,snakesyle16,46,12,2025-07-15 17:18:36,dhaka,0.13333333333333333,0.5467948717948719,positive,neutral,"Housing/Real Estate, Food/Dining, Health/Medical, Sports/Recreation"
Best internet provider near Moghbazar / Malibagh?,hrafia,2,3,2025-07-14 13:08:57,dhaka,0.16666666666666666,0.5333333333333333,positive,neutral,Technology/Gadgets
"Is Bangladesh entering a new era or just changing masks? A reflection on recent political shifts. --- 📌 Main Body (মূল লেখা): In the past year, Bangladesh has witnessed significant political turbulence—protests, public outrage, and finally, a historic shift in power. Sheikh Hasina’s long-standi",Longjumping_Ship_253,1,0,2025-07-14 09:28:49,dhaka,0.005410971604153416,0.32726345624072894,neutral,anger,"Housing/Real Estate, Technology/Gadgets, Education/Career, Food/Dining, Sports/Recreation, Politics/Government, Infrastructure/Urban"
Accidentally bought 4 tickets for wrong cinema,Global_Baseball3571,6,7,2025-07-13 15:38:19,dhaka,0.21666666666666667,0.45,positive,neutral,"Technology/Gadgets, Shopping/Commerce"
Need suggestion for a clinic or hospital,zuras76,2,0,2025-07-13 10:03:22,dhaka,-0.28181818181818175,0.5833333333333333,negative,anger,"Housing/Real Estate, Technology/Gadgets, Health/Medical"
Gym Buddy,Popular-Star-7675,2,1,2025-07-13 04:55:40,dhaka,0.1,0.4,neutral,neutral,Education/Career
Dance Lovers of Dhaka - where do you practice?,Agile_Egg_9509,12,18,2025-07-12 20:58:34,dhaka,0.28909090909090907,0.48166666666666663,positive,trust,"Housing/Real Estate, Technology/Gadgets, Relationships/Social"
Don't ignore.,mtinbd,99,52,2025-07-12 15:19:00,dhaka,-0.019026915113871633,0.570248447204969,neutral,joy,"Housing/Real Estate, Technology/Gadgets, Education/Career, Food/Dining, Shopping/Commerce, Travel/Transportation, Relationships/Social"
Safe couple cabin restaurant suggestions needed,Broad_Huckleberry509,1,0,2025-07-10 18:41:06,dhaka,0.45,0.65,positive,neutral,"Housing/Real Estate, Technology/Gadgets, Food/Dining, Relationships/Social, Infrastructure/Urban"
Both hidden gems and famous sites to see in puran Dhaka(Food places also),ifnasss,1,0,2025-07-10 16:31:22,dhaka,0.27395833333333336,0.46875000000000006,positive,joy,"Housing/Real Estate, Food/Dining, Travel/Transportation, Relationships/Social"
Question for IQ users,dest_v18,1,3,2025-07-10 15:21:46,dhaka,0.25,0.25,positive,neutral,Technology/Gadgets
Bashundhara Residential Area- Fuchka - AC,Unhappy-Pop-6002,1,2,2025-07-10 11:17:46,dhaka,0.6,0.8,positive,joy,Technology/Gadgets
Dating spots,Maleficent-Map5805,44,86,2025-07-09 13:10:24,dhaka,0.2548214285714286,0.479702380952381,positive,joy,"Housing/Real Estate, Technology/Gadgets, Food/Dining, Relationships/Social, Sports/Recreation"
Hiji biji,RoyalIce8426,1,9,2025-07-08 19:52:42,dhaka,0.0,0.0,neutral,neutral,General
Where can i learn tennis with a coach?,tahmed7bd,4,2,2025-07-07 23:49:18,dhaka,-0.0062500000000000056,0.4666666666666667,neutral,neutral,"Technology/Gadgets, Travel/Transportation, Relationships/Social"
Perfume Suggestion for Male,carelesssswhisperrrr,13,15,2025-07-06 00:38:28,dhaka,0.31380952380952376,0.5634013605442177,positive,joy,Shopping/Commerce
Where can I find good quality ergonomic/gaming chair in cheap price?,Mikoyane,1,2,2025-07-05 20:49:48,dhaka,0.325,0.45625000000000004,positive,neutral,"Housing/Real Estate, Technology/Gadgets, Shopping/Commerce"
Why I've Changed!,tahmed7bd,7,19,2025-07-04 00:43:53,dhaka,0.45833333333333337,0.5,positive,neutral,Education/Career
Looking for a RESTRICTED FEMALE MASTER BEDROOM in Bashundhara RA from September (with a PET),Specific_Anteater193,1,1,2025-07-03 15:49:41,dhaka,0.0,0.0,neutral,neutral,General
Gold's gym,Ok-Return-5394,1,2,2025-07-03 11:55:25,dhaka,0.0,0.0,neutral,neutral,Infrastructure/Urban
Place recommendation in bashundhara for some private time,Anonymous33698,3,3,2025-07-02 23:59:52,dhaka,0.1875,0.3333333333333333,positive,neutral,Travel/Transportation
I saw a 47-page report from the Crisis Research Center about the torture on police officers. I couldn’t finish it the first day I tried—my head started spinning. পুলিশের উপর নির্যাতন নিয়ে ক্রাইসিস রিসার্চ সেন্টারের একটি ৪৭ পৃষ্ঠার রিপোর্ট দেখেছি। আমি প্রথমদিন দেখতে গিয়ে পুরোটা শেষ করতে পারিনি। মাথা,New_Edge360,2,29,2025-07-02 10:31:58,dhaka,-0.03552384308198263,0.514007517030773,neutral,neutral,"Housing/Real Estate, Technology/Gadgets, Education/Career, Food/Dining, Health/Medical, Sports/Recreation, Politics/Government"
A level Cambridge teacher suggestion in Dhanmondi area,kacchiBiriyaniRocks,1,5,2025-07-01 14:10:13,dhaka,0.48000000000000004,0.72,positive,trust,"Housing/Real Estate, Technology/Gadgets, Infrastructure/Urban"
"News from the 'Shaheed Gazette' of the July – The Sacrifice of the ""Martyrs"" – Part 1,",New_Edge360,0,1,2025-07-01 13:00:38,dhaka,-0.07046857463524131,0.38829365079365075,neutral,sadness,"Housing/Real Estate, Technology/Gadgets, Education/Career, Food/Dining, Health/Medical, Shopping/Commerce, Relationships/Social, Sports/Recreation, Politics/Government, Infrastructure/Urban"
bashundhara RA,No-Back1343,14,13,2025-07-01 00:29:14,dhaka,0.1301948051948052,0.3392857142857143,positive,trust,"Housing/Real Estate, Education/Career, Relationships/Social"
Opening a new coaching center,Opening-Ad4437,2,3,2025-06-29 21:54:32,dhaka,-0.0031250000000000028,0.421875,neutral,neutral,"Housing/Real Estate, Education/Career, Shopping/Commerce"
Which one is better,PRICEFORAND,2,9,2025-06-25 17:42:16,dhaka,0.13636363636363635,0.45454545454545453,positive,neutral,"Technology/Gadgets, Shopping/Commerce"
"PLS HELP URGENT,i am confused abt which phone to buy",little_aesthetic52,2,11,2025-06-23 00:01:24,dhaka,0.00952797202797203,0.4561188811188811,neutral,neutral,"Technology/Gadgets, Shopping/Commerce, Infrastructure/Urban"
"Information regarding delivery man person (flexible- part time, Bashundhara RA)",QBeeTas,1,1,2025-06-21 17:02:55,dhaka,0.06961805555555556,0.44166666666666665,neutral,trust,"Housing/Real Estate, Education/Career, Food/Dining, Shopping/Commerce, Travel/Transportation, Relationships/Social"
Requesting traffic jam recommendation for passing hours of time in rickshaw within puran Dhaka.,Small-Recipe9485,4,10,2025-06-21 09:55:20,dhaka,-0.2,0.1,negative,neutral,"Housing/Real Estate, Relationships/Social, Infrastructure/Urban"
Need Suggestion to find e book reader,Glittering-Tear-8017,1,2,2025-06-19 22:57:03,dhaka,0.2,0.2,positive,neutral,"Shopping/Commerce, Infrastructure/Urban"
Study Spaces in Puran Dhaka,Al-Khataei,4,1,2025-06-19 22:36:22,dhaka,0.0,0.0,neutral,neutral,"Housing/Real Estate, Education/Career, Health/Medical"
Quiet Libraries in Dhaka for Long Study Hours (No Cafés Please),Azannn_,24,34,2025-06-17 00:58:38,dhaka,0.21999999999999997,0.4066666666666666,positive,joy,"Housing/Real Estate, Education/Career, Food/Dining, Shopping/Commerce"
Best route for fantasy kingdom,Neat-Slide379,1,5,2025-06-16 22:32:27,dhaka,0.5590909090909091,0.375,positive,neutral,"Housing/Real Estate, Travel/Transportation"
Breakfast recommendation at Dhanmondi,shams_nobee,2,5,2025-06-15 23:02:06,dhaka,1.0,0.3,positive,neutral,Relationships/Social
Best internet service providerin Mirpur 6?,Silly_Paramedic_8101,1,2,2025-06-14 11:54:00,dhaka,0.5,0.275,positive,neutral,Technology/Gadgets
Let's have a thread about your favourite pizza place in Dhaka! 😋🍕,hrafia,23,60,2025-06-13 03:48:47,dhaka,0.30000000000000004,0.275,positive,neutral,"Housing/Real Estate, Shopping/Commerce"
way to bashundhara r/a,slushw,1,16,2025-06-11 06:59:57,dhaka,0.0,1.0,neutral,neutral,General
Gym,Mindless-Panic-4290,3,2,2025-05-31 20:34:08,dhaka,0.4666666666666666,0.5666666666666668,positive,joy,Technology/Gadgets
Need to socialize,Flimsy-Celebration35,1,2,2025-05-31 11:53:55,dhaka,0.19111111111111112,0.4416666666666666,positive,joy,"Housing/Real Estate, Technology/Gadgets, Relationships/Social, Sports/Recreation"
Doctor suggestion,ExtremeAd4217,2,0,2025-05-29 18:01:20,dhaka,0.12,0.66,positive,joy,"Technology/Gadgets, Health/Medical"
Justice system: reformed or the same as before?,Zetafunction64,1,2,2025-05-28 10:39:46,dhaka,0.09908234126984128,0.3746031746031746,neutral,trust,"Technology/Gadgets, Education/Career, Sports/Recreation, Politics/Government"
Slamner flat theke biral baccha falaise,raiyan_khan01,26,19,2025-05-27 13:42:54,dhaka,0.29090909090909095,0.45,positive,neutral,"Housing/Real Estate, Technology/Gadgets"
Apartment for bachelor/student,CharlieSwarper192,2,4,2025-05-26 02:20:56,dhaka,0.20025974025974022,0.4228571428571429,positive,joy,"Housing/Real Estate, Education/Career"
Where can I find reliable LPG distributors for machinery use?,Anushirvan,1,0,2025-05-26 01:36:58,dhaka,0.39267857142857143,0.4878571428571429,positive,trust,"Housing/Real Estate, Technology/Gadgets, Food/Dining, Shopping/Commerce"
Gym inside bashundhara R/A,International-Bid218,2,2,2025-05-23 14:40:54,dhaka,0.0,0.15,neutral,neutral,General
Suggestion for Bokhari Restaurant,SaltAd7389,1,1,2025-05-20 09:00:38,dhaka,0.0,0.175,neutral,neutral,"Housing/Real Estate, Technology/Gadgets, Food/Dining, Travel/Transportation"
Gift delivery,Intelligent_Door_478,1,0,2025-05-15 14:28:29,dhaka,0.0,0.0,neutral,neutral,"Housing/Real Estate, Technology/Gadgets, Shopping/Commerce, Infrastructure/Urban"
Robi wifi vs Gp wifi,Sufficient-Duty6248,2,1,2025-05-15 02:08:15,dhaka,0.0,0.0,neutral,neutral,Technology/Gadgets
"I am deeply pleased with today's anti-Awami League movement. At last, the July Movement has returned to those to whom it originally belonged. আমি খুবই খুশি হয়েছি আজকের আওয়ামী বিরোধী আন্দোলন দেখে। ফাইনালি এই জুলাই আন্দোলন টা যাদের ছিলো একচুয়েলি তাদের কাছেই ফেরত এসেছে।",New_Edge360,6,5,2025-05-10 15:45:44,dhaka,0.026672335600907024,0.4309523809523809,neutral,neutral,"Housing/Real Estate, Technology/Gadgets, Education/Career, Sports/Recreation, Politics/Government"
Traffic at Shahbag Now,Competitive-Sun-6084,1,6,2025-05-10 14:39:34,dhaka,-0.0625,0.6875,neutral,neutral,"Health/Medical, Infrastructure/Urban"
Suggest phone,zalepen0,1,4,2025-05-09 18:30:44,dhaka,0.3302083333333333,0.4541666666666667,positive,joy,"Technology/Gadgets, Shopping/Commerce, Relationships/Social, Infrastructure/Urban"
Source of Entertainment,carelesssswhisperrrr,3,6,2025-05-07 12:19:49,dhaka,0.14902597402597403,0.6107142857142858,positive,joy,"Housing/Real Estate, Technology/Gadgets, Education/Career, Food/Dining, Politics/Government"
Second hand iphone,Silly-Golf-6427,2,19,2025-05-06 18:15:44,dhaka,0.7,0.6000000000000001,positive,joy,"Technology/Gadgets, Shopping/Commerce"
SELF DEFENSE FOR WOMEN (boxing),hyacintff,31,51,2025-05-06 17:09:01,dhaka,0.17909902597402597,0.43883928571428577,positive,joy,"Housing/Real Estate, Technology/Gadgets, Shopping/Commerce, Infrastructure/Urban"
Puran Dhaka,ahonaf45,2,5,2025-05-06 02:12:40,dhaka,0.7,0.6000000000000001,positive,joy,"Housing/Real Estate, Travel/Transportation"
Coffee shop recommendations!,carelesssswhisperrrr,4,6,2025-05-04 13:17:15,dhaka,-0.014062499999999992,0.68125,neutral,neutral,"Housing/Real Estate, Technology/Gadgets, Food/Dining, Shopping/Commerce, Infrastructure/Urban"
Jobs around Bashundhara,Perfect-Potato7640,1,2,2025-05-04 04:14:09,dhaka,0.09,0.13999999999999999,neutral,neutral,Education/Career
Places to car date,want_gf_head,0,14,2025-05-03 03:36:30,dhaka,0.0,0.0,neutral,trust,Relationships/Social
Places to go for a date,Warm_Cash_3402,2,6,2025-05-01 04:42:28,dhaka,-0.0625,0.35416666666666663,neutral,neutral,"Housing/Real Estate, Food/Dining, Infrastructure/Urban"
Any boxing gyms near khilgaon?,Mr-Terror99,3,4,2025-04-28 23:19:17,dhaka,0.10000000000000002,0.16666666666666666,positive,neutral,Technology/Gadgets
Need a Place for 30 people,Any_Number_9932,1,4,2025-04-28 21:59:46,dhaka,0.25,0.6000000000000001,positive,neutral,General
Furniture in Bashundhara RA,carelesssswhisperrrr,2,1,2025-04-27 19:49:38,dhaka,0.3125,0.45,positive,joy,Shopping/Commerce
what are some Food that you would want to be sold at cheap price?,QBeeTas,4,13,2025-04-26 17:08:53,dhaka,0.24916666666666668,0.5724999999999999,positive,neutral,"Education/Career, Food/Dining, Shopping/Commerce, Relationships/Social"
Any places in Bashundha R/A for roomdate?,peraltahere,0,16,2025-04-26 04:43:10,dhaka,0.39999999999999997,0.425,positive,joy,"Housing/Real Estate, Relationships/Social"
In need of a job,KeyAdvice5346,2,1,2025-04-25 23:41:17,dhaka,0.0,0.0,neutral,neutral,Education/Career
Moving to Bangladesh for A Levels—Need Info on International Hope School &amp; Daffodil International School,IcyCauliflower2985,4,2,2025-04-24 19:46:17,dhaka,0.21666666666666665,0.32083333333333336,positive,joy,"Housing/Real Estate, Technology/Gadgets, Education/Career, Relationships/Social, Infrastructure/Urban"
Moving to Bangladesh for A Levels—Need Info on International Hope School &amp; Daffodil International School,IcyCauliflower2985,1,5,2025-04-24 19:34:25,dhaka,0.1775,0.28750000000000003,positive,joy,"Housing/Real Estate, Technology/Gadgets, Education/Career, Infrastructure/Urban"
There have any best place to makeout in Dhaka?,igotnosex,23,66,2025-04-23 03:58:46,dhaka,0.4166666666666667,0.5166666666666667,positive,joy,"Housing/Real Estate, Technology/Gadgets, Food/Dining, Travel/Transportation"
Anyone in Baridhara DOHS/Gulshan/Banani/Bashundhara up for cycling during evenings/weekends?,NumerousCow4,1,0,2025-04-22 14:37:26,dhaka,0.0,0.0,neutral,neutral,General
Need ENT &amp; Eye Specialist Recommendations,abcrafsan,2,1,2025-04-21 20:19:13,dhaka,0.46388888888888896,0.5888888888888889,positive,joy,"Technology/Gadgets, Health/Medical"
Need help recovering stolen Phone,Ridwan_Rabby,1,2,2025-04-20 21:53:59,dhaka,0.052500000000000005,0.36333333333333334,neutral,neutral,"Technology/Gadgets, Education/Career, Politics/Government, Infrastructure/Urban"
Daily bus journey in Dhaka... &amp; Road rage experiences,Additional-Leg280,2,12,2025-04-19 21:44:07,dhaka,-0.16875,0.55,negative,anger,"Housing/Real Estate, Technology/Gadgets, Travel/Transportation, Infrastructure/Urban"
Regarding studying law,IcyAbbreviations2054,3,3,2025-11-20 22:58:00,bangladesh,0.20625,0.42708333333333337,positive,joy,"Housing/Real Estate, Education/Career, Politics/Government"
Most Bangladeshi Uncles/Aunties can't think rationally,Crowned_XD,37,6,2025-11-19 19:38:48,bangladesh,-0.004311594202898539,0.5679710144927537,neutral,joy,"Housing/Real Estate, Technology/Gadgets, Education/Career, Food/Dining, Shopping/Commerce, Relationships/Social, Sports/Recreation"
About BracU EEE,onisadat_712005,4,1,2025-11-18 17:53:48,bangladesh,0.27708333333333335,0.4604166666666667,positive,joy,"Technology/Gadgets, Education/Career"
IBA DU,999baseballs,5,10,2025-11-15 20:29:02,bangladesh,0.0,0.0,neutral,neutral,"Education/Career, Shopping/Commerce"
AAUB Admission,Kurou-Mamonogatari,6,2,2025-11-11 14:27:33,bangladesh,0.0,0.0,neutral,neutral,Education/Career
A DU professor filed a case against her being harassed online. And this is the response of tareq zias bodyguard,maybe_not_andy,4,1,2025-11-11 07:50:21,bangladesh,0.11190476190476191,0.7785714285714286,positive,surprise,Technology/Gadgets
Seeking partner in crime,Advanced_Budget7301,11,14,2025-11-08 20:46:52,bangladesh,0.011111111111111112,0.4201388888888889,neutral,joy,"Housing/Real Estate, Technology/Gadgets, Education/Career, Food/Dining, Travel/Transportation, Relationships/Social"
EEE Job related Question.,Impressive_Cup_9271,3,3,2025-11-04 15:09:17,bangladesh,0.13796296296296295,0.46481481481481485,positive,joy,"Housing/Real Estate, Education/Career"
Is it better to do EEE in BracU or AIUB?,onisadat_712005,5,4,2025-11-02 21:57:00,bangladesh,0.10000000000000002,0.46666666666666673,positive,neutral,"Housing/Real Estate, Technology/Gadgets"
PRIVATE UNIS,Soul_Sniper_26,9,7,2025-11-01 23:31:12,bangladesh,0.11666666666666665,0.28958333333333336,positive,neutral,"Technology/Gadgets, Education/Career, Travel/Transportation"
Studying bachelors in Germany,pritho108,2,1,2025-11-01 01:56:58,bangladesh,0.12243211334120424,0.39257674144037774,positive,joy,"Technology/Gadgets, Education/Career, Food/Dining"
Wanting to study in Biotech or Biochem.,Consistent_Bell_7124,8,2,2025-10-31 21:03:29,bangladesh,0.2724867724867725,0.38452380952380955,positive,joy,"Technology/Gadgets, Education/Career, Food/Dining, Shopping/Commerce, Relationships/Social, Infrastructure/Urban"
Suffering from destructions,lionel_messi77,5,16,2025-10-25 20:10:14,bangladesh,-0.057536764705882336,0.43578431372549015,neutral,joy,"Technology/Gadgets, Education/Career, Health/Medical"
Choosing University,Odd_Lobster_8804,3,2,2025-10-24 13:17:40,bangladesh,0.175,0.26875000000000004,positive,joy,"Education/Career, Shopping/Commerce"
Average Bhai from Buet,BlacksmithFun3821,0,0,2025-10-23 16:26:19,bangladesh,0.25,0.3333333333333333,positive,neutral,"Technology/Gadgets, Relationships/Social"
Wedding Ring to Escape Rape Case,AtikulIslam4142,63,5,2025-10-22 20:05:21,bangladesh,-0.032295918367346944,0.4133594976452119,neutral,joy,"Housing/Real Estate, Technology/Gadgets, Education/Career, Relationships/Social, Politics/Government"
Why did Mostakim Ahmed the buet radical got away with his intention to murder all minorities?,Feisty_Ostrich_608,44,36,2025-10-22 19:52:02,bangladesh,0.007142857142857129,0.4871428571428571,neutral,neutral,"Education/Career, Relationships/Social, Politics/Government"
CUCSU Shibir candidate Akash Das says the victim is also to be blamed in the recent BUET rape case,AntiAgent006,126,71,2025-10-22 18:33:02,bangladesh,0.0,0.0,neutral,neutral,General
Regarding the BUET incident and our stance on the matter,ImperialOverlord,119,21,2025-10-22 13:10:25,bangladesh,0.2648809523809524,0.5464285714285715,positive,trust,"Technology/Gadgets, Education/Career, Sports/Recreation, Politics/Government"
Why Are People So Polarized?,fogrampercot,63,65,2025-10-22 07:12:57,bangladesh,-0.07223072562358276,0.5663769211388258,neutral,anger,"Housing/Real Estate, Technology/Gadgets, Education/Career, Food/Dining, Health/Medical, Sports/Recreation, Politics/Government, Infrastructure/Urban"
"For everyone who’s clueless about what’s happening, here’s the context.",StuckintheTraffic,490,308,2025-10-22 03:04:49,bangladesh,0.7,0.6000000000000001,positive,joy,"Technology/Gadgets, Politics/Government"
How did Shreeshanto Roy from BUET do these things without being noticed?,Astronomy_Boy,39,50,2025-10-22 01:49:55,bangladesh,0.04,0.3475,neutral,neutral,General
About my admission,onisadat_712005,3,6,2025-10-18 00:28:55,bangladesh,0.3666666666666667,0.48888888888888893,positive,neutral,"Technology/Gadgets, Education/Career, Infrastructure/Urban"
Justice for Mohosina atik,Mundane_Extension132,24,7,2025-10-17 21:06:15,bangladesh,0.05220588235294118,0.35196078431372546,neutral,sadness,"Housing/Real Estate, Education/Career, Relationships/Social, Sports/Recreation, Infrastructure/Urban"
How to get scholarship in NSU?,washin_machine_heart,4,1,2025-10-16 13:57:09,bangladesh,0.0,0.0,neutral,neutral,Technology/Gadgets
Need advice for transitioning to AI/ML field.,Horny_priest8366,0,2,2025-10-12 14:33:20,bangladesh,0.1792782738095238,0.4562127976190476,positive,joy,"Housing/Real Estate, Technology/Gadgets, Education/Career, Infrastructure/Urban"
Can I get into buet?,Many_Confusion_2513,3,0,2025-10-06 21:18:44,bangladesh,0.0,0.0,neutral,neutral,General
Why is it so hard to find sincerity in today’s marriage market?,Inside_Cucumber_591,30,32,2025-10-05 21:00:24,bangladesh,0.18658426600499775,0.49407379544574664,positive,joy,"Housing/Real Estate, Technology/Gadgets, Education/Career, Food/Dining, Shopping/Commerce, Travel/Transportation, Relationships/Social, Sports/Recreation, Politics/Government, Infrastructure/Urban"
Second Timer in admission test,Left-Guidance-3191,3,5,2025-10-04 23:48:01,bangladesh,0.07619047619047618,0.25952380952380955,neutral,neutral,"Technology/Gadgets, Education/Career, Relationships/Social"
Private university admission information help -,many_years_,2,2,2025-10-03 15:17:51,bangladesh,0.0,0.0,neutral,neutral,"Technology/Gadgets, Education/Career"
Credit transfer/Drop out,Independent_Nothing3,2,2,2025-09-29 00:05:19,bangladesh,-0.16904761904761903,0.5337301587301587,negative,anger,Education/Career
Any tips for applying to CERN Summer Student Program 2026?,Quick-Interest-6807,3,4,2025-09-23 21:40:15,bangladesh,0.10989583333333333,0.5567708333333333,positive,fear,"Housing/Real Estate, Technology/Gadgets, Education/Career, Relationships/Social, Infrastructure/Urban"
DU Admission For English Medium Student,Own_Gold_6574,2,7,2025-09-21 20:06:13,bangladesh,0.5,0.625,positive,neutral,"Technology/Gadgets, Education/Career"
What if I don't choose DU or BUET for CSE?,Abir_Islam,2,7,2025-09-20 15:42:16,bangladesh,0.04098958333333335,0.54625,neutral,joy,"Technology/Gadgets, Education/Career, Food/Dining, Health/Medical, Infrastructure/Urban"
Need advice,Gold-Tomato-3484,9,7,2025-09-20 02:20:29,bangladesh,0.04083333333333334,0.30083333333333334,neutral,joy,"Technology/Gadgets, Education/Career, Food/Dining, Health/Medical, Relationships/Social"
A critical analysis of Jamaat's popularity...,Even-Broccoli7361,2,2,2025-09-18 22:20:40,bangladesh,0.06783562012375574,0.44785848802797956,neutral,joy,"Housing/Real Estate, Technology/Gadgets, Education/Career, Food/Dining, Shopping/Commerce, Travel/Transportation, Sports/Recreation, Politics/Government, Infrastructure/Urban"
I'm a Bangladeshi indie game developer who quit my job to work on my own game. AMA!,Krons-sama,130,87,2025-09-17 12:14:47,bangladesh,-0.16041666666666662,0.3770833333333334,negative,neutral,"Housing/Real Estate, Technology/Gadgets, Education/Career, Food/Dining, Shopping/Commerce, Sports/Recreation, Infrastructure/Urban"
About freetime,Sungodnika04,12,23,2025-09-14 00:24:20,bangladesh,0.27499999999999997,0.5750000000000001,positive,neutral,"Housing/Real Estate, Technology/Gadgets, Education/Career, Travel/Transportation, Relationships/Social"
Udvash engineering position in daily exam not satisfying,Reasonable-Eye6699,3,0,2025-09-13 01:38:35,bangladesh,0.10600000000000001,0.48566666666666675,positive,neutral,"Technology/Gadgets, Education/Career"
Looking for HSC 2027 Study Buddies for Engineering Prep,Proof_Willingness486,2,1,2025-09-12 18:33:15,bangladesh,0.08991046831955922,0.40050505050505053,neutral,neutral,"Housing/Real Estate, Technology/Gadgets, Education/Career, Food/Dining"
DUCSU 2025 - Analysis Of Shibir's Landslide Victory And Aftermath,fogrampercot,12,13,2025-09-12 03:40:24,bangladesh,0.12015964498021904,0.5061115598914643,positive,joy,"Housing/Real Estate, Technology/Gadgets, Education/Career, Food/Dining, Health/Medical, Shopping/Commerce, Travel/Transportation, Relationships/Social, Sports/Recreation, Politics/Government, Infrastructure/Urban"
I am from DU. Ask me anything,Sexy_onion_17,0,8,2025-09-11 23:46:22,bangladesh,0.175,0.375,positive,neutral,Education/Career
Khuni ekhono tar laash ke bhalobashe,KopaShamsur,3,10,2025-09-11 20:25:07,bangladesh,-0.375,0.625,negative,neutral,"Housing/Real Estate, Education/Career, Politics/Government"
Shibir and DUCSU,Just_A_Chill_Guy2414,0,7,2025-09-11 10:57:59,bangladesh,0.005375180375180366,0.44603174603174606,neutral,fear,Housing/Real Estate
Why Shibir-backed candidates won the Ducsu polls,Alone-Attention-2139,8,1,2025-09-10 23:04:53,bangladesh,-0.02666666666666667,0.38,neutral,sadness,"Housing/Real Estate, Technology/Gadgets, Education/Career, Politics/Government"
"""baap ka beta, sipahi ka ghora""",KopaShamsur,47,6,2025-09-10 19:42:06,bangladesh,0.2380952380952381,0.4761904761904762,positive,trust,"Housing/Real Estate, Education/Career, Sports/Recreation, Politics/Government"
When went wrong with NCP politics?,saynotodumbfukery,5,17,2025-09-10 11:30:15,bangladesh,0.14285714285714285,0.31785714285714284,positive,neutral,"Education/Career, Politics/Government"
Feels like a rerun of 2024 US election!,Mammoth-Buyer-6939,12,11,2025-09-10 10:37:01,bangladesh,-0.19,0.24,negative,anger,Politics/Government
Girls. WTF ?,eyesarepotato565,131,142,2025-09-10 03:01:38,bangladesh,-0.05576923076923076,0.5849358974358976,neutral,neutral,"Technology/Gadgets, Politics/Government"
ডাকসু এবং অন্যান্য নির্বাচনে ছাত্র শিবিরকে ভোট দিবেন যে কারণে,fogrampercot,83,41,2025-09-07 20:15:02,bangladesh,0.0,0.0,neutral,neutral,"Housing/Real Estate, Education/Career, Politics/Government, Infrastructure/Urban"
Admission Question,Abir_Islam,4,1,2025-09-07 19:07:47,bangladesh,0.25,0.25,positive,neutral,Education/Career
Online Coaching Platform,FrenzyCEE,2,1,2025-09-05 14:18:59,bangladesh,0.28055555555555556,0.49166666666666675,positive,joy,"Housing/Real Estate, Education/Career, Relationships/Social"
"Unseen photographs of people struggling for liberation in 1971, which resulted in the creation of a sovereign Bangladesh.",TasinMAHDI,24,5,2025-08-29 16:56:51,bangladesh,0.011764705882352932,0.32941176470588235,neutral,neutral,"Housing/Real Estate, Technology/Gadgets, Education/Career, Food/Dining, Health/Medical, Shopping/Commerce, Travel/Transportation, Sports/Recreation"
Is it viable to switch to Law for a Master’s after a CSE undergrad in Bangladesh?,elvinbarton,1,2,2025-08-26 23:54:23,bangladesh,0.06985294117647059,0.40367647058823536,neutral,fear,"Housing/Real Estate, Technology/Gadgets, Education/Career, Health/Medical, Shopping/Commerce, Politics/Government"
What to do?,Farhanhabib_87,5,6,2025-08-23 19:04:24,bangladesh,0.1293233082706767,0.3446500867553499,positive,neutral,"Technology/Gadgets, Education/Career, Food/Dining, Sports/Recreation"
Shibir Promotion on Mirza Galim,RazzmatazzStrict,0,12,2025-08-22 17:19:10,bangladesh,0.18666666666666668,0.55,positive,neutral,"Housing/Real Estate, Education/Career"
How to prepare for BRACU entrance exam,creep_pal,5,9,2025-08-16 17:26:59,bangladesh,-0.14583333333333334,0.7708333333333333,negative,neutral,Education/Career
"Dhaka University’s Fuller Road, Sculptures of the Independence Struggle were destroyed.",Equivalent_Dog_3891,182,33,2025-08-12 05:34:53,bangladesh,0.0,0.6666666666666666,neutral,anger,"Housing/Real Estate, Technology/Gadgets, Education/Career, Politics/Government, Infrastructure/Urban"
After the Rise of Neo-Razakars at Dhaka University: A Night to Remember the Spirit of Liberation...,TasinMAHDI,89,10,2025-08-07 13:45:13,bangladesh,-0.023989898989898967,0.7444444444444445,neutral,neutral,"Housing/Real Estate, Education/Career, Sports/Recreation"
Question about Spring 2026 semester end date for B.Sc. Architecture at BRAC,milkshake-4242,2,0,2025-08-07 05:01:00,bangladesh,0.02592592592592592,0.32592592592592595,neutral,joy,"Housing/Real Estate, Technology/Gadgets, Education/Career, Food/Dining"
Were Kader Mollah and other executed or jailed Jamaat leaders truly guilty of committing war crimes?,tdoteditz_exe,29,49,2025-08-06 17:51:23,bangladesh,0.2858333333333334,0.6553571428571429,positive,neutral,"Housing/Real Estate, Technology/Gadgets, Education/Career"
How is IB curriculum for English Medium students?,Evening_Chair3570,3,6,2025-08-02 17:29:12,bangladesh,0.16666666666666666,0.2111111111111111,positive,neutral,"Education/Career, Infrastructure/Urban"
"NSU vs BRAC, Best one for Economics?",Worth-Gene,4,6,2025-08-01 08:16:07,bangladesh,0.0481542699724518,0.4093526170798898,neutral,neutral,"Housing/Real Estate, Technology/Gadgets"
NSU cse vs AIUB cse!,Shaker_Afiq-111,2,4,2025-07-31 14:45:21,bangladesh,0.29500000000000004,0.42333333333333334,positive,joy,"Housing/Real Estate, Technology/Gadgets, Education/Career, Travel/Transportation"
How easy would it be to get into Physics major at BracU this Fall?,Shot_Bowl_2680,2,0,2025-07-29 11:09:41,bangladesh,0.12613636363636363,0.5128787878787879,positive,neutral,"Technology/Gadgets, Education/Career"
"NSU,IUB or BRAC to go for bba?",Sad-Double602,2,5,2025-07-29 00:33:16,bangladesh,-0.04282051282051281,0.39602564102564103,neutral,anger,"Housing/Real Estate, Technology/Gadgets, Education/Career"
BRAC/NSU/AIUB for CSE?,MRC2RULES,2,7,2025-07-28 15:12:21,bangladesh,0.3958333333333333,0.562962962962963,positive,neutral,"Technology/Gadgets, Education/Career"
Admission Enquiry,Square_Warning4223,2,3,2025-07-28 14:45:58,bangladesh,0.5,0.5,positive,neutral,Education/Career
Help,Plus-Feedback-1096,2,2,2025-07-27 23:36:22,bangladesh,0.5,0.5,positive,neutral,Education/Career
Join as Co-founder,Natural_Hedgehog_287,5,15,2025-07-27 19:23:18,bangladesh,-0.04777777777777777,0.3077777777777778,neutral,anger,"Housing/Real Estate, Technology/Gadgets, Education/Career, Travel/Transportation"
How to prepare for MSc in CSE admission test at Dhaka University?,Money_Consequence511,2,1,2025-07-27 02:31:29,bangladesh,0.36666666666666664,0.3333333333333333,positive,joy,"Housing/Real Estate, Technology/Gadgets, Education/Career"
Dhaka University(ঢাকা বিশ্ববিদ্যালয়)  এর আশেপাশে কোথায় নীল রঙের ড্রাম  কিনতে পারবো?,tomir18protip,3,12,2025-07-20 20:19:14,bangladesh,0.0,0.0,neutral,neutral,"Housing/Real Estate, Education/Career"
Second Bachelor's,TangerineNeonLights_,2,0,2025-07-19 18:11:26,bangladesh,0.09166666666666666,0.41893939393939394,neutral,neutral,"Technology/Gadgets, Relationships/Social"
What does it mean to be Bengali,ChubbyFruit,25,36,2025-07-19 05:55:14,bangladesh,0.18928571428571428,0.3505952380952382,positive,neutral,"Housing/Real Estate, Travel/Transportation, Relationships/Social"
Buet admission,ParsleyLow8147,0,7,2025-07-18 20:58:26,bangladesh,0.06321428571428571,0.5921428571428571,neutral,fear,"Technology/Gadgets, Education/Career"
What are good backups while targeting for IBA admission,diddozy,3,3,2025-07-17 18:32:39,bangladesh,0.12142857142857144,0.32500000000000007,positive,neutral,"Education/Career, Food/Dining, Health/Medical"
Need post-hsc admission guideline.,onedirectionadoptme,6,3,2025-07-14 23:52:21,bangladesh,0.1385996771589992,0.41327011030400856,positive,anger,"Technology/Gadgets, Education/Career, Food/Dining, Health/Medical, Relationships/Social, Sports/Recreation"
"Planning a Food Cart. Need Advice on Menu, Location, and Setup",Agile_Ad7635,3,1,2025-07-12 20:32:52,bangladesh,0.25570728291316525,0.5399859943977592,positive,joy,"Housing/Real Estate, Technology/Gadgets, Education/Career, Food/Dining, Shopping/Commerce, Travel/Transportation, Relationships/Social"
Does ssc gpa matters in university admission?,tdoteditz_exe,5,7,2025-07-11 19:30:47,bangladesh,0.35,0.65,positive,neutral,Education/Career
What's the Source of Institutional Pride?,Pro_Fullstack,64,68,2025-07-07 01:28:35,bangladesh,0.1464285714285714,0.7339285714285714,positive,joy,"Technology/Gadgets, Education/Career, Food/Dining, Travel/Transportation"
NSU Civil Engineering,laltomato05,3,10,2025-07-06 17:13:25,bangladesh,0.11666666666666665,0.36388888888888893,positive,neutral,"Education/Career, Shopping/Commerce, Infrastructure/Urban"
Trying to design a high-impact career: Econ/IR at DU + global credentials. Can this lead to executive roles in BD?,Agile_Ad7635,2,0,2025-07-05 19:59:36,bangladesh,0.1395833333333333,0.28072916666666664,positive,neutral,"Housing/Real Estate, Technology/Gadgets, Education/Career, Travel/Transportation, Politics/Government, Infrastructure/Urban"
BIG NEWS: BUET Graduate Ridwan Noor Nafis Named Finalist in Global Architecture Competition,Agile_Ad7635,34,2,2025-07-04 01:43:04,bangladesh,0.16,0.4133333333333333,positive,neutral,"Housing/Real Estate, Food/Dining, Infrastructure/Urban"
Need guidance: Bangla-medium CSE graduate planning to sit for O/A Levels as a private candidate to apply for DU (Economics/Applied Math),TheJackedN3rd,2,1,2025-07-01 17:53:20,bangladesh,0.09140625000000001,0.3125,neutral,trust,"Housing/Real Estate, Technology/Gadgets, Education/Career, Sports/Recreation, Politics/Government, Infrastructure/Urban"
DU A Unit GPA Requirement,kjamwokao,2,1,2025-06-27 14:56:08,bangladesh,-0.12499999999999999,0.4583333333333333,negative,neutral,"Technology/Gadgets, Education/Career"
Best private university for humanities students?,Worth-Gene,2,1,2025-06-25 16:46:29,bangladesh,0.05122549019607844,0.4800653594771242,neutral,joy,"Housing/Real Estate, Technology/Gadgets, Education/Career, Shopping/Commerce, Relationships/Social, Sports/Recreation, Politics/Government, Infrastructure/Urban"
Best private university for humanities students?,Worth-Gene,2,4,2025-06-24 21:23:57,bangladesh,0.05122549019607844,0.4800653594771242,neutral,joy,"Housing/Real Estate, Technology/Gadgets, Education/Career, Shopping/Commerce, Relationships/Social, Sports/Recreation, Politics/Government, Infrastructure/Urban"
Career guide,soul_ofdarkandlight,3,0,2025-06-24 01:40:42,bangladesh,0.09,0.45833333333333337,neutral,neutral,"Technology/Gadgets, Education/Career, Infrastructure/Urban"
Private UNI admission resources,kindred_eldtrich,5,6,2025-06-22 12:27:42,bangladesh,0.2604166666666667,0.2916666666666667,positive,neutral,"Technology/Gadgets, Education/Career"
Should I Leave NSU EEE For A Double Major In Economics and Anthropology?,Original_Bother_7440,6,1,2025-06-20 11:45:06,bangladesh,0.22549019607843138,0.4995098039215686,positive,joy,"Housing/Real Estate, Technology/Gadgets, Education/Career, Relationships/Social"
Guys are there theory questions too in BUET and CUET admissions test? Or only mcq?,Ok-Company282,7,11,2025-06-19 23:40:43,bangladesh,-0.4,0.7,negative,neutral,Education/Career
First time travelling abroad and alone to find my ex in Dhaka,mizzorie,7,17,2025-06-19 21:37:20,bangladesh,0.14293650793650794,0.5096031746031746,positive,joy,"Housing/Real Estate, Technology/Gadgets, Education/Career, Shopping/Commerce, Travel/Transportation, Relationships/Social, Infrastructure/Urban"
The Silent Commander: Farewell to Mustafa Mohsin Montu,TasinMAHDI,12,2,2025-06-16 13:32:19,bangladesh,0.18591269841269842,0.4527777777777778,positive,joy,"Housing/Real Estate, Technology/Gadgets, Education/Career, Food/Dining, Shopping/Commerce, Travel/Transportation, Relationships/Social, Infrastructure/Urban"
।BBA,mud_98,4,4,2025-06-13 23:57:52,bangladesh,0.3,0.1,positive,neutral,Technology/Gadgets
I didn’t get into my dream university — and I’m still struggling to move on.,MalihaTanvi,4,8,2025-06-13 21:44:32,bangladesh,0.18627450980392157,0.5259803921568628,positive,joy,"Housing/Real Estate, Technology/Gadgets, Education/Career, Health/Medical, Travel/Transportation"
DU student takes his own life after being falsely accused of blasphemy and labeled an atheist,Cezanne_,108,55,2025-06-10 13:15:02,bangladesh,0.0,0.0,neutral,neutral,Education/Career
It could be so much more..🥀,ramsosmaach,29,8,2025-05-31 21:06:57,bangladesh,0.0,0.0,neutral,neutral,Education/Career
Admission for EM people,Specialist-Shoe-5880,7,8,2025-05-30 09:45:43,bangladesh,0.06336805555555555,0.3957398504273504,neutral,joy,"Technology/Gadgets, Education/Career, Health/Medical, Travel/Transportation, Infrastructure/Urban"
Need help regarding thesis survey,Haunting_Distance199,3,0,2025-05-26 13:51:58,bangladesh,0.1,0.4,neutral,neutral,"Housing/Real Estate, Technology/Gadgets, Education/Career"
Who dafak develops these university websites?,sanelde_senior,18,14,2025-05-25 23:25:36,bangladesh,0.07379298941798942,0.5610284391534391,neutral,neutral,"Technology/Gadgets, Education/Career, Relationships/Social, Infrastructure/Urban"
What are your thoughts on Dhaka University goons?,shaant00,33,14,2025-05-23 14:09:36,bangladesh,-0.017857142857142867,0.3547619047619048,neutral,neutral,"Housing/Real Estate, Technology/Gadgets, Education/Career"
Confused Between Public and Private Universities.,Deep-Neighborhood356,2,10,2025-05-21 04:39:11,bangladesh,0.19722222222222224,0.40277777777777773,positive,trust,"Housing/Real Estate, Education/Career, Travel/Transportation, Infrastructure/Urban"
A terrible experience at regional Passport office (Keraniganj),No-Movie-1089,6,15,2025-05-20 20:40:54,bangladesh,0.10833333333333334,0.5479166666666668,positive,neutral,"Technology/Gadgets, Sports/Recreation"
"Mahfuz Alam — The Most Brilliant, Yet Most Unpopular Leader of the July Movement",Distinct-Hold7796,0,36,2025-05-17 15:51:56,bangladesh,0.07976190476190477,0.4535714285714287,neutral,joy,"Housing/Real Estate, Technology/Gadgets, Education/Career, Food/Dining, Relationships/Social, Politics/Government, Infrastructure/Urban"
Is it mandatory to answer from my compulsory subject at HSC (biology) in DU admission tests?,megaeonise,7,2,2025-05-16 22:41:40,bangladesh,-0.08333333333333333,0.16666666666666666,neutral,neutral,Education/Career
"Shammo murder: Chhatra Dal locks DU academic, administrative buildings demanding whole-day mourning",Alone-Attention-2139,7,0,2025-05-15 21:17:11,bangladesh,0.0,0.0,neutral,neutral,Housing/Real Estate
Which universities offer open credit for CSE?,M_Levinson,2,9,2025-05-15 13:34:47,bangladesh,-0.006249999999999999,0.71875,neutral,neutral,Education/Career
How important is GPA 5 on HSC exam,diddozy,4,14,2025-05-14 16:36:57,bangladesh,0.08750000000000001,0.515625,neutral,neutral,"Education/Career, Travel/Transportation"
CSE or BBA for moving abroad,GeneralSadaf,2,1,2025-05-13 03:08:24,bangladesh,0.22879509379509383,0.4376190476190477,positive,joy,"Housing/Real Estate, Technology/Gadgets, Education/Career, Infrastructure/Urban"
DU students sing national anthem in protest over Shahbagh incident | The Daily Star,ImperialOverlord,36,7,2025-05-13 01:28:29,bangladesh,0.0,0.0,neutral,neutral,"Technology/Gadgets, Education/Career, Politics/Government"
Studying abroad (Australia),North-Sweet-1717,2,2,2025-05-11 20:00:36,bangladesh,0.09294871794871794,0.35128205128205126,neutral,joy,"Housing/Real Estate, Technology/Gadgets, Education/Career, Relationships/Social, Infrastructure/Urban"
is Pure Math really as impossible a subject as people claim?,echothewoodnymph_,6,21,2025-05-10 06:36:58,bangladesh,0.051924933862433895,0.5546388888888888,neutral,joy,"Housing/Real Estate, Technology/Gadgets, Education/Career, Food/Dining, Relationships/Social"
Recommend a hotel to see crazy Dhaka's traffic from the windows,BlockchainHeadhunter,5,8,2025-05-05 17:07:11,bangladesh,0.14886363636363634,0.40385101010101004,positive,joy,"Housing/Real Estate, Technology/Gadgets, Education/Career, Food/Dining, Travel/Transportation, Sports/Recreation, Politics/Government, Infrastructure/Urban"
Are the SAT and North South University Admission Exams the Same?,Previous_Visual_5757,3,4,2025-05-05 14:16:22,bangladesh,0.125,0.23125,positive,neutral,"Housing/Real Estate, Technology/Gadgets, Education/Career, Infrastructure/Urban"
Are the SAT and North South University Admission Exams the Same?,Previous_Visual_5757,2,0,2025-05-04 02:52:03,bangladesh,0.125,0.23125,positive,neutral,"Housing/Real Estate, Technology/Gadgets, Education/Career, Infrastructure/Urban"
Searching for place to learn &amp; practice table tennis in Dhaka,MunawarRafid,5,1,2025-04-30 17:06:15,bangladesh,0.32857142857142857,0.5553571428571429,positive,trust,"Housing/Real Estate, Technology/Gadgets, Sports/Recreation"
Asif Mahmud takes admission test for Masters in NSU,Vite699,23,8,2025-04-26 22:43:04,bangladesh,0.0,0.0,neutral,neutral,"Technology/Gadgets, Education/Career"
Why Is Dhaka University Facing So Much Heat on Social Media Lately?,Arcane_Dra_co,4,16,2025-04-24 01:21:01,bangladesh,0.10083333333333333,0.3533333333333334,positive,neutral,"Housing/Real Estate, Technology/Gadgets, Education/Career, Food/Dining, Infrastructure/Urban"
Proud ঢাবিয়ান,failure_as_a_sperm,169,39,2025-04-23 07:47:50,bangladesh,0.22000000000000003,0.635,positive,anger,"Education/Career, Travel/Transportation"
Dhaka University’s latest priority: A hall for Pakistan’s visionary,uponpranbacha,7,2,2025-04-22 16:45:15,bangladesh,0.0,0.0,neutral,neutral,"Housing/Real Estate, Education/Career"
Ongoing Student Protest at KUET,Artistically_numb,23,2,2025-04-22 14:35:18,bangladesh,-0.10322310405643738,0.3947045855379188,negative,trust,"Housing/Real Estate, Technology/Gadgets, Education/Career, Food/Dining, Relationships/Social, Politics/Government"
"বিশ্ববিদ্যালয়, বিষয় ও ক্যারিয়ার",Bongiomorpha_Perseus,4,2,2025-04-21 22:34:50,bangladesh,0.2333333333333333,0.29444444444444445,positive,neutral,"Politics/Government, Infrastructure/Urban"
NSU vs BRAC for CSE.,Interesting_Kale_700,1,8,2025-04-18 14:15:00,bangladesh,0.155,0.42333333333333334,positive,neutral,"Housing/Real Estate, Infrastructure/Urban"
Anyone knows about the M.Sc in Material Science program of BUET?,TheRedditsImam,2,1,2025-04-16 16:07:15,bangladesh,0.25166666666666665,0.5215242165242165,positive,joy,"Education/Career, Travel/Transportation"
"CSE Master admission tips and suggestions please / buet, du, ju",Sabhos29dm,8,1,2025-04-12 04:37:45,bangladesh,0.0,0.0,neutral,neutral,"Education/Career, Travel/Transportation"
MSc in Management of Technology at Buet,Impossible_Vast_8814,7,9,2025-04-11 13:14:00,bangladesh,0.15555555555555556,0.4,positive,neutral,"Technology/Gadgets, Education/Career, Shopping/Commerce, Travel/Transportation, Sports/Recreation, Infrastructure/Urban"
DU Fine Arts Dept Prepares Bamboo Sculpture of Fallen ‘Dictator’ for Noboborsho Rally,ultrahex007,50,11,2025-04-09 00:17:16,bangladesh,0.4166666666666667,0.5,positive,neutral,General
NSU Student Lifestyle,rayhan_stoic,2,4,2025-04-08 14:32:40,bangladesh,0.06249999999999999,0.34791666666666665,neutral,neutral,"Housing/Real Estate, Technology/Gadgets, Education/Career, Relationships/Social"
BRAC or NSU for CS/CSE?,WhateverArsehole,4,16,2025-04-07 21:36:49,bangladesh,0.26875,0.21547619047619052,positive,joy,"Education/Career, Relationships/Social, Infrastructure/Urban"
Brac or NSU for CS/CSE?,WhateverArsehole,3,4,2025-04-07 21:20:09,bangladesh,0.31875,0.36833333333333335,positive,joy,"Education/Career, Relationships/Social, Infrastructure/Urban"
Looking for Imported Cigarette shop in Dhaka,Big-Decision565,7,1,2025-04-07 20:36:02,bangladesh,0.24,0.32,positive,joy,"Housing/Real Estate, Shopping/Commerce"
How different is Dhaka University now?,TemporaryPen2338,5,0,2025-04-06 12:29:18,bangladesh,0.35,0.6000000000000001,positive,joy,"Housing/Real Estate, Education/Career, Sports/Recreation"
"Serial killings on 3 places, pieces packed in carton boxes",VapeyMoron,52,12,2025-04-04 23:19:15,bangladesh,-0.11538461538461539,0.3205128205128205,negative,neutral,"Technology/Gadgets, Food/Dining, Health/Medical, Shopping/Commerce, Infrastructure/Urban"
Is private universities in bd really worth it?,stinkycatto7,6,7,2025-04-04 22:53:58,bangladesh,-0.007407407407407406,0.37222222222222223,neutral,neutral,"Housing/Real Estate, Technology/Gadgets, Education/Career, Shopping/Commerce, Relationships/Social, Infrastructure/Urban"
Subject Choice,Old_Basil_4445,3,1,2025-03-31 13:43:52,bangladesh,0.04563492063492064,0.3833333333333333,neutral,sadness,"Technology/Gadgets, Education/Career, Health/Medical, Infrastructure/Urban"
I need some mental support,JakeGyllenHaalz,14,20,2025-03-29 03:00:54,bangladesh,0.07007575757575758,0.4363636363636363,neutral,sadness,"Housing/Real Estate, Technology/Gadgets, Education/Career, Food/Dining, Health/Medical, Travel/Transportation, Relationships/Social, Infrastructure/Urban"
BCL Cadre Nokib Ashraf Chowdhury has made abusive and inflammatory remarks about NSU student who distributed iftar to Bihari people.,redwanhossain6333,128,79,2025-03-28 21:58:18,bangladesh,0.0,0.0,neutral,neutral,"Education/Career, Travel/Transportation"
Awami League supporter openly issuing rape threats to an NSU student,ultrahex007,1,2,2025-03-28 14:06:47,bangladesh,0.0,0.0,neutral,neutral,"Education/Career, Food/Dining, Sports/Recreation, Politics/Government"
Du Eee and Robotics Review,Pretend_Ad26,1,2,2025-03-25 16:46:10,bangladesh,0.5,0.5,positive,neutral,General
New lore in town: BSL regrets helping Hasbat,VapeyMoron,34,11,2025-03-24 21:53:36,bangladesh,-0.03888888888888888,0.3444444444444445,neutral,neutral,"Housing/Real Estate, Education/Career, Sports/Recreation"
Is Architecture a suitable career in Bangladesh?,ImpressiveWish1441,3,5,2025-03-22 07:16:23,bangladesh,0.016666666666666663,0.5000000000000001,neutral,neutral,"Housing/Real Estate, Education/Career"
Is it possible to do good in hsc after wasting too much time? Or is it just a dumb dream?,tdoteditz_exe,5,6,2025-03-21 22:34:00,bangladesh,0.24814814814814815,0.5129629629629631,positive,joy,"Technology/Gadgets, Education/Career"
I’m Feeling So Lost in My University Life — I Don’t Know What to Do Anymore.,elvinbarton,5,2,2025-03-20 12:46:43,bangladesh,0.09424213174213174,0.42131010881010883,neutral,joy,"Housing/Real Estate, Technology/Gadgets, Education/Career, Food/Dining, Shopping/Commerce, Relationships/Social, Sports/Recreation, Infrastructure/Urban"
Should I try for NSU or take admission in KUET?,Puzzleheaded-Car9317,2,5,2025-03-15 15:42:36,bangladesh,0.0988095238095238,0.3660714285714285,neutral,trust,"Housing/Real Estate, Technology/Gadgets, Education/Career, Health/Medical, Infrastructure/Urban"
Planning to Shift to A levels from NCTB(ssc25)- My goal is DU IBA / USA and backup is Brac/NSU. Seeking Advice from DU IBA’s NCTB to A levels Shift.,TahmeedSayaan,3,21,2025-03-15 08:15:38,bangladesh,0.1404249526515151,0.46306581439393935,positive,joy,"Housing/Real Estate, Technology/Gadgets, Education/Career, Travel/Transportation, Relationships/Social, Infrastructure/Urban"
China sends machinery for domestic defence industry in Bangladesh,VapeyMoron,1,0,2025-03-12 16:25:43,bangladesh,0.052109704641350216,0.32727272727272744,neutral,trust,"Housing/Real Estate, Technology/Gadgets, Education/Career, Food/Dining, Shopping/Commerce, Travel/Transportation, Relationships/Social, Sports/Recreation, Politics/Government, Infrastructure/Urban"
Dhaka University Students Protest the Rise of Shahbagh: Condemn Police Attack by Shahbaghis and Demand Laki Akter’s Arrest,ultrahex007,5,3,2025-03-12 02:30:22,bangladesh,0.0,0.0,neutral,neutral,"Housing/Real Estate, Education/Career, Politics/Government"
What's ur opinion on DU criminology dept's professor?,No-Income8933,8,11,2025-03-09 17:46:06,bangladesh,0.375,0.5349999999999999,positive,joy,"Housing/Real Estate, Technology/Gadgets, Education/Career, Food/Dining"
How can I find a tuition?,According-Teach-9600,2,2,2025-03-09 05:01:38,bangladesh,0.2,0.2,positive,neutral,"Education/Career, Relationships/Social"
DU student harassment: Library staff Arnab suspended,BubblyContribution60,25,0,2025-03-08 23:16:46,bangladesh,0.02,0.21666666666666665,neutral,neutral,"Housing/Real Estate, Technology/Gadgets, Education/Career, Infrastructure/Urban"
[OC ]Virtual World Trip: Bangladesh (Update),Papupapula,2,0,2025-03-08 14:59:29,bangladesh,0.06373929512516469,0.5010935441370223,neutral,neutral,"Housing/Real Estate, Technology/Gadgets, Food/Dining, Travel/Transportation, Sports/Recreation, Infrastructure/Urban"
Du subject choice list advice,tasdikagainghehehe,5,3,2025-03-08 14:22:16,bangladesh,0.13333333333333333,0.29583333333333334,positive,joy,Education/Career
During July revolution vs After July revolution,announcement35,94,13,2025-03-07 01:40:28,bangladesh,0.0,0.0,neutral,neutral,General
"DU Student Harassment Victim Receives Rape-Murder Threats, Case Withdrawn",Cezanne_,65,9,2025-03-07 00:03:46,bangladesh,0.0,0.0,neutral,neutral,"Education/Career, Food/Dining"
DU stutent withdraws eve teasing case facing threats of rape and murder,QuakeWok,29,3,2025-03-06 23:34:32,bangladesh,0.0,0.0,neutral,neutral,Food/Dining
"Mob besieges, storms Shahbagh Police Station demanding release of man arrested for harassing female DU student",jodhod1,69,27,2025-03-06 05:53:05,bangladesh,0.0,0.0,neutral,neutral,"Education/Career, Politics/Government"
BracU/AIUB CSe or NSU CSE,_raihan_09,2,4,2025-03-05 00:00:53,bangladesh,0.23422619047619048,0.43601190476190477,positive,neutral,"Technology/Gadgets, Education/Career, Shopping/Commerce, Infrastructure/Urban"
"I am kind of in a rut, need experienced advice",Shimanta_1405,5,0,2025-03-04 18:21:59,bangladesh,0.008928571428571425,0.3214285714285714,neutral,neutral,Technology/Gadgets
Is there any hope,One-Ferret-4203,6,4,2025-02-26 19:36:57,bangladesh,0.02402857142857144,0.5016190476190476,neutral,joy,"Housing/Real Estate, Technology/Gadgets, Education/Career"
Legitimacy and the true factors of going abroad for study purposes.,Embarrassed-Plant74,3,1,2025-02-25 11:23:34,bangladesh,0.05,0.65,neutral,neutral,"Housing/Real Estate, Education/Career, Infrastructure/Urban"
'We express solidarity with protests held at DU last night': Hasnat | The Daily Star,ImperialOverlord,12,2,2025-02-24 22:47:38,bangladesh,0.0,0.0,neutral,neutral,"Technology/Gadgets, Politics/Government"
What books should I study for BRACU engineering dpt?,Virtual-One-2358,5,3,2025-02-24 21:13:17,bangladesh,0.18888888888888888,0.39999999999999997,positive,neutral,"Technology/Gadgets, Education/Career, Infrastructure/Urban"
Which books do I need to study for BracU engineering dept,Calm-Dish6389,2,0,2025-02-24 20:49:46,bangladesh,0.18888888888888888,0.39999999999999997,positive,neutral,"Technology/Gadgets, Education/Career, Infrastructure/Urban"
DU protests and demand resignation of the Home Advisor Jahangir,VapeyMoron,1,4,2025-02-24 03:38:19,bangladesh,0.0,0.0,neutral,neutral,"Housing/Real Estate, Politics/Government"
Anyone from DU IBA?,Driver_Kenobi2004,1,1,2025-02-22 01:34:12,bangladesh,0.27999999999999997,0.40499999999999997,positive,neutral,"Housing/Real Estate, Technology/Gadgets, Education/Career, Shopping/Commerce"
How's Uttara university,tasdikagainghehehe,3,2,2025-02-22 00:29:48,bangladesh,0.3,0.1,positive,neutral,"Technology/Gadgets, Education/Career"
Am I a fool to be hopeful in my current situation?,Big-Chain3182,11,3,2025-02-19 14:14:29,bangladesh,0.13371913580246916,0.49010141093474424,positive,joy,"Housing/Real Estate, Technology/Gadgets, Education/Career, Food/Dining, Health/Medical, Shopping/Commerce, Travel/Transportation, Relationships/Social"
Shibir volunteering and assisting admission candidates,minhazul98535,67,55,2025-02-15 14:30:13,bangladesh,0.13333333333333333,0.4666666666666666,positive,trust,"Housing/Real Estate, Technology/Gadgets, Education/Career, Food/Dining"
Dhaka University students throwing shoes at Trump and Netanyahu.,PickleKnown,15,9,2025-02-14 10:34:23,bangladesh,0.0,0.0,neutral,neutral,"Housing/Real Estate, Education/Career, Sports/Recreation"
Help!,Shahriar-Sakib18,8,3,2025-02-10 23:02:29,bangladesh,-0.036719576719576714,0.4735002035002035,neutral,joy,"Housing/Real Estate, Technology/Gadgets, Education/Career, Food/Dining, Health/Medical, Travel/Transportation, Relationships/Social, Politics/Government, Infrastructure/Urban"
"Bangla Outlook,Ali Riaz,Soros,Photo-Shahidu",Haunting_Piccolo_514,7,8,2025-02-10 16:16:08,bangladesh,0.018750000000000006,0.2946180555555555,neutral,trust,"Technology/Gadgets, Education/Career, Food/Dining, Sports/Recreation, Politics/Government, Infrastructure/Urban"
BracU Anthropology info needed,probablysleepingggg,3,0,2025-02-10 03:00:21,bangladesh,0.0,0.0,neutral,neutral,General
Are midtier universities worth it?,tasdikagainghehehe,4,4,2025-02-09 23:05:14,bangladesh,0.05962301587301589,0.5066468253968255,neutral,joy,Food/Dining
How Hard is the Grading Policy of North South University?,Ok_Guava8067,5,2,2025-01-30 17:31:35,bangladesh,0.0,0.0,neutral,neutral,"Technology/Gadgets, Education/Career"
Help! 40-Day-Old Baby Choking Frequently &amp; Noisy Breathing – Need Urgent Advice in Dhaka,mutebeast2,6,2,2025-01-30 06:29:02,bangladesh,0.0323051948051948,0.47889610389610376,neutral,fear,"Housing/Real Estate, Technology/Gadgets, Education/Career, Food/Dining, Health/Medical, Relationships/Social"
সাভার গণহত্যা: হাসিনা পালানোর পরের ৬ ঘণ্টা | Savar Massacre | 5 August 2024 | Prothom Alo,Environmental-Ad-344,4,2,2025-01-30 01:42:36,bangladesh,0.0,0.0,neutral,neutral,General
Leaked phonecall between Tarique Rahman and DU pro-VC,Which_Parfait_2166,1,2,2025-01-29 14:46:14,bangladesh,0.0,0.0,neutral,neutral,Technology/Gadgets
"DU, 7 colleges part ways at last | The Daily Star",ImperialOverlord,11,1,2025-01-28 01:44:45,bangladesh,0.0,0.0,neutral,neutral,"Technology/Gadgets, Education/Career"
"Students of 7 colleges give 4 hrs for resignation of DU pro-VC, 5 other demands",DangerousRefuse2982,18,7,2025-01-27 13:05:15,bangladesh,0.0,0.0,neutral,neutral,Education/Career
"Students of DU, 7 colleges clash late into night | The Daily Star",ImperialOverlord,13,0,2025-01-27 12:40:29,bangladesh,0.0,0.0,neutral,neutral,"Technology/Gadgets, Education/Career"
Need help regarding what Uni to study for,Sad-Double602,4,5,2025-01-25 11:51:24,bangladesh,0.11818181818181821,0.4613636363636363,positive,anger,"Housing/Real Estate, Technology/Gadgets, Education/Career, Travel/Transportation, Infrastructure/Urban"
Story of Medical Admission ,Alternative_Bad_1366,12,12,2025-01-17 22:10:55,bangladesh,0.05837191358024691,0.44706790123456797,neutral,joy,"Housing/Real Estate, Technology/Gadgets, Education/Career, Health/Medical, Sports/Recreation, Infrastructure/Urban"
Did anyone else get the 'B' unit admit card for DU admission,nutallergy8452,2,5,2025-01-14 18:27:10,bangladesh,0.1,0.65,neutral,neutral,Education/Career
"Do NSU, AIUB, IUB, BGMEA, East West and other well known private universities in Bangladesh charge money from students for workshops and cultural programs? ",rdevasish,3,1,2025-01-10 20:54:40,bangladesh,0.03333333333333333,0.19166666666666665,neutral,neutral,"Technology/Gadgets, Education/Career, Health/Medical, Shopping/Commerce, Travel/Transportation, Sports/Recreation"
Unease at DU campus as some incidents reek of vigilantism,jodhod1,19,6,2025-01-07 13:46:19,bangladesh,0.0,0.0,neutral,neutral,General
I Just hate how most Bangladeshi people just cannot think rationally,Crowned_XD,116,37,2025-11-19 19:18:07,dhaka,-0.004311594202898539,0.5679710144927537,neutral,joy,"Housing/Real Estate, Technology/Gadgets, Education/Career, Food/Dining, Shopping/Commerce, Relationships/Social, Sports/Recreation"
Do Bangladeshi University Students Get .edu e-mail addresses?,biggestloserinearth,9,32,2025-11-18 13:10:46,dhaka,0.15833333333333333,0.3972222222222222,positive,neutral,"Technology/Gadgets, Education/Career, Infrastructure/Urban"
Looking for a Part Time/ Full time job.,iamnoman18,3,1,2025-11-18 11:00:12,dhaka,-0.11666666666666664,0.3361111111111111,negative,anger,"Housing/Real Estate, Technology/Gadgets, Education/Career, Shopping/Commerce, Travel/Transportation, Sports/Recreation"
I am getting really depressed because of this,Icey-cold,42,35,2025-11-18 02:05:00,dhaka,-0.01702898550724638,0.35181159420289854,neutral,joy,"Housing/Real Estate, Technology/Gadgets, Education/Career, Food/Dining, Travel/Transportation, Relationships/Social, Politics/Government, Infrastructure/Urban"
MBA Options (Is Jagannath the right choice for me?),Mysterious_Many007,2,13,2025-11-17 10:09:46,dhaka,0.08333333333333334,0.3716666666666667,neutral,neutral,"Technology/Gadgets, Education/Career, Infrastructure/Urban"
Which BUTEX Textile Engineering Department Should My Younger Brother Choose? Need Honest Advice,Redwanul-Haque2467,6,8,2025-11-16 23:00:13,dhaka,0.11262210012210011,0.4191629358296025,positive,neutral,"Housing/Real Estate, Technology/Gadgets, Education/Career, Health/Medical"
is this good for a 11th grader?,Majestic_Search4740,7,6,2025-11-16 19:35:09,dhaka,0.7,0.6000000000000001,positive,joy,General
NSU RETAKE,Spiritual_Scene634,1,4,2025-11-16 13:11:04,dhaka,-0.013888888888888895,0.36944444444444446,neutral,neutral,"Technology/Gadgets, Infrastructure/Urban"
Suggestion for higher education,abid0506,0,3,2025-11-16 11:18:11,dhaka,0.08482142857142858,0.3209821428571429,neutral,neutral,"Education/Career, Infrastructure/Urban"
Du IBA,999baseballs,0,7,2025-11-15 20:33:28,dhaka,0.0,0.0,neutral,neutral,"Education/Career, Shopping/Commerce"
Is IBA really safe from all the political Chaos at DU and other public unis,Efficient_Divide_448,5,6,2025-11-14 12:17:28,dhaka,0.00833333333333335,0.38888888888888884,neutral,neutral,"Education/Career, Politics/Government, Infrastructure/Urban"
advice about studying abroad for film/VFX after freelance career,NationalSelection773,9,2,2025-11-11 23:34:09,dhaka,0.17590476190476192,0.44112454212454216,positive,joy,"Housing/Real Estate, Technology/Gadgets, Education/Career, Food/Dining, Travel/Transportation, Relationships/Social, Sports/Recreation, Infrastructure/Urban"
"How much difference does studying in public universities make, compared to private?",NastyBlisters,20,46,2025-11-09 14:41:56,dhaka,0.23555555555555557,0.3891666666666667,positive,neutral,"Technology/Gadgets, Education/Career, Infrastructure/Urban"
Looking for internship to add to my CV,Illustrious_Snow_314,3,5,2025-11-08 15:28:06,dhaka,0.20256410256410257,0.4641025641025641,positive,neutral,"Housing/Real Estate, Technology/Gadgets, Education/Career, Relationships/Social, Infrastructure/Urban"
NSU previous year's admission questions?,Kurou-Mamonogatari,2,0,2025-11-08 00:35:12,dhaka,0.016666666666666677,0.18333333333333335,neutral,neutral,Education/Career
I need help making a tier list of bba programmes,Leading-Sandwich-534,1,0,2025-11-07 15:22:53,dhaka,0.26666666666666666,0.5666666666666667,positive,neutral,"Housing/Real Estate, Technology/Gadgets"
Need a job,BadLuckUnlimited,10,18,2025-11-07 03:32:16,dhaka,0.12400137741046834,0.458939393939394,positive,neutral,"Housing/Real Estate, Technology/Gadgets, Education/Career, Travel/Transportation, Infrastructure/Urban"
Reddit users from Dhaka's Savar area what do you think about it?,BugPsychological8349,0,0,2025-11-07 01:24:39,dhaka,-0.2,0.7,negative,neutral,Housing/Real Estate
I NEED HELP!!!,Hail_Hifler_911,1,3,2025-11-06 21:09:17,dhaka,0.0,0.0,neutral,neutral,Education/Career
How to crack DU Law in 30 days?,South_Pilot_1438,4,16,2025-11-05 19:20:05,dhaka,0.19285714285714287,0.5178571428571429,positive,joy,"Housing/Real Estate, Education/Career, Travel/Transportation, Politics/Government"
How to start learning Video editing and Digital Marketing from scratch?,Safe-Cabinet-469,3,5,2025-11-04 20:49:18,dhaka,0.14423076923076922,0.48717948717948717,positive,joy,"Technology/Gadgets, Shopping/Commerce"
I'm kind of derailed right now and how can I get back on track?,sabab_1639,3,6,2025-11-04 19:03:56,dhaka,0.05020833333333333,0.44354166666666667,neutral,neutral,"Technology/Gadgets, Education/Career, Shopping/Commerce"
Now that BUET has 600 marks...,CarrotPlus631,19,15,2025-11-04 02:37:04,dhaka,0.08333333333333333,0.5416666666666666,neutral,neutral,Technology/Gadgets
Class times of Bsc courses in NSU &amp; BRACU,hasinishraque,2,2,2025-11-03 10:29:13,dhaka,-0.16666666666666666,0.5,negative,neutral,Education/Career
Admission Phase...,GurWide6589,2,0,2025-11-03 08:49:47,dhaka,0.20256410256410257,0.4352564102564103,positive,joy,"Housing/Real Estate, Technology/Gadgets, Education/Career, Health/Medical, Infrastructure/Urban"
Need admission guideline,brush_of_art,2,3,2025-11-03 01:10:24,dhaka,0.018518518518518517,0.3648148148148148,neutral,neutral,"Technology/Gadgets, Education/Career, Shopping/Commerce"
No one cares about cats in BracU ?,Kim_KongNog,4,5,2025-11-02 19:26:46,dhaka,0.05,0.175,neutral,anger,"Technology/Gadgets, Education/Career, Food/Dining, Travel/Transportation, Relationships/Social, Politics/Government"
Can DU IBA be a better option than DU A unit?,Certain_Instance5192,9,58,2025-11-02 15:58:06,dhaka,-0.0287037037037037,0.4824074074074074,neutral,joy,"Education/Career, Health/Medical"
Is my cousin manipulative?,kindred_eldtrich,59,64,2025-11-02 14:08:22,dhaka,0.036821705426356585,0.360077519379845,neutral,joy,"Housing/Real Estate, Technology/Gadgets, Education/Career, Food/Dining, Travel/Transportation, Relationships/Social, Infrastructure/Urban"
Wanting to study in Biotech or Biochem.,Consistent_Bell_7124,3,1,2025-11-02 13:36:27,dhaka,0.2724867724867725,0.38452380952380955,positive,joy,"Technology/Gadgets, Education/Career, Food/Dining, Shopping/Commerce, Relationships/Social, Infrastructure/Urban"
Need help guys!,Overall-Poetry-9021,2,6,2025-11-02 10:33:18,dhaka,-0.20833333333333331,0.41666666666666663,negative,neutral,"Technology/Gadgets, Education/Career"
Need advice for DU admission (B Unit),Strange-Tooth-3788,3,3,2025-11-01 14:02:31,dhaka,0.10962732919254661,0.37653554175293297,positive,neutral,"Technology/Gadgets, Education/Career, Travel/Transportation"
Should I quit my college?,Technical-Rush-2991,22,50,2025-10-31 14:40:05,dhaka,0.10625000000000001,0.375,positive,neutral,"Technology/Gadgets, Education/Career, Infrastructure/Urban"
"Are advanced book [,Hc verma, Chaya prakashani etc ] &amp; advanced concepts needed for securing ranked among the Top 50 in BUET Admission Test?",Vegetable-Music3598,1,16,2025-10-31 02:39:57,dhaka,0.0,0.0,neutral,neutral,Education/Career
BracU Admission Related,GrandSpray5334,3,2,2025-10-31 01:33:46,dhaka,0.16749999999999998,0.47940476190476183,positive,joy,"Technology/Gadgets, Education/Career"
HELP,ahnaf1131,4,8,2025-10-31 00:44:03,dhaka,0.03333333333333332,0.2111111111111111,neutral,neutral,"Technology/Gadgets, Education/Career"
Hostel suggestion,nafi_thebest,2,3,2025-10-30 22:06:44,dhaka,0.0625,0.15833333333333333,neutral,neutral,"Education/Career, Travel/Transportation"
Du admission guideline,Responsible_Way2518,5,2,2025-10-30 18:14:56,dhaka,0.0,0.0,neutral,neutral,Education/Career
Anyone from brac university?,shady_girl66,7,19,2025-10-29 07:51:00,dhaka,0.03787878787878787,0.5015151515151515,neutral,joy,"Housing/Real Estate, Technology/Gadgets, Education/Career, Relationships/Social"
B category university for masters abroad,GeneralSadaf,3,2,2025-10-29 00:28:34,dhaka,0.1000250626566416,0.46946115288220547,positive,joy,"Technology/Gadgets, Education/Career, Food/Dining, Travel/Transportation, Infrastructure/Urban"
Is it hard to balance work and NSU study?,fsornab,2,3,2025-10-28 19:51:06,dhaka,0.4302083333333333,0.596875,positive,joy,"Technology/Gadgets, Education/Career, Travel/Transportation"
Buet 25-26,Manfigure,2,2,2025-10-27 14:13:07,dhaka,0.5,0.5,positive,trust,Education/Career
Du-b unit,No_Tart_2572,4,11,2025-10-26 19:30:58,dhaka,-0.4,0.45,negative,neutral,Technology/Gadgets
Life Advice: Be a Nerd or an Extremely Hard Worker.,_War_Daddy,181,42,2025-10-26 16:14:56,dhaka,0.1965136054421768,0.5357993197278911,positive,joy,"Technology/Gadgets, Education/Career, Food/Dining, Relationships/Social, Infrastructure/Urban"
Buet admission,Worldly_Put4468,2,7,2025-10-26 16:12:11,dhaka,0.12999999999999998,0.72,positive,neutral,"Technology/Gadgets, Education/Career, Food/Dining"
BUET admission test viva,Windy-Orbits,3,12,2025-10-25 19:14:08,dhaka,-0.6999999999999998,0.6666666666666666,negative,anger,Education/Career
Calling all University of Dhaka students &amp; alumni! Join r/UniversityOfDhaka_DU,CodeAndCorrelation,2,0,2025-10-25 13:10:48,dhaka,0.25,0.3333333333333333,positive,joy,"Housing/Real Estate, Education/Career, Food/Dining, Relationships/Social"
Advise on topics I can use for a composition on mysoginy,Agrahayan,6,6,2025-10-25 01:15:43,dhaka,0.09479166666666666,0.7208333333333333,neutral,neutral,"Technology/Gadgets, Education/Career"
Need suggestion with current financial situation.,Iori3310,4,15,2025-10-24 19:07:25,dhaka,0.0972044622044622,0.4194719169719169,neutral,trust,"Housing/Real Estate, Technology/Gadgets, Education/Career, Shopping/Commerce, Relationships/Social"
BD job market update,BoysenberryAlarmed54,45,46,2025-10-24 02:58:39,dhaka,0.08456018518518517,0.48499999999999993,neutral,joy,"Housing/Real Estate, Technology/Gadgets, Education/Career, Shopping/Commerce"
Extreme demotivation,Every-Ad5012,11,36,2025-10-23 23:04:07,dhaka,0.16291486291486293,0.5555555555555556,positive,joy,"Housing/Real Estate, Technology/Gadgets, Food/Dining"
Help,Willing-Physics6397,4,2,2025-10-23 10:47:25,dhaka,0.15172193877551018,0.31020408163265306,positive,neutral,"Technology/Gadgets, Education/Career, Food/Dining, Health/Medical"
NSU scholarship preparation,Defiant_Flounder5696,3,5,2025-10-22 16:41:03,dhaka,0.014285714285714287,0.3892857142857143,neutral,trust,Technology/Gadgets
Should I aim for Dhaka university ?,arafattrr,8,51,2025-10-22 13:14:31,dhaka,0.0,0.0,neutral,neutral,"Housing/Real Estate, Technology/Gadgets, Education/Career"
Need some admission advice,FAB__XD,1,13,2025-10-22 11:24:50,dhaka,-0.17541666666666667,0.4504166666666667,negative,anger,"Technology/Gadgets, Education/Career, Health/Medical, Travel/Transportation"
Anyone commuting from Dhanmondi to (AIUB / NSU / IUB)?,Rahi_55,3,1,2025-10-21 19:46:56,dhaka,0.10416666666666667,0.6333333333333333,positive,neutral,"Housing/Real Estate, Technology/Gadgets, Education/Career, Travel/Transportation"
Which private university has the better English department?,yuriiixyz,5,8,2025-10-21 12:14:30,dhaka,0.125,0.125,positive,neutral,Education/Career
Data Science Masters Suggestions,Due_Permission_7837,4,3,2025-10-21 11:07:44,dhaka,0.05,0.25,neutral,neutral,"Housing/Real Estate, Education/Career, Travel/Transportation, Sports/Recreation"
"Need help choosing a non-science subject in BRACU/EWU/NSU/AIUB (SSC 5.00, HSC 4.67)",yuriiixyz,4,12,2025-10-21 02:08:03,dhaka,0.08958333333333333,0.4046296296296297,neutral,joy,"Technology/Gadgets, Education/Career, Travel/Transportation, Politics/Government"
"Are private universities like BRAC and NSU actually raising their standards, or are students just less prepared now?",Bubbly_Yesterday_420,11,15,2025-10-20 23:35:02,dhaka,0.07101449275362319,0.4209627329192546,neutral,surprise,"Housing/Real Estate, Technology/Gadgets, Education/Career, Relationships/Social, Infrastructure/Urban"
IS IT WORTH STUDYING IM GERMANY FOR ENGINEERING AS AN ENGLISH MEDIUM STUDENT,Soul_Sniper_26,2,2,2025-10-20 20:49:27,dhaka,-0.07875,0.22145833333333334,neutral,neutral,"Technology/Gadgets, Education/Career, Travel/Transportation, Infrastructure/Urban"
"HSC ’26 Dhaka here — Confused about my future, need advice",Disastrous_Lunch_773,3,0,2025-10-20 00:24:54,dhaka,0.15833333333333333,0.4495614035087719,positive,joy,"Housing/Real Estate, Technology/Gadgets, Education/Career, Food/Dining, Infrastructure/Urban"
Is it over for me?,PollutionOwn2232,7,2,2025-10-20 00:21:39,dhaka,-0.06377314814814815,0.4408564814814815,neutral,joy,"Technology/Gadgets, Education/Career, Health/Medical, Travel/Transportation, Relationships/Social, Sports/Recreation, Infrastructure/Urban"
Teachers for hsc and admission,Numerous-Ordinary-43,1,2,2025-10-19 15:26:07,dhaka,0.0,0.0,neutral,neutral,Education/Career
MALAYSIAN UNI VS BRAC OR NSU,wavefun_333,8,17,2025-10-19 12:46:51,dhaka,-0.4,0.7,negative,neutral,General
Does university ranking matter when pursuing a master’s abroad?,Embarrassed-Break127,7,8,2025-10-19 10:27:31,dhaka,0.17430555555555557,0.3194444444444445,positive,joy,"Housing/Real Estate, Technology/Gadgets, Education/Career, Infrastructure/Urban"
Need suggestions for du b unit,Born-Lettuce572,5,5,2025-10-19 02:33:14,dhaka,0.04722222222222222,0.425,neutral,neutral,Education/Career
Need help and advice for DU A unit admission.,filthy-otaku,3,5,2025-10-19 02:04:56,dhaka,0.0,0.0,neutral,fear,"Education/Career, Sports/Recreation"
Need help with buet admission,Mima_rin_,2,4,2025-10-19 01:43:42,dhaka,0.04242424242424243,0.24696969696969695,neutral,neutral,"Technology/Gadgets, Education/Career, Sports/Recreation"
Viva,Glittering-Mix5021,2,4,2025-10-18 16:17:51,dhaka,0.0,0.1,neutral,neutral,General
How else should I practice for buet?,CarrotPlus631,4,3,2025-10-18 11:14:57,dhaka,-0.18333333333333335,0.5499999999999999,negative,neutral,General
BUET A LEVEL THRESHOLD,Lopsided-Vanilla9925,3,4,2025-10-18 02:31:22,dhaka,0.1,1.0,neutral,neutral,Technology/Gadgets
Is EEE worth it in IUB?,Anxsuii,3,8,2025-10-18 01:20:07,dhaka,0.0,0.5,neutral,neutral,"Technology/Gadgets, Education/Career"
University suggestion for Economics,Professional_Rock_22,4,2,2025-10-18 00:21:51,dhaka,-0.03333333333333333,0.3125,neutral,neutral,"Technology/Gadgets, Education/Career, Infrastructure/Urban"
Private university suggestion for Economics,Professional_Rock_22,2,0,2025-10-17 23:57:27,dhaka,-0.06,0.175,neutral,neutral,"Technology/Gadgets, Education/Career, Infrastructure/Urban"
Stay in BD or move abroad?,GurWide6589,7,17,2025-10-17 13:33:34,dhaka,-0.02975206611570249,0.3962809917355372,neutral,fear,"Technology/Gadgets, Education/Career, Relationships/Social, Infrastructure/Urban"
How to get scholarship?!!,HungryHall5,0,7,2025-10-17 12:19:46,dhaka,0.14583333333333334,0.4791666666666667,positive,neutral,General
Enquire about DU B unit admission,Born-Lettuce572,4,9,2025-10-17 00:25:02,dhaka,-0.03333333333333329,0.4861111111111111,neutral,anger,"Technology/Gadgets, Education/Career, Shopping/Commerce"
Textile in Aust and BBA in NSU,rihad_mahmud,1,2,2025-10-16 23:40:05,dhaka,0.0,0.1,neutral,neutral,Education/Career
How to get scholarship in NSU?,washin_machine_heart,5,2,2025-10-16 13:58:18,dhaka,0.0,0.0,neutral,neutral,Technology/Gadgets
Can i sit for the BUET exam?,ahnaf1131,4,12,2025-10-16 11:14:57,dhaka,0.5,0.5,positive,fear,"Technology/Gadgets, Education/Career"
Anyone from NSU??,Sea-Hair3700,5,3,2025-10-16 02:46:48,dhaka,0.0,0.0,neutral,neutral,General
Eco vs BBA at NSU — need opinions,PretendImportance458,3,5,2025-10-15 21:49:08,dhaka,0.25,0.45,positive,neutral,"Housing/Real Estate, Education/Career"
Suggest please.....,Ibn-Abdullah,1,2,2025-10-15 07:49:10,dhaka,0.4,0.375,positive,neutral,Housing/Real Estate
Physics or CS in DU?,QuantumVoid37,5,15,2025-10-14 23:53:10,dhaka,0.09539215686274512,0.5112745098039215,neutral,fear,"Housing/Real Estate, Technology/Gadgets, Education/Career, Relationships/Social, Sports/Recreation, Infrastructure/Urban"
Contemplating whether I should really prepare for the iba examination.,Rushdia444,2,3,2025-10-14 19:17:32,dhaka,0.053730158730158704,0.3803174603174604,neutral,trust,"Housing/Real Estate, Technology/Gadgets, Education/Career"
why is it so difficult to get into iba even though the syllabus is relatively straightforward?,fortyskinshit,20,9,2025-10-14 04:25:52,dhaka,0.08051948051948052,0.29794372294372296,neutral,joy,"Housing/Real Estate, Technology/Gadgets, Education/Career, Travel/Transportation"
How to start prepping for iba du if you’re in college.u,Rushdia444,5,12,2025-10-13 13:10:06,dhaka,-0.017307692307692305,0.44487179487179485,neutral,joy,"Education/Career, Food/Dining"
Need advice for transitioning to AI/ML field.,Horny_priest8366,1,0,2025-10-12 14:36:55,dhaka,0.22755602240896355,0.4470238095238095,positive,joy,"Housing/Real Estate, Technology/Gadgets, Education/Career, Infrastructure/Urban"
Mom ruining my brother's life,FrontBeautiful644,69,37,2025-10-11 20:30:59,dhaka,-0.050212121212121194,0.43711471861471857,neutral,anger,"Housing/Real Estate, Technology/Gadgets, Education/Career, Food/Dining, Health/Medical, Travel/Transportation, Relationships/Social, Infrastructure/Urban"
ADMISSION TEST,ComprehensiveBox996,5,21,2025-10-11 18:27:10,dhaka,-0.22619047619047622,0.32142857142857145,negative,neutral,Education/Career
Should I go for CSE in 2025?,Farhanhabib_87,2,15,2025-10-10 20:11:54,dhaka,0.04169642857142855,0.4336383928571429,neutral,joy,"Housing/Real Estate, Technology/Gadgets, Education/Career, Sports/Recreation"
unethical private uni admission,taeejo,0,4,2025-10-09 22:22:36,dhaka,-0.125,0.375,negative,neutral,Education/Career
Pre owned Microsoft surface laptop 4 any good?,Ok-Town-1261,1,0,2025-10-09 12:38:20,dhaka,0.5222222222222221,0.5111111111111112,positive,joy,"Technology/Gadgets, Education/Career"
Any tips to get 1digit rank in BUET,sappy12234456,5,23,2025-10-09 11:07:36,dhaka,-0.30000000000000004,0.55,negative,neutral,"Technology/Gadgets, Education/Career"
Uttara to Keraniganj shortest route,zohaer,1,1,2025-10-09 11:06:43,dhaka,0.0,1.0,neutral,neutral,"Technology/Gadgets, Travel/Transportation"
mba/masters,Expensive_Swim8379,1,5,2025-10-09 01:27:29,dhaka,0.0,0.0,neutral,neutral,Education/Career
বাংলাদেশে একজন ছাত্র বা বেকার ছেলের জন্য কতটা সহায়ক বা সহনীয়? বাংলাদেশের ভবিষ্যৎ কি অন্ধকার?,Bilag-1,6,3,2025-10-08 23:43:20,dhaka,0.0,0.0,neutral,neutral,General
Running location,No-Product7005,2,0,2025-10-08 10:12:07,dhaka,0.09,0.37,neutral,trust,General
private university suggestions,Academic_Ad_9620,5,27,2025-10-07 09:48:29,dhaka,0.034375,0.346875,neutral,neutral,"Housing/Real Estate, Education/Career"
Can I get into buet?,Many_Confusion_2513,21,44,2025-10-06 21:15:50,dhaka,0.05625,0.3270833333333333,neutral,neutral,"Education/Career, Relationships/Social, Infrastructure/Urban"
Any senior who can help me out?,Prior_Ad1406,1,3,2025-10-06 15:07:45,dhaka,0.0,0.4,neutral,neutral,"Housing/Real Estate, Technology/Gadgets"
Why do top potential guys leave high-paying private jobs for govt jobs?,Complex-9723,66,53,2025-10-06 11:35:36,dhaka,0.14761904761904762,0.47083333333333327,positive,joy,"Education/Career, Politics/Government"
About the Recent NSU Incident,AncientBasiIisk,58,71,2025-10-06 04:03:53,dhaka,-0.006349206349206365,0.46914682539682545,neutral,joy,"Housing/Real Estate, Technology/Gadgets, Education/Career, Health/Medical, Travel/Transportation, Politics/Government"
Is there anyone who cracked buet depite being a below average student?,xenon_gx,8,24,2025-10-06 01:41:15,dhaka,0.05493827160493827,0.2888888888888889,neutral,neutral,"Housing/Real Estate, Education/Career"
Need a living place for 3-4 people for 4 days.,Mr_Sophistication__,1,4,2025-10-05 19:58:59,dhaka,0.15000000000000002,0.25,positive,neutral,"Housing/Real Estate, Technology/Gadgets, Relationships/Social"
Help,Glittering-Mix5021,3,3,2025-10-04 10:03:14,dhaka,0.0,0.0,neutral,neutral,Education/Career
Universities that accept 7 year study gap,QualityKoala871,5,1,2025-10-04 05:24:20,dhaka,-0.020833333333333332,0.3625,neutral,neutral,"Technology/Gadgets, Education/Career, Travel/Transportation"
Which insurance plan would be best for me?,Environmental_Ad9456,5,6,2025-10-04 03:43:04,dhaka,0.15833333333333333,0.27499999999999997,positive,neutral,"Education/Career, Health/Medical"
How much does a student from BUET earn per month from tuition and teaching stuff?,Reasonable-Eye6699,25,39,2025-10-03 21:11:18,dhaka,0.030555555555555565,0.3777777777777778,neutral,neutral,Education/Career
Private university admission information help -,many_years_,2,2,2025-10-03 15:13:24,dhaka,0.0,0.0,neutral,neutral,"Technology/Gadgets, Education/Career"
AI-Safe Detective Comic Scene: Detective Arif Rahman in Old Dhaka,ResponsibleFudge8955,7,12,2025-10-02 22:38:34,dhaka,0.045,0.5824999999999999,neutral,neutral,"Housing/Real Estate, Technology/Gadgets, Food/Dining, Shopping/Commerce, Sports/Recreation"
Which private uni will be best for (EEE) for bachelors?,Windy-Orbits,1,13,2025-10-02 20:33:57,dhaka,0.0,0.0,neutral,neutral,General
I Feel Frustrated and Depressed about My Future,Best-Watercress4753,16,15,2025-10-02 00:31:18,dhaka,0.10715501792114697,0.459081541218638,positive,joy,"Housing/Real Estate, Technology/Gadgets, Education/Career, Health/Medical, Relationships/Social"
"As a 17 year old, what should I really do?",Agrahayan,2,1,2025-10-01 19:29:55,dhaka,0.16390977443609023,0.5300751879699248,positive,joy,"Housing/Real Estate, Technology/Gadgets, Education/Career, Food/Dining, Shopping/Commerce, Travel/Transportation"
Any IBA aspirants here?,AffogatoCafe,1,2,2025-10-01 19:19:10,dhaka,0.39285714285714285,0.5678571428571428,positive,joy,"Education/Career, Relationships/Social"
Cost of living,Cobra6906,4,14,2025-09-30 04:46:16,dhaka,0.25,0.4375,positive,neutral,"Housing/Real Estate, Education/Career"
Looking for online part-time jobs,daisukekanbe321,1,0,2025-09-29 21:08:31,dhaka,0.26666666666666666,0.48,positive,neutral,"Housing/Real Estate, Technology/Gadgets, Education/Career"
It’s now a plan by Yunus and his government that Jamaat will come into power in February,HelicopterLong2342,78,69,2025-09-29 07:35:47,dhaka,0.20290476190476192,0.568936507936508,positive,joy,"Housing/Real Estate, Technology/Gadgets, Education/Career, Food/Dining, Shopping/Commerce, Sports/Recreation, Politics/Government"
Please recommend: Things to do/see Dhaka University.,SeaOfCloudss,3,7,2025-09-28 21:04:56,dhaka,0.15252525252525254,0.28989898989898993,positive,neutral,"Housing/Real Estate, Technology/Gadgets, Education/Career, Shopping/Commerce, Travel/Transportation, Infrastructure/Urban"
Help needed for my NSU exam,Perfect-Product-7277,3,3,2025-09-27 01:24:45,dhaka,0.2334895833333333,0.5416666666666667,positive,joy,"Technology/Gadgets, Education/Career, Food/Dining"
Private public bias in marriage,Great-Object1436,2,9,2025-09-26 05:40:30,dhaka,0.0,0.22083333333333333,neutral,neutral,"Education/Career, Travel/Transportation, Relationships/Social, Infrastructure/Urban"
Is finding talented people in Bangladesh to do ANYTHING at an international level IMPOSSIBLE?,UncomfortablyBrown,62,65,2025-09-26 01:14:18,dhaka,0.048922853875684055,0.4864555256064691,neutral,joy,"Housing/Real Estate, Technology/Gadgets, Education/Career, Shopping/Commerce, Sports/Recreation, Politics/Government, Infrastructure/Urban"
#Savemymaster'sdegree!!,No-Lynx-6045,3,2,2025-09-25 23:50:28,dhaka,0.022222222222222223,0.2611111111111111,neutral,neutral,"Housing/Real Estate, Education/Career, Infrastructure/Urban"
Is there a way to manage uni expenses on my own,PotatoMoney6765,8,15,2025-09-22 20:14:46,dhaka,0.22395833333333334,0.5152777777777777,positive,joy,"Technology/Gadgets, Education/Career, Food/Dining, Relationships/Social, Infrastructure/Urban"
English Lit at NSU?,brownniteowl_31,1,0,2025-09-21 10:45:28,dhaka,0.175,0.325,positive,joy,Education/Career
Are there Boxing gyms around old dhaka?,OkStretch332,3,0,2025-09-21 02:57:53,dhaka,-0.25625,0.74375,negative,neutral,Housing/Real Estate
Should i go abroad for undergraduate or masters?,LEGEND_7777,7,20,2025-09-20 19:34:29,dhaka,0.10500000000000001,0.2875,positive,neutral,"Housing/Real Estate, Technology/Gadgets, Education/Career, Infrastructure/Urban"
University options,Anxsuii,2,11,2025-09-20 13:43:25,dhaka,0.25,0.5,positive,neutral,"Technology/Gadgets, Education/Career"
Is there a way to manage uni expenses on my own,PotatoMoney6765,8,17,2025-09-20 03:01:31,dhaka,0.22395833333333334,0.5152777777777777,positive,joy,"Education/Career, Food/Dining, Relationships/Social, Infrastructure/Urban"
Need help/advice,Gold-Tomato-3484,6,16,2025-09-20 00:02:16,dhaka,0.04083333333333334,0.30083333333333334,neutral,joy,"Technology/Gadgets, Education/Career, Food/Dining, Health/Medical, Relationships/Social"
What should I do? HSC -2025,OkCounter2793,2,4,2025-09-19 18:27:08,dhaka,0.23499149659863944,0.3732993197278911,positive,neutral,"Housing/Real Estate, Technology/Gadgets, Education/Career, Health/Medical"
What is the best future possible for a mid level student from a middle class family?,Crowned_XD,3,4,2025-09-19 03:38:16,dhaka,0.3333333333333333,0.6316666666666667,positive,joy,"Education/Career, Relationships/Social"
IBA exam date?,ahnaf1131,4,4,2025-09-19 01:39:41,dhaka,0.3,0.48333333333333334,positive,neutral,Education/Career
ACADEMIC HELP.,PRAISED-01,4,8,2025-09-18 11:02:50,dhaka,0.0027777777777777757,0.4785714285714286,neutral,neutral,"Housing/Real Estate, Technology/Gadgets, Education/Career, Travel/Transportation"
Should I drop out of BUET?,ItchyTranslator2244,173,145,2025-09-18 07:13:32,dhaka,0.31666666666666665,0.4041666666666667,positive,joy,"Technology/Gadgets, Education/Career, Politics/Government, Infrastructure/Urban"
Looking for budget-friendly and good quality Panjabi shops near Dhaka University,GandalfTheGray73,2,1,2025-09-17 22:18:01,dhaka,0.41041666666666665,0.47916666666666674,positive,joy,"Housing/Real Estate, Technology/Gadgets, Education/Career, Shopping/Commerce, Relationships/Social, Politics/Government"
Seeking Advice on Private University Admission Test,Low_Ground_5077,2,2,2025-09-17 10:42:38,dhaka,0.2089285714285714,0.3821428571428571,positive,joy,"Technology/Gadgets, Education/Career, Shopping/Commerce"
Advice on which online courses to take for private university admission,noorbeer,1,2,2025-09-16 16:55:01,dhaka,0.16136363636363635,0.5058080808080807,positive,joy,"Housing/Real Estate, Technology/Gadgets, Education/Career, Food/Dining, Shopping/Commerce, Travel/Transportation"
Can you point me out some concrete problems with Shibir/Jamat?,ImTahrim,38,141,2025-09-16 12:37:42,dhaka,0.3166666666666667,0.275,positive,neutral,"Health/Medical, Sports/Recreation, Politics/Government"
Looking for tuitions,Academic_Cod_7039,1,0,2025-09-15 16:09:12,dhaka,0.06108630952380954,0.3954613095238096,neutral,anger,"Housing/Real Estate, Technology/Gadgets, Education/Career, Food/Dining, Infrastructure/Urban"
Politics and Public universities,serialgooner696,45,57,2025-09-15 14:31:52,dhaka,-0.125,0.37427536231884057,negative,anger,"Technology/Gadgets, Education/Career, Relationships/Social, Politics/Government, Infrastructure/Urban"
seeking remote jobs,Terrible_Mud_7057,1,1,2025-09-15 10:11:17,dhaka,-0.005555555555555559,0.2611111111111111,neutral,neutral,"Housing/Real Estate, Education/Career, Shopping/Commerce"
Admission phase.,Clear-External-3135,4,6,2025-09-15 03:23:37,dhaka,0.0375,0.225,neutral,neutral,"Housing/Real Estate, Technology/Gadgets, Education/Career"
"Anyone got ""Focus"" sheets for sale?",kachakathal2219,2,2,2025-09-14 23:02:51,dhaka,0.35000000000000003,0.6333333333333333,positive,joy,"Housing/Real Estate, Technology/Gadgets, Food/Dining"
About freetime,Sungodnika04,2,1,2025-09-14 00:19:32,dhaka,0.27499999999999997,0.5750000000000001,positive,neutral,"Housing/Real Estate, Technology/Gadgets, Education/Career, Travel/Transportation, Relationships/Social"
How is ULAB??,peekaboo4three,2,1,2025-09-13 23:56:45,dhaka,0.1068181818181818,0.4136363636363637,positive,joy,"Housing/Real Estate, Technology/Gadgets, Education/Career"
Why ppl r so obsessed with DUCSU,Vivid-Attitude1799,1,7,2025-09-13 20:00:15,dhaka,0.1125,0.675,positive,joy,General
Suggest me some books for private university admission,hasinishraque,3,1,2025-09-13 19:24:33,dhaka,0.3,0.39166666666666666,positive,joy,Education/Career
Udvash engineering position in daily exam not satisfying,Reasonable-Eye6699,0,7,2025-09-13 01:14:55,dhaka,0.10600000000000001,0.48566666666666675,positive,neutral,"Technology/Gadgets, Education/Career"
Ratrace and Admission,Crowned_XD,1,1,2025-09-12 23:44:14,dhaka,0.08473684210526315,0.48973684210526314,neutral,fear,"Housing/Real Estate, Technology/Gadgets, Education/Career, Food/Dining, Health/Medical, Travel/Transportation, Relationships/Social, Infrastructure/Urban"
explanation,Solid-Secretary-44,3,7,2025-09-12 05:26:28,dhaka,0.3333333333333333,0.5833333333333334,positive,neutral,Politics/Government
"To my liberal friends, shibir...",_average_man_,41,52,2025-09-12 04:22:37,dhaka,0.02099069512862616,0.46323207443897113,neutral,sadness,"Housing/Real Estate, Technology/Gadgets, Education/Career, Relationships/Social, Sports/Recreation, Politics/Government, Infrastructure/Urban"
English Lit Program at NSU,brownniteowl_31,3,6,2025-09-12 01:32:14,dhaka,0.14326923076923076,0.26346153846153847,positive,fear,"Technology/Gadgets, Education/Career"
Why did female students voted in a surprisingly huge amount for Shibir?,Ok-Grapefruit-6532,19,45,2025-09-11 22:46:20,dhaka,0.1605263157894737,0.5105263157894736,positive,surprise,"Technology/Gadgets, Education/Career, Health/Medical, Politics/Government"
How Shibir Won Ducsu?,Political_egg,8,18,2025-09-11 18:46:40,dhaka,0.03125,0.3958333333333333,neutral,neutral,"Housing/Real Estate, Technology/Gadgets, Education/Career, Politics/Government"
Shibir is attracting me like a magnet,UpperMeal3875,0,36,2025-09-11 17:16:04,dhaka,0.25,0.42857142857142855,positive,neutral,"Housing/Real Estate, Education/Career"
Freedom of speech and whatever the hell goes on in front of DU,ConstructionGlad4331,2,3,2025-09-11 09:16:56,dhaka,0.0,0.0,neutral,neutral,"Housing/Real Estate, Technology/Gadgets"
It's not politics but please answer my question if you know.,Windy-Orbits,1,0,2025-09-11 01:00:55,dhaka,0.6166666666666667,0.4833333333333334,positive,neutral,"Education/Career, Politics/Government"
Counter Narrative (DUCSU),Worldly_Yellow_6115,8,29,2025-09-10 15:01:04,dhaka,0.07135416666666666,0.528125,neutral,anger,"Housing/Real Estate, Technology/Gadgets, Education/Career, Travel/Transportation, Sports/Recreation, Politics/Government"
মানুষ মূলত শিবির...,astra_t,22,13,2025-09-10 15:00:36,dhaka,0.19523809523809524,0.3797619047619048,positive,neutral,"Housing/Real Estate, Sports/Recreation, Politics/Government"
What's so surprising?,ironic_XD69,102,72,2025-09-10 14:08:45,dhaka,-0.06235119047619048,0.48676587301587304,neutral,surprise,"Sports/Recreation, Politics/Government"
Opportunities to go abroad for higher studies after dropping out,Difficult-Draft9441,1,2,2025-09-10 13:48:51,dhaka,0.07142857142857142,0.5246031746031746,neutral,anger,"Housing/Real Estate, Technology/Gadgets, Relationships/Social, Infrastructure/Urban"
Al Badr won Dhaka University,deltagt98,26,124,2025-09-10 13:19:30,dhaka,0.19805194805194803,0.44350649350649357,positive,anger,"Housing/Real Estate, Technology/Gadgets, Education/Career, Food/Dining, Politics/Government"
Now that shibir has won..,Fantastic-Freedom754,160,505,2025-09-10 11:06:30,dhaka,0.15,0.6375,positive,sadness,Technology/Gadgets
A shame for the nation and our people also the future,Longjumping-Boot-713,198,345,2025-09-10 07:30:49,dhaka,0.33939393939393936,0.4090909090909091,positive,neutral,"Housing/Real Estate, Technology/Gadgets, Education/Career, Sports/Recreation, Politics/Government"
How do I apply for NSU scholarship after first semester (no admission scholarship)?,Emotional_Yak7423,2,2,2025-09-09 19:54:35,dhaka,0.15708333333333332,0.42874999999999996,positive,joy,"Housing/Real Estate, Technology/Gadgets, Education/Career, Relationships/Social"
NSU admission prep,dumb__head33,2,3,2025-09-09 08:05:54,dhaka,0.0,0.5,neutral,neutral,Education/Career
Whats the difference between NDC students and normal college students?,Defiant_Shirt_6441,3,10,2025-09-08 00:10:17,dhaka,0.13333333333333333,0.4055555555555555,positive,neutral,"Education/Career, Health/Medical, Infrastructure/Urban"
help related studies for hsc 2027,dhoopneel,1,2,2025-09-07 23:42:10,dhaka,0.41666666666666663,0.5729166666666666,positive,neutral,Education/Career
“HSC ’27 Science – Can I rely on free YouTube playlists for both HSC &amp; admission prep?”,_K1b1ra_,2,6,2025-09-07 16:56:26,dhaka,0.19206349206349208,0.5149267399267399,positive,joy,"Technology/Gadgets, Education/Career, Health/Medical, Travel/Transportation, Sports/Recreation"
MSC in Data science after BBA,Responsible-Gear-208,2,3,2025-09-07 16:00:39,dhaka,0.14285714285714285,0.7678571428571428,positive,neutral,Education/Career
How many marks do you need in NSU admission test for LLB?,Sufficient-Skin-1695,3,2,2025-09-06 16:03:56,dhaka,0.14285714285714288,0.21428571428571427,positive,neutral,"Education/Career, Food/Dining"
ssc result 4.22 হয়ে buet এ কি admission exam দিতে পারবো?,robertlussy,2,3,2025-09-05 23:39:54,dhaka,-0.08333333333333333,0.6666666666666666,neutral,neutral,Education/Career
Online Coaching Platform,FrenzyCEE,3,2,2025-09-05 07:28:02,dhaka,0.28055555555555556,0.49166666666666675,positive,joy,"Housing/Real Estate, Education/Career, Relationships/Social"
Seeking Advice: Can I Re-Apply to BRAC University in a Different Department After Academic Cancellation?,Apprehensive-Net3087,4,0,2025-09-05 02:17:57,dhaka,0.13823953823953825,0.4208513708513709,positive,trust,"Housing/Real Estate, Technology/Gadgets, Education/Career, Food/Dining"
NSU TESOL vs Brac TESOL (Masters),holatics,1,0,2025-09-03 22:49:29,dhaka,0.5,0.5,positive,neutral,Education/Career
Which coaching should I do for Dhaka University B unit and C unit ?,Mental-Joke5827,5,7,2025-09-03 13:01:32,dhaka,0.13,0.42000000000000004,positive,joy,"Housing/Real Estate, Technology/Gadgets, Education/Career, Health/Medical, Relationships/Social"
Buet eligibility,AwarenessFragrant218,0,9,2025-09-02 15:59:42,dhaka,0.0,0.0,neutral,anger,Technology/Gadgets
What is the minimum cgpa requirement to get shortlisted for a university lacturur position?,Anxious-Advantage374,9,30,2025-09-02 10:58:12,dhaka,0.0,0.0,neutral,neutral,Education/Career
About admission,Baby_No_PP,1,1,2025-09-01 22:53:31,dhaka,0.21233766233766233,0.584126984126984,positive,neutral,"Housing/Real Estate, Technology/Gadgets, Education/Career"
Productivity,SamiulArian69,5,7,2025-08-31 18:33:47,dhaka,0.1111111111111111,0.4802469135802469,positive,trust,"Housing/Real Estate, Education/Career, Shopping/Commerce"
Bracu to gulistan,troubled_dad,2,5,2025-08-31 17:05:30,dhaka,0.0,0.0,neutral,neutral,Travel/Transportation
Help a brother out…,Zestyclose_Relief_61,2,10,2025-08-31 00:34:35,dhaka,-0.029166666666666664,0.2569444444444445,neutral,trust,"Housing/Real Estate, Technology/Gadgets, Education/Career, Infrastructure/Urban"
CS from Bracu vs CS from IUB which one is better?,Affectionate_Long774,2,3,2025-08-30 18:45:38,dhaka,0.5,0.5,positive,neutral,"Technology/Gadgets, Education/Career"
Calling all the EM students who studies at BUET/ gave admission exams,Tall_Committee_2243,2,2,2025-08-29 12:19:15,dhaka,0.35,0.55,positive,joy,Education/Career
"Here to vent and release all the stress, also need solid advice",SpendOk8872,16,77,2025-08-28 01:21:10,dhaka,0.07305990578049401,0.4439600840336135,neutral,joy,"Housing/Real Estate, Technology/Gadgets, Education/Career, Food/Dining, Health/Medical, Travel/Transportation, Relationships/Social, Politics/Government"
studying cse independently in bd without uni,wujair,1,15,2025-08-27 16:33:17,dhaka,0.24113756613756612,0.4304894179894179,positive,joy,"Housing/Real Estate, Education/Career, Shopping/Commerce, Travel/Transportation, Infrastructure/Urban"
How to overcome from academic regrets?,ivyIllusions238,29,54,2025-08-27 16:07:55,dhaka,-0.058854166666666666,0.3458333333333333,neutral,anger,"Technology/Gadgets, Education/Career, Relationships/Social"
Advice for an Psychology Aspirant SSC-25 Graduate?,Personal-Calendar974,3,1,2025-08-27 04:49:29,dhaka,0.14204545454545456,0.36856060606060603,positive,neutral,"Housing/Real Estate, Technology/Gadgets, Education/Career, Travel/Transportation, Infrastructure/Urban"
Is it worth spending 15 lacs at a top level private university if I get the chance to study at a mid level public?,roronoa_zoro_11111,28,38,2025-08-27 02:01:09,dhaka,0.19,0.2866666666666667,positive,neutral,"Housing/Real Estate, Technology/Gadgets, Education/Career, Relationships/Social, Infrastructure/Urban"
Is it viable to switch to Law for a Master’s after a CSE undergrad in Bangladesh?,elvinbarton,3,0,2025-08-26 23:49:37,dhaka,0.06985294117647059,0.40367647058823536,neutral,fear,"Housing/Real Estate, Technology/Gadgets, Education/Career, Health/Medical, Shopping/Commerce, Politics/Government"
Engineering in Bangladesh,Zetafunction64,14,5,2025-08-24 19:26:29,dhaka,0.21779609279609288,0.41726495726495716,positive,joy,"Housing/Real Estate, Technology/Gadgets, Education/Career, Health/Medical, Travel/Transportation, Relationships/Social, Sports/Recreation, Politics/Government, Infrastructure/Urban"
WANNA KNOW ABOUT JNU,Competitive-Rate-951,7,12,2025-11-16 21:10:31,bangladesh,0.0,0.0,neutral,neutral,General
Help,mizzy_001,3,6,2025-11-11 16:45:58,bangladesh,-0.027314814814814816,0.37222222222222223,neutral,neutral,"Technology/Gadgets, Education/Career, Infrastructure/Urban"
Question about EWU English Department,Adept-Asparagus-1021,2,1,2025-09-04 17:26:51,bangladesh,0.2119047619047619,0.3952380952380952,positive,neutral,Education/Career
Some questions regarding on Ahsanullah University,onisadat_712005,3,1,2025-09-03 18:17:05,bangladesh,0.36111111111111105,0.5222222222222223,positive,joy,"Housing/Real Estate, Technology/Gadgets, Education/Career"
From AUST to Tesla: Samiha Mustabin Begins New Role as Process Engineer.,El-che-Alif,29,11,2025-07-14 23:57:03,bangladesh,0.17722222222222223,0.4111111111111111,positive,neutral,"Technology/Gadgets, Education/Career, Shopping/Commerce, Travel/Transportation, Sports/Recreation"
"Bangladesh's Ambassadoe Muhammad presented credentials to Burkina Faso's President Ibrahim Traoré, proposing direct cotton trade to boost Bangladesh’s textile industry &amp; open new markets for Burkina",VapeyMoron,268,33,2025-07-02 18:07:15,bangladesh,0.0,0.0,neutral,neutral,Shopping/Commerce
Feeling gulity about not being able to stop eve teasing &amp; why we as a nation become this much judgemental to tease and harasse any women wearing saree??,Bubbly_Review_4932,232,77,2025-06-21 23:12:03,bangladesh,0.09197994987468673,0.48352130325814535,neutral,anger,"Housing/Real Estate, Technology/Gadgets, Health/Medical, Infrastructure/Urban"
Anyone know where can I find espresso 57 in cheap. In new market area. I am going to drink it with milk,KhondokarIbrahim,7,1,2025-06-17 21:18:14,bangladesh,0.0,0.0,neutral,neutral,Shopping/Commerce
Where do I find good a good nanny?,ovi2wise,9,19,2025-06-15 17:31:08,bangladesh,0.12430555555555554,0.4635416666666667,positive,joy,"Housing/Real Estate, Relationships/Social, Infrastructure/Urban"
From where can I can get cargo pants? @Dhanmondi,Own_Antelope_7019,0,8,2025-05-20 05:15:44,bangladesh,0.34545454545454546,0.5848484848484848,positive,joy,"Shopping/Commerce, Relationships/Social"
need some help finding beads,minty_pwanda,4,1,2025-05-16 21:17:24,bangladesh,-0.0029772727272727338,0.43865909090909094,neutral,neutral,"Housing/Real Estate, Technology/Gadgets, Education/Career, Shopping/Commerce, Travel/Transportation"
DATA SCIENCE IN AIUB,wthhminx,3,1,2025-05-10 21:14:49,bangladesh,0.016666666666666677,0.5666666666666667,neutral,neutral,"Technology/Gadgets, Education/Career"
Why Markets around Bangladesh is called 'New Market'?,Forgotten_Seriously,22,13,2025-05-08 23:35:23,bangladesh,-0.009090909090909094,0.4515151515151515,neutral,neutral,"Housing/Real Estate, Shopping/Commerce"
How good is AIUB's CNCS (Computer Network And Cyber Security) program really?,Atom_X9,3,1,2025-05-06 03:32:50,bangladesh,0.38125,0.55,positive,joy,"Technology/Gadgets, Education/Career"
Selling brain to cash,More_Cut7480,4,0,2025-04-21 21:33:42,bangladesh,0.1696190476190476,0.44019047619047624,positive,joy,"Housing/Real Estate, Technology/Gadgets, Education/Career, Food/Dining, Shopping/Commerce, Relationships/Social, Sports/Recreation, Infrastructure/Urban"
Studying in Bangladesh,PartySchedule597,2,2,2025-04-08 20:30:32,bangladesh,0.07148148148148148,0.45444444444444443,neutral,neutral,"Housing/Real Estate, Technology/Gadgets, Education/Career"
Is Ewu English department good?,Visible-Issue5345,3,2,2025-03-17 02:29:29,bangladesh,0.0,0.0,neutral,neutral,General
Does Public vs Private Really Matter in Engineering Jobs? (Need Advice from Alumni),sonothamin112,2,4,2025-03-15 23:55:57,bangladesh,0.11851851851851852,0.4506172839506173,positive,joy,"Technology/Gadgets, Education/Career, Shopping/Commerce, Relationships/Social, Sports/Recreation, Infrastructure/Urban"
IUB students' underwater vehicle shows promise for industrial applications in maritime ecology and security,Careless_Success_282,6,0,2025-03-03 18:37:57,bangladesh,0.0,0.0,neutral,neutral,"Technology/Gadgets, Education/Career"
Career Suggestion,No_Necessary_5021,7,2,2025-02-09 21:17:13,bangladesh,-0.046978021978021985,0.46053113553113556,neutral,joy,"Technology/Gadgets, Education/Career, Food/Dining, Relationships/Social"
How much longer will the Jamuna Future Park main road constructions last?,SignificantYam5015,4,0,2025-02-05 16:34:41,bangladesh,0.0,0.0,neutral,fear,"Housing/Real Estate, Technology/Gadgets, Education/Career, Infrastructure/Urban"
At least eight policemen were injured in an attack by dozens of men on a convoy of New Market Police Station in an alleged attempt to snatch a Chhatra Dal leader arrested over the hacking of a businessman,VapeyMoron,31,13,2025-01-24 20:25:05,bangladesh,0.0,0.0,neutral,neutral,"Shopping/Commerce, Travel/Transportation, Politics/Government"
Did Chinmay Das  actually commit sedition???Does any one have a video or a close up shot of the flag hoisted at new market ctg? Fact check is needed on this. [OC],itsnightmare_here,0,3,2025-01-10 04:26:30,bangladesh,0.23409090909090907,0.41363636363636364,positive,neutral,"Technology/Gadgets, Shopping/Commerce"
"NSU vs EWU vs DIU --Which one is best for ""CSE""?",joysutradhar_,3,1,2024-12-23 11:08:06,bangladesh,0.2723611111111111,0.5923611111111111,positive,neutral,"Technology/Gadgets, Education/Career, Infrastructure/Urban"
Are Private Uni students being targeted?,relapse_rif,5,8,2024-12-17 23:46:02,bangladesh,0.018518518518518524,0.35833333333333334,neutral,trust,"Technology/Gadgets, Education/Career"
Engineering application help,MaxDialga,4,1,2024-11-20 17:38:39,bangladesh,0.05,0.2,neutral,neutral,"Technology/Gadgets, Education/Career"
Credit Card Use for shopping ,GIS71,3,2,2024-10-23 13:21:26,bangladesh,0.044166666666666674,0.32425925925925925,neutral,neutral,"Shopping/Commerce, Travel/Transportation, Relationships/Social"
Bus route Mohakhali to AIUB,DemiGhost0,4,3,2024-10-21 19:11:28,bangladesh,0.0,0.0,neutral,neutral,"Technology/Gadgets, Education/Career, Travel/Transportation"
Can anyone tell me some places where I can get things in retail &amp; wholesale price?,Emad_341,3,4,2024-10-19 15:30:26,bangladesh,0.16227272727272726,0.5459090909090909,positive,neutral,"Housing/Real Estate, Technology/Gadgets, Health/Medical, Shopping/Commerce"
Tried to plot Hatirjheel and surrounding areas [OC],redwanhossain6333,3,4,2024-10-17 02:57:22,bangladesh,0.0,0.0,neutral,neutral,General
Information regarding new market,ponyo_thalassophile,2,0,2024-10-13 09:01:03,bangladesh,0.06818181818181818,0.4772727272727273,neutral,neutral,"Housing/Real Estate, Shopping/Commerce"
Is economics better in UIU or IUB?,invisiblereader4951,2,4,2024-10-12 17:25:12,bangladesh,0.0,0.0,neutral,neutral,Technology/Gadgets
"How can i apply for law in BRACU, after graduating from another university? ",invisiblereader4951,3,1,2024-10-12 16:57:30,bangladesh,0.09962121212121211,0.4515151515151515,neutral,neutral,"Technology/Gadgets, Education/Career, Politics/Government"
Aust theke graduation korar por graduate ra kemon salary te job start kore?,rihad_mahmud,3,1,2024-09-30 19:59:40,bangladesh,-0.15,0.39999999999999997,negative,neutral,Education/Career
Need advice ,october_83,2,2,2024-09-30 11:55:45,bangladesh,0.2625,0.2436111111111111,positive,neutral,"Housing/Real Estate, Technology/Gadgets, Education/Career"
Where can I purchase regular fit men's outfit in Dhaka city?,Mindless_Session_761,1,2,2024-09-07 20:54:06,bangladesh,0.0,0.5625,neutral,neutral,"Housing/Real Estate, Shopping/Commerce, Travel/Transportation, Infrastructure/Urban"
Transfer credits from AIUB to BRACU? thoughts?,lubdhak_31,1,5,2024-08-28 17:30:11,bangladesh,0.3888888888888889,0.4305555555555556,positive,joy,"Technology/Gadgets, Education/Career, Relationships/Social"
Preparing for EWU,OddYogurtcloset7613,0,0,2024-06-26 19:19:45,bangladesh,0.0,0.0,neutral,neutral,Education/Career
"Which Uni will be better for Mechanical/civil Engineering, Aust or IUT?",Usual-Banana-4340,2,3,2024-06-22 14:03:19,bangladesh,0.25545454545454543,0.6666666666666666,positive,neutral,Housing/Real Estate
College Suggestions [GPA-4.83],Sauce_Is_Life,1,0,2024-05-30 00:08:45,bangladesh,0.20767045454545455,0.44119318181818185,positive,joy,"Education/Career, Food/Dining, Shopping/Commerce"
Suggestions for dorji/tailor who handles men's clothing around Dhanmondi area.,houdini0724,5,2,2024-05-28 16:21:27,bangladesh,0.20454545454545453,0.5264610389610389,positive,neutral,"Technology/Gadgets, Shopping/Commerce"
AIUB CSE or Public University's any subject,afsanabid_anik,3,6,2024-05-25 13:25:04,bangladesh,0.175,0.22916666666666669,positive,joy,"Technology/Gadgets, Education/Career, Infrastructure/Urban"
Which MBA is better for the BD job market.,Otcoron,0,2,2024-05-22 12:56:47,bangladesh,-0.8,0.9,negative,neutral,"Education/Career, Shopping/Commerce"
"Shops like techmarvels,computer mania are they good?",averagedude_2023,2,0,2024-05-17 00:07:17,bangladesh,0.1,0.1125,neutral,joy,"Technology/Gadgets, Shopping/Commerce"
How do i prepare for EWU?,OddYogurtcloset7613,2,2,2024-05-15 15:41:30,bangladesh,0.19999999999999998,0.5916666666666667,positive,neutral,Education/Career
Does AIUB provide offer letter?,the_tempest_84,2,2,2024-05-14 14:02:37,bangladesh,0.09375,0.25,neutral,neutral,"Technology/Gadgets, Education/Career, Health/Medical"
IUT Civil Engineering or Brac CSE,nabilalam_10,0,3,2024-05-11 03:40:56,bangladesh,0.17575757575757578,0.41363636363636364,positive,anger,"Technology/Gadgets, Education/Career, Food/Dining, Health/Medical, Relationships/Social, Infrastructure/Urban"
Private University For getting Engineering Degree,Southern-Explorer616,0,7,2024-04-25 21:04:08,bangladesh,0.5,0.3375,positive,neutral,Education/Career
Unsure on where to head towards now.,yeeehow,2,11,2024-03-30 11:32:52,bangladesh,0.14423076923076922,0.47158119658119657,positive,neutral,"Technology/Gadgets, Education/Career, Shopping/Commerce, Travel/Transportation, Relationships/Social, Infrastructure/Urban"
Please provide a logical suggestion for a probation student,Muftasimul_Dhrubo,17,15,2024-03-28 13:52:31,bangladesh,-0.06263440860215054,0.33817204301075265,neutral,anger,"Housing/Real Estate, Technology/Gadgets, Education/Career, Food/Dining, Health/Medical, Relationships/Social"
Enrolling large number of students without any proper admission test is extremely detrimental to the quality of education in private universities of Bangladesh,Background-Way-69,6,8,2024-02-20 20:21:27,bangladesh,0.08446581196581196,0.4251495726495727,neutral,joy,"Technology/Gadgets, Education/Career, Food/Dining, Health/Medical, Politics/Government, Infrastructure/Urban"
Everything Wrong With Lifespring,Better-Cake8790,72,20,2024-01-19 21:23:16,bangladesh,0.016283643892339553,0.42224120082815747,neutral,trust,"Housing/Real Estate, Technology/Gadgets, Education/Career, Food/Dining, Health/Medical, Shopping/Commerce, Travel/Transportation, Relationships/Social, Sports/Recreation, Infrastructure/Urban"
can i take cse in IUB uni?,_rafflewaffle,1,6,2024-01-18 20:02:26,bangladesh,0.0,0.0,neutral,neutral,General
Which countries should a tech graduate from bangladesh target? Study or Work,Superb_Safe_5950,9,23,2024-01-13 17:52:43,bangladesh,0.2125,0.30312500000000003,positive,neutral,"Technology/Gadgets, Education/Career"
Aiub or Iub for CE,LegitimateAd9539,2,10,2023-11-23 22:57:39,bangladesh,0.7,0.6000000000000001,positive,joy,Technology/Gadgets
"Elephants on the march, Pilkhana, Dhaka (1904) by Fritz Kapp. Dhaka Nawab's Garden, now known as Paribagh and Shahbagh. The path between Pilkhana and the jungle, through which the elephants traversed (adjacent to Dhaka New Market), later became a public road named Elephant Road. (Source: Wikipedia)",grbprogenitor,99,16,2023-11-08 23:10:08,bangladesh,0.0,0.0,neutral,neutral,"Housing/Real Estate, Technology/Gadgets, Shopping/Commerce, Infrastructure/Urban"
Mohakhali to Jagannath university and vice versa.,NAF1R,1,2,2023-11-06 23:49:10,bangladesh,0.0,0.03333333333333333,neutral,neutral,"Education/Career, Travel/Transportation"
NSU IUB admission requirements,-missdior,0,3,2023-10-14 03:18:16,bangladesh,-0.2625,0.4875,negative,neutral,Education/Career
Tips for future foreign visitors to Bangladesh - my experience,marble_god,9,12,2023-09-19 08:32:10,bangladesh,0.11721492792921365,0.5210421751630543,positive,joy,"Housing/Real Estate, Technology/Gadgets, Education/Career, Food/Dining, Health/Medical, Shopping/Commerce, Travel/Transportation, Relationships/Social, Politics/Government, Infrastructure/Urban"
"Should I buy ""used"" phones from Jamuna Future Park?",Asmkhalid101,8,10,2023-09-03 15:35:13,bangladesh,0.09145021645021645,0.306926406926407,neutral,neutral,"Technology/Gadgets, Shopping/Commerce"
Can I expect a better future by studying IPE at AUST?,GALEEB_101,1,2,2023-08-29 13:38:21,bangladesh,0.13083333333333333,0.38944444444444454,positive,neutral,"Technology/Gadgets, Education/Career, Shopping/Commerce, Travel/Transportation, Infrastructure/Urban"
HSTU CSE or AUST CSE,Say__my__name__,1,9,2023-08-20 16:30:06,bangladesh,0.5,0.5,positive,neutral,General
I'm in 4rd yr in economics. What'll be my potential job field? In banks only? Does cgpa really matters for my sector? I'm currently in ewu cg 2.65,CharityHead9076,0,10,2023-08-20 13:59:22,bangladesh,0.0,0.0,neutral,neutral,"Housing/Real Estate, Education/Career, Infrastructure/Urban"
Best brands or shops at Jamuna Future Park,Large-Problem7630,1,0,2023-08-10 10:00:56,bangladesh,0.30893939393939396,0.49757575757575767,positive,neutral,"Food/Dining, Shopping/Commerce"
How do you design a cashless Bangladesh?,Mwrp86,12,30,2023-08-03 20:17:05,bangladesh,0.10113636363636362,0.3129545454545455,positive,anger,"Technology/Gadgets, Shopping/Commerce, Travel/Transportation, Infrastructure/Urban"
"International Club or any other ""club"" for that matter.",Slow-Significance113,4,1,2023-07-27 00:57:36,bangladesh,0.22575757575757574,0.5584511784511784,positive,neutral,"Housing/Real Estate, Food/Dining, Shopping/Commerce, Travel/Transportation, Relationships/Social, Sports/Recreation"
A good gift shop like Miniso but Cheaper,Calm_Finance_6996,3,2,2023-07-24 20:57:42,bangladesh,0.2672727272727272,0.37090909090909097,positive,joy,"Technology/Gadgets, Shopping/Commerce, Relationships/Social"
Hopefully people wouldn't mind over these images! Tried to draw Hatirjheel and its surrounding areas using two different python packages.,redwanhossain6333,16,0,2023-05-21 11:35:20,bangladesh,0.0,0.0,neutral,neutral,Housing/Real Estate
How do I improve navigation skill in Dhaka city?,Weak_Garage_2293,20,33,2023-05-08 17:03:24,bangladesh,0.06231060606060606,0.5396464646464646,neutral,neutral,"Housing/Real Estate, Shopping/Commerce, Travel/Transportation, Infrastructure/Urban"
Will the contractor whose incompetence led to the fire of new market be charged?,MyNam3lsJ3ff,2,0,2023-04-15 23:16:17,bangladesh,0.13636363636363635,0.45454545454545453,positive,neutral,"Technology/Gadgets, Shopping/Commerce"
AIUB or BRAC for CSE,redditcarouselart,1,14,2023-04-01 17:25:12,bangladesh,0.1,0.3097619047619048,neutral,neutral,"Technology/Gadgets, Education/Career, Infrastructure/Urban"
[ Removed by Reddit ],Afff95,10,20,2023-03-18 21:55:31,bangladesh,0.0,0.0,neutral,neutral,General
CSE or MIS in NSU ?,Master-Side-6887,2,12,2023-03-18 19:44:34,bangladesh,0.40340909090909083,0.4970779220779221,positive,joy,"Technology/Gadgets, Education/Career, Travel/Transportation"
I Love My Country (Happy Victory Day!),protoy12,52,40,2022-12-16 15:33:38,bangladesh,0.17619990224828933,0.47107526881720424,positive,joy,"Housing/Real Estate, Technology/Gadgets, Education/Career, Food/Dining, Travel/Transportation, Relationships/Social, Sports/Recreation, Politics/Government, Infrastructure/Urban"
NSU or AIUB for cse ?,lubdhak_31,6,13,2022-11-15 12:44:59,bangladesh,0.20833333333333334,0.45555555555555555,positive,neutral,"Housing/Real Estate, Technology/Gadgets, Education/Career"
Why isn't there that many good universities offering Textile Engineering in our textile industry led economy?,cthulhouette,20,23,2022-08-02 19:53:15,bangladesh,0.04255952380952381,0.4258928571428572,neutral,joy,"Technology/Gadgets, Education/Career"
Which University in Bangladesh offers the best CSE or EEE course ?,CaptainSmarty,0,3,2022-06-24 02:36:41,bangladesh,-0.8,0.9,negative,neutral,"Technology/Gadgets, Education/Career"
Solar-powered cold storage design by IUB students win gold in UK,Due-Stuff9151,5,2,2022-06-23 20:15:56,bangladesh,0.0,0.0,neutral,neutral,"Education/Career, Sports/Recreation"
Where can I find old board textbooks from 1995-2010?,Rar34943,9,5,2022-06-15 14:53:27,bangladesh,0.13636363636363635,0.45454545454545453,positive,neutral,"Education/Career, Shopping/Commerce"
how important are admission tests for private uni?,h1tler_feet,0,4,2022-05-26 19:08:54,bangladesh,0.21428571428571427,0.5714285714285714,positive,trust,"Technology/Gadgets, Education/Career"
"First meet our demands, then reopen New Market, say Dhaka College students",Loose-Ad3281,7,7,2022-04-21 19:05:46,bangladesh,0.0,0.0,neutral,neutral,"Housing/Real Estate, Education/Career, Shopping/Commerce"
"After last night, students and traders clash again in Dhaka New Market area",Loose-Ad3281,8,10,2022-04-19 19:22:11,bangladesh,0.0,0.0,neutral,neutral,"Housing/Real Estate, Technology/Gadgets, Education/Career, Shopping/Commerce"
Best university in Bangladesh for doing MPH degree? Preferably private.,jacktheriddler,7,6,2022-04-13 19:09:11,bangladesh,0.018750000000000003,0.37881944444444443,neutral,joy,"Housing/Real Estate, Technology/Gadgets, Education/Career, Food/Dining, Health/Medical, Infrastructure/Urban"
"Drone Show Near Hatirjheel, in Celebration of Bangladesh’s Golden Jubilee of Independence and Development, depicting crucial projects and history of Bangladesh",an_ionic,248,84,2022-04-01 00:42:33,bangladesh,0.0,0.0,neutral,neutral,Infrastructure/Urban
BRAC/AIUB which is the best for CSE?,ifazrOadkill,12,23,2022-03-21 17:36:16,bangladesh,0.0,0.0,neutral,neutral,Technology/Gadgets
Anything more I should know about Ahsanullah University of Science and Technology?,cthulhouette,5,0,2022-02-16 10:37:40,bangladesh,0.22083333333333333,0.6953703703703704,positive,neutral,"Technology/Gadgets, Education/Career"
Can anyone explain me the process of BRAC University undergraduate admission?,SharifdotG,2,11,2021-11-25 13:57:02,bangladesh,0.020833333333333325,0.2701388888888889,neutral,joy,"Technology/Gadgets, Education/Career, Infrastructure/Urban"
"Looking for reasonable shopping Place near Mirpur 10,11,12",mikasa_tr,3,2,2021-11-03 15:25:48,bangladesh,0.11818181818181818,0.42727272727272725,positive,neutral,Shopping/Commerce
Will the roller coaster at Jamuna Future Park ever become functional again.,No_Alternative314,4,3,2021-09-27 16:32:25,bangladesh,0.0,0.0,neutral,neutral,Technology/Gadgets
Higher study in Canada,Debashish37,22,7,2021-08-03 02:12:07,bangladesh,0.16666666666666666,0.22222222222222224,positive,neutral,"Technology/Gadgets, Education/Career, Infrastructure/Urban"
Where can I buy football jerseys and not get scammed?,needsomeadvicebd,30,23,2021-06-18 10:51:18,bangladesh,0.03712121212121212,0.40984848484848485,neutral,neutral,"Technology/Gadgets, Shopping/Commerce, Sports/Recreation"
"A mask stall (New Market Area, Dhaka /Thursday 1/04/2021)",syntax_error_1025,9,0,2021-04-06 22:15:51,bangladesh,0.0,0.0,neutral,neutral,"Housing/Real Estate, Shopping/Commerce"
"Cycle Riding vlog in Hatirjheel, Dhaka, Bangladesh",InterestingBD,4,0,2021-03-16 14:30:58,bangladesh,0.0,0.0,neutral,neutral,Housing/Real Estate
"Sitting on the passenger seat, the daughter is trying to feed some sweetlike food to her father, while they all were going out for a family ride on her father's rickshaw. New Market, Dhaka. © Al Forhad",mhadr,370,22,2021-01-10 21:23:03,bangladesh,0.0,0.0,neutral,neutral,"Housing/Real Estate, Food/Dining, Shopping/Commerce, Travel/Transportation, Relationships/Social"
(Just curious) Has any incident similar to what happened today in the US ever occurred in Bangladesh i.e. radical supporters trying to breach Sangsad Bhaban?,ParityBit0110011,5,12,2021-01-07 11:05:03,bangladesh,0.0,0.0,neutral,neutral,Technology/Gadgets
Sunrise over Hatirjheel and a bit of Music,drabir,2,0,2020-12-01 11:32:09,bangladesh,0.0,0.0,neutral,neutral,General
"New Market, Dhaka, Bangladesh",RF_Xafi_1999,107,17,2020-03-29 16:53:48,bangladesh,0.0,0.0,neutral,neutral,"Housing/Real Estate, Shopping/Commerce"
IUB student wins Wellcome Sanger Institute Prize 2019,rambobilai,23,0,2019-05-17 23:18:48,bangladesh,0.0,0.0,neutral,neutral,"Education/Career, Sports/Recreation"
Dhaka Nights — Hatirjheel,king_king_2000,78,11,2019-01-18 20:37:29,bangladesh,0.0,0.0,neutral,neutral,Housing/Real Estate
Hatirjheel,creativeia2702,7,2,2019-01-12 01:06:16,bangladesh,0.0,0.0,neutral,neutral,General
Hatirjheel,creativeia2702,36,5,2018-11-02 01:14:54,bangladesh,0.0,0.0,neutral,neutral,General
Chhatro League attacking at the EWU university,CMRC23,51,4,2018-08-06 11:25:45,bangladesh,0.0,0.0,neutral,neutral,"Education/Career, Sports/Recreation"
A rainy day @ Hatirjheel,creativeia2702,22,4,2018-05-25 08:07:46,bangladesh,0.0,0.0,neutral,neutral,Technology/Gadgets
Beside my home. @ Hatirjheel,creativeia2702,31,14,2018-05-24 20:51:56,bangladesh,0.0,0.0,neutral,neutral,Housing/Real Estate
Luxurious Porsche abandoned at Hatirjheel,takubaba,4,1,2017-04-10 13:39:42,bangladesh,0.0,0.0,neutral,neutral,General
Eight girls have embarked on the journey of employment and have been selling tickets of tourist buses run by HR Transport Agency at the Hatirjheel Project area.,takubaba,1,0,2016-11-09 17:12:53,bangladesh,0.0,0.0,neutral,neutral,"Shopping/Commerce, Travel/Transportation, Infrastructure/Urban"
Sunset at Hatirjheel | Flickr,pani-hoi-jol,9,1,2016-11-04 00:07:55,bangladesh,0.0,0.0,neutral,neutral,General
diabetes and exercise_ Morning Exercise_ Hatirjheel provati sangho Exerc...,MashiurRahamn,2,0,2016-05-29 11:36:52,bangladesh,0.0,0.0,neutral,neutral,Sports/Recreation
Luxury attractions in Bangladesh?,JaningPower,9,2,2015-04-21 09:02:09,bangladesh,0.15410714285714286,0.44217261904761906,positive,joy,"Housing/Real Estate, Technology/Gadgets, Food/Dining, Shopping/Commerce, Travel/Transportation, Relationships/Social, Politics/Government"
Jamuna Future Park,russelljohn,7,2,2013-10-31 09:47:01,bangladesh,0.0,0.0,neutral,neutral,General
Excel Training Centers in Dhanmondi/New Market with Microsoft Certification,hard2resist,3,1,2025-11-18 10:55:59,dhaka,0.07843822843822842,0.3802641802641801,neutral,joy,"Technology/Gadgets, Education/Career, Food/Dining, Shopping/Commerce, Travel/Transportation"
Textile Engineering,Funny-Ad-2513,2,5,2025-11-15 12:53:33,dhaka,0.275,0.6833333333333333,positive,trust,"Education/Career, Infrastructure/Urban"
Gym equipments store,Advanced_Budget7301,2,5,2025-11-10 20:32:38,dhaka,0.11818181818181818,0.42727272727272725,positive,trust,Shopping/Commerce
"Does anyone remember about Vebco, Premium AC bus service",United-Life7473,6,0,2025-11-01 21:40:16,dhaka,0.10020202020202022,0.4269696969696969,positive,joy,"Housing/Real Estate, Technology/Gadgets, Food/Dining, Shopping/Commerce, Travel/Transportation"
French Cuff Shirts,BookshopRunner,2,4,2025-10-26 11:09:48,dhaka,0.25909090909090904,0.31363636363636366,positive,joy,Shopping/Commerce
Career advice,Both_Reindeer7707,2,6,2025-10-23 13:45:39,dhaka,0.17777777777777778,0.4486111111111111,positive,joy,"Housing/Real Estate, Education/Career"
Try &amp; share feedback on our product,Any-Interaction-3192,22,14,2025-10-23 02:40:06,dhaka,0.15873015873015872,0.32738095238095244,positive,joy,"Housing/Real Estate, Education/Career, Food/Dining, Shopping/Commerce"
thrift cloths in bd - original or copy?,no_jhamela,2,1,2025-10-22 16:20:33,dhaka,-0.02840909090909091,0.5823863636363636,neutral,neutral,"Housing/Real Estate, Shopping/Commerce"
Anyone doing MSc in CSE at BRAC or EWU university?,Bonito_Flakez,3,5,2025-10-21 20:53:08,dhaka,0.034259259259259246,0.4555555555555555,neutral,neutral,"Housing/Real Estate, Technology/Gadgets, Education/Career, Sports/Recreation"
Civil engineering,booboobana,1,9,2025-10-18 11:08:20,dhaka,0.7,0.6000000000000001,positive,joy,General
Any good place for food in Jamuna future park?,Jashore2005,1,1,2025-10-13 00:33:07,dhaka,0.7,0.6000000000000001,positive,joy,"Food/Dining, Shopping/Commerce"
Aust cse/EEE vs Sust Chemistry,LowSpecialist2814,2,8,2025-10-04 21:25:37,dhaka,-0.04,0.125,neutral,neutral,"Technology/Gadgets, Food/Dining, Relationships/Social"
best university to study data science in bangladesh,Icy_Lime_5784,1,6,2025-10-02 02:12:53,dhaka,-0.09270833333333334,0.5677083333333334,neutral,neutral,"Technology/Gadgets, Education/Career"
need help regarding metro rail,SwordfishHealthy3565,2,7,2025-10-01 22:22:43,dhaka,0.13636363636363635,0.5,positive,neutral,"Housing/Real Estate, Technology/Gadgets, Infrastructure/Urban"
From badda to new market,i_am_broke_haha,1,2,2025-09-30 23:12:00,dhaka,0.13636363636363635,0.45454545454545453,positive,anger,Shopping/Commerce
Shirt suggestions,EnvironmentalFill939,2,7,2025-09-29 23:17:55,dhaka,0.2813852813852814,0.46969696969696967,positive,joy,Shopping/Commerce
Shirts,Kim_KongNog,2,4,2025-09-27 16:44:22,dhaka,0.07727272727272727,0.3809090909090909,neutral,joy,"Shopping/Commerce, Relationships/Social, Sports/Recreation"
"Where can I thrift Halter tops, Tube tops, Tank tops??",MysteriousHat4371,1,4,2025-09-23 17:27:08,dhaka,-0.26266233766233765,0.6863636363636364,negative,joy,"Food/Dining, Shopping/Commerce"
NIKE shoes in Jamuna?,AJ_3428,0,11,2025-09-22 18:08:05,dhaka,0.39999999999999997,0.4916666666666667,positive,joy,Shopping/Commerce
A Good Feeling,No-unluck-13,20,12,2025-09-22 02:50:51,dhaka,0.07045454545454545,0.5909382284382284,neutral,trust,"Technology/Gadgets, Shopping/Commerce"
Want to earn as a student.,zahinian,11,3,2025-09-20 09:15:38,dhaka,-0.1607142857142857,0.3767857142857143,negative,neutral,"Housing/Real Estate, Technology/Gadgets, Education/Career, Travel/Transportation"
Winter drippy jackets and where to get them?,Agile-Ad-920,2,8,2025-09-20 00:01:42,dhaka,0.16626262626262625,0.5327272727272727,positive,joy,"Housing/Real Estate, Food/Dining, Shopping/Commerce, Sports/Recreation"
Feeling stuck with my Amazon affiliate site – looking for advice,Vforvegeto,1,3,2025-09-17 19:11:54,dhaka,0.10857142857142857,0.38357142857142856,positive,neutral,"Technology/Gadgets, Education/Career, Food/Dining, Shopping/Commerce"
Need guideline for BBA studies,scarlettespeaking,1,0,2025-09-12 15:32:12,dhaka,0.21666666666666667,0.5111111111111111,positive,neutral,"Education/Career, Shopping/Commerce, Travel/Transportation"
IUB admission test,hasinishraque,1,0,2025-09-11 20:00:33,dhaka,0.0,0.0,neutral,neutral,Education/Career
JOB Suggestion.,No_Necessary_5021,3,13,2025-09-11 15:31:24,dhaka,0.2527777777777778,0.2750000000000001,positive,joy,"Housing/Real Estate, Technology/Gadgets, Education/Career, Food/Dining"
Engineering,booboobana,3,3,2025-09-06 22:35:30,dhaka,0.18333333333333332,0.3666666666666667,positive,joy,General
I GOT CSE IN EWU . BUT CONFUSED ABOUT GETTING ADMITTED,Fluid-Cockroach2767,13,44,2025-09-06 11:50:57,dhaka,0.08585403726708074,0.5169461697722567,neutral,joy,"Housing/Real Estate, Education/Career, Food/Dining, Shopping/Commerce, Relationships/Social"
Suggestions on getting tuition,Rahi_55,2,0,2025-09-05 19:40:39,dhaka,0.003051948051948052,0.29095238095238096,neutral,neutral,"Housing/Real Estate, Technology/Gadgets, Education/Career, Shopping/Commerce"
Mechanical engineering,booboobana,3,6,2025-09-05 09:49:41,dhaka,-0.1416666666666667,0.3916666666666666,negative,neutral,"Technology/Gadgets, Education/Career, Politics/Government, Infrastructure/Urban"
Anyone from AUST here? Need advice for Spring admission test!,Frequent-Sun9971,1,1,2025-09-04 14:02:57,dhaka,0.09285714285714285,0.29285714285714287,neutral,neutral,"Housing/Real Estate, Technology/Gadgets, Education/Career"
Need advice about a private uni,sahednoor,1,12,2025-09-03 15:54:31,dhaka,-0.4,0.7,negative,neutral,Education/Career
Aiub eee,booboobana,5,8,2025-09-01 20:28:34,dhaka,0.0,0.0,neutral,neutral,"Technology/Gadgets, Education/Career"
Tution,QuietWeek3598,4,5,2025-08-31 18:52:18,dhaka,-0.075,0.15000000000000002,neutral,anger,"Technology/Gadgets, Education/Career, Health/Medical, Infrastructure/Urban"
Dhaka new market,KhondokarIbrahim,2,5,2025-08-29 13:24:33,dhaka,0.16082251082251084,0.3852813852813853,positive,neutral,"Housing/Real Estate, Technology/Gadgets, Shopping/Commerce"
Which university should i apply?,Coolcrisp_02,4,8,2025-08-26 02:38:16,dhaka,0.125,0.26875,positive,neutral,"Technology/Gadgets, Education/Career"
UIU or IUB for CSE? Admission test dates clash,Vforvegeto,2,6,2025-08-20 21:09:52,dhaka,0.06666666666666667,0.2416666666666667,neutral,neutral,"Housing/Real Estate, Technology/Gadgets, Education/Career"
Help me choose uni,ZealousidealUnion951,1,11,2025-08-19 18:23:18,dhaka,0.43333333333333335,0.13333333333333333,positive,neutral,Technology/Gadgets
Offline shopping places in Dhaka ( except new market lmao),Fun_Blackberry_864,1,3,2025-08-12 14:38:52,dhaka,0.08333333333333333,0.3717948717948718,neutral,neutral,"Housing/Real Estate, Shopping/Commerce"
Cost for BBA,HungryHall5,18,35,2025-08-11 14:00:09,dhaka,0.053418803418803416,0.4365384615384616,neutral,neutral,"Housing/Real Estate, Technology/Gadgets, Education/Career, Relationships/Social"
BBA or CA/ACCA,CharmingDistrict4834,1,3,2025-08-10 02:34:29,dhaka,0.35454545454545455,0.47272727272727283,positive,joy,Education/Career
thrifting in new market area,Main-Grab-2759,3,1,2025-08-09 12:17:08,dhaka,0.30727272727272725,0.6809090909090909,positive,neutral,Shopping/Commerce
EEE IN EWU,Consistent-World1157,3,3,2025-08-08 18:11:11,dhaka,-0.013888888888888864,0.3361111111111111,neutral,anger,"Housing/Real Estate, Education/Career, Infrastructure/Urban"
BRAC vs AIUB for EEE,Rahi_55,1,13,2025-08-07 04:13:28,dhaka,0.20771935949355305,0.46328213005632374,positive,joy,"Housing/Real Estate, Technology/Gadgets, Education/Career, Food/Dining, Infrastructure/Urban"
CSE vs Computer Network and Cyber Security,TrBaap,2,3,2025-08-03 21:13:58,dhaka,0.10486111111111111,0.5611111111111111,positive,joy,"Technology/Gadgets, Education/Career, Travel/Transportation"
I need suggestion about my future,Individual_Ikri7683,12,14,2025-08-03 21:01:25,dhaka,0.0,0.0,neutral,neutral,Technology/Gadgets
AIUB cse vs NSU cse,Shaker_Afiq-111,1,1,2025-07-31 14:37:24,dhaka,0.29500000000000004,0.42333333333333334,positive,joy,"Housing/Real Estate, Technology/Gadgets, Education/Career, Travel/Transportation"
NSU cse vs AIUB cse,Shaker_Afiq-111,3,4,2025-07-31 14:25:13,dhaka,0.29500000000000004,0.42333333333333334,positive,joy,"Housing/Real Estate, Technology/Gadgets, Education/Career, Travel/Transportation"
"NSU,IUB or BRAC to go for bba?",Sad-Double602,3,9,2025-07-29 00:32:53,dhaka,-0.04282051282051281,0.39602564102564103,neutral,anger,"Housing/Real Estate, Technology/Gadgets, Education/Career"
BRAC/NSU/AIUB for CSE?,MRC2RULES,2,10,2025-07-28 15:12:57,dhaka,0.3958333333333333,0.562962962962963,positive,neutral,"Technology/Gadgets, Education/Career"
EWU,RazzmatazzStrict,2,1,2025-07-20 20:35:09,dhaka,0.26875,0.4625,positive,joy,Technology/Gadgets
Yall know where I can find kirby merch,Gold_was_here,1,0,2025-07-14 11:35:02,dhaka,-0.15,0.3283333333333333,negative,joy,Housing/Real Estate
Airport railway station to dhaka?,Fine-Cycle1103,3,2,2025-06-30 09:35:25,dhaka,0.325,0.6166666666666667,positive,neutral,"Housing/Real Estate, Technology/Gadgets, Travel/Transportation"
Which uni should I choose,Beneficial_Memory_66,1,6,2025-06-25 18:21:39,dhaka,0.0,0.0,neutral,neutral,Education/Career
Looking for job,Sufficient_Profile86,2,1,2025-06-18 10:54:32,dhaka,0.10833333333333334,0.3833333333333333,positive,neutral,"Technology/Gadgets, Education/Career"
Any AUSTian available here?,Poindexter_oo7,0,16,2025-06-18 08:44:32,dhaka,0.39999999999999997,0.47500000000000003,positive,joy,"Technology/Gadgets, Education/Career"
IS AIUB BSC. COMPUTER NETWORKING AND CYBERSECURITY WORTH IT?,MarketingOk6578,1,2,2025-06-16 20:11:27,dhaka,0.06342592592592593,0.4430555555555556,neutral,joy,"Housing/Real Estate, Technology/Gadgets, Education/Career"
Looking for Treadmill-Only Access Gyms in Dhaka,Comfortable-Tax-2732,1,0,2025-06-15 21:27:59,dhaka,0.200974025974026,0.3418831168831169,positive,neutral,"Housing/Real Estate, Technology/Gadgets"
Is AIUB EEE worth it?,Timely-Ad-6573,5,6,2025-06-15 20:03:43,dhaka,0.346,0.41150000000000003,positive,joy,"Technology/Gadgets, Education/Career, Relationships/Social"
Du English vs Private BBA,NotaTokusatsuFanboy,6,19,2025-06-14 21:35:31,dhaka,0.15,0.05,positive,neutral,General
"BBA in Aust, a good choice?",mud_98,3,2,2025-06-13 23:51:39,dhaka,0.3,0.1,positive,neutral,Technology/Gadgets
Mechanical Engineering Faltu,Kiriyogi_To_534,7,12,2025-06-09 05:18:20,dhaka,0.07318295739348371,0.4866541353383459,neutral,neutral,"Housing/Real Estate, Technology/Gadgets, Education/Career, Food/Dining, Relationships/Social, Infrastructure/Urban"
Coaching for LLB students?,7uckingMadMan,1,1,2025-06-03 19:24:01,dhaka,0.16666666666666666,0.3333333333333333,positive,neutral,"Education/Career, Politics/Government"
EWU CSE,Raged_pumpkin__,5,10,2025-05-30 02:11:21,dhaka,0.20625000000000002,0.38750000000000007,positive,joy,"Technology/Gadgets, Education/Career, Relationships/Social"
Need a part time jobs / tuitions,SufficientGood1450,2,6,2025-05-30 00:29:12,dhaka,0.26666666666666666,0.43333333333333335,positive,joy,"Technology/Gadgets, Education/Career, Food/Dining"
আমি একজন admission candidate 😢,Fun-Associate1876,0,7,2025-05-26 08:00:24,dhaka,-0.25,0.15,negative,neutral,"Technology/Gadgets, Education/Career"
MBA,Character_Camera5220,1,1,2025-05-21 23:02:18,dhaka,0.19166666666666665,0.5583333333333333,positive,joy,Technology/Gadgets
Which the best mid ranger private uni? Not so expensive uni,oxmaroon03,1,1,2025-05-21 03:21:28,dhaka,0.0,0.0,neutral,neutral,Education/Career
Help me!!!,No_Necessary_5021,31,26,2025-05-19 15:06:22,dhaka,0.09293761793761793,0.5495421245421246,neutral,neutral,"Housing/Real Estate, Technology/Gadgets, Education/Career, Relationships/Social"
Shadows of Shyamoli,Substantial_Raisin24,7,3,2025-05-19 08:03:23,dhaka,0.056480707295924686,0.48231760188281925,neutral,anger,"Housing/Real Estate, Technology/Gadgets, Education/Career, Food/Dining, Shopping/Commerce, Relationships/Social, Sports/Recreation, Infrastructure/Urban"
SAT for AIUB,ExaminationOver3154,2,1,2025-05-18 22:49:13,dhaka,0.0,0.3375,neutral,neutral,"Technology/Gadgets, Education/Career"
Midnight at Hatirjheel,Substantial_Raisin24,2,5,2025-05-17 05:26:53,dhaka,0.1588151927437642,0.5851048752834467,positive,anger,"Housing/Real Estate, Technology/Gadgets, Travel/Transportation, Infrastructure/Urban"
Which private uni do you think I should choose based on their environment? AIUB or IUB,InfamousBandicoot594,2,1,2025-05-15 16:05:55,dhaka,0.17125,0.485,positive,neutral,"Technology/Gadgets, Education/Career"
Is worth paying more for NSU/BracU/AIUB CSE?,tasin71,3,8,2025-05-15 03:29:54,dhaka,-0.036730769230769234,0.3402564102564103,neutral,neutral,"Housing/Real Estate, Technology/Gadgets, Education/Career, Relationships/Social, Infrastructure/Urban"
Anyone from MS Maths at AUST?,Remarkable-Pair-6779,2,0,2025-05-13 18:14:01,dhaka,-0.65,0.65,negative,neutral,"Technology/Gadgets, Education/Career"
Aust admission date fall + spring 2025,Fairuza_12,1,2,2025-05-12 21:15:48,dhaka,0.0,0.0,neutral,neutral,Education/Career
Nsu cse vs Aust eee vs Brac cse,cosmic_wizard_x,2,8,2025-05-12 20:19:13,dhaka,-0.11562499999999999,0.35763888888888884,negative,joy,"Technology/Gadgets, Education/Career, Food/Dining, Shopping/Commerce, Infrastructure/Urban"
Want to study abroad but have little to no idea about where to start. I need some serious advice!,maxxsens,1,12,2025-05-09 12:08:28,dhaka,0.21284722222222222,0.43333333333333335,positive,joy,"Housing/Real Estate, Technology/Gadgets, Education/Career, Infrastructure/Urban"
I am 20M. I need friends xD,001pulsar,1,2,2025-05-06 20:45:34,dhaka,0.21333333333333337,0.4523703703703703,positive,joy,"Housing/Real Estate, Technology/Gadgets, Education/Career, Travel/Transportation, Relationships/Social, Politics/Government, Infrastructure/Urban"
"Can't decide, need help",broareyouokay,8,19,2025-05-05 10:07:31,dhaka,0.2389393939393939,0.4739393939393939,positive,neutral,"Technology/Gadgets, Infrastructure/Urban"
"What's the ""New Market"" for technology?",xTurbo21,2,3,2025-05-03 10:14:41,dhaka,0.27878787878787875,0.5181818181818182,positive,joy,"Technology/Gadgets, Shopping/Commerce"
What kinds of places are closed on 1st May?,naPHYSICbal,1,0,2025-04-28 19:54:16,dhaka,0.10727272727272727,0.3709090909090909,positive,neutral,"Technology/Gadgets, Shopping/Commerce, Travel/Transportation, Infrastructure/Urban"
IUB CSE VS EWU CSE,Putrid_Cover3905,2,3,2025-04-20 16:13:40,dhaka,0.2833333333333333,0.35000000000000003,positive,neutral,Education/Career
EWU/DIU/AIUB,SadCod2291,3,17,2025-04-19 20:08:21,dhaka,0.08125,0.4125,neutral,fear,"Technology/Gadgets, Relationships/Social"
EWU. Yeah or nah?,Affectionate_Part657,3,31,2025-04-19 10:03:17,dhaka,0.0,0.0,neutral,neutral,General
Ongoing *negligble* street harassment,Mammoth_Practice_635,21,20,2025-04-18 02:13:26,dhaka,-0.1021174477696217,0.44956709956709956,negative,anger,"Housing/Real Estate, Technology/Gadgets, Education/Career, Food/Dining, Shopping/Commerce, Sports/Recreation"
Quiet places in jamuna?,Capital_Use8229,0,5,2025-04-17 20:44:42,dhaka,0.19999999999999998,0.3097222222222222,positive,neutral,"Food/Dining, Relationships/Social"
Suggest Some Low Budget Private University For BBA in Dhaka.,Carl_Johnson_7,2,19,2025-04-17 18:03:50,dhaka,0.028636363636363626,0.38750000000000007,neutral,joy,"Housing/Real Estate, Technology/Gadgets, Education/Career, Shopping/Commerce, Infrastructure/Urban"
IUB admission,Embarrassed-Mark8142,1,2,2025-04-16 18:55:22,dhaka,0.0,0.0,neutral,neutral,Education/Career
Need help choosing between Aiub and Ewu,V_der,3,9,2025-04-14 19:05:11,dhaka,0.16785714285714287,0.29642857142857143,positive,neutral,Technology/Gadgets
Is it worth switching universities just for an easier CGPA?,One-Shame3030,2,6,2025-04-13 11:58:16,dhaka,0.06388888888888888,0.5549999999999999,neutral,neutral,"Housing/Real Estate, Technology/Gadgets"
Which is better university?,Both_Huckleberry4020,3,11,2025-04-08 21:35:26,dhaka,0.16666666666666666,0.20833333333333334,positive,neutral,"Technology/Gadgets, Education/Career"
Studying in Dhaka,PartySchedule597,0,21,2025-04-08 20:55:04,dhaka,0.07148148148148148,0.45444444444444443,neutral,neutral,"Housing/Real Estate, Technology/Gadgets, Education/Career"
Where can I find baggy fits in Dhaka at a reasonable price?,FunnySuspect2348,3,9,2025-04-08 14:34:16,dhaka,0.0010227272727272696,0.3779545454545455,neutral,neutral,"Housing/Real Estate, Technology/Gadgets, Education/Career, Shopping/Commerce"
BD Private Uni Queries,Ok_Distribution_5195,1,2,2025-04-05 20:24:23,dhaka,-0.054945054945054944,0.3809523809523809,neutral,neutral,"Housing/Real Estate, Technology/Gadgets, Education/Career, Relationships/Social, Sports/Recreation, Infrastructure/Urban"
DU Math or Ahsanullah EEE?,echothewoodnymph_,3,39,2025-04-03 11:09:25,dhaka,0.08978021978021976,0.5062576312576311,neutral,joy,"Housing/Real Estate, Technology/Gadgets, Education/Career, Health/Medical, Relationships/Social"
how to prepare for architecture in the upcoming spring test of aust,SandOverall2451,2,7,2025-03-25 08:03:38,dhaka,0.24,0.7,positive,neutral,"Technology/Gadgets, Education/Career, Sports/Recreation"
Student banking account with no interest and best facilities.,Solid_Forever3082,15,56,2025-03-23 18:22:07,dhaka,0.5125,0.7,positive,joy,"Education/Career, Relationships/Social"
Seeking help,liza_031,1,5,2025-03-23 09:32:46,dhaka,0.37878787878787873,0.26818181818181813,positive,neutral,"Housing/Real Estate, Shopping/Commerce"
Deshe kino ovab e nai,Mobile_Hearing5882,29,63,2025-03-22 05:34:30,dhaka,0.033603896103896094,0.29209956709956714,neutral,neutral,"Housing/Real Estate, Technology/Gadgets, Shopping/Commerce, Relationships/Social, Sports/Recreation, Infrastructure/Urban"
"NSU, BRAC Admission tests",Tozo40k,2,10,2025-03-21 16:07:49,dhaka,0.22380952380952382,0.5700083542188805,positive,joy,"Housing/Real Estate, Technology/Gadgets, Education/Career, Food/Dining, Relationships/Social"
"Choosing the Right University and Subject - AIUB, NSU, or IUB?",kyanosaurous,0,15,2025-03-17 11:05:22,dhaka,0.37346938775510197,0.35306122448979593,positive,joy,"Technology/Gadgets, Education/Career, Food/Dining, Relationships/Social"
Does Public vs Private Really Matter in Engineering Jobs? (Need Advice from Alumni),sonothamin112,5,5,2025-03-15 23:40:48,dhaka,0.11851851851851852,0.4506172839506173,positive,joy,"Technology/Gadgets, Education/Career, Shopping/Commerce, Relationships/Social, Sports/Recreation, Infrastructure/Urban"
Bracu or aust,Ragee4567,2,8,2025-03-15 06:07:24,dhaka,0.27575757575757576,0.5015151515151516,positive,joy,"Housing/Real Estate, Technology/Gadgets, Education/Career, Infrastructure/Urban"
Industrial and production Engineers how much you guys earning,rihad_mahmud,7,19,2025-03-12 22:17:57,dhaka,0.0,0.4,neutral,neutral,"Housing/Real Estate, Technology/Gadgets, Shopping/Commerce"
Baggy Jeans and Drop shoulder tees,GoodConsequence1176,3,6,2025-03-10 19:39:27,dhaka,0.19318181818181818,0.32727272727272727,positive,neutral,"Housing/Real Estate, Shopping/Commerce"
Where can I find this kind of pallet?,erikayui,5,3,2025-03-08 13:15:42,dhaka,0.1215909090909091,0.36363636363636365,positive,neutral,"Technology/Gadgets, Shopping/Commerce"
1000 taka is literally nothing,Mobile_Hearing5882,97,63,2025-03-05 19:02:23,dhaka,0.17272727272727273,0.4272727272727273,positive,joy,"Housing/Real Estate, Shopping/Commerce, Travel/Transportation"
EWU Data science program,OcelotAmbitious7292,4,6,2025-03-04 14:01:06,dhaka,0.3,0.1,positive,neutral,Education/Career
Need suggestions,godsuya132,3,9,2025-02-16 17:54:15,dhaka,0.0,0.2833333333333333,neutral,neutral,"Technology/Gadgets, Education/Career, Infrastructure/Urban"
Tuition,Technical-Force-7969,3,3,2025-02-16 00:19:52,dhaka,0.17750000000000002,0.6175,positive,neutral,"Housing/Real Estate, Technology/Gadgets, Education/Career"
Is Aust good for IPE and ME,Tetronomical,1,2,2025-02-12 20:43:25,dhaka,-0.009259259259259273,0.46481481481481485,neutral,neutral,Infrastructure/Urban
Hostel / Hotel Recommendation Near AUST for a 1-2 Day Stay.,Delicious-Sir2255,0,1,2025-02-10 13:31:33,dhaka,0.4375,0.5,positive,trust,"Travel/Transportation, Relationships/Social"
Career Suggestion,No_Necessary_5021,1,5,2025-02-09 21:18:38,dhaka,-0.046978021978021985,0.46053113553113556,neutral,joy,"Technology/Gadgets, Education/Career, Food/Dining, Relationships/Social"
Advice on buying first laptop,Inevitable_Line_2857,1,12,2025-02-08 10:24:52,dhaka,0.11626420454545455,0.2766098484848485,positive,neutral,"Technology/Gadgets, Education/Career, Shopping/Commerce"
WHICH PRIVATE UNIVERSITY IS THE BEST?,Tall-You732,3,17,2025-02-02 02:26:17,dhaka,0.3333333333333333,0.225,positive,neutral,"Technology/Gadgets, Education/Career"
Admission for NSU/IUB BBA after Alvls,VariousWitness2018,3,2,2025-01-27 21:09:49,dhaka,0.024415584415584446,0.6304761904761904,neutral,joy,"Housing/Real Estate, Education/Career, Food/Dining, Infrastructure/Urban"
Anyone knows where can I unlock a Country Locked Android phone?,Nomad_772,2,1,2025-01-22 00:52:26,dhaka,0.15000000000000002,0.30833333333333335,positive,neutral,"Technology/Gadgets, Education/Career, Infrastructure/Urban"
Is New Market good for men’s clothing?,Arman666,1,8,2025-01-11 20:45:47,dhaka,0.20372960372960372,0.6843489843489844,positive,neutral,"Shopping/Commerce, Travel/Transportation"
"Do NSU, AIUB, IUB, BGMEA, East West and other well known private universities in Bangladesh charge money from students for workshops and cultural programs? ",rdevasish,1,3,2025-01-10 20:53:08,dhaka,0.03333333333333333,0.19166666666666665,neutral,neutral,"Technology/Gadgets, Education/Career, Health/Medical, Shopping/Commerce, Travel/Transportation, Sports/Recreation"
Anyone from iub,Obvious_Statement131,5,9,2025-01-05 00:16:20,dhaka,0.35714285714285715,0.5714285714285714,positive,neutral,Relationships/Social
Not having friends ,Mobile_Hearing5882,1,3,2024-12-28 22:35:24,dhaka,0.057692307692307696,0.4557692307692308,neutral,neutral,"Housing/Real Estate, Education/Career, Health/Medical, Relationships/Social"
"NSU vs EWU vs DIU --Which one is best for ""CSE""?",joysutradhar_,4,71,2024-12-23 11:07:19,dhaka,0.22064102564102564,0.6006410256410256,positive,neutral,"Technology/Gadgets, Education/Career, Infrastructure/Urban"
Best Private University For BBA,WittyThinker,2,10,2024-12-21 20:00:19,dhaka,0.06944444444444446,0.3138888888888889,neutral,neutral,"Technology/Gadgets, Education/Career"
Which one is better?,Existing_Piglet705,2,15,2024-12-20 03:08:28,dhaka,0.5,0.5,positive,neutral,Education/Career
অবশ্যই এরা ব্রেনওয়াশড সাইকোপ্যাথ,relapse_rif,77,28,2024-12-18 16:56:58,dhaka,-0.10611979166666669,0.5083333333333333,negative,surprise,"Technology/Gadgets, Education/Career, Sports/Recreation, Politics/Government"
Are Private Uni students being targeted?,relapse_rif,24,20,2024-12-17 23:39:29,dhaka,0.02083333333333334,0.35625,neutral,trust,"Technology/Gadgets, Education/Career"
Can anyone confirm whether Bashundhara City Shopping Complex is open today?,pulokjk,1,1,2024-12-16 13:36:55,dhaka,0.0,0.0,neutral,neutral,"Shopping/Commerce, Infrastructure/Urban"
Can I make 20k+ per month as an undergraduate student at a private university?,SaltyInvestigator980,0,6,2024-12-12 13:26:23,dhaka,0.07916666666666666,0.6083333333333333,neutral,neutral,"Housing/Real Estate, Education/Career"
Give me advice!!!!,WorthThick3934,15,39,2024-12-11 10:52:17,dhaka,0.15714285714285717,0.4440476190476191,positive,neutral,"Housing/Real Estate, Technology/Gadgets, Education/Career, Infrastructure/Urban"
IUB BBA,Longjumping_Prize790,1,6,2024-11-22 03:24:23,dhaka,-0.35,0.6000000000000001,negative,joy,General
ODC 101:,machinegunnedburger,85,40,2024-11-19 12:58:01,dhaka,0.21962546001007538,0.46687948803333423,positive,joy,"Housing/Real Estate, Technology/Gadgets, Education/Career, Food/Dining, Shopping/Commerce, Travel/Transportation, Relationships/Social, Sports/Recreation, Politics/Government"
"Do you think students of 7 Colleges(Dhaka college, Titumir etc.) under Dhaka University are lower in qualities?",GhostOfSpartaaaaaaa,0,3,2024-11-18 19:27:28,dhaka,0.1373949579831933,0.37514005602240896,positive,joy,"Housing/Real Estate, Technology/Gadgets, Education/Career, Food/Dining, Relationships/Social, Politics/Government, Infrastructure/Urban"
regret of not studying in medical college ,kissedbyhoon,8,31,2024-11-17 20:31:24,dhaka,-0.009183673469387756,0.42295918367346946,neutral,sadness,"Housing/Real Estate, Technology/Gadgets, Education/Career, Health/Medical, Travel/Transportation, Relationships/Social, Politics/Government"
Where to buy clothes for men around Dhaka at best price? ,mushfiqurmasum,1,1,2024-10-28 02:52:56,dhaka,0.04545454545454545,0.1931818181818182,neutral,neutral,"Housing/Real Estate, Shopping/Commerce"
Panicking ,shanewaz10,2,2,2024-10-27 11:11:43,dhaka,0.1408163265306122,0.3408163265306122,positive,neutral,"Housing/Real Estate, Technology/Gadgets, Education/Career, Travel/Transportation"
Any Aiubian Here??,Silly-Tea-1230,1,1,2024-10-20 03:09:45,dhaka,0.2222222222222222,0.45555555555555566,positive,neutral,Technology/Gadgets
Can anyone tell me some places where I can get things in retail &amp; wholesale price?,Emad_341,6,0,2024-10-18 21:34:09,dhaka,0.16227272727272726,0.5459090909090909,positive,neutral,"Housing/Real Estate, Technology/Gadgets, Health/Medical, Shopping/Commerce"
Bashundhara City's Chief Security Officer Major (Rtd) Rabiul,PsychologicalWest162,14,9,2024-10-12 23:38:48,dhaka,-0.09285714285714287,0.6571428571428573,neutral,anger,"Technology/Gadgets, Food/Dining, Shopping/Commerce, Politics/Government, Infrastructure/Urban"
Clothingbusiness,Practical-Pay-489,1,5,2024-10-06 01:35:53,dhaka,0.14107142857142857,0.4755952380952381,positive,neutral,"Technology/Gadgets, Education/Career, Shopping/Commerce, Travel/Transportation, Relationships/Social"
Do I really need gpa 5 to get into private uni?,Suspicious-Tax-1432,9,23,2024-09-30 20:09:14,dhaka,-0.030000000000000006,0.4683333333333334,neutral,neutral,"Housing/Real Estate, Technology/Gadgets, Education/Career, Infrastructure/Urban"
Iub CSE or Ewu CSE ,shahrear2345,2,2,2024-09-21 11:47:10,dhaka,0.19999999999999998,0.5666666666666667,positive,neutral,General
Need Private University Teacher's Salary information,Mysterious_Natural55,2,2,2024-09-19 06:29:08,dhaka,-0.10208333333333335,0.3770833333333334,negative,neutral,"Housing/Real Estate, Technology/Gadgets, Education/Career"
Financial suggestions ,Practical-Pay-489,7,12,2024-09-19 03:11:54,dhaka,0.04523809523809526,0.4542328042328042,neutral,anger,"Technology/Gadgets, Education/Career, Relationships/Social"
Business talk,Easy-Face-3603,7,26,2024-09-18 22:29:39,dhaka,0.21000000000000002,0.55,positive,neutral,Travel/Transportation
Looking for oversized shirts,yourboimti,1,0,2024-09-06 00:47:50,dhaka,0.12575757575757576,0.3698863636363636,positive,neutral,"Housing/Real Estate, Shopping/Commerce"
where should i go if i want to buy a laptop.,Nyonom777,0,8,2024-08-31 19:58:44,dhaka,0.35,0.36250000000000004,positive,joy,"Technology/Gadgets, Shopping/Commerce"
Ideas for future ,Fresh_Wolverine_4223,13,17,2024-08-29 23:48:39,dhaka,-0.09876543209876541,0.40462962962962956,neutral,anger,"Housing/Real Estate, Education/Career, Relationships/Social"
Aiub ,Professional_Fan4661,1,0,2024-08-20 16:12:16,dhaka,0.13636363636363635,0.45454545454545453,positive,neutral,Technology/Gadgets
So? Aren’t we expecting to get something that we ourselves didn’t earn?,AristotleNicomachus,36,10,2024-08-05 23:35:33,dhaka,0.026179534313725505,0.5737745098039215,neutral,sadness,"Housing/Real Estate, Technology/Gadgets, Health/Medical, Relationships/Social, Politics/Government, Infrastructure/Urban"
"For those who thinks it's over, it's not ",BIBjaw,78,4,2024-07-29 02:21:21,dhaka,0.0,0.0,neutral,neutral,General
Should I go for a second time?,Signal-Hearing-3557,11,5,2024-07-25 07:36:54,dhaka,0.0,0.0,neutral,neutral,General
Latest update from Dhaka ,aaw4949,13,9,2024-07-20 15:22:05,dhaka,-0.03666666666666667,0.44666666666666666,neutral,joy,"Housing/Real Estate, Technology/Gadgets, Education/Career, Shopping/Commerce, Politics/Government, Infrastructure/Urban"
what would be your best advice to a 20 year CSE freshman?? ,Express_Initiative10,18,24,2024-07-13 17:56:01,dhaka,-0.06666666666666667,0.3375000000000001,neutral,neutral,"Technology/Gadgets, Education/Career"
Looking for gymwear ,Agitated_Assistant_,3,14,2024-07-11 03:30:21,dhaka,0.44999999999999996,0.55,positive,joy,"Housing/Real Estate, Sports/Recreation, Infrastructure/Urban"
IPE or CSE for graduation,Worldly_Yellow_6115,2,7,2024-07-07 16:54:45,dhaka,0.171875,0.4375,positive,neutral,"Technology/Gadgets, Education/Career, Shopping/Commerce, Infrastructure/Urban"
Suggest me a shop to sell my phone ASAP,Realistic-Age9085,2,8,2024-07-07 16:31:48,dhaka,-0.25833333333333336,0.6479166666666667,negative,anger,"Technology/Gadgets, Shopping/Commerce"
I need a partime job or tution badly,Royal_Green_5962,19,8,2024-07-04 19:17:33,dhaka,-0.12749999999999997,0.34,negative,anger,"Housing/Real Estate, Technology/Gadgets, Education/Career"
AUST Question Bank,laalchaadudhchaa,2,1,2024-06-27 20:22:56,dhaka,0.0,0.0,neutral,trust,Education/Career
Confused with life ;/,Hot_Skirt1586,0,4,2024-06-26 21:45:34,dhaka,0.0050000000000000044,0.195,neutral,neutral,"Technology/Gadgets, Education/Career"
College Suggestions [GPA-4.83],Sauce_Is_Life,3,4,2024-05-30 00:10:12,dhaka,0.20767045454545455,0.44119318181818185,positive,joy,"Education/Career, Food/Dining, Shopping/Commerce"
hype of universities in dhaka or dhaka in general ,themanwhosoldthworld,10,12,2024-05-23 19:29:18,dhaka,0.140625,0.3989583333333333,positive,joy,"Housing/Real Estate, Technology/Gadgets, Education/Career, Food/Dining"
টক শোর নামে যা চলছে বাংলাদেশে | সস্তা জনপ্রিয়তা বনাম সম্মান | The Dark Side of Talk Shows | TSC,Dragonking_Earth,0,9,2025-06-08 12:13:12,bangladesh,0.0,0.0,neutral,neutral,General
Visiting Dhaka follow up,rickkert046,37,14,2024-11-13 10:35:01,bangladesh,0.07270070112535865,0.3912409508299919,neutral,joy,"Housing/Real Estate, Technology/Gadgets, Shopping/Commerce, Travel/Transportation, Relationships/Social, Politics/Government, Infrastructure/Urban"
The Dark Side of Bangladesh’s New Year Celebrations: Chhatra League’s Legacy of Sexual Harassment,MunzerTopu,275,54,2024-10-26 00:16:17,bangladesh,-0.14886363636363636,0.5162878787878789,negative,surprise,"Technology/Gadgets, Education/Career, Travel/Transportation, Sports/Recreation, Infrastructure/Urban"
There’s no transparency,ahmedgotthecrack,59,20,2024-09-05 07:14:42,bangladesh,0.03470238095238096,0.4688690476190476,neutral,neutral,"Housing/Real Estate, Technology/Gadgets, Education/Career, Travel/Transportation, Politics/Government, Infrastructure/Urban"
Heartwarming to see so many little kids donating whatever they had from their plastic piggy banks. This was captured at the TSC Relief Collection Booth,abcrafsan,73,7,2024-08-24 10:32:46,bangladesh,0.0,0.0,neutral,neutral,General
"The ""Secular Bangladesh"" wall painting in TSC has been vandalized",DoodhBhaat,81,21,2024-08-12 20:38:16,bangladesh,0.0,0.0,neutral,neutral,Technology/Gadgets
How far back can you trace your ancestors?,ThinkingPugnator,19,151,2024-03-10 17:07:02,bangladesh,0.05916666666666666,0.7233333333333334,neutral,trust,"Housing/Real Estate, Technology/Gadgets, Relationships/Social"
A walk from TSC to Boi Mela,banglaonline,3,0,2024-02-27 01:44:53,bangladesh,0.0,0.0,neutral,neutral,General
Google Street View got updated in Dhaka,cutepup123,56,11,2023-12-09 19:29:37,bangladesh,0.16439393939393937,0.5257575757575758,positive,neutral,"Housing/Real Estate, Technology/Gadgets, Travel/Transportation, Infrastructure/Urban"
যেভাবে আদিরূপ পেল হাম্মামখানা | Lalbagh Fort Hammamkhana | The Cultural History of Lalbagh Fort,grbprogenitor,5,0,2023-12-03 15:52:33,bangladesh,0.0,0.0,neutral,neutral,General
"TSC, DU",TahsinTariq,76,4,2023-11-13 16:32:22,bangladesh,0.0,0.0,neutral,neutral,General
Today's Rain and TSC,iver_v,16,15,2023-03-19 21:45:36,bangladesh,0.43333333333333335,0.39999999999999997,positive,neutral,"Technology/Gadgets, Education/Career"
The Shallow Analysis for a Tragic Accident,yakinrubaiyat,3,1,2023-01-08 22:45:58,bangladesh,0.036625340471494315,0.43681193450424216,neutral,joy,"Housing/Real Estate, Technology/Gadgets, Education/Career, Politics/Government, Infrastructure/Urban"
Ahsan Manzil Dhaka 1975,erepresent,9,0,2022-10-06 23:07:24,bangladesh,-0.75,1.0,negative,neutral,Housing/Real Estate
Lalbagh Fort,panic_structure,12,7,2022-07-27 09:09:28,bangladesh,0.0,0.0,neutral,neutral,General
"Lalbagh Fort, Dhaka",ajran_adib139,48,4,2022-07-12 23:32:33,bangladesh,0.0,0.0,neutral,neutral,Housing/Real Estate
"Free Game development workshop in TSC, DU. Everyone’s invited.",Wood-Peck,29,5,2022-06-20 13:23:08,bangladesh,0.0,0.0,neutral,neutral,"Education/Career, Shopping/Commerce, Sports/Recreation, Infrastructure/Urban"
"[OC] TSC,Dhaka University (source: myself)",Fatema_Ruhee,153,17,2022-02-18 18:43:04,bangladesh,0.0,0.0,neutral,neutral,"Housing/Real Estate, Education/Career"
"Sculpture @ TSC, Dhaka University | Raju Memorial | I'm really proud of how really young people fought oppressive governments in the past, this sculpture captures that",yasserius,133,25,2021-12-30 19:43:25,bangladesh,0.0,0.0,neutral,neutral,"Housing/Real Estate, Education/Career, Politics/Government"
"Sculpture at TSC, Dhaka University | Raju Memorial | I'm really proud of how really young people actively fought against the oppressive governments in the past, this sculpture captures that",yasserius,1,0,2021-12-30 19:33:10,bangladesh,0.0,0.0,neutral,neutral,"Housing/Real Estate, Technology/Gadgets, Education/Career, Politics/Government"
What is it like to live in Bangladesh? What are the things you like and what are the challenges you face?,PolySci_Alpha,41,59,2021-10-21 08:57:54,bangladesh,0.05075757575757574,0.5641414141414142,neutral,neutral,"Housing/Real Estate, Technology/Gadgets, Food/Dining, Travel/Transportation, Sports/Recreation, Infrastructure/Urban"
"Nawab Sir Khawaja Salimullah with local elites. — Ahsan Manzil, Dhaka, 1902.",AnimalNo7484,20,2,2021-10-11 10:22:00,bangladesh,0.0,0.0,neutral,neutral,Housing/Real Estate
"Nawab Salimullah in a Darbar. — Ahsan Manzil, Dhaka, 15 October 1905",AnimalNo7484,25,4,2021-10-11 10:18:30,bangladesh,0.0,0.0,neutral,neutral,Housing/Real Estate
"Khawaja Nazimuddin, Premier of Bengal in British India and Chief Minister of East Bengal (Later Governer General and Prime Minister of Pakistan) posing for Vogue at his family's ancestral home, Ahsan Manzil, Dhaka. (1947)",AnimalNo7484,63,37,2021-10-08 14:44:41,bangladesh,0.0,0.0,neutral,neutral,"Housing/Real Estate, Relationships/Social, Politics/Government"
"TSC,Dhaka",0ldb0ymr0,12,2,2021-06-05 21:28:42,bangladesh,0.0,0.0,neutral,neutral,Housing/Real Estate
A quick view in front of Ahsan Manzil at Dhaka in Bangladesh | ঐতিহ্যবাহী আহসান মঞ্জিল,armaneverafter,4,0,2020-05-15 02:02:30,bangladesh,0.0,0.0,neutral,neutral,Housing/Real Estate
Ahsan Manzil,Sushmoy07,33,18,2019-08-03 00:33:07,bangladesh,0.0,0.0,neutral,neutral,General
"The light man- TSC,Dhaka",Sushmoy07,97,6,2019-05-26 12:06:53,bangladesh,0.0,0.0,neutral,neutral,Housing/Real Estate
Ahsan Manzil,takubaba,1,1,2017-03-24 16:00:47,bangladesh,0.0,0.0,neutral,neutral,General
"The first female drummer of Bangladesh, Georgina Huq, performed at TSC on the eve of Victory Day.",takubaba,10,0,2016-12-16 22:38:30,bangladesh,0.0,0.0,neutral,neutral,General
Lalbagh fort,takubaba,11,1,2016-11-20 21:04:53,bangladesh,0.0,0.0,neutral,neutral,General
Ahsan Manzil,takubaba,7,0,2016-11-14 17:54:15,bangladesh,0.0,0.0,neutral,neutral,General
Brewing up Addas at TSC,takubaba,3,0,2016-10-13 17:42:16,bangladesh,0.0,0.0,neutral,neutral,Sports/Recreation
Lalbagh Fort,takubaba,6,0,2016-04-11 18:20:20,bangladesh,0.0,0.0,neutral,neutral,General
Authorities demolish Lalbagh Fort wall to build car park,ThatGuyBadIdeas,8,5,2015-06-28 17:47:18,bangladesh,0.0,0.0,neutral,neutral,General
Boishakh celebration: Women harassed near TSC | Dhaka Tribune,rmuktader,6,0,2015-04-16 07:47:15,bangladesh,0.0,0.0,neutral,neutral,Housing/Real Estate
Can I use rickshaw to go to Bijoy Sarani Station (on MRT Line-6) from Dhaka Residential Model College?,tasara-panda-09020,1,7,2025-10-12 01:23:30,dhaka,0.04999999999999999,0.6,neutral,neutral,"Housing/Real Estate, Education/Career, Shopping/Commerce, Infrastructure/Urban"
A question for girlies who are expert in churis,Entire-Budget-5126,15,8,2025-09-18 17:35:08,dhaka,0.09583333333333333,0.525,neutral,neutral,Technology/Gadgets
Dhaka is a very nice city,lord_sammy,43,18,2025-07-25 19:01:29,dhaka,0.4935833333333334,0.6439999999999999,positive,joy,"Housing/Real Estate, Food/Dining, Shopping/Commerce, Travel/Transportation, Relationships/Social, Infrastructure/Urban"
"Almost fainted in the metro today, grateful for kind strangers",SentientSideChara,178,19,2025-07-19 19:49:22,dhaka,0.11143790849673202,0.4973856209150327,positive,anger,"Housing/Real Estate, Technology/Gadgets, Food/Dining, Travel/Transportation, Relationships/Social, Infrastructure/Urban"
"Planning a Food Cart. Need Advice on Menu, Location (TSC?), and Setup",Agile_Ad7635,11,16,2025-07-12 20:32:00,dhaka,0.25570728291316525,0.5399859943977592,positive,joy,"Housing/Real Estate, Technology/Gadgets, Education/Career, Food/Dining, Shopping/Commerce, Travel/Transportation, Relationships/Social"
Ahsan Manzil,Shibluarif,0,1,2025-06-11 10:35:16,dhaka,0.016666666666666666,0.16527777777777777,neutral,neutral,"Housing/Real Estate, Sports/Recreation, Infrastructure/Urban"
10 Haunted Places in Dhaka – Fact or Folklore?,Love-and-Dominance,22,20,2025-05-27 18:42:39,dhaka,0.015625000000000007,0.3776785714285715,neutral,sadness,"Housing/Real Estate, Technology/Gadgets, Education/Career, Food/Dining, Health/Medical, Travel/Transportation, Infrastructure/Urban"
Anyone out there who knows or you know someone who is fluent in Korean or Japanese Language?,Beeemh,1,0,2025-01-26 06:35:22,dhaka,0.3181818181818182,0.5272727272727272,positive,joy,"Education/Career, Relationships/Social"
Ahsan Manzil ticket,tallgyal,1,4,2024-12-19 00:55:56,dhaka,-0.03333333333333336,0.6666666666666666,neutral,neutral,"Technology/Gadgets, Shopping/Commerce, Travel/Transportation"
Date In Dhaka....❤️?,VoidPlaystation,0,27,2024-12-13 15:01:53,dhaka,0.23712121212121215,0.4515151515151515,positive,neutral,"Housing/Real Estate, Relationships/Social"
Alphabet Dating,SnooCalculations291,29,50,2024-11-17 11:05:09,dhaka,0.37,0.44000000000000006,positive,joy,"Education/Career, Food/Dining, Travel/Transportation, Relationships/Social"
ভারত না জানিয়ে বাঁধ খুললে সম্পর্ক সেখান থেকেই নির্ধারিত হবে' | Sarjis in TSC | jamuna TV,Blackdavil163609,0,9,2024-08-27 20:07:18,dhaka,0.0,0.0,neutral,neutral,General
"Best local spots to visit, chill and EAT!",EliteApricot,3,2,2024-06-29 04:37:16,dhaka,0.44375,0.4979166666666666,positive,joy,"Housing/Real Estate, Food/Dining, Travel/Transportation, Relationships/Social"
Places to visit in Puran Dhaka,CommunicationIll6793,2,2,2024-05-23 17:04:17,dhaka,-0.0625,0.4375,neutral,neutral,"Housing/Real Estate, Technology/Gadgets, Travel/Transportation"
I need free counseling as soon as possible,0killmeNOT,2,0,2024-05-21 19:54:43,dhaka,-0.07222222222222222,0.5777777777777778,neutral,neutral,Relationships/Social
Ahsan Manzil Dhaka 1975,erepresent,2,4,2022-10-05 21:36:00,dhaka,0.0,0.0,neutral,neutral,Housing/Real Estate
How to buy the ticket online for Ahsan Manzil Museum? Visa card payment function is not enabled,Buscando2016,3,0,2022-05-01 00:57:00,dhaka,0.0,0.07142857142857142,neutral,neutral,Shopping/Commerce
"Lalbagh Fort, An Awesome Historical Place To Visit In Dhaka! » AUHStyle",Baib06,3,1,2018-12-31 19:44:29,dhaka,0.0,0.0,neutral,neutral,"Housing/Real Estate, Travel/Transportation"
BCB DHAKA DIVISION CRICKET LEAGUE TOURNAMENTS,dhonbolsen,3,0,2025-10-16 23:35:23,bangladesh,0.01957671957671957,0.32010582010582006,neutral,trust,"Housing/Real Estate, Technology/Gadgets, Travel/Transportation, Sports/Recreation"
ভূমধ্যসাগরের নিচে ঘুমিয়ে আছে বাংলাদেশ - The Route of No Return | Voice of Dhaka,Asleep-Jellyfish007,1,0,2025-10-10 18:24:20,bangladesh,0.0,0.0,neutral,neutral,Housing/Real Estate
"Indian Visiting Dhaka, suggestions?",integer_tostring,2,12,2025-09-27 05:50:22,bangladesh,0.16746031746031745,0.3468253968253968,positive,joy,"Housing/Real Estate, Education/Career, Food/Dining, Travel/Transportation, Relationships/Social"
Bachelors And Dhaka!,SuspectSuspecious_,3,2,2025-09-27 05:48:42,bangladesh,0.2263888888888889,0.48194444444444445,positive,joy,"Housing/Real Estate, Food/Dining, Infrastructure/Urban"
BSF Push In: How an Assamese woman ended up in a slum in Dhaka,yasserius,7,2,2025-09-26 13:02:58,bangladesh,0.0,0.0,neutral,neutral,Housing/Real Estate
One of my relative's liver is failing and doctor has suggested liver transplantation. Any suggestions???,MushfiqurRF,5,3,2025-09-26 02:11:35,bangladesh,0.041607142857142856,0.35720238095238094,neutral,trust,"Housing/Real Estate, Technology/Gadgets, Health/Medical, Travel/Transportation, Relationships/Social, Infrastructure/Urban"
Travel during elections,EstablishmentBrief90,5,3,2025-09-24 22:29:20,bangladesh,0.1875,0.4583333333333333,positive,trust,"Housing/Real Estate, Travel/Transportation, Relationships/Social, Politics/Government"
How to stay safe in Dhaka while doing UG,Worth-Gene,23,17,2025-09-24 16:31:11,bangladesh,0.012121212121212125,0.6181818181818182,neutral,anger,"Housing/Real Estate, Education/Career, Travel/Transportation"
Where to buy ladies western clothing in Dhaka? Wide pants and shirts.,ElNinoMaravilla,7,14,2025-09-23 20:22:47,bangladesh,0.4666666666666666,0.4000000000000001,positive,joy,"Housing/Real Estate, Shopping/Commerce"
Seeking advice to get rid of excessive sweating,ais_21,8,14,2025-09-23 11:53:52,bangladesh,0.04871794871794872,0.4243589743589744,neutral,joy,"Housing/Real Estate, Technology/Gadgets, Food/Dining, Health/Medical, Relationships/Social, Sports/Recreation"
Need suggestions for trusted shipping agents from China to Bangladesh,Drawing-Live,8,10,2025-09-22 16:40:41,bangladesh,0.17500000000000004,0.4416666666666667,positive,joy,"Housing/Real Estate, Technology/Gadgets, Shopping/Commerce"
Scene of Dhaka in 1958.,TasinMAHDI,9,4,2025-09-22 14:36:33,bangladesh,0.0,0.0,neutral,neutral,Housing/Real Estate
Travel video ideas?,clarkeanator,2,3,2025-09-22 03:34:27,bangladesh,0.15303030303030304,0.5113636363636364,positive,neutral,"Housing/Real Estate, Technology/Gadgets, Travel/Transportation"
Where to buy airguns in Dhaka?,Initial-Read4305,3,0,2025-09-21 23:58:39,bangladesh,0.0,0.0,neutral,neutral,"Housing/Real Estate, Technology/Gadgets, Shopping/Commerce"
"Dear Bangladeshi brothers, please take care not to harm us",SquarePromise2707,67,36,2025-09-21 16:28:52,bangladesh,0.12931235431235433,0.44615384615384623,positive,neutral,"Housing/Real Estate, Technology/Gadgets, Education/Career, Travel/Transportation, Infrastructure/Urban"
How do you manage your budget in Dhaka with Family and mid level pay?,UnlikelySecret2629,9,2,2025-09-20 15:01:45,bangladesh,0.0,0.0,neutral,neutral,"Housing/Real Estate, Relationships/Social"
Is my college worth it?,cocodew77,2,3,2025-09-20 12:18:11,bangladesh,0.2607142857142857,0.5669642857142857,positive,joy,"Housing/Real Estate, Technology/Gadgets, Education/Career, Politics/Government"
IELTS exam center,Ok_Masterpiece_2336,2,2,2025-09-20 00:09:54,bangladesh,0.07999999999999999,0.47000000000000003,neutral,neutral,"Housing/Real Estate, Education/Career"
Where I can find hot wheels in dhaka?,carefree_victory,3,0,2025-09-19 00:18:16,bangladesh,0.325,0.775,positive,neutral,"Housing/Real Estate, Shopping/Commerce"
Kitten Rescue Urgent!!!!,mahin1374,6,2,2025-09-18 12:12:03,bangladesh,0.1669421487603306,0.44242424242424233,positive,neutral,"Housing/Real Estate, Food/Dining, Infrastructure/Urban"
E bike questions,Own-Cranberry-324,3,4,2025-09-17 23:06:45,bangladesh,0.1391945773524721,0.5166666666666666,positive,joy,"Housing/Real Estate, Technology/Gadgets, Shopping/Commerce, Travel/Transportation"
Name Correction Affidavit Process for SSC and HSC Certificates - Need Some Guidance,Select-Day-873,4,0,2025-09-17 18:20:16,bangladesh,0.0,0.38333333333333336,neutral,neutral,"Housing/Real Estate, Technology/Gadgets, Education/Career, Sports/Recreation, Politics/Government"
Dhaka Birdwatching ঢাকায় বার্ডওয়াচিং,Macula-Densa,8,3,2025-09-17 06:28:36,bangladesh,0.175,0.375,positive,joy,"Housing/Real Estate, Technology/Gadgets, Travel/Transportation"
On arrival visa @Dhaka Airport,bangalimahbub,2,4,2025-09-17 02:32:52,bangladesh,0.1,0.225,neutral,neutral,"Housing/Real Estate, Technology/Gadgets, Travel/Transportation"
New at Narayanganj City &amp; Help me Survive,No_Firefighter_4964,2,10,2025-09-15 14:13:20,bangladesh,0.16696729196729196,0.3624218374218375,positive,joy,"Housing/Real Estate, Education/Career, Food/Dining, Relationships/Social, Infrastructure/Urban"
Need help finding Platform/Elevator shoes,rejuk70kg,3,2,2025-09-14 11:05:09,bangladesh,-0.09999999999999999,0.5166666666666666,neutral,neutral,"Housing/Real Estate, Shopping/Commerce"
Gift Suggestion,Midnight-Syntax_007,4,5,2025-09-13 21:02:44,bangladesh,0.43500000000000005,0.51,positive,trust,"Housing/Real Estate, Shopping/Commerce, Relationships/Social"
Gift Suggestion,Midnight-Syntax_007,0,1,2025-09-13 01:29:48,bangladesh,0.43500000000000005,0.51,positive,trust,"Housing/Real Estate, Shopping/Commerce, Relationships/Social"
Kinda proud of this pic I took a couple of days ago,ComfyNeo,81,7,2025-09-12 20:30:31,bangladesh,-0.32222222222222224,0.4444444444444444,negative,neutral,"Housing/Real Estate, Technology/Gadgets, Relationships/Social, Infrastructure/Urban"
"Bangla gamers, any advice for a ps5 player?",ComfyNeo,3,5,2025-09-12 19:47:24,bangladesh,0.11666666666666665,0.39999999999999997,positive,neutral,"Housing/Real Estate, Technology/Gadgets, Sports/Recreation"
"Affordable, quiet and green: Electric shuttle buses set a model for Dhaka’s residential areas",Alone-Attention-2139,9,2,2025-09-12 19:17:18,bangladesh,0.0,0.0,neutral,neutral,"Housing/Real Estate, Travel/Transportation"
Dhaka Foreign customs held my product,Fun-Middle-1660,2,1,2025-09-11 08:35:48,bangladesh,0.0,0.0,neutral,neutral,"Housing/Real Estate, Shopping/Commerce"
If you seek fund for your school/college/university education you may knock me,RunAffectionate1997,9,3,2025-09-11 02:36:50,bangladesh,0.18666666666666665,0.41611111111111115,positive,neutral,"Housing/Real Estate, Technology/Gadgets, Education/Career, Shopping/Commerce, Travel/Transportation, Relationships/Social, Infrastructure/Urban"
Can I study BSc in Computer Science in Australia with a 4-year Diploma in Engineering (Computer Science &amp; Technology)?,ArthurXP002,5,2,2025-09-11 02:13:35,bangladesh,0.051368523949169104,0.4063538611925709,neutral,anger,"Housing/Real Estate, Technology/Gadgets, Education/Career, Food/Dining, Relationships/Social, Politics/Government"
Dhaka Elevated Expressway Friday Afternoon Drive,Strict-Relief515,2,1,2025-09-10 18:49:09,bangladesh,0.26666666666666666,0.45555555555555555,positive,neutral,Housing/Real Estate
Best psychologist in Dhaka under budget,Puzzleheaded-Hat6548,2,0,2025-09-10 15:37:08,bangladesh,0.0,0.0,neutral,neutral,Housing/Real Estate
Seeking,Budget-Row9313,2,2,2025-09-10 14:32:14,bangladesh,-0.11103896103896105,0.5411255411255411,negative,neutral,"Housing/Real Estate, Education/Career, Relationships/Social, Infrastructure/Urban"
suggest gray/moody aesthetic restaurant in dhaka,No_idea_duh,3,0,2025-09-09 19:03:54,bangladesh,0.4666666666666667,1.0,positive,neutral,"Housing/Real Estate, Food/Dining, Relationships/Social"
Attempt BCS or Try to move abroad ?,weirdcomponent,10,12,2025-09-09 12:58:37,bangladesh,0.049679487179487176,0.49166666666666675,neutral,neutral,"Housing/Real Estate, Technology/Gadgets, Education/Career, Relationships/Social, Infrastructure/Urban"
How do you consistently help yourself to be good all alone?,dhonbolsen,9,5,2025-09-08 20:49:06,bangladesh,0.012822420634920638,0.6194196428571428,neutral,fear,"Housing/Real Estate, Technology/Gadgets, Education/Career, Travel/Transportation, Relationships/Social"
Dhaka na Kolkata,RazzmatazzStrict,2,0,2025-09-08 19:25:17,bangladesh,0.0,0.0,neutral,neutral,Housing/Real Estate
Why do our national subreddits have such low member counts?,the-machine-m4n,53,85,2025-09-08 19:21:39,bangladesh,0.16666666666666666,0.4083333333333333,positive,neutral,"Housing/Real Estate, Technology/Gadgets"
What if Sam Hargrave's Extraction had a Bangladeshi cast,Puzzled-Horse279,2,0,2025-09-08 18:40:12,bangladesh,0.09865376056964839,0.34382082092362476,neutral,joy,"Housing/Real Estate, Technology/Gadgets, Food/Dining, Shopping/Commerce, Relationships/Social, Sports/Recreation, Politics/Government, Infrastructure/Urban"
Advice on purchasing domestic air ticket?,theuptownpunk,2,3,2025-09-08 14:42:17,bangladesh,0.32999999999999996,0.38666666666666666,positive,trust,"Housing/Real Estate, Technology/Gadgets, Shopping/Commerce, Travel/Transportation"
Backpacking Bangladesh,BriefVeterinarian106,6,6,2025-09-08 13:56:13,bangladesh,0.2962418300653595,0.42777777777777776,positive,joy,"Housing/Real Estate, Travel/Transportation, Relationships/Social"
"Bangladesh, India to hold talks in Delhi on Ganges water-sharing treaty on Tuesday",Alone-Attention-2139,5,0,2025-09-07 19:30:07,bangladesh,-0.19166666666666665,0.425,negative,neutral,"Housing/Real Estate, Technology/Gadgets, Food/Dining"
Therapists in Dhaka that offer services in English,bagpurchaser,3,1,2025-09-07 16:06:10,bangladesh,0.0,0.0,neutral,neutral,Housing/Real Estate
Need advice: finding it hard to deal with my mindset about women,OrneryExpression6918,11,65,2025-09-07 11:48:28,bangladesh,0.06883503401360544,0.445875850340136,neutral,joy,"Housing/Real Estate, Technology/Gadgets, Education/Career, Food/Dining, Health/Medical, Relationships/Social, Sports/Recreation"
Dhaka Awaits Opening Of Century-Old Diamond Vault | Asia One News,maifee,2,0,2025-09-06 11:51:52,bangladesh,0.0,0.0,neutral,neutral,"Housing/Real Estate, Technology/Gadgets"
seeking advice about taking a decision in life,ArachnidMotor1538,4,5,2025-09-06 02:38:21,bangladesh,0.2225,0.425,positive,joy,"Housing/Real Estate, Technology/Gadgets, Education/Career, Food/Dining, Relationships/Social, Infrastructure/Urban"
Decent Bars in Dhaka,mid20sman,13,7,2025-09-05 14:24:33,bangladesh,0.3125,0.45,positive,joy,"Housing/Real Estate, Education/Career, Food/Dining, Sports/Recreation"
Why is Dhaka so trafficy?,Viv3lafranc3,2,1,2025-09-05 09:06:21,bangladesh,0.0,0.1,neutral,neutral,"Housing/Real Estate, Health/Medical, Travel/Transportation, Politics/Government, Infrastructure/Urban"
Need advice on English spoken proficiency,Saitama2042,3,3,2025-09-05 00:15:35,bangladesh,0.05520833333333333,0.49439102564102566,neutral,joy,"Housing/Real Estate, Technology/Gadgets, Education/Career, Travel/Transportation, Sports/Recreation"
Advice please,aabrarwho,3,0,2025-09-04 13:13:04,bangladesh,0.0,1.0,neutral,neutral,"Housing/Real Estate, Education/Career, Politics/Government, Infrastructure/Urban"
Which steak house is the best in Dhaka...,Cryptographer47051,5,2,2025-09-03 20:00:53,bangladesh,0.5,0.2,positive,neutral,Housing/Real Estate
What if Dhaka was abandoned and nature took it back? 🌿 A mysterious AI short film I made,Competitive-Essay798,0,16,2025-09-03 18:18:57,bangladesh,0.15767045454545453,0.46931818181818186,positive,joy,"Housing/Real Estate, Technology/Gadgets, Food/Dining, Relationships/Social, Politics/Government, Infrastructure/Urban"
Need to rush the process of name changing in SSC &amp; HSC certificates !!!,Key_Astronaut_7893,2,1,2025-09-03 00:44:10,bangladesh,0.11136363636363635,0.4613636363636363,positive,joy,"Housing/Real Estate, Technology/Gadgets, Education/Career, Food/Dining, Relationships/Social, Politics/Government, Infrastructure/Urban"
How to check if my unofficial phone is new or not?,PilotHere,3,2,2025-09-02 17:19:37,bangladesh,0.0,0.0,neutral,neutral,"Housing/Real Estate, Technology/Gadgets, Shopping/Commerce"
Best perfumes to wear in Dhaka,Rapid47,2,1,2025-08-31 16:13:30,bangladesh,0.0,0.0,neutral,neutral,Housing/Real Estate
Safe to visit Bangladesh as a Pakistani?,Fondant_Decent,32,40,2025-08-29 16:02:21,bangladesh,0.25,0.2611111111111112,positive,joy,"Housing/Real Estate, Travel/Transportation, Relationships/Social"
Is it possible to go to Dhaka by boat from Chittagong?,siam19,2,2,2025-08-29 09:14:33,bangladesh,0.05,0.7,neutral,neutral,Housing/Real Estate
"Looking for sources of high quality chains, hoops &amp; metals for jewellery making",nanjeba_borno,2,0,2025-08-28 13:51:24,bangladesh,0.2714814814814815,0.422962962962963,positive,joy,"Housing/Real Estate, Technology/Gadgets, Shopping/Commerce"
Want to enjoy Dhaka,Mysterious_Natural55,4,4,2025-08-28 06:03:38,bangladesh,0.27490530303030297,0.5864898989898991,positive,joy,"Housing/Real Estate, Technology/Gadgets, Food/Dining, Travel/Transportation, Relationships/Social, Infrastructure/Urban"
"I'm not sure if it is only me, but the sky-summit level of MRT line 6 sort of made Dhaka look more modern.",Comfortable-Table-57,1,0,2025-08-28 03:33:46,bangladesh,0.252,0.42800000000000005,positive,neutral,"Housing/Real Estate, Technology/Gadgets, Education/Career, Sports/Recreation, Infrastructure/Urban"
"Today's editorials in Pakistan's Dawn (""Ties That Bind"") and Tribune (""Reset with Dhaka"") on the FM’s BD visit expose their mindset. Both dismiss 1971 as a mere ""tragedy,"" avoiding true apology for genocide. Not shockingly, their tone mirrors their own collaborators’ stance!",TasinMAHDI,106,32,2025-08-27 09:07:55,bangladesh,0.0,0.0,neutral,neutral,"Housing/Real Estate, Travel/Transportation"
"Where to shop in Dhaka for skirts, tops &amp; three-pieces?",Winter-Fig-4104,2,1,2025-08-27 00:44:50,bangladesh,0.47500000000000003,0.6333333333333333,positive,joy,"Housing/Real Estate, Shopping/Commerce"
"Dhaka &amp; Chittagong Airports are major hub for drugs,Gold trafficking in south east Asia! We are seeing tip of the iceberg in regards of seizing Drugs &amp; Gold!",Asleep-Jellyfish007,6,2,2025-08-26 21:14:34,bangladesh,0.0,0.0,neutral,neutral,"Housing/Real Estate, Technology/Gadgets, Travel/Transportation, Infrastructure/Urban"
"Dhaka, Bangladesh",VapeyMoron,53,9,2025-08-25 23:30:45,bangladesh,0.0,0.0,neutral,neutral,Housing/Real Estate
Best Soup in town?,Almostfamous_02,5,9,2025-11-19 21:14:31,dhaka,0.4589285714285714,0.3839285714285714,positive,joy,"Housing/Real Estate, Food/Dining"
Let's talk about new year resolutions,theboyisdivine,1,9,2025-11-19 21:06:28,dhaka,0.22181818181818178,0.40606060606060607,positive,joy,General
"Favourite Restaurants in Dhanmondi, Panthapath, Elephant Road.",999baseballs,2,9,2025-11-19 20:41:37,dhaka,0.0,0.0,neutral,neutral,"Technology/Gadgets, Food/Dining, Infrastructure/Urban"
Book recommendation on music theory,Rough_Insurance6722,9,3,2025-11-19 20:32:49,dhaka,0.0,0.0,neutral,neutral,General
Need Someone,cxcuser,0,14,2025-11-19 20:16:26,dhaka,0.0,0.08333333333333334,neutral,neutral,"Technology/Gadgets, Health/Medical"
Need someone,Unusual-Bit-6296,8,39,2025-11-19 19:32:54,dhaka,0.0,0.0,neutral,neutral,General
Where in Dhaka can I get these Chunky Penny Loafers and Men's long wallet in best price?,Mikoyane,2,6,2025-11-19 19:09:52,dhaka,0.0,0.0,neutral,neutral,"Housing/Real Estate, Shopping/Commerce"
Fb page posting pics of women without consent,jasontoddloverr,57,30,2025-11-19 18:36:52,dhaka,-0.7333333333333333,0.8888888888888888,negative,anger,General
Best dermatologist in DHAKA for Fungal infection (Tinia Cruris),OpenBelt8195,6,25,2025-11-19 18:28:22,dhaka,0.1,0.41666666666666663,neutral,anger,"Housing/Real Estate, Food/Dining, Health/Medical"
Best online physics course for HSC students in Bangladesh?,No_Arrival_9355,2,6,2025-11-19 18:14:45,dhaka,0.4121212121212121,0.39444444444444443,positive,neutral,"Housing/Real Estate, Technology/Gadgets, Education/Career"
TRAVEL CLUBS,Mundane-Apartment-10,9,8,2025-11-19 17:46:38,dhaka,0.0859375,0.71875,neutral,neutral,"Food/Dining, Travel/Transportation, Relationships/Social"
Have anyone face this issue with uber?,readit_bd,4,5,2025-11-19 17:38:29,dhaka,0.025000000000000005,0.36250000000000004,neutral,trust,"Housing/Real Estate, Technology/Gadgets, Health/Medical, Travel/Transportation, Sports/Recreation"
Have you used the ALLJOBS service by Teletalk? This is such a buggy website / app. I can't login to my account for the past 1 hour,the-machine-m4n,1,0,2025-11-19 17:37:08,dhaka,0.0,0.0,neutral,neutral,"Technology/Gadgets, Education/Career"
Where to sell perfume?,ElectronicValue8056,6,11,2025-11-19 17:29:07,dhaka,0.18571428571428572,0.2571428571428571,positive,neutral,"Shopping/Commerce, Travel/Transportation"
Need suggestions,diviaterun,2,8,2025-11-19 16:50:52,dhaka,-0.04444444444444443,0.35555555555555557,neutral,neutral,Technology/Gadgets
Any BUTEXIAN ?,Funny-Ad-2513,1,5,2025-11-19 16:14:49,dhaka,0.0,0.0,neutral,neutral,General
Let's talk and do something,Top-Slide-4095,6,34,2025-11-19 16:02:01,dhaka,0.0,0.5,neutral,neutral,General
Advice,DriveHeavy5045,8,13,2025-11-19 15:55:58,dhaka,-0.08333333333333333,1.0,neutral,neutral,Relationships/Social
Syllabus Completion Problem,rion__2036,3,4,2025-11-19 15:55:44,dhaka,0.22152777777777785,0.5479166666666667,positive,joy,"Food/Dining, Travel/Transportation"
Need Relationship advice,TacoChair07,14,25,2025-11-19 15:44:32,dhaka,0.33611111111111114,0.6555555555555554,positive,joy,"Technology/Gadgets, Food/Dining, Relationships/Social, Sports/Recreation"
Does this look like a Hindu goddess?,Infinite-Sector-8694,151,200,2025-11-19 15:22:51,dhaka,0.1142857142857143,0.2654761904761905,positive,neutral,"Technology/Gadgets, Travel/Transportation"
Need information about ordering something,Astral_Modulator709,3,13,2025-11-19 15:18:35,dhaka,0.0,0.0,neutral,neutral,"Technology/Gadgets, Shopping/Commerce"
gift for cousins from australia (and restaurant recs),sleepislife25,9,31,2025-11-19 15:18:26,dhaka,0.16428571428571428,0.32142857142857145,positive,joy,"Technology/Gadgets, Food/Dining, Travel/Transportation"
Entrepreneurship &amp; Sales  Book Suggestions !,anderslio9,2,9,2025-11-19 14:53:02,dhaka,0.22999999999999998,0.38,positive,joy,"Shopping/Commerce, Relationships/Social"
এই টাইপ প্যান্ট কোথায় পাবো?,Puzzleheaded-Hat6548,24,34,2025-11-19 14:32:12,dhaka,0.0,0.0,neutral,neutral,General
Need help from BBA students,Outside_Raspberry587,2,1,2025-11-19 13:48:30,dhaka,0.0,0.0,neutral,neutral,Education/Career
Taking A levels as a private candidate,Upper-Berry213,8,20,2025-11-19 13:30:13,dhaka,0.25,0.378125,positive,joy,"Technology/Gadgets, Education/Career, Health/Medical, Relationships/Social, Politics/Government"
anxious about future,frustratedcigs,5,10,2025-11-19 12:49:23,dhaka,0.0,0.0,neutral,neutral,General
need study partner,Diligent_Hunt7245,3,0,2025-11-19 12:41:47,dhaka,0.0,0.0,neutral,neutral,Education/Career
🎯 Join Our Freelance Transcription Team at Quantigo AI!,Academic_Flamingo250,0,3,2025-11-19 12:30:47,dhaka,0.21479166666666671,0.42833333333333334,positive,joy,"Housing/Real Estate, Technology/Gadgets, Education/Career, Food/Dining, Sports/Recreation, Infrastructure/Urban"
National bank,No_Tailor2427,4,1,2025-11-19 11:38:06,dhaka,-0.5,0.75,negative,neutral,Technology/Gadgets
Male waxing,BreakfastAutomatic52,14,26,2025-11-19 11:33:44,dhaka,0.175,0.775,positive,neutral,Housing/Real Estate
any pharmacy owners here?,Plastic_Comedian_615,1,9,2025-11-19 11:06:36,dhaka,0.0,0.0,neutral,neutral,General
Recommend a watch for men,Ok_Temperature1414,8,26,2025-11-19 10:16:02,dhaka,0.25,1.0,positive,neutral,General
Dhanmondi Lake this morning — who else loves morning walks here,Embarrassed-Law6338,20,3,2025-11-19 10:00:33,dhaka,0.0,0.0,neutral,neutral,Relationships/Social
Denim jeans,CalligrapherWest4585,5,9,2025-11-19 09:20:42,dhaka,0.07009419152276294,0.41627420198848775,neutral,joy,Shopping/Commerce
Online platforms where I can buy used smartphones,superkafooo,5,5,2025-11-19 08:57:06,dhaka,0.32222222222222224,0.48888888888888893,positive,joy,"Technology/Gadgets, Shopping/Commerce"
Radiohead hoodie,Individual-Ad-9678,3,1,2025-11-19 07:53:30,dhaka,0.0,0.0,neutral,neutral,"Housing/Real Estate, Shopping/Commerce"
A level CAIE,Hot-Effective5484,3,2,2025-11-19 07:29:04,dhaka,0.037500000000000006,0.4,neutral,neutral,"Technology/Gadgets, Education/Career, Shopping/Commerce, Travel/Transportation, Sports/Recreation"
Is mbbs from Bangladesh worth it??,timespaceweb,18,40,2025-11-19 07:24:51,dhaka,0.09285714285714286,0.26071428571428573,neutral,neutral,"Education/Career, Health/Medical, Relationships/Social"
BNP er good side ashole ki?,hackerbong,4,54,2025-11-19 06:55:58,dhaka,0.0,0.0,neutral,neutral,Politics/Government
Attempting to Resell My Ticket,meetnyself,1,0,2025-11-19 05:20:07,dhaka,0.07222222222222223,0.6944444444444444,neutral,neutral,"Housing/Real Estate, Shopping/Commerce, Travel/Transportation"
Getting Euro payments as a Bangladeshi,Alfred_Pithu,3,4,2025-11-19 04:56:44,dhaka,0.1332438016528926,0.4182369146005509,positive,joy,"Technology/Gadgets, Education/Career, Relationships/Social, Politics/Government"
Smartphone without AI features?,Outrageous-Being7136,6,5,2025-11-19 01:16:41,dhaka,0.1090909090909091,0.24488636363636362,positive,neutral,"Technology/Gadgets, Education/Career, Food/Dining"
Suggest a good doctor for treating hairfall,UnicornFromAlaska,3,7,2025-11-19 01:01:40,dhaka,-0.050000000000000044,0.6000000000000001,neutral,joy,"Housing/Real Estate, Technology/Gadgets, Education/Career, Food/Dining, Health/Medical, Shopping/Commerce, Relationships/Social"
Visiting Dhaka - looking for recommendations,RealZubidoo,3,2,2025-11-19 01:00:32,dhaka,0.2966666666666667,0.4633333333333334,positive,joy,"Housing/Real Estate, Technology/Gadgets, Education/Career, Food/Dining, Shopping/Commerce, Travel/Transportation, Infrastructure/Urban"
Shopping,PostHoliday9789,4,4,2025-11-19 01:00:26,dhaka,0.26,0.78,positive,neutral,"Shopping/Commerce, Sports/Recreation"
where to fix roadbikes?,DrySuspect5165,2,1,2025-11-19 00:58:35,dhaka,0.0,0.0,neutral,neutral,Infrastructure/Urban
Life mistakes..,RadoanIslamEthan,10,7,2025-11-19 00:41:11,dhaka,-0.33333333333333326,0.6222222222222222,negative,anger,Housing/Real Estate
To the US and Europe Based BD community,Left-Homework-6650,3,4,2025-11-19 00:06:45,dhaka,0.17678571428571427,0.4857142857142857,positive,joy,"Housing/Real Estate, Technology/Gadgets, Education/Career, Food/Dining, Shopping/Commerce, Travel/Transportation, Relationships/Social, Infrastructure/Urban"
Dad's Birthday,unfrared,7,3,2025-11-19 00:02:43,dhaka,0.2333333333333333,0.3666666666666667,positive,joy,Food/Dining
Dhaka's traffic is getting worse and no one seems to care,StockholmSyndrome_69,25,15,2025-11-18 23:46:19,dhaka,-0.13666666666666666,0.6116666666666666,negative,neutral,"Housing/Real Estate, Sports/Recreation, Politics/Government, Infrastructure/Urban"
Is Ali2BD reliable?,SalaryImpressive7469,13,18,2025-11-18 23:21:16,dhaka,-0.28750000000000003,0.7625000000000001,negative,trust,"Housing/Real Estate, Shopping/Commerce"
How do i pass HSC ICT?,nimbus2346,1,42,2025-11-18 22:55:55,dhaka,-0.33999999999999997,0.5449999999999999,negative,anger,"Technology/Gadgets, Education/Career, Health/Medical, Relationships/Social"
Suggest stores to buy unofficial iphone,amnesia_luck,3,10,2025-11-18 22:47:02,dhaka,0.7,0.6000000000000001,positive,joy,"Technology/Gadgets, Shopping/Commerce"
are actually reliable birth control pills available in this city?,Proof-Mousse6951,5,20,2025-11-18 22:21:13,dhaka,0.0,0.3,neutral,neutral,"Technology/Gadgets, Relationships/Social, Infrastructure/Urban"
Bangladesh is severely lacking in Public Libraries and overall access to books.,Honest_Ad_6090,63,40,2025-11-18 21:43:20,dhaka,0.07051999587713874,0.27098690991548136,neutral,joy,"Technology/Gadgets, Education/Career, Politics/Government, Infrastructure/Urban"
Keychains,AffectionateTie8130,4,6,2025-11-18 21:35:47,dhaka,0.0,0.0,neutral,neutral,"Technology/Gadgets, Shopping/Commerce"
20(F),cat-woman2005,0,11,2025-11-18 21:33:59,dhaka,-0.16666666666666666,0.3333333333333333,negative,trust,Education/Career
Is there anything I can bring from Germany and sell at a profit in Bangladesh?,United-Road-7338,2,5,2025-11-18 21:07:32,dhaka,0.0,0.0,neutral,neutral,"Shopping/Commerce, Travel/Transportation"
How much marks and where my placement should be if I want to get IR (international relation) in BUP FSSS?,Levi_BD,1,0,2025-11-18 20:49:31,dhaka,-0.010256410256410288,0.512820512820513,neutral,joy,"Housing/Real Estate, Technology/Gadgets, Education/Career, Relationships/Social"
Bangladeshi women should stop settling for less. We are enabling these losers,QuietSuccessfull,149,336,2025-11-18 20:37:15,dhaka,0.1677437641723356,0.5134353741496598,positive,joy,"Technology/Gadgets, Food/Dining, Health/Medical, Relationships/Social, Sports/Recreation"
Cloudflare Blocked?,aunnyglitch,20,28,2025-11-18 20:05:29,dhaka,0.5,0.5,positive,fear,"Technology/Gadgets, Education/Career"
A little support!,jasontoddloverr,2,3,2025-11-18 20:05:16,dhaka,-0.074375,0.54,neutral,neutral,"Technology/Gadgets, Sports/Recreation"
Is this flight connection too risky? Need advice.,meetnyself,1,4,2025-11-18 19:57:03,dhaka,-0.09732142857142859,0.2607142857142857,neutral,fear,"Housing/Real Estate, Technology/Gadgets, Travel/Transportation"
How to make greek yogurt from Aarong tok doi? Please help,Resident_Ad9808,4,20,2025-11-18 19:33:56,dhaka,0.0,0.0,neutral,neutral,General
Asking for suggestion for male skincare product,_t_gallant_,3,5,2025-11-18 19:30:59,dhaka,0.23749999999999996,0.5648148148148148,positive,joy,"Education/Career, Shopping/Commerce, Relationships/Social"
Streaming App,Ark_rivia,1,3,2025-11-18 19:21:27,dhaka,-0.125,0.375,negative,neutral,"Technology/Gadgets, Education/Career, Sports/Recreation"
New year resolution suggestions,Famous_Meringue1818,6,10,2025-11-18 19:15:22,dhaka,0.2556818181818182,0.7272727272727273,positive,neutral,Sports/Recreation
Hasina's death sentence,Ok_Big530,0,6,2025-11-18 19:13:19,dhaka,0.17775974025974023,0.46128246753246754,positive,neutral,"Food/Dining, Sports/Recreation, Politics/Government"
Dhaka-Chittagong highway speedcam?,Reedditcdi,3,3,2025-11-18 19:07:11,dhaka,-0.07250000000000001,0.5241666666666667,neutral,neutral,"Housing/Real Estate, Education/Career, Infrastructure/Urban"
Men beauty,Mobile_Hearing5882,25,103,2025-11-18 18:27:44,dhaka,0.0,0.20833333333333334,neutral,neutral,General
BD domestic flights,zsk471,2,3,2025-11-18 17:07:13,dhaka,-0.040625,0.321875,neutral,neutral,"Housing/Real Estate, Technology/Gadgets, Shopping/Commerce, Travel/Transportation"
Government of the pressure group by the pressure group for the pressure group,RazzmatazzStrict,4,2,2025-11-18 16:45:54,dhaka,0.026625804750804748,0.3529442779442779,neutral,trust,"Housing/Real Estate, Technology/Gadgets, Education/Career, Food/Dining, Shopping/Commerce, Travel/Transportation, Politics/Government"
All you can eat Buffet,whatevermeme,19,26,2025-11-18 16:44:34,dhaka,1.0,0.3,positive,neutral,"Housing/Real Estate, Food/Dining"
Bank loan,Previous-Chocolate99,3,8,2025-11-18 16:40:47,dhaka,0.1,0.15000000000000002,neutral,neutral,"Technology/Gadgets, Education/Career"
Dinner Set &amp; Womens Jewellery,Careful_Storm_3665,3,6,2025-11-18 16:36:12,dhaka,0.45249999999999996,0.5183333333333334,positive,joy,"Housing/Real Estate, Technology/Gadgets, Shopping/Commerce, Politics/Government"
Software engineering,PotatoMoney6765,3,10,2025-11-18 15:08:37,dhaka,0.2857142857142857,0.5357142857142857,positive,neutral,"Technology/Gadgets, Education/Career"
do ways of making money online really exist? i need serious help. (please no khalid farhan type of advice),unplugged_________,10,19,2025-11-18 14:43:46,dhaka,0.03869348244348244,0.4121903559403559,neutral,joy,"Technology/Gadgets, Education/Career, Shopping/Commerce, Politics/Government"
Give me your top ragebait,Ok_Temperature1414,28,76,2025-11-18 14:13:12,dhaka,0.3,0.2,positive,neutral,Technology/Gadgets
Need hotel recommendations in Banani - unmarried couple,ArthurMorgan_47,24,65,2025-11-18 13:59:43,dhaka,0.010185185185185193,0.49166666666666675,neutral,neutral,"Food/Dining, Relationships/Social"
I'm curious,Deep_While_3960,2,2,2025-11-18 13:48:18,dhaka,0.25,0.5,positive,neutral,Shopping/Commerce
জার্নালিং,Aegon_TargaryanII,13,10,2025-11-18 13:45:20,dhaka,0.0,0.0,neutral,neutral,General
“৯০-এর দশকের ঢাকা—অতীতের শহরের এক মুহূর্ত 📸”,Embarrassed-Law6338,33,2,2025-11-18 13:27:31,dhaka,0.0,0.0,neutral,neutral,General
Best flower shops,dengxiety,7,5,2025-11-18 13:25:41,dhaka,0.275,0.65625,positive,neutral,"Housing/Real Estate, Shopping/Commerce, Travel/Transportation"
C-B unit Bangla,t1tu_ez4ence,2,1,2025-11-18 12:37:42,dhaka,0.13229166666666667,0.325,positive,joy,"Education/Career, Relationships/Social"
CU vs RU,Abdullah715279,3,17,2025-11-18 12:13:43,dhaka,0.32972027972027973,0.5980769230769231,positive,neutral,"Housing/Real Estate, Infrastructure/Urban"
Books,grey_maverick,1,1,2025-11-18 11:50:05,dhaka,0.0,0.0,neutral,neutral,General
Study MBA!,Extension_Gene_5600,3,5,2025-11-18 10:48:55,dhaka,-0.05555555555555556,0.3138888888888889,neutral,neutral,"Housing/Real Estate, Technology/Gadgets, Education/Career, Travel/Transportation"
Trusted source to donate online?,SpecialistLow1164,3,7,2025-11-18 10:33:51,dhaka,-0.25,0.4,negative,trust,General
Had anyone buy smartphone from aliexpress if did let me know your opinion,Forward_Initial_5138,3,7,2025-11-18 10:08:19,dhaka,0.0,0.125,neutral,neutral,"Technology/Gadgets, Shopping/Commerce"
Need advice on what to do..for life..career..etc😭,One-Breakfast-3410,3,8,2025-11-18 09:55:43,dhaka,0.15094766344766347,0.47522893772893765,positive,anger,"Housing/Real Estate, Technology/Gadgets, Education/Career, Shopping/Commerce, Travel/Transportation, Relationships/Social"
Need Suggestions for Budget-Friendly Book Sites,Jumpy-Selection-7728,7,3,2025-11-18 09:25:27,dhaka,0.375,0.55,positive,joy,"Shopping/Commerce, Relationships/Social"
Good camera repair shop in Dhaka + cost?,Additional-Skirt-937,3,0,2025-11-18 07:13:38,dhaka,0.045,0.37499999999999994,neutral,trust,"Housing/Real Estate, Technology/Gadgets, Shopping/Commerce, Sports/Recreation"
Is arranged marriage still a thing in Bangladesh for male in their early 20s?,hackerbong,55,47,2025-11-18 06:56:01,dhaka,0.1658095238095238,0.4115714285714286,positive,neutral,"Housing/Real Estate, Technology/Gadgets, Education/Career, Relationships/Social, Infrastructure/Urban"
Can anyone recommend a place to repair headphone near or close to Dhanmondi?,DisSapo1ntment,2,2,2025-11-18 06:47:48,dhaka,0.20833333333333334,0.4,positive,neutral,Technology/Gadgets
A level students,Hot-Effective5484,7,4,2025-11-18 05:14:35,dhaka,0.037500000000000006,0.4,neutral,neutral,"Technology/Gadgets, Education/Career, Shopping/Commerce, Travel/Transportation, Sports/Recreation"
Kinda unemployed,smolcatfis,12,13,2025-11-18 04:41:03,dhaka,-0.09999999999999999,0.33571428571428574,neutral,fear,"Technology/Gadgets, Health/Medical"
Need One plus 15,MentionAdmirable1902,2,1,2025-11-18 04:37:24,dhaka,0.0,0.0,neutral,neutral,Shopping/Commerce
Afraid to attend job interview,Great-Object1436,3,7,2025-11-18 04:07:46,dhaka,-0.27499999999999997,0.6916666666666667,negative,anger,"Technology/Gadgets, Education/Career"
Please recommend me a shop/page that can bring thr Fisher Price DJ Table for Kids at lowest price from USA!,AnirbanPaca,1,3,2025-11-18 02:50:10,dhaka,0.0,0.43333333333333335,neutral,neutral,Shopping/Commerce
Hair salon/parlor suggestions,MacaroonNo3569,3,3,2025-11-18 01:58:54,dhaka,0.2,0.9,positive,neutral,Technology/Gadgets
Bangladesh Court Orders Death Penalty for Ex-PM Hasina Over Deadly 2024 Uprising,shadrack_CK,5,0,2025-11-18 01:56:01,dhaka,0.0,0.0,neutral,neutral,"Food/Dining, Shopping/Commerce, Politics/Government"
how to gain experience early,SwordfishHealthy3565,3,2,2025-11-18 00:44:33,dhaka,0.0802951388888889,0.5583333333333333,neutral,trust,"Technology/Gadgets, Education/Career"
"Where can I find good quality shoes, particularly block heels?",AnirbanPaca,4,6,2025-11-18 00:28:23,dhaka,0.08,0.3366666666666666,neutral,neutral,"Housing/Real Estate, Education/Career, Shopping/Commerce, Infrastructure/Urban"
Hasina's verdict,AggressiveRange6553,1,1,2025-11-18 00:25:59,dhaka,0.19166666666666665,0.5833333333333334,positive,neutral,"Technology/Gadgets, Food/Dining, Sports/Recreation, Politics/Government"
Need help with a 'theory of sets' mathematical problem.,Nipu2,4,5,2025-11-18 00:01:31,dhaka,0.0029411764705882274,0.6764705882352942,neutral,sadness,"Technology/Gadgets, Education/Career, Travel/Transportation, Sports/Recreation"
"আছি, কিন্তু যেন নেই।",Mean-Spinach7355,9,14,2025-11-17 23:58:26,dhaka,0.11124338624338624,0.5871693121693123,positive,joy,"Technology/Gadgets, Relationships/Social"
We need to talk about the border killing issue happening at the Indian border.,kindred_eldtrich,26,11,2025-11-17 23:42:51,dhaka,-0.04807692307692308,0.38141025641025644,neutral,trust,"Housing/Real Estate, Technology/Gadgets, Education/Career, Shopping/Commerce, Sports/Recreation"
Awami League 🥱,rohanur69,0,8,2025-11-17 23:27:27,dhaka,0.0,0.0,neutral,neutral,"Sports/Recreation, Politics/Government"
Looking for terrible but expensive restaurants in Dhaka. For recommending to an old enemy.,AlternativeMetal2017,3,2,2025-11-17 22:41:35,dhaka,0.0,0.0,neutral,neutral,"Housing/Real Estate, Food/Dining"
Pantheon?,aunnyglitch,2,6,2025-11-17 22:17:29,dhaka,-0.35000000000000003,0.6166666666666667,negative,neutral,General
do you guys know any wired earphones with good mic quality in dhaka,ghumkhor,5,12,2025-11-17 22:15:01,dhaka,0.4333333333333333,0.46666666666666673,positive,joy,"Housing/Real Estate, Technology/Gadgets"
Bhawal resort / Any resort for couple,Glittering-Tear-8017,9,55,2025-11-17 22:12:58,dhaka,0.01499999999999999,0.5066666666666666,neutral,sadness,"Housing/Real Estate, Relationships/Social"
I need suggestion from senior of mbbs student of any Divisional Medical,PaintingCreepy5444,7,3,2025-11-17 22:05:06,dhaka,0.0,0.0,neutral,neutral,"Education/Career, Health/Medical"
অনলাইন কোচিং,Street_Event_2631,1,5,2025-11-17 21:45:12,dhaka,0.0,0.0,neutral,neutral,General
medical aspirant next year,closetedluvergurl,2,1,2025-11-17 21:18:34,dhaka,0.006944444444444441,0.39444444444444454,neutral,joy,"Technology/Gadgets, Education/Career, Health/Medical, Infrastructure/Urban"
Secret garden as a wedding venue?,swan_lake81,4,0,2025-11-17 21:17:18,dhaka,-0.20000000000000004,0.49999999999999994,negative,neutral,"Technology/Gadgets, Food/Dining, Relationships/Social"
Getting flowers for my gf,Eastern-Look-8143,5,13,2025-11-17 20:12:46,dhaka,0.1962962962962963,0.6148148148148148,positive,neutral,"Technology/Gadgets, Education/Career, Food/Dining, Relationships/Social, Infrastructure/Urban"
help me figure out,Frequent_Craft5676,8,38,2025-11-17 20:11:54,dhaka,0.06448863636363637,0.2671130952380953,neutral,neutral,"Housing/Real Estate, Relationships/Social"
Chittagong Port Update,RazzmatazzStrict,8,15,2025-11-17 19:49:14,dhaka,0.0,0.0,neutral,neutral,General
Is there any place at mirpur other than cafes for hangout?,tasara-panda-09020,6,7,2025-11-17 19:01:39,dhaka,0.13636363636363635,0.5,positive,neutral,"Housing/Real Estate, Food/Dining"
Can someone provide Deshbd dc server invite,yahoo_olivia,1,2,2025-11-17 18:32:28,dhaka,0.0,0.0,neutral,neutral,General
how are people affording to study outside,Temporary_Heart1018,65,87,2025-11-17 18:20:20,dhaka,0.18214285714285713,0.35555555555555557,positive,neutral,"Education/Career, Politics/Government"
I’m tired of struggling… but I’m still trying. Need some honest advice.,nafisa_q,10,22,2025-11-17 17:41:33,dhaka,0.03827160493827161,0.34320987654320995,neutral,trust,Technology/Gadgets
Shower Gel,Sparrow_tora_999,20,25,2025-11-17 17:36:41,dhaka,0.6333333333333333,0.5,positive,joy,Shopping/Commerce
Asking for opinion,PracticalGur7035,15,23,2025-11-17 17:10:38,dhaka,0.06428571428571428,0.525,neutral,joy,"Education/Career, Relationships/Social"
MTO,Candid-Ad-1951,3,4,2025-11-17 17:04:15,dhaka,0.0,0.0,neutral,neutral,Education/Career
Sheikh Hasina's Judgement,RazzmatazzStrict,5,90,2025-11-17 16:52:23,dhaka,0.3833333333333333,0.6083333333333334,positive,neutral,"Technology/Gadgets, Sports/Recreation, Politics/Government"
Hard time,Puzzleheaded_Mine992,6,6,2025-11-17 16:51:50,dhaka,0.15625,0.5,positive,neutral,General
Failed HSC Twice Can I Still Get Into a Private University in Bangladesh,ResponsibleFudge8955,2,9,2025-11-17 16:46:56,dhaka,-0.09583333333333333,0.3118055555555556,neutral,neutral,"Technology/Gadgets, Education/Career, Relationships/Social, Infrastructure/Urban"
Ladies: hair parlor?,TurbulentCup5219,6,9,2025-11-17 16:06:46,dhaka,-0.4,0.6,negative,neutral,"Technology/Gadgets, Shopping/Commerce"
Testaurants like Izakaya,999baseballs,2,9,2025-11-17 15:59:21,dhaka,0.0,0.0,neutral,neutral,Food/Dining
Is a foldable laptop table actually useful?,Suspicious_Cheek3878,4,5,2025-11-17 15:32:01,dhaka,0.2041666666666667,0.3333333333333333,positive,neutral,"Technology/Gadgets, Education/Career, Shopping/Commerce"
Just to know how you guys figure it out.,Abir_Islam,2,18,2025-11-17 15:24:19,dhaka,0.1875,0.5368055555555555,positive,anger,Technology/Gadgets
Ousted Bangladesh PM Sheikh Hasina sentenced to death for crimes against humanity,Power-Equality,78,41,2025-11-17 14:56:28,dhaka,0.0,0.0,neutral,neutral,"Technology/Gadgets, Food/Dining"
Twilight at 60kmph,Equivalent_Doubt_969,20,1,2025-11-17 14:39:55,dhaka,0.0,0.0,neutral,neutral,General
Sending sensitive medicine like Insulin to Madaripur (Village),7uckingMadMan,5,2,2025-11-17 14:09:15,dhaka,0.2785714285714286,0.3857142857142857,positive,neutral,"Housing/Real Estate, Health/Medical"
Bachelors in china,LilNoirito,5,8,2025-11-17 13:34:32,dhaka,0.13333333333333333,0.11666666666666665,positive,neutral,Education/Career
Perfume suggestion under 2000 taka,_parrot_king0,13,12,2025-11-17 13:24:04,dhaka,0.7,0.6000000000000001,positive,joy,Sports/Recreation
Hangout place suggetion!,Equal-Love-4701,3,1,2025-11-17 13:23:15,dhaka,0.5474489795918368,0.6387755102040816,positive,joy,"Housing/Real Estate, Relationships/Social"
Need simple healthy meals I can cook alone.,Due_Calligrapher2742,11,10,2025-11-17 13:01:33,dhaka,0.10082417582417583,0.42390109890109895,positive,neutral,"Housing/Real Estate, Education/Career, Food/Dining, Health/Medical, Travel/Transportation, Relationships/Social"
Miss Universe Bangladesh 2025 Hype,FinalGeneration,39,73,2025-11-17 11:51:29,dhaka,0.0,0.0,neutral,neutral,General
মেট্রো,Master-Asparagus7789,2,4,2025-11-17 11:04:35,dhaka,0.0,0.0,neutral,neutral,General
Visiting Bangladesh after 10 years best food,Noobiepoobie853,3,12,2025-11-17 10:41:56,dhaka,0.15,0.6199999999999999,positive,neutral,"Food/Dining, Travel/Transportation"
Where can I find this type of half-zip cable knit sweater in Bangladesh?,beingElias,34,27,2025-11-17 10:31:56,dhaka,0.24833333333333335,0.35,positive,joy,"Housing/Real Estate, Food/Dining, Shopping/Commerce"
My Android Cellphone got stolen.,Iori3310,6,11,2025-11-17 08:23:11,dhaka,0.2125,0.25961538461538464,positive,neutral,Technology/Gadgets
Pakistani Planning to do mbbs from Bangladesh,timespaceweb,27,39,2025-11-17 06:19:51,dhaka,0.18571428571428572,0.3,positive,trust,"Technology/Gadgets, Education/Career, Health/Medical"
Bangladesh vs India Football Match,OdysseusWit,3,2,2025-11-17 05:55:37,dhaka,-0.024999999999999994,0.375,neutral,neutral,"Shopping/Commerce, Sports/Recreation"
Effective support system,No-Scientist-8273,7,8,2025-11-17 03:13:18,dhaka,0.3142857142857142,0.5464285714285715,positive,trust,Technology/Gadgets
Music Band suggestions??,IMSALTY-Real,1,10,2025-11-17 02:50:02,dhaka,0.38125,0.575,positive,joy,Relationships/Social
Do you believe in jinn? I want to hear your real experiences,Last-Engineering-649,50,130,2025-11-17 02:36:30,dhaka,0.16785714285714287,0.6514285714285715,positive,joy,"Housing/Real Estate, Technology/Gadgets, Relationships/Social"
How to deal with emotionally and physically abusive father during admission phase,strangerthings8989,4,5,2025-11-17 02:03:25,dhaka,0.008333333333333331,0.15,neutral,neutral,"Education/Career, Travel/Transportation"
Can deliverymen see what you have ordered?,Legitimate_Sky5632,4,3,2025-11-17 01:54:54,dhaka,-0.175,0.75,negative,neutral,"Housing/Real Estate, Shopping/Commerce, Travel/Transportation"
NID Permanent Address Correction,CaffineIsGood,7,1,2025-11-17 01:45:26,dhaka,0.2,0.30000000000000004,positive,neutral,Technology/Gadgets
How do you deal with Anxiety?,SquareProtonWave,6,10,2025-11-17 01:32:13,dhaka,-0.1375,0.475,negative,neutral,Health/Medical
MAT(25-26),Interesting-Bag-3210,5,9,2025-11-17 00:58:40,dhaka,0.0,0.0,neutral,neutral,"Education/Career, Health/Medical"
Can you tell me about BRTA?,internet_godfather,6,4,2025-11-17 00:58:09,dhaka,0.26249999999999996,0.35,positive,joy,Technology/Gadgets
"Bengali in rome,italy",Beginning-Bar-1138,2,0,2025-11-17 00:38:59,dhaka,0.25,0.3,positive,joy,"Education/Career, Relationships/Social"
Asking for Marriage to Wali,GoingHypersonic,11,8,2025-11-17 00:38:58,dhaka,0.2767857142857143,0.5369047619047619,positive,neutral,Relationships/Social
When do medical colleges open for the next batch in bangladesh 2026,No-Yogurtcloset9949,2,6,2025-11-16 23:45:36,dhaka,0.0,0.0,neutral,neutral,"Education/Career, Health/Medical"
ডিবেট শিখার কোনো অর্গানাইজেশন ঢাকায় আছে?,Total_Advertising975,5,11,2025-11-16 23:10:12,dhaka,0.0,0.0,neutral,neutral,Housing/Real Estate
Farmgate to BAF Shaheen Kurmitola,Twha_Khan,2,6,2025-11-16 22:56:58,dhaka,0.2,0.1,positive,neutral,"Technology/Gadgets, Education/Career, Travel/Transportation"
Laptop Issue,Longjumping-Fly-480,3,2,2025-11-16 22:28:19,dhaka,-0.005411255411255412,0.4256132756132755,neutral,trust,"Housing/Real Estate, Technology/Gadgets, Education/Career, Health/Medical, Shopping/Commerce, Relationships/Social, Sports/Recreation"
how to be an independent woman in bangladesh,closetedluvergurl,41,28,2025-11-16 22:14:54,dhaka,-0.09619047619047619,0.32047619047619047,neutral,neutral,"Housing/Real Estate, Education/Career, Infrastructure/Urban"
Suggestion on buying mechanical Keebs.,Flat_Age_5777,2,5,2025-11-16 21:47:25,dhaka,0.18428571428571425,0.35714285714285715,positive,joy,"Housing/Real Estate, Shopping/Commerce"
Coding Partner,ElegantSwimmer3726,5,26,2025-11-16 21:38:14,dhaka,0.13893939393939395,0.5825757575757576,positive,neutral,"Technology/Gadgets, Relationships/Social"
Gym Flings!,Almostfamous_02,41,58,2025-11-16 21:10:37,dhaka,-0.18453124999999998,0.625,negative,surprise,Relationships/Social
Casio buying,Mahmud_Emon,3,3,2025-11-16 21:07:55,dhaka,0.375,0.475,positive,trust,Shopping/Commerce
I WANNA KNOW ABOUT JAGANNATH UNIVERSITY,Competitive-Rate-951,28,50,2025-11-16 20:59:00,dhaka,0.0,0.0,neutral,neutral,Education/Career
"I’m soft, I’m tired, I’m trying and that’s enough. My heart is loud, even if my presence isn’t.",h_sadia,24,12,2025-11-16 20:46:28,dhaka,-0.021180555555555557,0.41643518518518513,neutral,anger,"Housing/Real Estate, Technology/Gadgets, Food/Dining, Travel/Transportation, Relationships/Social"
How to start?,Physical-Fact-7191,7,6,2025-11-16 20:09:16,dhaka,0.0,0.21666666666666665,neutral,neutral,Technology/Gadgets
Want to learn to cook,LessTell,12,21,2025-11-16 20:06:26,dhaka,0.7999999999999999,0.7333333333333334,positive,joy,Food/Dining
Attempting,WasteCrow8280,0,23,2025-11-16 19:35:17,dhaka,0.0,0.0,neutral,neutral,General
how do i make money?,StrangeFile8991,19,38,2025-11-16 19:25:39,dhaka,0.17111344537815126,0.6034663865546218,positive,joy,"Technology/Gadgets, Education/Career"
Medical emergency 🦺,Hot-Tangerine3979,6,6,2025-11-16 19:18:37,dhaka,0.1590909090909091,0.5,positive,fear,"Housing/Real Estate, Health/Medical, Travel/Transportation, Infrastructure/Urban"
Tax law firm in Dhaka,Agile-Lifeguard-2063,3,5,2025-11-16 18:32:44,dhaka,0.15000000000000002,0.3500000000000001,positive,joy,"Housing/Real Estate, Technology/Gadgets, Food/Dining, Politics/Government"
Earbuds Battery Replacement ( Soundpeats Capsule 3 pro),Advanced_Budget7301,2,4,2025-11-16 17:58:39,dhaka,0.1,0.1,neutral,neutral,"Food/Dining, Shopping/Commerce"
আমি বই পড়তে খুব ভালোবাসি। কিন্তু আমার ইংলিশ স্কুল লাইফ তেমন স্ট্রং ছিল না—তাই কিছু ইংলিশ বই বুঝতে সমস্যা হয়।,zawad_zarirrr,0,27,2025-11-16 17:41:18,dhaka,0.0,0.0,neutral,neutral,Technology/Gadgets
Gym location,redwizzardalastor,2,1,2025-11-16 16:24:59,dhaka,0.6,0.43333333333333335,positive,joy,"Technology/Gadgets, Travel/Transportation"
"Where do I buy authentic shampoos, deodorants and lotions?",External_Pen4135,3,2,2025-11-16 16:14:34,dhaka,0.0,0.0,neutral,neutral,"Technology/Gadgets, Shopping/Commerce"
টাকা বাদে জীবনে কোন একটা জিনিস আপনি সবচেয়ে বেশি চান?,Aaliynah550,43,133,2025-11-16 15:59:18,dhaka,0.0,0.0,neutral,neutral,General
I need suggestions on male skincare products?,kindred_eldtrich,2,28,2025-11-16 14:15:41,dhaka,0.2,0.3,positive,neutral,Shopping/Commerce
Guitar,garlicbread0_0,3,16,2025-11-16 13:58:06,dhaka,0.0,0.0,neutral,neutral,Shopping/Commerce
BD🇧🇩 vs India🇮🇳 Match Ticket for Sale!,Opposite_Extension13,1,1,2025-11-16 13:01:03,dhaka,0.2125,0.4,positive,neutral,"Technology/Gadgets, Shopping/Commerce, Sports/Recreation"
Perfumes,omerhabib44,4,16,2025-11-16 12:50:35,dhaka,0.7,0.6000000000000001,positive,joy,"Housing/Real Estate, Shopping/Commerce"
CBT for intrusive thoughts,aurora_100,7,10,2025-11-16 12:49:45,dhaka,0.22499999999999998,0.2,positive,joy,"Education/Career, Health/Medical"
When will HSC happen?,Mean_Common_5269,3,8,2025-11-16 12:31:54,dhaka,0.0,0.0,neutral,anger,Technology/Gadgets
Life of a loser,Mysterious-Fly-9194,30,51,2025-11-16 11:40:28,dhaka,0.10126984126984126,0.5701587301587303,positive,joy,"Technology/Gadgets, Education/Career, Food/Dining, Relationships/Social"
Self enjoyment,ElegantSteak7738,5,79,2025-11-16 11:19:40,dhaka,0.4,0.8,positive,neutral,General
Where can I find cakes that taste amazing and have creative designs?,callmeIFTY,6,10,2025-11-16 10:37:09,dhaka,0.4,0.775,positive,joy,"Housing/Real Estate, Food/Dining, Shopping/Commerce"
অনেক বাংলাদেশি অভিবাসীর সবচেয়ে বড় বাধা প্রায়ই তাদের নিজের কমিউনিটিই হয়। একটি সাম্প্রতিক ঘটনা দেখিয়েছে—কীভাবে একজন লোক ব্যক্তিগত বিরোধের কারণে নতুনদের সাহায্য করার জন্য তৈরি একটি সাপোর্ট গ্রুপকে নিজের ইচ্ছামতো গেটকিপিং করছিল। বিষয়টি জানার পরও সিনিয়র সদস্যরা গুরুত্ব দিয়ে দেখেননি,jbttss,3,6,2025-11-16 10:32:02,dhaka,-0.16666666666666666,0.16666666666666666,negative,neutral,General
Lonely,Top-Slide-4095,5,27,2025-11-16 10:31:02,dhaka,-0.075,0.3416666666666667,neutral,neutral,General
PPT expert needed.,raj_monir15,5,8,2025-11-16 09:26:29,dhaka,0.0,0.0,neutral,neutral,Food/Dining
Is there any local bus route using T.T.Para Underpass?,Treasure_Crusho,1,1,2025-11-16 08:28:46,dhaka,0.0,0.0,neutral,neutral,Travel/Transportation
Anybody have a good ayer mach or corsula recipe?,Maximum-Evening3904,2,1,2025-11-16 07:31:30,dhaka,0.5,0.75,positive,neutral,Food/Dining
Winter clothes,itzfaria,5,9,2025-11-16 03:30:21,dhaka,0.6499999999999999,0.8,positive,joy,"Housing/Real Estate, Shopping/Commerce, Sports/Recreation"
Struggling as an Artist,peedeepeesucks,6,10,2025-11-16 02:56:11,dhaka,0.07962962962962965,0.45185185185185195,neutral,sadness,"Technology/Gadgets, Education/Career"
Seeking Investment to Scale My Small E-commerce Brand (Bangladesh) — Need Guidance &amp; Partners,ledlips6214,2,1,2025-11-16 02:53:14,dhaka,0.05701694139194139,0.4671703296703298,neutral,neutral,"Housing/Real Estate, Technology/Gadgets, Education/Career, Food/Dining, Shopping/Commerce, Travel/Transportation, Relationships/Social"
Any Bangladeshi living in oman here? Needed help,zebrina1,17,8,2025-11-16 02:10:43,dhaka,0.1438888888888889,0.65,positive,neutral,"Housing/Real Estate, Technology/Gadgets"
Where to invest 15k bdt as a student,dest_v18,2,6,2025-11-16 01:55:49,dhaka,0.0,0.10833333333333334,neutral,neutral,Education/Career
Do guys find girls with nose piercings attractive?,sabia__,56,133,2025-11-16 01:43:15,dhaka,0.8,1.0,positive,neutral,General
Does anyone else think that people of this generation is intellectually poor?,Outrageous-Being7136,42,51,2025-11-16 01:06:59,dhaka,0.061996336996337,0.39945054945054953,neutral,joy,"Education/Career, Relationships/Social"
Quiet places near Dhaka,NefariousnessOk7185,2,15,2025-11-16 00:48:15,dhaka,0.16666666666666666,0.41111111111111115,positive,neutral,"Housing/Real Estate, Food/Dining"
Random question,Dizzy_Sky_3350,31,148,2025-11-16 00:23:46,dhaka,0.5333333333333333,0.6333333333333333,positive,neutral,General
CA ki khub hard?,light_yagami004,5,7,2025-11-15 23:17:25,dhaka,-0.11666666666666665,0.5333333333333333,negative,neutral,General
Trying to collect foreign currency notes — where can I actually get my first ones in Dhaka?,Inevitable-Koala6828,2,3,2025-11-15 22:58:02,dhaka,0.09213497899159663,0.3960434173669467,neutral,trust,"Housing/Real Estate, Technology/Gadgets, Education/Career, Shopping/Commerce, Travel/Transportation, Sports/Recreation"
I GOT FIRED FROM MY JOB AT THE FIRST DAY,goinnbackto505,299,207,2025-11-15 21:49:52,dhaka,-0.05892857142857142,0.30999999999999994,neutral,neutral,"Housing/Real Estate, Technology/Gadgets, Education/Career, Food/Dining, Health/Medical, Shopping/Commerce, Politics/Government"
Web series,Responsible_Ad8408,2,6,2025-11-15 21:38:17,dhaka,0.4,0.8,positive,neutral,General
Need advise,Shorkarjak,0,6,2025-11-15 21:31:01,dhaka,0.0,0.0,neutral,neutral,General
Opinions on Rajshahi Uiversity?,noorbeer,2,1,2025-11-15 21:13:34,dhaka,0.05,0.3,neutral,neutral,"Technology/Gadgets, Education/Career, Travel/Transportation"
Remote Video Editor Wanted,Arman_hossainalif,6,1,2025-11-15 20:59:54,dhaka,0.325,0.525,positive,neutral,"Technology/Gadgets, Education/Career, Food/Dining"
Financial Suggestions,RespectFull4922,2,7,2025-11-15 20:34:10,dhaka,0.4666666666666666,0.7000000000000001,positive,neutral,General
App that shows live Bangladesh Railway train positions - Find My Train: Bangladesh,jgainbd,87,21,2025-11-15 20:13:56,dhaka,0.13267045454545456,0.3963789682539683,positive,neutral,"Housing/Real Estate, Technology/Gadgets, Education/Career, Shopping/Commerce, Travel/Transportation, Sports/Recreation"
Any good lighter er dokan?,ivodidalha,1,3,2025-11-15 19:53:07,dhaka,0.0,0.0,neutral,neutral,"Technology/Gadgets, Shopping/Commerce"
Suggest me a trusted service center for desktop motherboard in Multiplan/IDB,gigamind_sajid,3,1,2025-11-15 19:22:52,dhaka,-0.07500000000000001,0.25,neutral,trust,Technology/Gadgets
"A Salafi Bangladeshi scholar is actively calling for jihad, destabilising three countries—Bangladesh, India, and Myanmar. As you can see in the video, the leadership of Jamaat-e-Islami and the BNP are enjoying this speech.",New_Edge360,8,2,2025-11-15 19:16:02,dhaka,0.0,0.0,neutral,neutral,"Sports/Recreation, Politics/Government"
The truth about Delwar Hossain Sayeedi,_syhumm_,0,12,2025-11-15 18:41:02,dhaka,0.0,0.0,neutral,neutral,Technology/Gadgets
Weekend activities in city like Dhaka?,PatientHistorian7459,7,37,2025-11-15 18:39:33,dhaka,0.175,0.275,positive,neutral,"Housing/Real Estate, Education/Career, Travel/Transportation, Infrastructure/Urban"
Volunteering,Trick_Copy_5402,3,10,2025-11-15 18:18:17,dhaka,-0.009722222222222219,0.30740740740740746,neutral,neutral,"Housing/Real Estate, Technology/Gadgets, Education/Career"
Can I use a phone-taken photo (edited for formality) for university applications?,Extension_Force7563,3,5,2025-11-15 18:03:12,dhaka,0.3,0.44166666666666665,positive,neutral,"Technology/Gadgets, Education/Career"
গীজার (geyser) কিনতে চাচ্ছি,Select-Day-873,9,23,2025-11-15 17:46:00,dhaka,-0.75,1.0,negative,neutral,"Food/Dining, Shopping/Commerce"
Does Milestone College charge extra fees for taking a TC?,Minimum-Afternoon323,3,1,2025-11-15 17:38:32,dhaka,-0.0019345238095238096,0.43898809523809523,neutral,neutral,"Technology/Gadgets, Education/Career, Sports/Recreation"
when being deulu is the only solution,Odd_Science208,3,1,2025-11-15 17:33:40,dhaka,0.0,0.0,neutral,neutral,General
how to get thailand visa by december,mehehuuuuh,4,1,2025-11-15 17:19:51,dhaka,0.0,1.0,neutral,neutral,Technology/Gadgets
প্রথমবার থাইল্যান্ড,Single-Cat8043,9,10,2025-11-15 17:18:52,dhaka,0.0,0.0,neutral,neutral,General
should i change schools and take commerce?,vernoniestacos,4,3,2025-11-15 17:11:09,dhaka,-0.010729166666666665,0.4943601190476189,neutral,anger,"Housing/Real Estate, Technology/Gadgets, Education/Career, Food/Dining, Infrastructure/Urban"
indoor plants,Ruthmila,5,5,2025-11-15 16:13:48,dhaka,0.0,0.0,neutral,neutral,General
F1,IllustriousArmy7201,23,33,2025-11-15 16:07:37,dhaka,0.0,1.0,neutral,neutral,"Housing/Real Estate, Infrastructure/Urban"
2026 Referendum (গণভোট),Ark_rivia,14,13,2025-11-15 15:59:06,dhaka,0.05833333333333335,0.625,neutral,neutral,Politics/Government
I have 2 lakhs to invest | need suggestions to generate 30k–50k/month within 2–3 months (Bangladesh),Aggravating-Jury9096,0,29,2025-11-15 15:57:33,dhaka,0.1367259552042161,0.3422266139657444,positive,joy,"Housing/Real Estate, Technology/Gadgets, Education/Career, Shopping/Commerce, Travel/Transportation, Infrastructure/Urban"
Ideology,IllustriousArmy7201,2,15,2025-11-15 14:58:58,dhaka,-0.25,0.25,negative,neutral,General
"My grandfather (Nana) told my mom when she was a child that laughing too loudly would make her sinful and made her recite an Arabic verse whenever she laughed. Even normal laughter made her stop midway and quickly recite the verse, believing she had sinned.",the-machine-m4n,70,38,2025-11-15 14:40:15,dhaka,0.17272727272727273,0.496969696969697,positive,joy,Technology/Gadgets
Am I experiencing PTSD after the earthquake?,Infinite-Sector-8694,6,9,2025-11-22 22:52:24,dhaka,0.072,0.3068333333333334,neutral,neutral,General
Animals during earthquake,ReplacementEarly5784,5,3,2025-11-22 21:05:56,dhaka,0.0,0.5666666666666667,neutral,neutral,"Housing/Real Estate, Technology/Gadgets"
Confused!! HSC-26,Alternative_Lake9445,6,11,2025-11-21 10:25:03,dhaka,0.04999999999999999,0.1,neutral,neutral,"Technology/Gadgets, Education/Career"
NCP is shit fake !,Hot_Key2000,153,101,2025-11-21 08:02:31,dhaka,0.175,0.375,positive,neutral,Education/Career
why bangladesh still dont have one nfc card for all transport,RudeUse100,3,3,2025-11-19 21:10:39,dhaka,0.06321022727272728,0.5473214285714286,neutral,anger,"Housing/Real Estate, Technology/Gadgets, Education/Career, Travel/Transportation, Infrastructure/Urban"
"Looking for SSD Suggestions Under 5,000 Taka (Bangladesh) - M.2 2280 PCle 3/4 x4 NVMe, 512GB",Traditional-Pop2769,1,0,2025-11-19 13:36:53,dhaka,0.27238095238095233,0.4423809523809525,positive,joy,"Technology/Gadgets, Education/Career, Shopping/Commerce, Sports/Recreation"
Explosions by square hosptial 4:30 ish pm,noticeofseizure,7,3,2025-11-17 16:49:30,dhaka,0.1,0.45,neutral,neutral,Relationships/Social
Trimmer suggetion,Suvojit_Sarker,0,11,2025-11-15 14:30:21,dhaka,0.0,1.0,neutral,neutral,General
Dog walking jobs?,Lopsided-Vanilla9925,4,2,2025-11-15 13:58:58,dhaka,0.12499999999999999,0.5083333333333333,positive,joy,"Technology/Gadgets, Education/Career, Relationships/Social"
Higher Study in USA,Greedy_for_attention,9,21,2025-11-15 13:56:55,dhaka,0.1369047619047619,0.4702380952380952,positive,neutral,Education/Career
A hypothetical situation,Lopsided-Sun-904,0,17,2025-11-15 13:27:39,dhaka,0.042857142857142844,0.5178571428571428,neutral,neutral,Politics/Government
Will GTX 750ti 2gb be a good deal at 4000 taka?,Sanwarhosen,0,18,2025-11-15 13:18:54,dhaka,0.3,0.35000000000000003,positive,joy,Shopping/Commerce
💇🏿‍♂️Where can i do Dread locks and how much it costs,MajesticAside4012,1,5,2025-11-15 13:06:02,dhaka,0.20000000000000004,0.3,positive,neutral,Technology/Gadgets
How do i start?,itsokaybutyes,1,14,2025-11-15 12:58:50,dhaka,0.04999999999999999,0.43000000000000005,neutral,neutral,Travel/Transportation
VPS / RDP under 15$/year,Tricky-Design-8982,0,4,2025-11-15 11:31:07,dhaka,0.0,0.0,neutral,neutral,"Technology/Gadgets, Education/Career"
pop culture,IllustriousArmy7201,1,0,2025-11-15 11:22:55,dhaka,0.0,0.0,neutral,neutral,General
any pet food shop owners / pages want to import authentic Royal Canin Wetfood?,Plastic_Comedian_615,2,0,2025-11-15 10:56:26,dhaka,0.09642857142857143,0.4599206349206349,neutral,neutral,"Food/Dining, Shopping/Commerce"
Car for commercial use,Working-Piece-9165,3,3,2025-11-15 10:13:03,dhaka,0.3333333333333333,0.3666666666666667,positive,neutral,General
"Should I Do a Master’s/PhD Abroad? Average Student, No Passion, Married, and Scared to Go Alone",IDidTry-003,7,7,2025-11-15 09:58:30,dhaka,0.04374206349206349,0.5514087301587302,neutral,joy,"Housing/Real Estate, Technology/Gadgets, Education/Career, Relationships/Social, Politics/Government, Infrastructure/Urban"
i want to change my name. how much it would cost me in court?,StrangeFile8991,30,39,2025-11-15 09:50:17,dhaka,0.1,0.225,neutral,neutral,Politics/Government
দ্বিধার অবসান চাই,Mkhasan280,1,1,2025-11-15 09:34:01,dhaka,0.0,0.0,neutral,neutral,General
The call of universe,IllustriousArmy7201,6,9,2025-11-15 08:04:29,dhaka,0.2,0.15000000000000002,positive,trust,Technology/Gadgets
If anyone know about quantitative content analysis please share your knowledge with me,miku_miuuu,3,1,2025-11-15 06:11:36,dhaka,0.0,0.2,neutral,neutral,"Housing/Real Estate, Technology/Gadgets, Education/Career"
Some weird behaviour I have noticed as a bideshi whenever I am visiting Bangladesh.,Fast_Confection2192,80,25,2025-11-15 05:16:16,dhaka,0.04999999999999999,0.95,neutral,anger,"Technology/Gadgets, Education/Career, Travel/Transportation"
Wife is very mean and rude to other,Swimming_Crew_5054,125,86,2025-11-15 03:23:15,dhaka,0.007953869047619045,0.5151860119047619,neutral,anger,"Housing/Real Estate, Education/Career, Food/Dining, Health/Medical, Relationships/Social, Sports/Recreation"
Some advice for 1st year uni student for life and upcoming future,nirobaction,2,4,2025-11-15 02:30:32,dhaka,0.0,0.0,neutral,neutral,Education/Career
Kind of stuck in my own thoughts,BitSignificant6707,3,4,2025-11-15 02:25:36,dhaka,0.19615384615384618,0.6076923076923078,positive,neutral,"Housing/Real Estate, Technology/Gadgets, Education/Career"
SOP/Motivation letter,MissionOlive257,4,3,2025-11-15 02:22:40,dhaka,-0.05476190476190477,0.5082010582010582,neutral,neutral,"Technology/Gadgets, Infrastructure/Urban"
How can I archive all comments from a Facebook post?,No-Volume2455,3,2,2025-11-15 02:05:36,dhaka,0.225,0.51,positive,trust,General
Rental problems in dhaka,Routine_Product_19,3,0,2025-11-15 00:50:24,dhaka,0.0,0.0,neutral,neutral,Housing/Real Estate
Who will win?,ughnaf,3,1,2025-11-15 00:08:18,dhaka,0.325,0.5,positive,neutral,"Sports/Recreation, Politics/Government"
jacket,Poseidon-005,3,4,2025-11-14 23:52:38,dhaka,0.0,0.0,neutral,neutral,Housing/Real Estate
Best neckband in 2k BDT,akira_hoque-1123,3,1,2025-11-14 23:32:33,dhaka,0.7,0.6000000000000001,positive,joy,General
i need your suggestions!,totothecatto,13,22,2025-11-14 23:25:15,dhaka,-0.1844444444444444,0.5148148148148148,negative,anger,"Technology/Gadgets, Education/Career, Health/Medical"
do universities here accept just 2 a level subjects?,Slight-Flight-9364,3,7,2025-11-14 23:21:02,dhaka,0.0,0.0,neutral,neutral,General
Lil help needed with a university survey for an assignment,Impossible-Fail336,3,0,2025-11-14 22:55:19,dhaka,0.14226190476190476,0.4666666666666667,positive,neutral,"Technology/Gadgets, Education/Career"
Is it possible to be a visionary politician in Bangladesh?,kindred_eldtrich,0,15,2025-11-14 22:32:40,dhaka,0.10219988344988347,0.5266025641025641,positive,anger,"Housing/Real Estate, Technology/Gadgets, Education/Career, Infrastructure/Urban"
"Desh e thekeo dekhsi, desher baire thekeo dekhsi, I recommend never being born",heavygrin,74,17,2025-11-14 22:24:10,dhaka,-0.3333333333333333,0.6666666666666666,negative,neutral,Technology/Gadgets
"Mood swings , Anger issues",Dismal-Ad-9648,3,5,2025-11-14 22:04:46,dhaka,-0.5499999999999999,0.6222222222222221,negative,anger,"Health/Medical, Sports/Recreation"
So..I took some pictures,Gold_Pipe9289,69,14,2025-11-14 22:03:40,dhaka,0.3,0.43333333333333335,positive,joy,General
ISP Around Hatirpool,Dismal-Ad-9648,1,0,2025-11-14 22:02:06,dhaka,3.700743415417188e-17,0.5555555555555555,neutral,joy,"Housing/Real Estate, Technology/Gadgets"
"Anyone applied to US knows if we need 9,10,11,12th result",Ok_Design2355,3,2,2025-11-14 21:49:22,dhaka,0.08000000000000002,0.42000000000000004,neutral,neutral,"Technology/Gadgets, Education/Career, Shopping/Commerce"
Is vaping really that bad?,dii_hann,0,20,2025-11-14 21:33:34,dhaka,-0.04000000000000001,0.24499999999999997,neutral,neutral,Technology/Gadgets
how does game rental pages work?,1kyst,2,1,2025-11-14 21:28:00,dhaka,-0.30138888888888893,0.5784722222222222,negative,neutral,"Housing/Real Estate, Education/Career, Sports/Recreation"
Motivation ✴️✨,Jumpy-Selection-7728,12,36,2025-11-14 21:15:56,dhaka,1.0,1.0,positive,joy,Food/Dining
Need suggestions,Mkhasan280,33,35,2025-11-14 20:33:31,dhaka,0.0,0.0,neutral,neutral,General
Swimming Lessons in Mirpur,Existential_Dread_GG,3,4,2025-11-14 20:26:55,dhaka,-0.23125,0.36875,negative,neutral,General
Mon kharap,Outside_Raspberry587,18,116,2025-11-14 20:26:21,dhaka,0.0,0.0,neutral,neutral,General
Best IEM in 1.5k BDT,Nunu_Chus,4,25,2025-11-14 20:03:28,dhaka,0.0,0.0,neutral,neutral,General
Cost of psychiatrist/ counselor in Dhaka,Green_Elephant7510,3,13,2025-11-14 20:00:21,dhaka,0.2,0.2,positive,neutral,Housing/Real Estate
Driving training and licences,CautiousAd6705,6,10,2025-11-14 19:32:54,dhaka,0.1416666666666667,0.35555555555555557,positive,joy,"Technology/Gadgets, Travel/Transportation"
Stress relief,Jumpy-Selection-7728,7,35,2025-11-14 18:36:44,dhaka,0.0,0.0,neutral,neutral,Food/Dining
Need psychiatrist,Ok-Youth4228,11,20,2025-11-14 17:13:40,dhaka,0.7,0.6000000000000001,positive,joy,"Housing/Real Estate, Health/Medical, Politics/Government"
My view on Dhaka,Top_Ad1064,50,59,2025-11-14 16:34:39,dhaka,-0.19658730158730156,0.7076719576719577,negative,anger,"Housing/Real Estate, Infrastructure/Urban"
Business ideas 💡,No-Diver1470,4,3,2025-11-14 16:21:20,dhaka,0.3,0.7,positive,neutral,"Housing/Real Estate, Education/Career, Shopping/Commerce, Travel/Transportation"
random November 3:24 PM thought,Extension_Force7563,17,44,2025-11-14 15:25:04,dhaka,0.45,0.5333333333333333,positive,neutral,General
Need stores that can solder to fix my controller (Ps5 controller),ElectronicValue8056,4,3,2025-11-14 14:04:03,dhaka,0.3666666666666667,0.4000000000000001,positive,neutral,Shopping/Commerce
Home workout/ GYM,Apprehensive-Comb365,1,5,2025-11-14 13:18:55,dhaka,0.0,0.0,neutral,neutral,"Housing/Real Estate, Education/Career"
$5000 USD Cash for Student Visa (Initial Expense) - Best Rate at City Bank?,Worldly-Toe5476,5,3,2025-11-14 13:03:24,dhaka,0.26416666666666666,0.2813888888888889,positive,neutral,"Technology/Gadgets, Education/Career, Shopping/Commerce, Infrastructure/Urban"
"In our country, can no person legally (on paper) write themselves as non-religious? And can't two non-religious people legally marry without any hassle? What does our law say?",the-machine-m4n,66,48,2025-11-14 13:02:45,dhaka,0.0625,0.5,neutral,neutral,"Education/Career, Politics/Government"
Where can I sell old cloths?,LightCyndr14,0,6,2025-11-14 12:49:37,dhaka,0.3333333333333333,0.3666666666666667,positive,neutral,Shopping/Commerce
Can someone attend HSC for a fourth time?,Frequent-Tie-6681,2,4,2025-11-14 12:23:33,dhaka,-0.10714285714285714,0.5785714285714285,negative,fear,"Housing/Real Estate, Technology/Gadgets, Education/Career, Food/Dining, Relationships/Social"
Laptop recommendation to run Linux based OS,Minute-Flatworm1669,10,37,2025-11-14 11:52:55,dhaka,0.4,0.72,positive,joy,"Technology/Gadgets, Education/Career, Sports/Recreation"
Which payment gateway do you prefer for ecommerce?,Drawing-Live,5,9,2025-11-14 11:40:04,dhaka,0.3083333333333333,0.4000000000000001,positive,joy,"Technology/Gadgets, Education/Career, Shopping/Commerce, Travel/Transportation, Relationships/Social"
Where can i find mikasa red scarf?,nil_nickel,10,9,2025-11-14 11:37:44,dhaka,0.0,0.0,neutral,neutral,Shopping/Commerce
Basabo Buddho Mondir,CodeAndCorrelation,116,12,2025-11-14 10:55:35,dhaka,0.0,0.0,neutral,neutral,General
Where to buy shoes?,ChocolateAromatic648,4,15,2025-11-14 08:20:44,dhaka,3.700743415417188e-17,0.4478632478632479,neutral,joy,"Technology/Gadgets, Shopping/Commerce"
Daraz er 11.11 campaign e keu ki kisu kinsen?,Select-Day-873,3,1,2025-11-14 02:21:28,dhaka,0.1,0.0,neutral,neutral,"Technology/Gadgets, Shopping/Commerce"
Where can i buy these sort of sneakers🙂,sad_sugar_7,8,17,2025-11-14 01:23:01,dhaka,-0.3875,0.6425,negative,neutral,"Housing/Real Estate, Shopping/Commerce, Sports/Recreation"
Suggestions for Air Purifier for bedroom,Ok_Shelter8239,3,2,2025-11-14 01:11:49,dhaka,0.4777777777777778,0.37777777777777777,positive,trust,Technology/Gadgets
How to import watch?,SMBSAlif,1,3,2025-11-14 00:47:46,dhaka,-0.041666666666666664,0.19166666666666665,neutral,neutral,"Housing/Real Estate, Shopping/Commerce"
CHAPPED LIP!!!!!,Both_Development4690,4,28,2025-11-14 00:33:07,dhaka,0.0,0.0,neutral,neutral,"Technology/Gadgets, Education/Career"
"Suggest me some 11.11 headphone,keyboard and mouse deals",deletedusssr,0,3,2025-11-14 00:32:26,dhaka,0.0,0.0,neutral,neutral,Technology/Gadgets
How do you usually get a bank internship in Bangladesh?,Interesting_Help_18,2,0,2025-11-14 00:15:39,dhaka,0.047159090909090914,0.40511363636363634,neutral,neutral,"Technology/Gadgets, Education/Career"
Hair Fall Product - minoxidil review,Kim_KongNog,2,5,2025-11-13 23:46:55,dhaka,-0.10499999999999993,0.7333333333333334,negative,joy,"Technology/Gadgets, Shopping/Commerce"
